{"szEmployeeId":17210032876,"szname":"Asman","Rank Outlet":2,"JKS":"Senin","Nama Pelanggan":"SULAIMAN 2"," LY":22150810.2186000049," 3LM":41271589.2606296688," LM":44609495.5561390147," Max":44058144.2073109224," T.MTD":36382002.8946570754," A.MTD":32029063.1834500022," Gap MTD":-4352939.7112070732," Gap GPPJ+GEN":-4352939.7112070732," Gap OTHERS":0.0," Gap GBS":0.0}
{"szEmployeeId":17210032876,"szname":"Asman","Rank Outlet":10,"JKS":"Senin","Nama Pelanggan":"Fauziyyah"," LY":19639279.116870001," 3LM":15870780.7762880027," LM":26318468.4771820046," Max":30203063.0746509992," T.MTD":13824685.0157615803," A.MTD":0.0," Gap MTD":-13824685.0157615803," Gap GPPJ+GEN":-13824685.0157615803," Gap OTHERS":0.0," Gap GBS":0.0}
{"szEmployeeId":17210032876,"szname":"Asman","Rank Outlet":16,"JKS":"Senin","Nama Pelanggan":"TOKO SULAIMAN HB"," LY":8458017.6991290003," 3LM":10918757.9499889985," LM":11671351.3324800041," Max":15508272.0090519991," T.MTD":9614524.8747592773," A.MTD":5403783.7610489978," Gap MTD":-4210741.1137102796," Gap GPPJ+GEN":-4210741.1137102796," Gap OTHERS":0.0," Gap GBS":0.0}
{"szEmployeeId":17210032876,"szname":"Asman","Rank Outlet":24,"JKS":"Senin","Nama Pelanggan":"toko yudi"," LY":22360360.288045004," 3LM":7718108.1000823332," LM":8284144.1191800013," Max":22360360.288045004," T.MTD":6631704.9773940602," A.MTD":0.0," Gap MTD":-6631704.9773940602," Gap GPPJ+GEN":-6631704.9773940602," Gap OTHERS":0.0," Gap GBS":0.0}
{"szEmployeeId":17210032876,"szname":"Asman","Rank Outlet":29,"JKS":"Senin","Nama Pelanggan":"H. UNDUL"," LY":6802972.8728709985," 3LM":6483543.5186626688," LM":8921621.5598900057," Max":9688107.9510679953," T.MTD":5582690.5491449609," A.MTD":5905405.4237719998," Gap MTD":322714.8746270388," Gap GPPJ+GEN":322714.8746270388," Gap OTHERS":0.0," Gap GBS":0.0}
{"szEmployeeId":17210041467,"szname":"Doli Purnama Sari","Rank Outlet":1,"JKS":"Senin","Nama Pelanggan":"MARITZA MART 2"," LY":17189504.2594440021," 3LM":12030770.3379786685," LM":13834986.5637730006," Max":38117450.1049380004," T.MTD":12288493.02305758," A.MTD":8215696.4537729993," Gap MTD":-4072796.5692845806," Gap GPPJ+GEN":-4072796.5692845806," Gap OTHERS":0.0," Gap GBS":0.0}
{"szEmployeeId":17210041467,"szname":"Doli Purnama Sari","Rank Outlet":2,"JKS":"Senin","Nama Pelanggan":"SURYA ABADI"," LY":6891891.8696139995," 3LM":4385285.2966543334," LM":4196396.4284610003," Max":7810810.8210749999," T.MTD":4213932.6066941638," A.MTD":3675675.6702689999," Gap MTD":-538256.9364251639," Gap GPPJ+GEN":-538256.9364251639," Gap OTHERS":0.0," Gap GBS":0.0}
{"szEmployeeId":17210041467,"szname":"Doli Purnama Sari","Rank Outlet":3,"JKS":"Senin","Nama Pelanggan":"MAMA ADIT (TF)"," LY":1974729.6300000004," 3LM":2938641.1366576669," LM":2754594.6055799997," Max":3753626.117106," T.MTD":2993394.3719382118," A.MTD":756234.24," Gap MTD":-2237160.1319382116," Gap GPPJ+GEN":-2237160.1319382116," Gap OTHERS":0.0," Gap GBS":0.0}
{"szEmployeeId":17210041467,"szname":"Doli Purnama Sari","Rank Outlet":14,"JKS":"Senin","Nama Pelanggan":"TOLONG AGUNG"," LY":1124819.6868450001," 3LM":1241198.1827023334," LM":916936.9100000001," Max":2169008.96," T.MTD":1326865.0983824483," A.MTD":329459.435223," Gap MTD":-997405.6631594483," Gap GPPJ+GEN":-997405.6631594483," Gap OTHERS":0.0," Gap GBS":0.0}
{"szEmployeeId":17210041467,"szname":"Doli Purnama Sari","Rank Outlet":15,"JKS":"Senin","Nama Pelanggan":"PINK MART"," LY":0.0," 3LM":1249711.7541419999," LM":876387.41162," Max":1440549.634052," T.MTD":1314257.519005528," A.MTD":1238819.8561229995," Gap MTD":-75437.6628825285," Gap GPPJ+GEN":-75437.6628825285," Gap OTHERS":0.0," Gap GBS":0.0}
{"szEmployeeId":17210041467,"szname":"Doli Purnama Sari","Rank Outlet":19,"JKS":"Senin","Nama Pelanggan":"HASBUNALLAH TOKO"," LY":1610225.0761210001," 3LM":1166906.9495176671," LM":2472027.1058520004," Max":2288243.3186460012," T.MTD":1160433.3298087872," A.MTD":375720.73," Gap MTD":-784712.5998087872," Gap GPPJ+GEN":-784712.5998087872," Gap OTHERS":0.0," Gap GBS":0.0}
{"szEmployeeId":17210041467,"szname":"Doli Purnama Sari","Rank Outlet":20,"JKS":"Senin","Nama Pelanggan":"TOKO QODRI"," LY":1714504.327205," 3LM":1087987.9910796664," LM":772612.614323," Max":1714504.327205," T.MTD":1151215.0036902982," A.MTD":758468.4809," Gap MTD":-392746.5227902982," Gap GPPJ+GEN":-392746.5227902982," Gap OTHERS":0.0," Gap GBS":0.0}
{"szEmployeeId":17210041467,"szname":"Doli Purnama Sari","Rank Outlet":25,"JKS":"Senin","Nama Pelanggan":"PUJI MART"," LY":1594414.2745000001," 3LM":1050090.1166666667," LM":1147297.3400000001," Max":3083062.8700000006," T.MTD":1077685.9401180283," A.MTD":0.0," Gap MTD":-1077685.9401180283," Gap GPPJ+GEN":-1077685.9401180283," Gap OTHERS":0.0," Gap GBS":0.0}
{"szEmployeeId":17210041467,"szname":"Doli Purnama Sari","Rank Outlet":30,"JKS":"Senin","Nama Pelanggan":"AIR ISI ULANG (TS)"," LY":268198.10135," 3LM":946455.2385869992," LM":907567.5621599994," Max":1207490.0627009997," T.MTD":977839.5223845073," A.MTD":494369.3609," Gap MTD":-483470.1614845074," Gap GPPJ+GEN":-483470.1614845074," Gap OTHERS":0.0," Gap GBS":0.0}
{"szEmployeeId":17210037897,"szname":"Hindra","Rank Outlet":1,"JKS":"Senin","Nama Pelanggan":"MAYA TOKO"," LY":180481516.7967250049," 3LM":67909162.4568156749," LM":100978324.3169939965," Max":190044224.2089579701," T.MTD":63929534.6718411669," A.MTD":0.0," Gap MTD":-63929534.6718411669," Gap GPPJ+GEN":-26323511.5976590924," Gap OTHERS":-37606023.0741820708," Gap GBS":-37093222.1270944625}
{"szEmployeeId":17210037897,"szname":"Hindra","Rank Outlet":10,"JKS":"Senin","Nama Pelanggan":"GANDI TK"," LY":6515405.1475809999," 3LM":18294931.8180766664," LM":31232011.6881549992," Max":31191471.1189549938," T.MTD":17729619.6109074876," A.MTD":34791171.1956410035," Gap MTD":17061551.584733516," Gap GPPJ+GEN":1916037.597051559," Gap OTHERS":15145513.9876819532," Gap GBS":15835659.6712676249}
{"szEmployeeId":17210037897,"szname":"Hindra","Rank Outlet":12,"JKS":"Senin","Nama Pelanggan":"HAIFA"," LY":11589459.2786700036," 3LM":13793831.5161400046," LM":14315675.6987260021," Max":22154234.0102520064," T.MTD":13263632.2874631137," A.MTD":0.0," Gap MTD":-13263632.2874631137," Gap GPPJ+GEN":-8443947.5950575098," Gap OTHERS":-4819684.6924056038," Gap GBS":-4366813.3048930829}
{"szEmployeeId":17210037897,"szname":"Hindra","Rank Outlet":13,"JKS":"Senin","Nama Pelanggan":"ASYFA"," LY":7269511.3733780002," 3LM":11737079.7830813322," LM":7688898.9721309971," Max":17827751.7482689992," T.MTD":11739988.892422501," A.MTD":6909690.0559189999," Gap MTD":-4830298.8365035011," Gap GPPJ+GEN":-3384620.7341960915," Gap OTHERS":-1445678.102307409," Gap GBS":-1034994.3534529959}
{"szEmployeeId":17210037897,"szname":"Hindra","Rank Outlet":21,"JKS":"Senin","Nama Pelanggan":"TOKO H. YAHYA"," LY":7830243.0006590001," 3LM":7534631.7950043296," LM":10113679.2854369953," Max":12934174.4195620026," T.MTD":7492541.5368964309," A.MTD":2539459.452151001," Gap MTD":-4953082.0847454295," Gap GPPJ+GEN":-4556853.8549193218," Gap OTHERS":-396228.2298261082," Gap GBS":-292539.258580474}
{"szEmployeeId":17210037897,"szname":"Hindra","Rank Outlet":22,"JKS":"Senin","Nama Pelanggan":"UDIN.H"," LY":4855855.7033019997," 3LM":7641111.0850899983," LM":5800540.5466539999," Max":20031891.695905," T.MTD":7415571.8327059597," A.MTD":6233108.0949419988," Gap MTD":-1182463.7377639608," Gap GPPJ+GEN":950413.4093726892," Gap OTHERS":-2132877.14713665," Gap GBS":-2132877.14713665}
{"szEmployeeId":17210037897,"szname":"Hindra","Rank Outlet":24,"JKS":"Senin","Nama Pelanggan":"ZAHRA (TF)"," LY":9948558.2146739978," 3LM":7359293.0412609987," LM":8179635.9871789962," Max":10624233.8608919997," T.MTD":7353333.3315673387," A.MTD":4089477.4864660022," Gap MTD":-3263855.8451013365," Gap GPPJ+GEN":-3298990.9851013366," Gap OTHERS":35135.14," Gap GBS":35135.14}
{"szEmployeeId":17210036369,"szname":"Muhammad Tamrin","Rank Outlet":5,"JKS":"Senin","Nama Pelanggan":"Fauziyyah"," LY":8896396.3631469999," 3LM":12219537.2440779991,