{"szEmployeeId":17210041467,"szname":"Doli Purnama Sari","Rank Outlet":1,"JKS":"Senin","Nama Pelanggan":"MARITZA MART 2"," LY":10436035.7535800003," 3LM":14043139.9686049931," LM":12245236.9326009993," Max":27753847.7997169942," T.MTD":16043053.2143851127," A.MTD":0," Gap MTD":-16043053.2143851127," Gap GPPJ+GEN":-16043053.2143851127," Gap OTHERS":0," Gap GBS":0}
{"szEmployeeId":17210041467,"szname":"Doli Purnama Sari","Rank Outlet":2,"JKS":"Senin","Nama Pelanggan":"SURYA ABADI"," LY":0.0," 3LM":3318318.3160043331," LM":1378378.3784670001," Max":4900900.8992769998," T.MTD":3797393.3382982328," A.MTD":0," Gap MTD":-3797393.3382982328," Gap GPPJ+GEN":-3797393.3382982328," Gap OTHERS":0," Gap GBS":0}
{"szEmployeeId":17210041467,"szname":"Doli Purnama Sari","Rank Outlet":3,"JKS":"Rabu","Nama Pelanggan":"MAMA TOKO [OO]"," LY":2019522.3800000001," 3LM":2759365.4933333336," LM":3005984.71," Max":3005984.71," T.MTD":3194120.9007611168," A.MTD":0," Gap MTD":-3194120.9007611168," Gap GPPJ+GEN":-3194120.9007611168," Gap OTHERS":0," Gap GBS":0}
{"szEmployeeId":17210041467,"szname":"Doli Purnama Sari","Rank Outlet":4,"JKS":"Rabu","Nama Pelanggan":"TOKO IZA (TF)"," LY":137297.29," 3LM":2592207.185449," LM":4330585.5374410003," Max":4330585.5374410003," T.MTD":2977094.1931061023," A.MTD":0," Gap MTD":-2977094.1931061023," Gap GPPJ+GEN":-2977094.1931061023," Gap OTHERS":0," Gap GBS":0}
{"szEmployeeId":17210041467,"szname":"Doli Purnama Sari","Rank Outlet":5,"JKS":"Senin","Nama Pelanggan":"MAMA ADIT (TF)"," LY":2109549.4399999999," 3LM":2133418.0286460002," LM":4163299.1178339999," Max":4163299.1178339995," T.MTD":2415075.1184073943," A.MTD":0," Gap MTD":-2415075.1184073943," Gap GPPJ+GEN":-2415075.1184073943," Gap OTHERS":0," Gap GBS":0}
{"szEmployeeId":17210041467,"szname":"Doli Purnama Sari","Rank Outlet":6,"JKS":"Selasa","Nama Pelanggan":"DIAH (TS)"," LY":2281981.7848609998," 3LM":2032487.1446459997," LM":3238677.5525909993," Max":3238677.5525909998," T.MTD":2288828.1944614006," A.MTD":0," Gap MTD":-2288828.1944614006," Gap GPPJ+GEN":-2288828.1944614006," Gap OTHERS":0," Gap GBS":0}
{"szEmployeeId":17210041467,"szname":"Doli Purnama Sari","Rank Outlet":7,"JKS":"Rabu","Nama Pelanggan":"TOKO LINA"," LY":0.0," 3LM":2024759.7629966671," LM":2796351.3211610001," Max":2837747.7869290002," T.MTD":2255239.2459721281," A.MTD":0," Gap MTD":-2255239.2459721281," Gap GPPJ+GEN":-2255239.2459721281," Gap OTHERS":0," Gap GBS":0}
{"szEmployeeId":17210041467,"szname":"Doli Purnama Sari","Rank Outlet":8,"JKS":"Selasa","Nama Pelanggan":"TOKO YUNITA"," LY":0.0," 3LM":1980300.2989699999," LM":2478288.2450219998," Max":3104369.3818879994," T.MTD":2053100.8382454817," A.MTD":0," Gap MTD":-2053100.8382454817," Gap GPPJ+GEN":-2053100.8382454817," Gap OTHERS":0," Gap GBS":0}
{"szEmployeeId":17210041467,"szname":"Doli Purnama Sari","Rank Outlet":9,"JKS":"Rabu","Nama Pelanggan":"TASYA MART [OO]"," LY":859071.9500000002," 3LM":1624171.8061259999," LM":1869326.1583779999," Max":1869326.1583780004," T.MTD":1852525.2001646059," A.MTD":0," Gap MTD":-1852525.2001646059," Gap GPPJ+GEN":-1852525.2001646059," Gap OTHERS":0," Gap GBS":0}
{"szEmployeeId":17210041467,"szname":"Doli Purnama Sari","Rank Outlet":10,"JKS":"Selasa","Nama Pelanggan":"PON-PES AL ISLAM"," LY":3157657.5101680001," 3LM":1621576.5843733326," LM":4152837.8695179983," Max":4152837.8695179983," T.MTD":1842035.7288398477," A.MTD":0," Gap MTD":-1842035.7288398477," Gap GPPJ+GEN":-1842035.7288398477," Gap OTHERS":0," Gap GBS":0}
{"szEmployeeId":17210041467,"szname":"Doli Purnama Sari","Rank Outlet":11,"JKS":"Selasa","Nama Pelanggan":"TOKO AL-BAROKAH"," LY":0.0," 3LM":1508708.7204749999," LM":1818198.2362989993," Max":1818198.2362989991," T.MTD":1719317.0358096056," A.MTD":0," Gap MTD":-1719317.0358096056," Gap GPPJ+GEN":-1719317.0358096056," Gap OTHERS":0," Gap GBS":0}
{"szEmployeeId":17210041467,"szname":"Doli Purnama Sari","Rank Outlet":12,"JKS":"Kamis","Nama Pelanggan":"BERKAH MART"," LY":1757044.8899999999," 3LM":1482728.5800000001," LM":2025751.4400000002," Max":2025751.4400000004," T.MTD":1698521.2517329229," A.MTD":0," Gap MTD":-1698521.2517329229," Gap GPPJ+GEN":-1698521.2517329229," Gap OTHERS":0," Gap GBS":0}
{"szEmployeeId":17210041467,"szname":"Doli Purnama Sari","Rank Outlet":13,"JKS":"Rabu","Nama Pelanggan":"TOKO YATI (00)"," LY":1233153.0999999999," 3LM":1474564.5731206667," LM":1645630.62081," Max":2495225.2676519998," T.MTD":1617232.4234327269," A.MTD":0," Gap MTD":-1617232.4234327269," Gap GPPJ+GEN":-1617232.4234327269," Gap OTHERS":0," Gap GBS":0}
{"szEmployeeId":17210041467,"szname":"Doli Purnama Sari","Rank Outlet":14,"JKS":"Kamis","Nama Pelanggan":"TOKO ZASKIA"," LY":0.0," 3LM":1394099.107024," LM":1369954.9610769998," Max":2354504.5190949999," T.MTD":1554616.2910656899," A.MTD":0," Gap MTD":-1554616.2910656899," Gap GPPJ+GEN":-1554616.2910656899," Gap OTHERS":0," Gap GBS":0}
{"szEmployeeId":17210041467,"szname":"Doli Purnama Sari","Rank Outlet":15,"JKS":"Sabtu","Nama Pelanggan":"H MADI KALUA"," LY":0.0," 3LM":1217432.4350996667," LM":3225630.635299," Max":3225630.635299," T.MTD":1432823.7835651562," A.MTD":0," Gap MTD":-1432823.7835651562," Gap GPPJ+GEN":-1432823.7835651562," Gap OTHERS":0," Gap GBS":0}
{"szEmployeeId":17210041467,"szname":"Doli Purnama Sari","Rank Outlet":16,"JKS":"Senin","Nama Pelanggan":"PINK MART"," LY":0.0," 3LM":1233361.8993363334," LM":1196220.7409859998," Max":1601612.6570229998," T.MTD":1421983.7769768781," A.MTD":0," Gap MTD":-1421983.7769768781," Gap GPPJ+GEN":-1421983.7769768781," Gap OTHERS":0," Gap GBS":0}
{"szEmployeeId":17210041467,"szname":"Doli Purnama Sari","Rank Outlet":17,"JKS":"Senin","Nama Pelanggan":"HASBUNALLAH TOKO "," LY":259099.071351," 3LM":1230675.6608963332," LM":3056576.5301679997," Max":3056576.5301679997," T.MTD":1386701.0497599749," A.MTD":0," Gap MTD":-1386701.0497599749," Gap GPPJ+GEN":-1386701.0497599749," Gap OTHERS":0," Gap GBS":0}
{"szEmployeeId":17210041467,"szname":"Doli Purnama Sari","Rank Outlet":18,"JKS":"Selasa","Nama Pelanggan":"TOKO BAKTI"," LY":0.0," 3LM":1163558.565282," LM":1780495.4840459998," Max":1780495.4840459998," T.MTD":1353713.1912427016," A.MTD":0," Gap MTD":-1353713.1912427016," Gap GPPJ+GEN":-1353713.1912427016," Gap OTHERS":0," Gap GBS":0}
{"szEmployeeId":17210041467,"szname":"Doli Purnama Sari","Rank Outlet":19,"JKS":"Senin","Nama Pelanggan":"CITRA MART"," LY":941414.3300000001," 3LM":1018885.8970570003," LM":1208081.1000000001," Max":1240180.191171," T.MTD":1194146.4381641722," A.MTD":0," Gap MTD":-1194146.4381641722," Gap GPPJ+GEN":-1194146.4381641722," Gap OTHERS":0," Gap GBS":0}
{"szEmployeeId":17210041467,"szname":"Doli Purnama Sari","Rank Outlet":20,"JKS":"Jumat","Nama Pelanggan":"AL-SOMAD"," LY":1050450.3800000001," 3LM":1032057.0679566667," LM":642027.05297," Max":1698468.47," T.MTD":1189515.0349589139," A.MTD":0," Gap MTD":-1189515.0349589139," Gap GPPJ+GEN":-1189515.0349589139," Gap OTHERS":0," Gap GBS":0}
{"szEmployeeId":17210041467,"szname":"Doli Purnama Sari","Rank Outlet":21,"JKS":"Senin","Nama Pelanggan":"TOLONG AGUNG"," LY":749189.1600000001," 3LM":961456.449665," LM":1011756.7737719999," Max":1543153.1400000001," T.MTD":1130249.4313810384," A.MTD":0," Gap MTD":-1130249.4313810384," Gap GPPJ+GEN":-1130249.4313810384," Gap OTHERS":0," Gap GBS":0}
{"szEmployeeId":17210041467,"szname":"Doli Purnama Sari","Rank Outlet":22,"JKS":"Jumat","Nama Pelanggan":"DESMA"," LY":1005171.11171," 3LM":981281.3698756667," LM":676126.1028750001," Max":1895375.6535089999," T.MTD":1129369.430627374," A.MTD":0," Gap MTD":-1129369.430627374," Gap GPPJ+GEN":-1129369.430627374," Gap OTHERS":0," Gap GBS":0}
{"szEmployeeId":17210041467,"szname":"Doli Purnama Sari","Rank Outlet":23,"JKS":"Rabu","Nama Pelanggan":"PUTRI SAYUR"," LY":724414.3227000001," 3LM":979429.4423073333," LM":1286981.9928720002," Max":1286981.9928720002," T.MTD":1118081.7795932761," A.MTD":0," Gap MTD":-1118081.7795932761," Gap GPPJ+GEN":-1118081.7795932761," Gap OTHERS":0,