{"Kabupaten":"Balangan","Kecamatan":"Awayan","Latitude":-2.4454973,"Longitude":null,"LY":18414595.3562310003,"3LM":16715516.7315196656,"LM":18412633.9887549989,"Target":18126643.9598626494,"Actual":16105086.3939719964,"Gap":-2021557.5658906531,"Ach":0.8884759048,"vs LY":-0.1254173072,"vs 3LM":-0.0365187836,"vs LM":-0.1253241441}
{"Kabupaten":"Balangan","Kecamatan":"Batu Mandi","Latitude":null,"Longitude":null,"LY":32731416.9504370019,"3LM":19977871.7039016671,"LM":21167235.758008007,"Target":22647025.4353890792,"Actual":27351292.1360980086,"Gap":4704266.7007089294,"Ach":1.2077211735,"vs LY":-0.1643718884,"vs 3LM":0.3690793765,"vs LM":0.292152289}
{"Kabupaten":"Balangan","Kecamatan":"Halong","Latitude":null,"Longitude":null,"LY":46529502.9825749993,"3LM":39640380.2097039968,"LM":54224183.7473540083,"Target":43613772.1565182358,"Actual":30995395.5515069999,"Gap":-12618376.6050112359,"Ach":0.7106790818,"vs LY":-0.3338550046,"vs 3LM":-0.2180853113,"vs LM":-0.4283842852}
{"Kabupaten":"Balangan","Kecamatan":"Juai","Latitude":null,"Longitude":null,"LY":42502224.2686479986,"3LM":27525578.9966850057,"LM":33828824.3678919971,"Target":32924995.6089225337,"Actual":24928796.3254520036,"Gap":-7996199.2834705301,"Ach":0.7571389415,"vs LY":-0.4134707829,"vs 3LM":-0.0943407102,"vs LM":-0.263090078}
{"Kabupaten":"Balangan","Kecamatan":"Lampihong","Latitude":null,"Longitude":null,"LY":75716379.9303179979,"3LM":38675918.8998179957,"LM":35523293.3014909998,"Target":44063655.644383803,"Actual":32679630.1456559934,"Gap":-11384025.4987278096,"Ach":0.7416459136,"vs LY":-0.5683941813,"vs 3LM":-0.1550393352,"vs LM":-0.0800506623}
{"Kabupaten":"Balangan","Kecamatan":"Paringin","Latitude":null,"Longitude":null,"LY":121286139.5136209726,"3LM":106586168.3647334129,"LM":139705540.3347040713,"Target":109750382.0394353867,"Actual":81711133.5108420104,"Gap":-28039248.5285933763,"Ach":0.744517987,"vs LY":-0.3262945474,"vs 3LM":-0.2333795767,"vs LM":-0.4151188756}
{"Kabupaten":"Balangan","Kecamatan":"Paringin Selatan","Latitude":null,"Longitude":null,"LY":22401124.6528930031,"3LM":13863127.9002283327,"LM":19166566.0241510011,"Target":15583623.9320657663,"Actual":17111767.2755749971,"Gap":1528143.3435092308,"Ach":1.0980608458,"vs LY":-0.2361201707,"vs 3LM":0.2343366806,"vs LM":-0.1072074542}
{"Kabupaten":"Balangan","Kecamatan":"Tebing Tinggi","Latitude":null,"Longitude":null,"LY":15024058.7101830002,"3LM":10678445.7488883343,"LM":10825369.4368929993,"Target":11183008.8688733578,"Actual":11515263.2187049985,"Gap":332254.3498316407,"Ach":1.0297106399,"vs LY":-0.2335451132,"vs 3LM":0.0783651001,"vs LM":0.0637293522}
{"Kabupaten":"Barito Selatan","Kecamatan":"Dusun Selatan","Latitude":null,"Longitude":null,"LY":421690428.6019660234,"3LM":420012330.8056053519,"LM":544071918.9586911201,"Target":443923317.4978555441,"Actual":462659609.0137228966,"Gap":18736291.5158673525,"Ach":1.0422061441,"vs LY":0.0971546367,"vs 3LM":0.1015381575,"vs LM":-0.1496351991}
{"Kabupaten":"Barito Timur","Kecamatan":"Dusun Tengah","Latitude":null,"Longitude":null,"LY":354324980.6073900461,"3LM":379783812.8066738844,"LM":387785102.5356829166,"Target":413335744.1669605374,"Actual":304762794.3041690588,"Gap":-108572949.8627914786,"Ach":0.7373250405,"vs LY":-0.1398777648,"vs 3LM":-0.1975361139,"vs LM":-0.214093599}
{"Kabupaten":"Barito Timur","Kecamatan":"Dusun Timur","Latitude":null,"Longitude":null,"LY":220750613.2144390345,"3LM":186614948.5454230011,"LM":212708702.5173400342,"Target":203096254.6919445693,"Actual":180325514.3928019404,"Gap":-22770740.2991426289,"Ach":0.8878820275,"vs LY":-0.1831256468,"vs 3LM":-0.033702735,"vs LM":-0.1522419522}
{"Kabupaten":"Barito Timur","Kecamatan":"Karusen Janang","Latitude":null,"Longitude":null,"LY":18550126.8275000006,"3LM":22444054.4735413305,"LM":24314661.3444279917,"Target":25628793.1066428423,"Actual":20888864.961288996,"Gap":-4739928.1453538463,"Ach":0.8150545706,"vs LY":0.1260766654,"vs 3LM":-0.0692918258,"vs LM":-0.1408942668}
{"Kabupaten":"Barito Timur","Kecamatan":"Paku","Latitude":null,"Longitude":null,"LY":21979163.6960750036,"3LM":17815829.3673823364,"LM":25293061.5423760004,"Target":19853820.0160679631,"Actual":18629689.4131910056,"Gap":-1224130.6028769575,"Ach":0.9383428176,"vs LY":-0.1523931633,"vs 3LM":0.0456818501,"vs LM":-0.263446642}
{"Kabupaten":"Barito Timur","Kecamatan":"Patangkep Tutui","Latitude":null,"Longitude":null,"LY":7041475.1052959999,"3LM":5445059.6428900016,"LM":7507744.3549189996,"Target":6384423.6350223171,"Actual":5052099.258893,"Gap":-1332324.3761293171,"Ach":0.7913164207,"vs LY":-0.2825225988,"vs 3LM":-0.0721682424,"vs LM":-0.327081608}
{"Kabupaten":"Barito Timur","Kecamatan":"Pematang Karau","Latitude":null,"Longitude":null,"LY":17193222.3117229976,"3LM":21610572.3684473298,"LM":25172313.7129529938,"Target":24217886.5954565555,"Actual":23934488.4905250035,"Gap":-283398.104931552,"Ach":0.9882979836,"vs LY":0.3920885833,"vs 3LM":0.1075360746,"vs LM":-0.0491740742}
{"Kabupaten":"Barito Timur","Kecamatan":"Raren Batuah","Latitude":null,"Longitude":null,"LY":25872950.0080020018,"3LM":23063343.0876426585,"LM":30406296.4793069996,"Target":23275885.737164665,"Actual":22126320.8532630019,"Gap":-1149564.8839016631,"Ach":0.9506113367,"vs LY":-0.1448087347,"vs 3LM":-0.0406282051,"vs LM":-0.2723112179}
{"Kabupaten":"Barito Timur","Kecamatan":"Banua Lima","Latitude":null,"Longitude":null,"LY":71981994.0739630014,"3LM":61313921.5891266614,"LM":63728977.7368149981,"Target":72096587.6174114645,"Actual":65233843.5572889969,"Gap":-6862744.0601224676,"Ach":0.9048118047,"vs LY":-0.0937477574,"vs 3LM":0.0639320054,"vs LM":0.0236135252}
{"Kabupaten":"Tabalong","Kecamatan":"Banua Lawas","Latitude":null,"Longitude":null,"LY":45613441.3289499953,"3LM":50300257.3549503461,"LM":62023033.1872599944,"Target":60936683.8586720005,"Actual":59795292.689771004,"Gap":-1141391.1689009964,"Ach":0.9812692274,"vs LY":0.3109138655,"vs 3LM":0.1887671323,"vs LM":-0.0359179547}
{"Kabupaten":"Tabalong","Kecamatan":"Bintang Ara","Latitude":null,"Longitude":null,"LY":38473398.9117959961,"3LM":38205748.5667529851,"LM":67176482.4996410012,"Target":48989103.2529670522,"Actual":23411402.9686719999,"Gap":-25577700.2842950523,"Ach":0.4778900085,"vs LY":-0.3914911697,"vs 3LM":-0.3872282615,"vs LM":-0.6514940631}
{"Kabupaten":"Tabalong","Kecamatan":"Haruai","Latitude":null,"Longitude":null,"LY":102774206.6709810048,"3LM":184821158.0878766179,"LM":255963395.4945100248,"Target":205947819.628203243,"Actual":198612236.5824380219,"Gap":-7335583.0457652211,"Ach":0.9643813513,"vs LY":0.9325105298,"vs 3LM":0.0746185049,"vs LM":-0.224060002}
{"Kabupaten":"Tabalong","Kecamatan":"Jaro","Latitude":null,"Longitude":null,"LY":44483612.9971109927,"3LM":50199007.0522649959,"LM":72430845.6843650043,"Target":58524223.9877667278,"Actual":46100018.2812670022,"Gap":-12424205.7064997256,"Ach":0.7877083221,"vs LY":0.0363370953,"vs 3LM":-0.0816547779,"vs LM":-0.3635305809}
{"Kabupaten":"Tabalong","Kecamatan":"Kelua","Latitude":null,"Longitude":null,"LY":262605036.8369819522,"3LM":263457896.4298643768,"LM":329035898.7435261607,"Target":306798995.1654757857,"Actual":152288040.2563579977,"Gap":-154510954.9091177881,"Ach":0.4963772459,"vs LY":-0.4200871313,"vs 3LM":-0.4219644113,"vs LM":-0.5371689204}
{"Kabupaten":"Tabalong","Kecamatan":"Muara Harus","Latitude":null,"Longitude":null,"LY":2747169.8246780001,"3LM":6574603.1455073347,"LM":6413262.2621380026,"Target":6859159.8423899505,"Actual":6039292.1286180001,"Gap":-819867.7137719505,"Ach":0.8804711171,"vs LY":1.19836869,"vs 3LM":-0.0814210387,"vs LM":-0.0583119976}
{"Kabupaten":"Tabalong","Kecamatan":"Muara Uya","Latitude":null,"Longitude":null,"LY":87489909.9433220029,"3LM":123381750.246448338,"LM":153668710.3170810044,"Target":132507692.1303163171,"Actual":96492006.7564129978,"Gap":-36015685.3739033192,"Ach":0.7281992857,"vs LY":0.1028929715,"vs 3LM":-0.2179393908,"vs LM":-0.3720777212}
{"Kabupaten":"Tabalong","Kecamatan":"Murung Pudak","Latitude":null,