{"Kabupaten":"Balangan","Kecamatan":"Awayan","Latitude":-2.43965533,"Longitude":115.519367,"LY":13124469.7974300012,"3LM":15603335.6942576673,"LM":11323271.7731260005,"Target":18485618.7223774157,"Actual":5402205.6252079997,"Gap":-13083413.097169416,"Ach":0.2922382911,"vs LY":-0.5883867532,"vs 3LM":-0.6537787989,"vs LM":-0.5229112457}
{"Kabupaten":"Balangan","Kecamatan":"Batu Mandi","Latitude":-2.46139103,"Longitude":115.484458,"LY":23675290.2645950057,"3LM":24553693.1567846686,"LM":21581171.0024520047,"Target":20857413.8178446852,"Actual":10821781.4165400025,"Gap":-10035632.4013046827,"Ach":0.5188457932,"vs LY":-0.5429081842,"vs 3LM":-0.5592605419,"vs LM":-0.4985544846}
{"Kabupaten":"Balangan","Kecamatan":"Halong","Latitude":-2.25898891,"Longitude":115.6463,"LY":48802698.9837759957,"3LM":39877783.4656586573,"LM":33192583.6946349926,"Target":47915152.4338645861,"Actual":14644549.531016998,"Gap":-33270602.9028475881,"Ach":0.30563504,"vs LY":-0.6999233683,"vs 3LM":-0.6327642046,"vs LM":-0.5588005542}
{"Kabupaten":"Balangan","Kecamatan":"Juai","Latitude":-2.34905264,"Longitude":115.582467,"LY":25374894.2253810018,"3LM":38810612.1198003292,"LM":35178810.0153940022,"Target":39363475.0792064145,"Actual":10170399.5151060019,"Gap":-29193075.5641004145,"Ach":0.2583714851,"vs LY":-0.5991944075,"vs 3LM":-0.7379479745,"vs LM":-0.7108941573}
{"Kabupaten":"Balangan","Kecamatan":"Lampihong","Latitude":-2.32699,"Longitude":115.41209,"LY":57911804.2061320022,"3LM":45048494.0555056706,"LM":40199041.7976990044,"Target":52707434.3452943265,"Actual":17431449.6229129992,"Gap":-35275984.7223813236,"Ach":0.3307208905,"vs LY":-0.6990000595,"vs 3LM":-0.6130514463,"vs LM":-0.5663715143}
{"Kabupaten":"Balangan","Kecamatan":"Paringin","Latitude":-2.2665,"Longitude":115.479342,"LY":116790582.7877079993,"3LM":114522790.4929159731,"LM":99948177.5297709554,"Target":137188796.8897164762,"Actual":54542145.5458080024,"Gap":-82646651.3439084738,"Ach":0.3975699677,"vs LY":-0.5329919224,"vs 3LM":-0.5237441796,"vs LM":-0.4542957471}
{"Kabupaten":"Balangan","Kecamatan":"Paringin Selatan","Latitude":-2.3387633976,"Longitude":115.4573822207,"LY":19866799.7928940021,"3LM":18550460.2593523376,"LM":15751497.7582500018,"Target":18295480.9320345894,"Actual":4569501.9414230008,"Gap":-13725978.9906115886,"Ach":0.2497612366,"vs LY":-0.7699930543,"vs 3LM":-0.7536717754,"vs LM":-0.7099004798}
{"Kabupaten":"Balangan","Kecamatan":"Tebing Tinggi","Latitude":-2.4459316,"Longitude":115.5954161,"LY":12779034.2935159989,"3LM":10874489.2352753319,"LM":10575834.3062610012,"Target":13827654.5488493107,"Actual":5810486.4598859996,"Gap":-8017168.0889633112,"Ach":0.4202076671,"vs LY":-0.5453109894,"vs 3LM":-0.465677299,"vs LM":-0.450588361}
{"Kabupaten":"Barito Selatan","Kecamatan":"Dusun Selatan","Latitude":-1.7196571239,"Longitude":114.834318256,"LY":369519803.1664628983,"3LM":421250210.627364099,"LM":450345150.4077369571,"Target":477138301.9344658852,"Actual":202011684.0495609641,"Gap":-275126617.8849049211,"Ach":0.4233818229,"vs LY":-0.4533129691,"vs 3LM":-0.5204472806,"vs LM":-0.5514292008}
{"Kabupaten":"Barito Selatan","Kecamatan":"Gn. Bintang Awai","Latitude":"0x2a","Longitude":"0x2a","LY":0.0,"3LM":0.0,"LM":0.0,"Target":0.0,"Actual":0.0,"Gap":0.0,"Ach":"0x7","vs LY":0.0,"vs 3LM":0.0,"vs LM":0.0}
{"Kabupaten":"Barito Timur","Kecamatan":"Dusun Tengah","Latitude":-1.8004679,"Longitude":115.1521602,"LY":321091280.5852370262,"3LM":348592576.0336961746,"LM":359112506.6103710532,"Target":359528421.7085861564,"Actual":119972610.9188160151,"Gap":-239555810.7897701263,"Ach":0.3336943721,"vs LY":-0.6263597981,"vs 3LM":-0.6558371601,"vs LM":-0.6659191515}
{"Kabupaten":"Barito Timur","Kecamatan":"Dusun Timur","Latitude":-2.1043113,"Longitude":115.1547971,"LY":149731598.3275160193,"3LM":183353954.4482856691,"LM":167361614.3243299723,"Target":175452068.4792173505,"Actual":56672330.1691340059,"Gap":-118779738.3100833446,"Ach":0.3230074781,"vs LY":-0.6215072116,"vs 3LM":-0.6909129648,"vs LM":-0.6613779665}
{"Kabupaten":"Barito Timur","Kecamatan":"Karusen Janang","Latitude":-1.968963,"Longitude":115.079843,"LY":10816167.7969839983,"3LM":17085136.5409530029,"LM":21417620.8181529976,"Target":12606863.3869103435,"Actual":5600135.1257530013,"Gap":-7006728.2611573422,"Ach":0.4442131999,"vs LY":-0.4822440599,"vs 3LM":-0.6722218103,"vs LM":-0.7385267405}
{"Kabupaten":"Barito Timur","Kecamatan":"Paku","Latitude":-1.915519,"Longitude":115.228951,"LY":3464774.5277249999,"3LM":19846192.0712603293,"LM":30591610.1432690024,"Target":16569333.5359380338,"Actual":7313855.945927999,"Gap":-9255477.5900100358,"Ach":0.441409181,"vs LY":1.1109182971,"vs 3LM":-0.6314730846,"vs LM":-0.7609195491}
{"Kabupaten":"Barito Timur","Kecamatan":"Patangkep Tutui","Latitude":-2.060464,"Longitude":115.332936,"LY":2661305.8433239996,"3LM":3289024.2114300006,"LM":3264865.0462869997,"Target":4625955.0061032176,"Actual":1165945.99,"Gap":-3460009.0161032174,"Ach":0.2520443862,"vs LY":-0.5618895164,"vs 3LM":-0.6455039808,"vs LM":-0.6428808011}
{"Kabupaten":"Barito Timur","Kecamatan":"Pematang Karau","Latitude":-1.8183040976,"Longitude":115.0332972912,"LY":6860675.1844469998,"3LM":26863700.141250331,"LM":25901970.4549669996,"Target":31801789.7523933761,"Actual":8495212.6575240009,"Gap":-23306577.0948693752,"Ach":0.2671300176,"vs LY":0.2382473196,"vs 3LM":-0.6837661002,"vs LM":-0.6720244635}
{"Kabupaten":"Barito Timur","Kecamatan":"Raren Batuah","Latitude":-1.7403467907,"Longitude":115.1501460989,"LY":23950292.5326840021,"3LM":25761081.8003013283,"LM":27506143.2784000039,"Target":32757160.7850017175,"Actual":15021311.8559160028,"Gap":-17735848.9290857166,"Ach":0.4585657455,"vs LY":-0.3728130111,"vs 3LM":-0.4168990273,"vs LM":-0.453892474}
{"Kabupaten":"Barito Timur","Kecamatan":"Banua Lima","Latitude":-2.2184378642,"Longitude":115.2610013108,"LY":39937772.4645479992,"3LM":61505034.1060876697,"LM":55296578.4976639897,"Target":68356182.298322767,"Actual":13838489.2332060002,"Gap":-54517693.0651167631,"Ach":0.2024467834,"vs LY":-0.6534987212,"vs 3LM":-0.7750023322,"vs LM":-0.7497405878}
{"Kabupaten":"Tabalong","Kecamatan":"Banua Lawas","Latitude":-2.28726,"Longitude":115.281127,"LY":40044591.9395519868,"3LM":42118532.2634983435,"LM":42994807.5546469986,"Target":50539299.018442452,"Actual":21467631.664425008,"Gap":-29071667.354017444,"Ach":0.424771061,"vs LY":-0.4639068442,"vs 3LM":-0.4903043741,"vs LM":-0.5006924583}
{"Kabupaten":"Tabalong","Kecamatan":"Bintang Ara","Latitude":-1.9683863191,"Longitude":115.443016594,"LY":16827020.7335219979,"3LM":40783416.49832201,"LM":36138243.3810949996,"Target":48093237.4621752053,"Actual":5774954.9625000013,"Gap":-42318282.4996752068,"Ach":0.1200783159,"vs LY":-0.6568046683,"vs 3LM":-0.8583994315,"vs LM":-0.8401982381}
{"Kabupaten":"Tabalong","Kecamatan":"Haruai","Latitude":-2.0448820572,"Longitude":115.4549609451,"LY":120081870.4696070254,"3LM":134000724.6321389675,"LM":94826547.3207110018,"Target":157243078.4313141704,"Actual":54015464.0705290064,"Gap":-103227614.3607851565,"Ach":0.3435156867,"vs LY":-0.5501780255,"vs 3LM":-0.5969017017,"vs LM":-0.4303761384}
{"Kabupaten":"Tabalong","Kecamatan":"Jaro","Latitude":-1.7443859142,"Longitude":115.6644327506,"LY":50539582.9670770019,"3LM":57577042.2570853457,"LM":55002218.4988460094,"Target":44198768.5161809623,"Actual":23971860.4846160002,"Gap":-20226908.0315649621,"Ach":0.5423648959,"vs LY":-0.5256814743,"vs 3LM":-0.5836559235,"vs LM":-0.5641655712}
{"Kabupaten":"Tabalong","Kecamatan":"Kelua","Latitude":-2.26824785,"Longitude":115.3108389917,"LY":236033288.3977689147,"3LM":252479309.621832639,"LM":217989618.0669920146,"Target":295296294.0529392958,"Actual":76934078.6236100197,"Gap":-218362215.4293292761,"Ach":0.2605318122,"vs LY":-0.6740541169,"vs 3LM":-0.6952856108,"vs LM":-0.6470745749}
{"Kabupaten":"Tabalong","Kecamatan":"Muara Harus","Latitude":-2.2233015203,"Longitude":115.3252246964,"LY":4455563.426914,"3LM":3103667.0990903331,"LM":2912869.4616150004,