{"Kabupaten":"Balangan","Kecamatan":"Awayan","Latitude":-2.43965533,"Longitude":115.519367,"LY":11505856.5353789981,"3LM":13525316.9619496651,"LM":12467107.9713280015,"Target":16001895.0888575967,"Actual":8519005.976383999,"Gap":-7482889.1124735978,"Ach":0.5323748174,"vs LY":-0.2595939337,"vs 3LM":-0.370143709,"vs LM":-0.3166814633}
{"Kabupaten":"Balangan","Kecamatan":"Batu Mandi","Latitude":-2.4304791013,"Longitude":115.436633903,"LY":12917314.5987,"3LM":21654153.6872919984,"LM":16667660.166356001,"Target":26307035.0263817459,"Actual":10022964.6124140006,"Gap":-16284070.4139677454,"Ach":0.380999402,"vs LY":-0.2240674688,"vs 3LM":-0.5371343181,"vs LM":-0.3986579692}
{"Kabupaten":"Balangan","Kecamatan":"Halong","Latitude":-2.2323205665,"Longitude":115.6403981724,"LY":32307276.9267079979,"3LM":34886618.6115213335,"LM":29146684.7433209978,"Target":37249358.3744691089,"Actual":20281254.0354259945,"Gap":-16968104.3390431143,"Ach":0.544472574,"vs LY":-0.3722388278,"vs 3LM":-0.4186523417,"vs LM":-0.3041660067}
{"Kabupaten":"Balangan","Kecamatan":"Juai","Latitude":-2.3589479,"Longitude":115.5794939,"LY":26881709.4247110039,"3LM":31035566.4837906659,"LM":23708441.4867110029,"Target":36908254.8411988392,"Actual":12551032.7977359965,"Gap":-24357222.0434628427,"Ach":0.3400603158,"vs LY":-0.5331013888,"vs 3LM":-0.595591954,"vs LM":-0.470609116}
{"Kabupaten":"Balangan","Kecamatan":"Lampihong","Latitude":-2.32699,"Longitude":115.41209,"LY":26343819.0338390023,"3LM":39401754.1697016656,"LM":32431423.0158820078,"Target":44776779.9682142437,"Actual":15040343.5748339985,"Gap":-29736436.3933802471,"Ach":0.3358960512,"vs LY":-0.4290750496,"vs 3LM":-0.6182823864,"vs LM":-0.5362416392}
{"Kabupaten":"Balangan","Kecamatan":"Paringin","Latitude":-2.2665,"Longitude":115.479342,"LY":92329719.656366989,"3LM":102326278.2566509694,"LM":77721430.0784620047,"Target":113943576.5442537367,"Actual":57360504.3232040033,"Gap":-56583072.2210497335,"Ach":0.5034114784,"vs LY":-0.3787427869,"vs 3LM":-0.4394352526,"vs LM":-0.2619731229}
{"Kabupaten":"Balangan","Kecamatan":"Paringin Selatan","Latitude":-2.3387633976,"Longitude":115.4573822207,"LY":17368450.5645989999,"3LM":12987351.1221896652,"LM":6799051.6517080003,"Target":15225213.0195053145,"Actual":10224517.225288,"Gap":-5000695.7942173146,"Ach":0.6715516697,"vs LY":-0.4113166752,"vs 3LM":-0.2127326713,"vs LM":0.5038152009}
{"Kabupaten":"Balangan","Kecamatan":"Tebing Tinggi","Latitude":-2.4460665713,"Longitude":115.5946078524,"LY":8014521.982007999,"3LM":9513056.8082849979,"LM":6563148.7025090009,"Target":10704643.7146810647,"Actual":3768790.1526969997,"Gap":-6935853.561984065,"Ach":0.3520705829,"vs LY":-0.5297548424,"vs 3LM":-0.6038297438,"vs LM":-0.4257649303}
{"Kabupaten":"Barito Selatan","Kecamatan":"Dusun Selatan","Latitude":-1.73069,"Longitude":114.8312749,"LY":272782156.6545239687,"3LM":395239514.7382587194,"LM":300486479.6860820055,"Target":426507527.7965877056,"Actual":123544279.7640710026,"Gap":-302963248.0325167179,"Ach":0.2896649454,"vs LY":-0.5470954505,"vs 3LM":-0.68741921,"vs LM":-0.5888524506}
{"Kabupaten":"Barito Timur","Kecamatan":"Dusun Tengah","Latitude":-1.803919327,"Longitude":115.1570300535,"LY":271649944.9760029912,"3LM":339366479.733948946,"LM":254257970.2303289473,"Target":372022638.5642825365,"Actual":98801808.5344049931,"Gap":-273220830.0298775434,"Ach":0.2655800973,"vs LY":-0.6362899741,"vs 3LM":-0.7088639732,"vs LM":-0.6114111646}
{"Kabupaten":"Barito Timur","Kecamatan":"Dusun Timur","Latitude":-2.1054690774,"Longitude":115.1580743187,"LY":152210640.2873669565,"3LM":161344818.4798845947,"LM":131088621.716661036,"Target":185573254.2547016442,"Actual":52703695.8550549969,"Gap":-132869558.3996466398,"Ach":0.2840048048,"vs LY":-0.653744996,"vs 3LM":-0.6733474533,"vs LM":-0.597953696}
{"Kabupaten":"Barito Timur","Kecamatan":"Karusen Janang","Latitude":-1.96067,"Longitude":115.090712,"LY":19146496.8776660003,"3LM":16117029.8213759996,"LM":15478032.6317639984,"Target":19084504.0618053414,"Actual":7909875.6965580015,"Gap":-11174628.365247339,"Ach":0.4144658761,"vs LY":-0.5868760877,"vs 3LM":-0.5092224942,"vs LM":-0.4889611694}
{"Kabupaten":"Barito Timur","Kecamatan":"Paku","Latitude":-1.915519,"Longitude":115.228951,"LY":13495134.3413820025,"3LM":20135369.5781860016,"LM":14141784.9488060009,"Target":22855733.414323438,"Actual":6178468.5864729993,"Gap":-16677264.8278504387,"Ach":0.2703246697,"vs LY":-0.5421706498,"vs 3LM":-0.693153455,"vs LM":-0.5631054631}
{"Kabupaten":"Barito Timur","Kecamatan":"Patangkep Tutui","Latitude":-2.060464,"Longitude":115.332936,"LY":5463646.0880939998,"3LM":6572897.5067650005,"LM":4874911.8276450001,"Target":7109702.3649000572,"Actual":3300558.6946689999,"Gap":-3809143.6702310573,"Ach":0.4642330333,"vs LY":-0.3959054738,"vs 3LM":-0.4978533149,"vs LM":-0.3229500735}
{"Kabupaten":"Barito Timur","Kecamatan":"Pematang Karau","Latitude":-1.7978322971,"Longitude":115.0919550264,"LY":19159401.9387120008,"3LM":21153088.2118160017,"LM":14880621.988589,"Target":22988466.9853818156,"Actual":3142813.5700829998,"Gap":-19845653.4152988158,"Ach":0.1367126208,"vs LY":-0.835964944,"vs 3LM":-0.8514253078,"vs LM":-0.7887982389}
{"Kabupaten":"Barito Timur","Kecamatan":"Raren Batuah","Latitude":-1.7434491614,"Longitude":115.1517511715,"LY":15420795.6871589981,"3LM":23477269.4678156637,"LM":15863686.5382519998,"Target":26495158.0723738745,"Actual":6569214.4928740002,"Gap":-19925943.5794998743,"Ach":0.2479401887,"vs LY":-0.5740028838,"vs 3LM":-0.720188308,"vs LM":-0.5858960982}
{"Kabupaten":"Barito Timur","Kecamatan":"Banua Lima","Latitude":-2.2184378642,"Longitude":115.2610013108,"LY":19548378.2428229935,"3LM":53259658.796012342,"LM":44994073.2635389939,"Target":59625599.0206102952,"Actual":39950156.8322930038,"Gap":-19675442.1883172914,"Ach":0.6700168634,"vs LY":1.0436558131,"vs 3LM":-0.2498983708,"vs LM":-0.1121017962}
{"Kabupaten":"Tabalong","Kecamatan":"Banua Lawas","Latitude":-2.28726,"Longitude":115.281127,"LY":24469871.203677997,"3LM":44823609.5843923315,"LM":35866550.3371880054,"Target":49961810.9845975116,"Actual":14125492.1855510026,"Gap":-35836318.799046509,"Ach":0.2827257841,"vs LY":-0.4227394142,"vs 3LM":-0.6848649112,"vs LM":-0.6061652974}
{"Kabupaten":"Tabalong","Kecamatan":"Bintang Ara","Latitude":-1.9683863191,"Longitude":115.443016594,"LY":4908629.1979029998,"3LM":34958571.5227710009,"LM":27276085.0801310018,"Target":41456533.9116992801,"Actual":10453427.2566500027,"Gap":-31003106.6550492793,"Ach":0.2521539133,"vs LY":1.1296021425,"vs 3LM":-0.7009767047,"vs LM":-0.6167548522}
{"Kabupaten":"Tabalong","Kecamatan":"Haruai","Latitude":-2.045107,"Longitude":115.454399,"LY":100259995.212782979,"3LM":128318633.8891189992,"LM":83468851.8717400283,"Target":142580683.7604435384,"Actual":88710333.78070198,"Gap":-53870349.9797415584,"Ach":0.6221763807,"vs LY":-0.1151971074,"vs 3LM":-0.3086714603,"vs LM":0.0627956632}
{"Kabupaten":"Tabalong","Kecamatan":"Jaro","Latitude":-1.8784023123,"Longitude":115.6470060816,"LY":40175408.4161140025,"3LM":48351759.3303473219,"LM":40508162.6062750071,"Target":58341902.7375686318,"Actual":17785492.9656459987,"Gap":-40556409.7719226331,"Ach":0.3048493815,"vs LY":-0.557303991,"vs 3LM":-0.6321645125,"vs LM":-0.5609405161}
{"Kabupaten":"Tabalong","Kecamatan":"Kelua","Latitude":-2.250139259,"Longitude":115.3174067,"LY":108253951.6724400073,"3LM":195527810.3094310462,"LM":151897948.346712023,"Target":223556198.7479890883,"Actual":97558798.4965730458,"Gap":-125997400.2514160424,"Ach":0.4363949604,"vs LY":-0.0987968846,"vs 3LM":-0.5010489897,"vs LM":-0.3577345872}
{"Kabupaten":"Tabalong","Kecamatan":"Muara Harus","Latitude":-2.2233015203,"Longitude":115.3252246964,"LY":4236999.570425001,"3LM":5455074.8990263334,"LM":5728290.1866550008,"Target":5787114.0153301312,"Actual":2208369.5014380002,"Gap":-3578744.5138921309,"Ach":0.3816011738,"vs LY":-0.4787893025,"vs 3LM":-0.5951715527,"vs LM":-0.6144801626}
{"Kabupaten":"Tabalong","Kecamatan":"Muara Uya","Latitude":-1.868715332,