{"Kabupaten":"Balangan","Kecamatan":"Awayan","Latitude":-2.43965533,"Longitude":115.519367,"LY":8927301.9810079988,"3LM":17913650.2504749969,"LM":16523707.2231130023,"Target":20035375.4230443127,"Actual":11323271.7731260005,"Gap":-8712103.6499183122,"Ach":0.565163943,"vs LY":0.2683867754,"vs 3LM":-0.3678970163,"vs LM":-0.3147257077}
{"Kabupaten":"Balangan","Kecamatan":"Batu Mandi","Latitude":-2.461641,"Longitude":115.496336,"LY":17800792.541946996,"3LM":25590902.0276976675,"LM":21553113.7881549969,"Target":30345511.2743960395,"Actual":21581171.002452001,"Gap":-8764340.2719440386,"Ach":0.7111816574,"vs LY":0.2123713566,"vs 3LM":-0.1566858027,"vs LM":0.0013017708}
{"Kabupaten":"Balangan","Kecamatan":"Halong","Latitude":-2.25898891,"Longitude":115.6463,"LY":47214833.7044309974,"3LM":43496480.6620036662,"LM":53023638.7167770043,"Target":49666289.9744770378,"Actual":33192583.6946349926,"Gap":-16473706.2798420452,"Ach":0.668312123,"vs LY":-0.2969882325,"vs 3LM":-0.2368903601,"vs LM":-0.3740040386}
{"Kabupaten":"Balangan","Kecamatan":"Juai","Latitude":-2.34905264,"Longitude":115.582467,"LY":19364769.7026119977,"3LM":38452471.0069643408,"LM":47371103.4471669942,"Target":45688967.3092791066,"Actual":35178810.0153940022,"Gap":-10510157.2938851044,"Ach":0.7699629054,"vs LY":0.8166397306,"vs 3LM":-0.0851352567,"vs LM":-0.2573782864}
{"Kabupaten":"Balangan","Kecamatan":"Lampihong","Latitude":-2.32699,"Longitude":115.41209,"LY":31850133.439666003,"3LM":51438979.7470146716,"LM":49584429.8517140076,"Target":60809782.7361999676,"Actual":40199041.7976990044,"Gap":-20610740.9385009632,"Ach":0.6610620856,"vs LY":0.2621310323,"vs 3LM":-0.2185101261,"vs LM":-0.1892809513}
{"Kabupaten":"Balangan","Kecamatan":"Paringin","Latitude":-2.3345849894,"Longitude":115.4614603944,"LY":100010014.2641570419,"3LM":115387643.378244698,"LM":137604264.4388060272,"Target":126641225.5005698353,"Actual":100999290.2031019628,"Gap":-25641935.2974678725,"Ach":0.7975230009,"vs LY":0.0098917688,"vs 3LM":-0.1246957885,"vs LM":-0.2660162778}
{"Kabupaten":"Balangan","Kecamatan":"Paringin Selatan","Latitude":-2.3387633976,"Longitude":115.4573822207,"LY":16358889.304339001,"3LM":18337367.9430166669,"LM":21781365.4458850026,"Target":20943149.1820050068,"Actual":15751497.7582500018,"Gap":-5191651.423755005,"Ach":0.7521074133,"vs LY":-0.0371291434,"vs 3LM":-0.1410164312,"vs LM":-0.2768360736}
{"Kabupaten":"Balangan","Kecamatan":"Tebing Tinggi","Latitude":-2.4459316,"Longitude":115.5954161,"LY":4262775.5466440003,"3LM":10132423.3626690023,"LM":11571782.8918529991,"Target":11191818.0475951396,"Actual":10575834.3062609993,"Gap":-615983.7413341403,"Ach":0.9449612441,"vs LY":1.4809737671,"vs 3LM":0.0437615887,"vs LM":-0.0860669955}
{"Kabupaten":"Barito Selatan","Kecamatan":"Dusun Selatan","Latitude":-1.7196571239,"Longitude":114.834318256,"LY":357773329.7501160502,"3LM":414382587.9732143879,"LM":438514731.3137370348,"Target":466456915.4859442711,"Actual":450345150.4077370167,"Gap":-16111765.0782072544,"Ach":0.9654592642,"vs LY":0.2587443304,"vs 3LM":0.0867858918,"vs LM":0.0269783846}
{"Kabupaten":"Barito Selatan","Kecamatan":"Gn. Bintang Awai","Latitude":"0x2a","Longitude":"0x2a","LY":0.0,"3LM":0.0,"LM":0.0,"Target":0.0,"Actual":0.0,"Gap":0.0,"Ach":"0x7","vs LY":0.0,"vs 3LM":0.0,"vs LM":0.0}
{"Kabupaten":"Barito Timur","Kecamatan":"Dusun Tengah","Latitude":-1.8004679,"Longitude":115.1521602,"LY":276425581.2122659683,"3LM":336427410.1863960028,"LM":365321571.6021959782,"Target":390610939.2911274433,"Actual":359112506.6103710532,"Gap":-31498432.6807563901,"Ach":0.9193611097,"vs LY":0.2991290641,"vs 3LM":0.0674293941,"vs LM":-0.016996163}
{"Kabupaten":"Barito Timur","Kecamatan":"Dusun Timur","Latitude":-2.1043113,"Longitude":115.1547971,"LY":190822322.861969918,"3LM":186478996.4088400304,"LM":185600638.2629058957,"Target":213481002.022957772,"Actual":167361614.3243299723,"Gap":-46119387.6986277997,"Ach":0.783964909,"vs LY":-0.1229453042,"vs 3LM":-0.1025176157,"vs LM":-0.0982702652}
{"Kabupaten":"Barito Timur","Kecamatan":"Karusen Janang","Latitude":-1.968963,"Longitude":115.079843,"LY":15569697.5241150018,"3LM":14415490.1587383337,"LM":16096047.9827590007,"Target":17992299.0411456376,"Actual":21417620.8181530014,"Gap":3425321.7770073637,"Ach":1.1903771035,"vs LY":0.3755964613,"vs 3LM":0.4857365641,"vs LM":0.330613629}
{"Kabupaten":"Barito Timur","Kecamatan":"Paku","Latitude":-1.915519,"Longitude":115.228951,"LY":14917567.1396600008,"3LM":18159543.2909013331,"LM":13203654.2717550006,"Target":21068251.9328212887,"Actual":30591610.1432690024,"Gap":9523358.2104477137,"Ach":1.4520241281,"vs LY":1.0507104045,"vs 3LM":0.6846023963,"vs LM":1.3169048139}
{"Kabupaten":"Barito Timur","Kecamatan":"Patangkep Tutui","Latitude":-2.060464,"Longitude":115.332936,"LY":6850305.5870610001,"3LM":6722001.1826896667,"LM":7124939.0352099994,"Target":8157744.6263418123,"Actual":6082612.8425810002,"Gap":-2075131.7837608121,"Ach":0.7456243265,"vs LY":-0.1120669341,"vs 3LM":-0.0951187485,"vs LM":-0.1462926472}
{"Kabupaten":"Barito Timur","Kecamatan":"Pematang Karau","Latitude":-1.8183040976,"Longitude":115.0332972912,"LY":15305363.4726409987,"3LM":26558056.1218843311,"LM":28745531.6712229997,"Target":30471568.0492297523,"Actual":25901970.4549669996,"Gap":-4569597.5942627527,"Ach":0.8500373336,"vs LY":0.6923459872,"vs 3LM":-0.0247038286,"vs LM":-0.0989218515}
{"Kabupaten":"Barito Timur","Kecamatan":"Raren Batuah","Latitude":-1.7403467907,"Longitude":115.1501460989,"LY":3996994.2967410004,"3LM":27068168.8791380003,"LM":23140892.0773429908,"Target":28248021.8916098699,"Actual":27506143.2784000002,"Gap":-741878.6132098697,"Ach":0.9737369712,"vs LY":5.8817069118,"vs 3LM":0.0161804221,"vs LM":0.1886379828}
{"Kabupaten":"Barito Timur","Kecamatan":"Banua Lima","Latitude":-2.2184378642,"Longitude":115.2610013108,"LY":76730865.0587980002,"3LM":67803664.9174260199,"LM":66386522.7751090005,"Target":80036488.3685653061,"Actual":55367569.4976639897,"Gap":-24668918.8709013164,"Ach":0.6917790951,"vs LY":-0.2784185418,"vs 3LM":-0.1834133219,"vs LM":-0.1659817809}
{"Kabupaten":"Tabalong","Kecamatan":"Banua Lawas","Latitude":-2.28726,"Longitude":115.281127,"LY":29897247.8826430067,"3LM":52111437.98831366,"LM":46097246.0330780074,"Target":57781855.599742651,"Actual":48247800.5722820014,"Gap":-9534055.0274606496,"Ach":0.8349991545,"vs LY":0.6137873547,"vs 3LM":-0.0741418308,"vs LM":0.0466525601}
{"Kabupaten":"Tabalong","Kecamatan":"Bintang Ara","Latitude":-1.9683863191,"Longitude":115.443016594,"LY":38193526.024582997,"3LM":42683252.0323393345,"LM":59451369.9936619923,"Target":50223736.7053931057,"Actual":39291983.1573890075,"Gap":-10931753.5480040982,"Ach":0.7823389046,"vs LY":0.0287602965,"vs 3LM":-0.0794519797,"vs LM":-0.3390903664}
{"Kabupaten":"Tabalong","Kecamatan":"Haruai","Latitude":-2.0448820572,"Longitude":115.4549609451,"LY":218486637.9766771197,"3LM":209288514.2455140352,"LM":96991227.0519050062,"Target":238947104.1359770596,"Actual":96467024.9424190074,"Gap":-142480079.1935580373,"Ach":0.4037170707,"vs LY":-0.5584763177,"vs 3LM":-0.5390715764,"vs LM":-0.0054046343}
{"Kabupaten":"Tabalong","Kecamatan":"Jaro","Latitude":-1.7728843347,"Longitude":115.6479217413,"LY":48717885.8310669959,"3LM":61047709.224206984,"LM":61731152.8311740085,"Target":72924771.7887653559,"Actual":55002218.4988460019,"Gap":-17922553.289919354,"Ach":0.754232302,"vs LY":0.1289943634,"vs 3LM":-0.099028953,"vs LM":-0.1090038663}
{"Kabupaten":"Tabalong","Kecamatan":"Kelua","Latitude":-2.26824785,"Longitude":115.3108389917,"LY":255033909.8686400056,"3LM":249611096.8978860676,"LM":272369730.3151669502,"Target":271678597.2049757838,"Actual":220818425.4111320078,"Gap":-50860171.793843776,"Ach":0.8127928651,"vs LY":-0.1341605298,"vs 3LM":-0.115350126,"vs LM":-0.1892695816}
{"Kabupaten":"Tabalong","Kecamatan":"Muara Harus","Latitude":-2.2233015203,"Longitude":115.3252246964,"LY":2028311.3749389998,"3LM":5794473.8914289987,"LM":2739755.1195400003,"Target":6485374.6718676044,