{"Kabupaten":"Balangan","Kecamatan":"Awayan","Latitude":-2.43965533,"Longitude":115.519367,"LY":12043479.7191420011,"3LM":15690623.6670183334,"LM":16785571.1413949989,"Target":17691347.0077561028,"Actual":7164426.5572859999,"Gap":-10526920.450470103,"Ach":0.4049678385,"vs LY":-0.4051198886,"vs 3LM":-0.5433944049,"vs LM":-0.5731794589}
{"Kabupaten":"Balangan","Kecamatan":"Batu Mandi","Latitude":-2.4304791013,"Longitude":115.436633903,"LY":19022867.6513759978,"3LM":26273865.1917556711,"LM":26713629.8930679895,"Target":31262497.7008476369,"Actual":9355123.7445720006,"Gap":-21907373.9562756345,"Ach":0.2992442841,"vs LY":-0.5082169568,"vs 3LM":-0.6439380473,"vs LM":-0.6497996048}
{"Kabupaten":"Balangan","Kecamatan":"Halong","Latitude":-2.2323205665,"Longitude":115.6403981724,"LY":41217338.5978389978,"3LM":36310099.6922690049,"LM":42320587.3966080248,"Target":38288454.0660982728,"Actual":19080513.526953999,"Gap":-19207940.5391442738,"Ach":0.4983359603,"vs LY":-0.5370755566,"vs 3LM":-0.4745122242,"vs LM":-0.5491434618}
{"Kabupaten":"Balangan","Kecamatan":"Juai","Latitude":-2.3589479,"Longitude":115.5794939,"LY":29354998.4080699943,"3LM":34426726.9538336694,"LM":34219447.949267,"Target":41129307.3679757416,"Actual":10252854.432316998,"Gap":-30876452.9356587455,"Ach":0.2492834207,"vs LY":-0.6507288371,"vs 3LM":-0.7021832936,"vs LM":-0.7003793151}
{"Kabupaten":"Balangan","Kecamatan":"Lampihong","Latitude":-2.32699,"Longitude":115.41209,"LY":33186176.7118880004,"3LM":43711950.0034423321,"LM":45574797.6955239996,"Target":49022212.4430630058,"Actual":13265819.0808689985,"Gap":-35756393.3621940091,"Ach":0.2706083308,"vs LY":-0.600260699,"vs 3LM":-0.696517335,"vs LM":-0.7089220413}
{"Kabupaten":"Balangan","Kecamatan":"Paringin","Latitude":-2.2665,"Longitude":115.479342,"LY":87275613.3320579976,"3LM":112146934.2410633415,"LM":128258114.4883889556,"Target":119613659.8722129762,"Actual":46922847.5587110221,"Gap":-72690812.3135019541,"Ach":0.3922866971,"vs LY":-0.4623601512,"vs 3LM":-0.581594915,"vs LM":-0.6341529911}
{"Kabupaten":"Balangan","Kecamatan":"Paringin Selatan","Latitude":-2.3387633976,"Longitude":115.4573822207,"LY":15247226.5047259983,"3LM":16760506.4295943379,"LM":16411503.956611,"Target":19400307.6377671622,"Actual":2906959.630628,"Gap":-16493348.0071391612,"Ach":0.1498409038,"vs LY":-0.8093450222,"vs 3LM":-0.8265589621,"vs LM":-0.8228706133}
{"Kabupaten":"Balangan","Kecamatan":"Tebing Tinggi","Latitude":-2.4460665713,"Longitude":115.5946078524,"LY":10804309.1304669995,"3LM":10817290.7433526665,"LM":11400187.4160849992,"Target":11600711.673649136,"Actual":4326887.4309829995,"Gap":-7273824.2426661365,"Ach":0.3729846541,"vs LY":-0.599522063,"vs 3LM":-0.6000026685,"vs LM":-0.6204547107}
{"Kabupaten":"Barito Selatan","Kecamatan":"Dusun Selatan","Latitude":-1.73069,"Longitude":114.8312749,"LY":329971444.2221528888,"3LM":420040938.2297708392,"LM":434886914.1209571362,"Target":436006960.2509630919,"Actual":145471967.337773025,"Gap":-290534992.9131900668,"Ach":0.3336459749,"vs LY":-0.5591377076,"vs 3LM":-0.6536719303,"vs LM":-0.6654947238}
{"Kabupaten":"Barito Selatan","Kecamatan":"Gn. Bintang Awai","Latitude":"0x2a","Longitude":"0x2a","LY":0.0,"3LM":0.0,"LM":0.0,"Target":0.0,"Actual":0.0,"Gap":0.0,"Ach":"0x7","vs LY":0.0,"vs 3LM":0.0,"vs LM":0.0}
{"Kabupaten":"Barito Timur","Kecamatan":"Dusun Tengah","Latitude":-1.803919327,"Longitude":115.1570300535,"LY":362602579.238468945,"3LM":361728372.9533466101,"LM":404728962.3611470461,"Target":381029092.9150226116,"Actual":40034004.9211990014,"Gap":-340995087.9938235879,"Ach":0.1050681055,"vs LY":-0.8895926085,"vs 3LM":-0.8893257817,"vs LM":-0.901084408}
{"Kabupaten":"Barito Timur","Kecamatan":"Dusun Timur","Latitude":-2.1054690774,"Longitude":115.1580743187,"LY":190895951.6139919758,"3LM":183348481.493538022,"LM":185584219.3986630142,"Target":201662337.0343541503,"Actual":74150841.5418379605,"Gap":-127511495.4925161898,"Ach":0.3676980175,"vs LY":-0.611564096,"vs 3LM":-0.5955742805,"vs LM":-0.6004464077}
{"Kabupaten":"Barito Timur","Kecamatan":"Karusen Janang","Latitude":-1.96067,"Longitude":115.090712,"LY":12867286.5816639997,"3LM":15538265.8847703338,"LM":11455436.0142110046,"Target":18249252.9009779915,"Actual":7769238.7734019998,"Gap":-10480014.1275759917,"Ach":0.4257291417,"vs LY":-0.3962022433,"vs 3LM":-0.499993189,"vs LM":-0.3217858523}
{"Kabupaten":"Barito Timur","Kecamatan":"Paku","Latitude":-1.915519,"Longitude":115.228951,"LY":13922251.8591260016,"3LM":20669211.8615030013,"LM":15672713.6424829978,"Target":23582948.9702374749,"Actual":10092325.4210650008,"Gap":-13490623.5491724741,"Ach":0.4279501022,"vs LY":-0.2750938912,"vs 3LM":-0.5117218069,"vs LM":-0.3560575628}
{"Kabupaten":"Barito Timur","Kecamatan":"Patangkep Tutui","Latitude":-2.060464,"Longitude":115.332936,"LY":4943583.2534980001,"3LM":7015362.4167636661,"LM":8761167.8500689995,"Target":8002729.5554515775,"Actual":2483304.5917079998,"Gap":-5519424.9637435777,"Ach":0.3103071989,"vs LY":-0.4976711295,"vs 3LM":-0.6460190587,"vs LM":-0.7165555284}
{"Kabupaten":"Barito Timur","Kecamatan":"Pematang Karau","Latitude":-1.7978322971,"Longitude":115.0919550264,"LY":4062657.4844990005,"3LM":23441527.7735503316,"LM":22676672.1918920018,"Target":25696603.4072530679,"Actual":6783356.0599699998,"Gap":-18913247.347283069,"Ach":0.2639787038,"vs LY":0.669684458,"vs 3LM":-0.7106265374,"vs LM":-0.7008663351}
{"Kabupaten":"Barito Timur","Kecamatan":"Raren Batuah","Latitude":-1.7434491614,"Longitude":115.1517511715,"LY":27458880.1434360035,"3LM":27068110.6367853358,"LM":27061978.5867949948,"Target":28462553.8807092793,"Actual":4350270.2929619998,"Gap":-24112283.5877472796,"Ach":0.1528418817,"vs LY":-0.8415714599,"vs 3LM":-0.8392843021,"vs LM":-0.839247885}
{"Kabupaten":"Barito Timur","Kecamatan":"Banua Lima","Latitude":-2.2184378642,"Longitude":115.2610013108,"LY":41884305.6627009884,"3LM":59274073.1633293405,"LM":59417333.62683402,"Target":62306655.4958930612,"Actual":11900658.7015999984,"Gap":-50405996.7942930609,"Ach":0.1910014044,"vs LY":-0.7158683064,"vs 3LM":-0.7992265747,"vs LM":-0.7997106572}
{"Kabupaten":"Tabalong","Kecamatan":"Banua Lawas","Latitude":-2.28726,"Longitude":115.281127,"LY":39802021.1811590046,"3LM":48919263.2395763472,"LM":50356477.8437070101,"Target":51071019.6811039001,"Actual":17381814.8937340006,"Gap":-33689204.7873698995,"Ach":0.3403459536,"vs LY":-0.56329316,"vs 3LM":-0.6446836329,"vs LM":-0.6548246494}
{"Kabupaten":"Tabalong","Kecamatan":"Bintang Ara","Latitude":-1.9683863191,"Longitude":115.443016594,"LY":23538253.7096109912,"3LM":38741109.3613726497,"LM":38307646.3307929933,"Target":41975868.6679396555,"Actual":8996308.2937620003,"Gap":-32979560.3741776571,"Ach":0.2143209558,"vs LY":-0.6178005215,"vs 3LM":-0.7677839266,"vs LM":-0.7651563289}
{"Kabupaten":"Tabalong","Kecamatan":"Haruai","Latitude":-2.045107,"Longitude":115.454399,"LY":269075595.5609949827,"3LM":171863948.0094102621,"LM":205020024.8531979024,"Target":177795418.3816898167,"Actual":61534812.8522539884,"Gap":-116260605.5294358283,"Ach":0.3460989794,"vs LY":-0.7713103163,"vs 3LM":-0.6419562476,"vs LM":-0.6998594996}
{"Kabupaten":"Tabalong","Kecamatan":"Jaro","Latitude":-1.8784023123,"Longitude":115.6470060816,"LY":45862499.1450709999,"3LM":53514956.9420009851,"LM":49544896.8859210014,"Target":63559881.7797883824,"Actual":22859835.2746250033,"Gap":-40700046.505163379,"Ach":0.3596582409,"vs LY":-0.5015571393,"vs 3LM":-0.5728327821,"vs LM":-0.5386036361}
{"Kabupaten":"Tabalong","Kecamatan":"Kelua","Latitude":-2.250139259,"Longitude":115.3174067,"LY":259713753.0102279484,"3LM":237952850.4851804078,"LM":213420030.1499990225,"Target":253418165.1570753157,"Actual":60608362.4708680063,"Gap":-192809802.6862072945,"Ach":0.2391634492,"vs LY":-0.7666339893,"vs 3LM":-0.7452925554,"vs LM":-0.7160137105}
{"Kabupaten":"Tabalong","Kecamatan":"Muara Harus","Latitude":-2.2233015203,"Longitude":115.3252246964,"LY":5330390.3749360004,"3LM":5365951.2336793337,"LM":7008953.2832250008,