{"Kabupaten":"Balangan","Kecamatan":"Awayan","Latitude":-2.39256,"Longitude":115.5216,"LY":21001846.5026469976,"3LM":17395058.6329706684,"LM":18844335.1668770015,"Target":20278663.8657474592,"Actual":13147241.2812360022,"Gap":-7131422.584511457,"Ach":0.6483287739,"vs LY":-0.3739959351,"vs 3LM":-0.2441967826,"vs LM":-0.3023239523}
{"Kabupaten":"Balangan","Kecamatan":"Batu Mandi","Latitude":-2.405607253,"Longitude":115.4344558,"LY":25063419.8460209928,"3LM":29239017.8729793467,"LM":25286822.8658050038,"Target":34130506.5502825603,"Actual":19702822.0803210065,"Gap":-14427684.4699615538,"Ach":0.5772789235,"vs LY":-0.2138813378,"vs 3LM":-0.3261462418,"vs LM":-0.2208265077}
{"Kabupaten":"Balangan","Kecamatan":"Halong","Latitude":-2.25898891,"Longitude":115.6463,"LY":41621191.8271220028,"3LM":48061601.5157053322,"LM":46454729.3186329976,"Target":52737486.8504464254,"Actual":48765780.633664988,"Gap":-3971706.2167814374,"Ach":0.9246891262,"vs LY":0.1716574777,"vs 3LM":0.0146515949,"vs LM":0.0497484615}
{"Kabupaten":"Balangan","Kecamatan":"Juai","Latitude":-2.299321353,"Longitude":115.5293636,"LY":24301448.5037010014,"3LM":39539495.9143619984,"LM":35857091.90434701,"Target":44473782.8054486141,"Actual":45084059.2392690107,"Gap":610276.4338203967,"Ach":1.0137221616,"vs LY":0.8552004928,"vs 3LM":0.1402284778,"vs LM":0.2573261479}
{"Kabupaten":"Balangan","Kecamatan":"Lampihong","Latitude":-2.320323308,"Longitude":115.3765157,"LY":26736396.7990690023,"3LM":54332303.2269496918,"LM":36069014.972431004,"Target":60494963.2484469712,"Actual":38780417.3253780007,"Gap":-21714545.9230689704,"Ach":0.6410520024,"vs LY":0.4504728373,"vs 3LM":-0.2862364556,"vs LM":0.0751726199}
{"Kabupaten":"Balangan","Kecamatan":"Paringin","Latitude":-2.334584989,"Longitude":115.4614604,"LY":146813953.6392759979,"3LM":111431051.8447040319,"LM":104059851.424003005,"Target":130802901.3674269617,"Actual":111959763.4700750113,"Gap":-18843137.8973519504,"Ach":0.8559425082,"vs LY":-0.2374037978,"vs 3LM":0.0047447423,"vs LM":0.0759170029}
{"Kabupaten":"Balangan","Kecamatan":"Paringin Selatan","Latitude":-2.338982926,"Longitude":115.4566454,"LY":10006793.7525440007,"3LM":24024024.0660493337,"LM":24041199.5245129988,"Target":27087161.9086957835,"Actual":19974434.2320939973,"Gap":-7112727.6766017862,"Ach":0.7374133288,"vs LY":0.9960873309,"vs 3LM":-0.1685641765,"vs LM":-0.169158169}
{"Kabupaten":"Balangan","Kecamatan":"Tebing Tinggi","Latitude":-2.446066571,"Longitude":115.5946079,"LY":9809174.463330999,"3LM":18929075.7636573352,"LM":18060252.8500190005,"Target":22167255.43224819,"Actual":8095223.7333080005,"Gap":-14072031.6989401896,"Ach":0.3651883634,"vs LY":-0.1747293553,"vs 3LM":-0.5723391974,"vs LM":-0.5517657587}
{"Kabupaten":"Barito Selatan","Kecamatan":"Dusun Selatan","Latitude":-1.716119208,"Longitude":114.8429201,"LY":279054224.1407359838,"3LM":441625288.1911988854,"LM":476978989.5749089718,"Target":485919141.3507356644,"Actual":278427073.9269720912,"Gap":-207492067.4237635732,"Ach":0.5729905456,"vs LY":-0.0022474134,"vs 3LM":-0.3695400119,"vs LM":-0.4162697309}
{"Kabupaten":"Barito Selatan","Kecamatan":"Gn. Bintang Awai","Latitude":-1.5588597,"Longitude":115.056983,"LY":0.0,"3LM":11596760.6419493314,"LM":15825237.325042,"Target":13527054.8426704556,"Actual":19495675.2885239944,"Gap":5968620.4458535388,"Ach":1.441235769,"vs LY":0.0,"vs 3LM":0.6811311271,"vs LM":0.2319357295}
{"Kabupaten":"Barito Timur","Kecamatan":"Dusun Tengah","Latitude":-1.795947685,"Longitude":115.150791,"LY":327681400.7762470245,"3LM":357783859.5169113874,"LM":330243076.2084989548,"Target":418170888.3650763035,"Actual":139931004.2750549614,"Gap":-278239884.0900213718,"Ach":0.3346263649,"vs LY":-0.57296629,"vs 3LM":-0.6088951456,"vs LM":-0.5762787645}
{"Kabupaten":"Barito Timur","Kecamatan":"Dusun Timur","Latitude":-2.100707044,"Longitude":115.1537753,"LY":183479543.8812529445,"3LM":197589110.674934715,"LM":163251308.4968040287,"Target":219796711.3196520805,"Actual":126523447.2485960573,"Gap":-93273264.0710560232,"Ach":0.5756384911,"vs LY":-0.3104220527,"vs 3LM":-0.359663866,"vs LM":-0.2249774387}
{"Kabupaten":"Barito Timur","Kecamatan":"Karusen Janang","Latitude":-1.98237,"Longitude":115.076,"LY":19467324.4375340044,"3LM":19635519.3248013332,"LM":20653713.668122001,"Target":20970403.3436462171,"Actual":14407814.3567350004,"Gap":-6562588.9869112168,"Ach":0.6870547085,"vs LY":-0.2598975579,"vs 3LM":-0.2662371635,"vs LM":-0.3024104726}
{"Kabupaten":"Barito Timur","Kecamatan":"Paku","Latitude":-1.915519,"Longitude":115.228951,"LY":10904053.944476001,"3LM":23766025.3958700038,"LM":24318182.2609300092,"Target":26854746.535740573,"Actual":20569874.1354429945,"Gap":-6284872.4002975784,"Ach":0.7659679122,"vs LY":0.8864428074,"vs 3LM":-0.1344840463,"vs LM":-0.1541360323}
{"Kabupaten":"Barito Timur","Kecamatan":"Patangkep Tutui","Latitude":-2.080347612,"Longitude":115.3500218,"LY":3998571.6104870001,"3LM":6976373.8134039994,"LM":7783530.7388960002,"Target":10098261.5982959531,"Actual":11887300.920872001,"Gap":1789039.3225760479,"Ach":1.1771630993,"vs LY":1.9728868403,"vs 3LM":0.7039369218,"vs LM":0.5272376149}
{"Kabupaten":"Barito Timur","Kecamatan":"Pematang Karau","Latitude":-1.79635285,"Longitude":115.107221,"LY":7033005.2178999996,"3LM":28485549.2555543333,"LM":25885687.5305909961,"Target":30942898.5757559389,"Actual":26402279.011005003,"Gap":-4540619.5647509359,"Ach":0.8532581053,"vs LY":2.7540536645,"vs 3LM":-0.0731342838,"vs LM":0.0199566451}
{"Kabupaten":"Barito Timur","Kecamatan":"Raren Batuah","Latitude":-1.7241547,"Longitude":115.1921123,"LY":8775435.7238300014,"3LM":27373646.5997066647,"LM":30233634.1067529954,"Target":30757236.1466987617,"Actual":20992218.8929200023,"Gap":-9765017.2537787594,"Ach":0.6825131749,"vs LY":1.3921568744,"vs 3LM":-0.2331230398,"vs LM":-0.3056667016}
{"Kabupaten":"Barito Timur","Kecamatan":"Banua Lima","Latitude":-2.2036854,"Longitude":115.2489811,"LY":70946777.9015280008,"3LM":68175891.8741270006,"LM":72165090.7966130078,"Target":76806610.1216153204,"Actual":23090212.0119079985,"Gap":-53716398.1097073257,"Ach":0.3006279274,"vs LY":-0.6745417805,"vs 3LM":-0.6613141189,"vs LM":-0.6800362647}
{"Kabupaten":"Tabalong","Kecamatan":"Banua Lawas","Latitude":-2.287293,"Longitude":115.281138,"LY":51360462.2620519996,"3LM":50414040.5792670026,"LM":47266890.8605819941,"Target":54860597.5106193572,"Actual":55579513.1933690012,"Gap":718915.6827496439,"Ach":1.0131044085,"vs LY":0.0821458909,"vs 3LM":0.1024609921,"vs LM":0.1758656468}
{"Kabupaten":"Tabalong","Kecamatan":"Bintang Ara","Latitude":-1.9841341,"Longitude":115.4620644,"LY":30535778.667142,"3LM":38659477.5656386539,"LM":32809170.2468690015,"Target":45970451.4909670204,"Actual":37095834.0829820037,"Gap":-8874617.4079850167,"Ach":0.8069495269,"vs LY":0.2148317712,"vs 3LM":-0.0404465756,"vs LM":0.1306544422}
{"Kabupaten":"Tabalong","Kecamatan":"Haruai","Latitude":-2.0461636,"Longitude":115.5617295,"LY":252010371.4156850278,"3LM":193537520.8828963041,"LM":240045843.1107189059,"Target":220201354.5733494163,"Actual":195071443.7881970108,"Gap":-25129910.7851524055,"Ach":0.8858775831,"vs LY":-0.2259388267,"vs 3LM":0.0079257133,"vs LM":-0.1873575428}
{"Kabupaten":"Tabalong","Kecamatan":"Jaro","Latitude":-1.8694512,"Longitude":115.6188762,"LY":60170576.6504729986,"3LM":62329844.9403336793,"LM":66186790.0786349997,"Target":72686643.5726589411,"Actual":49835784.2591959909,"Gap":-22850859.3134629503,"Ach":0.6856250586,"vs LY":-0.1717582408,"vs 3LM":-0.2004506941,"vs LM":-0.247043342}
{"Kabupaten":"Tabalong","Kecamatan":"Kelua","Latitude":-2.198772864,"Longitude":115.2420895,"LY":250655377.0656479597,"3LM":277644117.72375983,"LM":299661000.8485488892,"Target":296233978.8285468817,"Actual":94922061.4421010166,"Gap":-201311917.3864458799,"Ach":0.3204293505,"vs LY":-0.6213045076,"vs 3LM":-0.6581160724,"vs LM":-0.6832351852}
{"Kabupaten":"Tabalong","Kecamatan":"Muara Harus","Latitude":-2.22330152,"Longitude":115.3252247,"LY":6150792.3048279993,