{"Kabupaten":"Balangan","Kecamatan":"Awayan","Latitude":-2.1873721,"Longitude":115.3923629,"LY":5337208.6313749989,"3LM":5829896.3683006661,"LM":10304195.8079899997,"Target":6528043.6770658726,"Actual":427026.909098,"Gap":-6101016.7679678723,"Ach":0.0654142237,"vs LY":-0.9199905909,"vs 3LM":-0.9267522299,"vs LM":-0.9585579586}
{"Kabupaten":"Balangan","Kecamatan":"Batu Mandi","Latitude":-2.1721502,"Longitude":115.4097628,"LY":13744349.2087669987,"3LM":15312577.412794333,"LM":16733871.0366329979,"Target":16822103.3290176764,"Actual":4515819.1743180016,"Gap":-12306284.1546996757,"Ach":0.2684455734,"vs LY":-0.6714417608,"vs 3LM":-0.705090851,"vs LM":-0.7301389999}
{"Kabupaten":"Balangan","Kecamatan":"Halong","Latitude":-2.1598869,"Longitude":115.4008869,"LY":3752337.3113969998,"3LM":3396996.4453366669,"LM":2915089.4182800008,"Target":3755114.6259123934,"Actual":1525675.4002680001,"Gap":-2229439.2256443934,"Ach":0.4062926308,"vs LY":-0.5934066493,"vs 3LM":-0.5508751849,"vs LM":-0.4766282671}
{"Kabupaten":"Balangan","Kecamatan":"Juai","Latitude":-2.1328065655,"Longitude":115.4025735141,"LY":15730650.1347610019,"3LM":10023037.2487116661,"LM":12305673.1475300007,"Target":10986372.3006303441,"Actual":4974368.2344890004,"Gap":-6012004.0661413437,"Ach":0.4527762303,"vs LY":-0.6837785983,"vs 3LM":-0.5037065002,"vs LM":-0.5957662637}
{"Kabupaten":"Balangan","Kecamatan":"Lampihong","Latitude":-2.0400112,"Longitude":115.3057049,"LY":11238166.825846998,"3LM":13047157.1733633354,"LM":16711402.5304959975,"Target":14358855.6545746494,"Actual":2711350.79531,"Gap":-11647504.8592646495,"Ach":0.1888277771,"vs LY":-0.7587372712,"vs 3LM":-0.7921883856,"vs LM":-0.837754444}
{"Kabupaten":"Balangan","Kecamatan":"Paringin","Latitude":-2.1735408019,"Longitude":115.416270553,"LY":24720160.6720329933,"3LM":34108914.4950883463,"LM":41665331.597458005,"Target":38553975.7955289334,"Actual":17278910.4843760058,"Gap":-21275065.3111529276,"Ach":0.448174543,"vs LY":-0.3010194912,"vs 3LM":-0.4934195139,"vs LM":-0.5852928605}
{"Kabupaten":"Balangan","Kecamatan":"Paringin Selatan","Latitude":-1.969056,"Longitude":115.44319,"LY":3488471.5960070002,"3LM":4472131.2305926681,"LM":6115854.552867,"Target":4932897.9472909868,"Actual":2218873.3656700002,"Gap":-2714024.5816209866,"Ach":0.4498113258,"vs LY":-0.3639411116,"vs 3LM":-0.5038443079,"vs LM":-0.6371932415}
{"Kabupaten":"Balangan","Kecamatan":"Tebing Tinggi","Latitude":-2.0611399,"Longitude":115.4488234,"LY":3035302.7456290005,"3LM":3334404.8606146672,"LM":3874071.5692660008,"Target":3769054.8305340558,"Actual":977432.3386480001,"Gap":-2791622.4918860556,"Ach":0.2593308887,"vs LY":-0.6779786332,"vs 3LM":-0.7068645292,"vs LM":-0.7476989464}
{"Kabupaten":"Barito Selatan","Kecamatan":"Dusun Selatan","Latitude":-2.1886114169,"Longitude":115.398088383,"LY":22242584.273864992,"3LM":26056068.3849309981,"LM":30088078.7352500036,"Target":30184593.3621346764,"Actual":26413327.332872998,"Gap":-3771266.0292616785,"Ach":0.8750599028,"vs LY":0.1875116222,"vs 3LM":0.013711161,"vs LM":-0.1221331357}
{"Kabupaten":"Barito Selatan","Kecamatan":"Gn. Bintang Awai","Latitude":-2.224362,"Longitude":115.325705,"LY":132132.380359,"3LM":150378.6316813334,"LM":215832.3400000001,"Target":219898.9626885001,"Actual":0.0,"Gap":-219898.9626885001,"Ach":0.0,"vs LY":-1.0,"vs 3LM":-1.0,"vs LM":-1.0}
{"Kabupaten":"Barito Timur","Kecamatan":"Dusun Tengah","Latitude":-1.6411,"Longitude":114.81231,"LY":7765425.288493,"3LM":22398888.854928337,"LM":20931937.6278840005,"Target":26316490.9689171501,"Actual":14146179.6050039995,"Gap":-12170311.3639131505,"Ach":0.5375404959,"vs LY":0.8216876835,"vs 3LM":-0.3684427966,"vs LM":-0.3241820296}
{"Kabupaten":"Barito Timur","Kecamatan":"Dusun Timur","Latitude":-1.8852782607,"Longitude":115.6506284452,"LY":141785038.8399680257,"3LM":192916964.4083481133,"LM":211010178.3861779869,"Target":215829180.0289331377,"Actual":63362001.2129800096,"Gap":-152467178.8159531355,"Ach":0.2935747669,"vs LY":-0.5531122202,"vs 3LM":-0.671558168,"vs LM":-0.6997206405}
{"Kabupaten":"Barito Timur","Kecamatan":"Karusen Janang","Latitude":-1.97325,"Longitude":115.54281,"LY":1174286.3824260002,"3LM":2128392.8986096671,"LM":3002115.9855730003,"Target":2636567.1346948422,"Actual":1899972.7337770001,"Gap":-736594.4009178421,"Ach":0.7206236886,"vs LY":0.6179807262,"vs 3LM":-0.1073204881,"vs LM":-0.3671221422}
{"Kabupaten":"Barito Timur","Kecamatan":"Paku","Latitude":-2.17194,"Longitude":115.42022,"LY":1157143.031161,"3LM":1235109.6442016666,"LM":1582028.4875670001,"Target":1513241.37080801,"Actual":1233031.2664859998,"Gap":-280210.1043220102,"Ach":0.8148278855,"vs LY":0.0655824157,"vs 3LM":-0.0016827475,"vs LM":-0.2206010978}
{"Kabupaten":"Barito Timur","Kecamatan":"Patangkep Tutui","Latitude":-2.267148859,"Longitude":115.5789601803,"LY":32121406.682615988,"3LM":38992464.1987273321,"LM":42249425.0238669962,"Target":38457672.0452063829,"Actual":9035166.8986239992,"Gap":-29422505.1465823837,"Ach":0.2349379569,"vs LY":-0.718718206,"vs 3LM":-0.7682842805,"vs LM":-0.7861469856}
{"Kabupaten":"Barito Timur","Kecamatan":"Pematang Karau","Latitude":-2.332906,"Longitude":115.460053,"LY":2449440.2263839999,"3LM":1030961.3560623333,"LM":1278170.8935959998,"Target":1329037.6334214166,"Actual":682288.154414,"Gap":-646749.4790074166,"Ach":0.5133700787,"vs LY":-0.7214513965,"vs 3LM":-0.3382020088,"vs LM":-0.4661995842}
{"Kabupaten":"Barito Timur","Kecamatan":"Raren Batuah","Latitude":-2.36749,"Longitude":115.56742,"LY":2157927.7287249998,"3LM":3118763.8680393328,"LM":3368828.2435050001,"Target":3909468.8350564935,"Actual":1436157.564053,"Gap":-2473311.2710034936,"Ach":0.367353629,"vs LY":-0.3344737431,"vs 3LM":-0.5395106443,"vs LM":-0.5736922573}
{"Kabupaten":"Barito Timur","Kecamatan":"Banua Lima","Latitude":-2.36173,"Longitude":115.57581,"LY":12101448.0080770012,"3LM":20381360.8717010021,"LM":20762526.6643550023,"Target":21730771.7606382854,"Actual":5063990.9805260003,"Gap":-16666780.7801122852,"Ach":0.2330331861,"vs LY":-0.5815384261,"vs 3LM":-0.7515381327,"vs LM":-0.7560994833}
{"Kabupaten":"Tabalong","Kecamatan":"Banua Lawas","Latitude":-2.1739146519,"Longitude":115.3877295137,"LY":28455524.4205130041,"3LM":62166527.2073423266,"LM":88241328.8677159697,"Target":71918991.3159847558,"Actual":30526053.2631129958,"Gap":-41392938.0528717637,"Ach":0.42445052,"vs LY":0.072763686,"vs 3LM":-0.5089631891,"vs LM":-0.6540617231}
{"Kabupaten":"Tabalong","Kecamatan":"Bintang Ara","Latitude":-2.174085,"Longitude":115.426166,"LY":65841742.1620969921,"3LM":83048227.7514536381,"LM":96072329.6463289857,"Target":85552692.8289647996,"Actual":14685196.3500530012,"Gap":-70867496.4789118022,"Ach":0.1716508957,"vs LY":-0.7769622147,"vs 3LM":-0.8231726703,"vs LM":-0.8471443713}
{"Kabupaten":"Tabalong","Kecamatan":"Haruai","Latitude":-2.11792,"Longitude":115.40404,"LY":126336570.8329949975,"3LM":218919131.6530154049,"LM":304542477.0302279592,"Target":212225906.1497981548,"Actual":29014025.0310120024,"Gap":-183211881.1187861562,"Ach":0.136712928,"vs LY":-0.7703434181,"vs 3LM":-0.867466928,"vs LM":-0.9047291356}
{"Kabupaten":"Tabalong","Kecamatan":"Jaro","Latitude":-2.1659932139,"Longitude":115.38748915,"LY":100960746.8741710037,"3LM":109577732.4423169941,"LM":109887682.365903005,"Target":89785784.5149638951,"Actual":41570133.7215220034,"Gap":-48215650.7934418917,"Ach":0.4629923762,"vs LY":-0.5882544949,"vs 3LM":-0.6206333824,"vs LM":-0.6217034264}
{"Kabupaten":"Tabalong","Kecamatan":"Kelua","Latitude":-2.316953,"Longitude":115.543441,"LY":220085287.1325700283,"3LM":147492327.2513463795,"LM":91782935.695168972,"Target":170391558.6313949823,"Actual":55304424.8473909721,"Gap":-115087133.7840040028,"Ach":0.3245725627,"vs LY":-0.7487136666,"vs 3LM":-0.6250352416,"vs LM":-0.3974432782}
{"Kabupaten":"Tabalong","Kecamatan":"Muara Harus","Latitude":-1.8119625081,"Longitude":115.1665484266,"LY":39743206.9155929983,"3LM":41276267.4711153284,"LM":38949520.4476790056,"Target":43985212.3043896109,