{"Kabupaten":"Balangan","Kecamatan":"Awayan","Latitude":-243282529531918.0,"Longitude":11543937699077.0,"LY":17254521.562567994,"3LM":20530375.1015593335,"LM":21261186.2707000002,"Target":22812923.439678099,"Actual":10261580.2488930002,"Gap":-12551343.1907850988,"Ach":0.4498143465,"vs LY":-0.40528167,"vs 3LM":-0.5001757056,"vs LM":-0.5173561758}
{"Kabupaten":"Balangan","Kecamatan":"Batu Mandi","Latitude":-233641327297114.0,"Longitude":115463107737434.0,"LY":45843157.126643993,"3LM":36641444.0037026703,"LM":36400231.4390309975,"Target":43394077.3611599877,"Actual":14420890.2585889995,"Gap":-28973187.1025709882,"Ach":0.3323239284,"vs LY":-0.6854298185,"vs 3LM":-0.6064322613,"vs LM":-0.6038242152}
{"Kabupaten":"Balangan","Kecamatan":"Halong","Latitude":-22860514.0,"Longitude":1153953237.0,"LY":33233704.9522840008,"3LM":27407047.1914979927,"LM":27944550.5103630051,"Target":30635860.808645159,"Actual":2843009.0011550002,"Gap":-27792851.8074901588,"Ach":0.0928000365,"vs LY":-0.9144540458,"vs 3LM":-0.8962672271,"vs LM":-0.8982624895}
{"Kabupaten":"Balangan","Kecamatan":"Juai","Latitude":-2324336910412430.0,"Longitude":1.155498511e+16,"LY":80419661.7372659892,"3LM":58863285.1809366718,"LM":59054694.2007369921,"Target":69441598.9133256823,"Actual":12509423.4443520028,"Gap":-56932175.4689736813,"Ach":0.1801430791,"vs LY":-0.8444481962,"vs 3LM":-0.7874834304,"vs LM":-0.7881722425}
{"Kabupaten":"Balangan","Kecamatan":"Lampihong","Latitude":-24079871.0,"Longitude":115432023.0,"LY":75671536.8933720142,"3LM":74690835.204681322,"LM":92103134.9164739698,"Target":86781445.0105662644,"Actual":11534901.9736599997,"Gap":-75246543.0369062722,"Ach":0.1329189894,"vs LY":-0.8475661729,"vs 3LM":-0.8455646942,"vs LM":-0.8747610276}
{"Kabupaten":"Balangan","Kecamatan":"Paringin","Latitude":-232951.0,"Longitude":1153116.0,"LY":247804826.3312450945,"3LM":178929648.7588246465,"LM":220217588.3589391112,"Target":197779659.1175376177,"Actual":54298084.9101520106,"Gap":-143481574.2073855996,"Ach":0.2745382672,"vs LY":-0.7808836667,"vs 3LM":-0.6965394763,"vs LM":-0.7534343859}
{"Kabupaten":"Balangan","Kecamatan":"Paringin Selatan","Latitude":-24402498.0,"Longitude":115518659.0,"LY":11645692.9352669977,"3LM":16868413.925894998,"LM":17053090.4676199965,"Target":21282955.4911408909,"Actual":6055982.8868039995,"Gap":-15226972.6043368913,"Ach":0.2845461425,"vs LY":-0.479980889,"vs 3LM":-0.6409868223,"vs LM":-0.6448747576}
{"Kabupaten":"Balangan","Kecamatan":"Tebing Tinggi","Latitude":-2.415128738e+16,"Longitude":1.155388134e+16,"LY":14079275.4847639985,"3LM":8997622.5374869984,"LM":4236698.4917970002,"Target":10106901.5959372148,"Actual":2708692.9259319999,"Gap":-7398208.6700052153,"Ach":0.268004284,"vs LY":-0.8076113413,"vs 3LM":-0.6989545944,"vs LM":-0.3606595015}
{"Kabupaten":"Barito Selatan","Kecamatan":"Dusun Selatan","Latitude":-174089538265899.0,"Longitude":115150132354515.0,"LY":321421212.4319722056,"3LM":316574451.7202837467,"LM":340783159.5511323214,"Target":354066440.5511635542,"Actual":24662190.3325590044,"Gap":-329404250.2186045647,"Ach":0.0696541313,"vs LY":-0.923271429,"vs 3LM":-0.9220967131,"vs LM":-0.927630842}
{"Kabupaten":"Barito Timur","Kecamatan":"Dusun Tengah","Latitude":-20408602.0,"Longitude":115133232.0,"LY":183354984.3115789592,"3LM":185059031.0504589677,"LM":200892030.1470859945,"Target":211574826.915291667,"Actual":31438094.6892659962,"Gap":-180136732.2260256708,"Ach":0.1485909035,"vs LY":-0.8285397323,"vs 3LM":-0.8301185599,"vs LM":-0.8435075067}
{"Kabupaten":"Barito Timur","Kecamatan":"Dusun Timur","Latitude":-239883538057474.0,"Longitude":11552812024951.0,"LY":247902566.0549069941,"3LM":226844478.6051401496,"LM":276400409.5625720024,"Target":262835567.8249285817,"Actual":59370544.4681359977,"Gap":-203465023.3567925692,"Ach":0.2258847422,"vs LY":-0.7605085522,"vs 3LM":-0.7382764402,"vs LM":-0.7852009533}
{"Kabupaten":"Barito Timur","Kecamatan":"Karusen Janang","Latitude":-1791842.0,"Longitude":115149967.0,"LY":94019405.9243020117,"3LM":52940855.8636813387,"LM":56927026.9513889924,"Target":64778891.9645979851,"Actual":1631914.434411,"Gap":-63146977.5301869884,"Ach":0.0251920708,"vs LY":-0.9826427915,"vs 3LM":-0.9691747629,"vs LM":-0.9713332222}
{"Kabupaten":"Barito Timur","Kecamatan":"Paku","Latitude":-17174795678018.0,"Longitude":114837544452423.0,"LY":62751574.7390210032,"3LM":45814303.3185543343,"LM":64847255.3116720021,"Target":56089215.7862043083,"Actual":3137272.1417010007,"Gap":-52951943.6445033103,"Ach":0.0559336068,"vs LY":-0.9500048859,"vs 3LM":-0.9315219939,"vs LM":-0.9516205871}
{"Kabupaten":"Barito Timur","Kecamatan":"Patangkep Tutui","Latitude":-204218613485741.0,"Longitude":115457571152131.0,"LY":6497227.2914220011,"3LM":5288148.7230809992,"LM":7594139.724045,"Target":7050332.2394692572,"Actual":0.0,"Gap":-7050332.2394692572,"Ach":0.0,"vs LY":-1.0,"vs 3LM":-1.0,"vs LM":-1.0}
{"Kabupaten":"Barito Timur","Kecamatan":"Pematang Karau","Latitude":-18021629794208.0,"Longitude":115154708143438.0,"LY":102122223.8636039943,"3LM":136783007.8555650115,"LM":191472236.9606569707,"Target":156165859.9462155402,"Actual":10218132.4277279992,"Gap":-145947727.5184875429,"Ach":0.065431282,"vs LY":-0.8999421278,"vs 3LM":-0.9252967705,"vs LM":-0.9466338693}
{"Kabupaten":"Barito Timur","Kecamatan":"Raren Batuah","Latitude":-179481589402056.0,"Longitude":115150044945798.0,"LY":14698511.8405370004,"3LM":21037971.1299879923,"LM":20700901.1519510001,"Target":21932696.5995003693,"Actual":12649060.4935439974,"Gap":-9283636.1059563719,"Ach":0.5767216282,"vs LY":-0.1394325745,"vs 3LM":-0.3987509339,"vs LM":-0.3889608766}
{"Kabupaten":"Barito Timur","Kecamatan":"Banua Lima","Latitude":-224518763307479.0,"Longitude":115277972489761.0,"LY":12819259.5013129991,"3LM":11660260.0094933342,"LM":11929185.2673680019,"Target":14256482.4567845315,"Actual":7484227.2040360002,"Gap":-6772255.2527485313,"Ach":0.5249701128,"vs LY":-0.4161732038,"vs 3LM":-0.3581423401,"vs LM":-0.3726120404}
{"Kabupaten":"Tabalong","Kecamatan":"Banua Lawas","Latitude":-2287260.0,"Longitude":115281127.0,"LY":116629794.2043889761,"3LM":90112978.3778236508,"LM":117841866.4455019981,"Target":136611965.5958642662,"Actual":11156557.7092350014,"Gap":-125455407.8866292685,"Ach":0.0816660361,"vs LY":-0.9043421299,"vs 3LM":-0.8761936637,"vs LM":-0.9053260268}
{"Kabupaten":"Tabalong","Kecamatan":"Bintang Ara","Latitude":-19881172.0,"Longitude":1154483559.0,"LY":15383218.6731209997,"3LM":19401014.0875343233,"LM":19297485.0338470004,"Target":21798032.6978694573,"Actual":843963.972432,"Gap":-20954068.7254374586,"Ach":0.0387174377,"vs LY":-0.945137361,"vs 3LM":-0.9564989764,"vs LM":-0.9562655978}
{"Kabupaten":"Tabalong","Kecamatan":"Haruai","Latitude":-204488205721232.0,"Longitude":115454960945071.0,"LY":95250593.5225950032,"3LM":69677938.4247683734,"LM":65696476.5402519852,"Target":78923642.3559807241,"Actual":24578822.6719309986,"Gap":-54344819.6840497255,"Ach":0.3114253466,"vs LY":-0.7419562255,"vs 3LM":-0.6472510062,"vs LM":-0.6258730458}
{"Kabupaten":"Tabalong","Kecamatan":"Jaro","Latitude":-183858.0,"Longitude":11563090.0,"LY":60238753.0196189955,"3LM":48408157.3033913299,"LM":34307704.0412970036,"Target":63524148.2969089076,"Actual":10402286.5206959974,"Gap":-53121861.7762129083,"Ach":0.1637532623,"vs LY":-0.8273157063,"vs 3LM":-0.7851129417,"vs LM":-0.6967944428}
{"Kabupaten":"Tabalong","Kecamatan":"Kelua","Latitude":-222513898242579.0,"Longitude":115311235437434.0,"LY":266669177.9583170712,"3LM":235228527.5790993869,"LM":284881592.0111829638,"Target":287725599.1630518436,"Actual":27855158.5515840016,"Gap":-259870440.6114678383,"Ach":0.0968115407,"vs LY":-0.8955441391,"vs 3LM":-0.8815825664,"vs LM":-0.9022219781}
{"Kabupaten":"Tabalong","Kecamatan":"Muara Harus","Latitude":-221955143507203.0,"Longitude":115324659361252.0,"LY":11723832.6407090016,"3LM":12802127.8006679956,"LM":16515130.747190997,"Target":20006853.7485508956,"Actual":1643783.7942310001,"Gap":-18363069.9543198943,"Ach":0.0821610342,"vs LY":-0.8597912607,