{"Kabupaten":"Balangan","Kecamatan":"Awayan","Latitude":-2.39256,"Longitude":115.5216,"LY":9510486.0493599996,"3LM":17837849.3867456652,"LM":18495194.8438409977,"Target":19096847.1493789963,"Actual":8267042.6739530005,"Gap":-10829804.4754259959,"Ach":0.4329009186,"vs LY":-0.1307444613,"vs 3LM":-0.5365448774,"vs LM":-0.5530167298}
{"Kabupaten":"Balangan","Kecamatan":"Batu Mandi","Latitude":-2.4292323988,"Longitude":115.422626833,"LY":20530919.3318749964,"3LM":29213578.9747803435,"LM":31030762.394543007,"Target":31398556.2197750509,"Actual":11950074.669536002,"Gap":-19448481.5502390489,"Ach":0.3805931262,"vs LY":-0.417947415,"vs 3LM":-0.5909410935,"vs LM":-0.6148958728}
{"Kabupaten":"Balangan","Kecamatan":"Halong","Latitude":-2.26065809,"Longitude":115.654999,"LY":43805500.5057610124,"3LM":49067351.1294653267,"LM":41935278.115309,"Target":53722297.9183949828,"Actual":21964245.4482330009,"Gap":-31758052.4701619819,"Ach":0.4088478397,"vs LY":-0.4985961764,"vs 3LM":-0.5523653724,"vs LM":-0.4762346541}
{"Kabupaten":"Balangan","Kecamatan":"Juai","Latitude":-2.32051,"Longitude":115.54571,"LY":15011141.8119239956,"3LM":42833618.5394889936,"LM":39391051.6279250011,"Target":47634540.1961885467,"Actual":13360506.6143090017,"Gap":-34274033.5818795413,"Ach":0.2804793866,"vs LY":-0.1099606691,"vs 3LM":-0.6880836345,"vs LM":-0.660823815}
{"Kabupaten":"Balangan","Kecamatan":"Lampihong","Latitude":-2.3257296846,"Longitude":115.4120221117,"LY":28966553.6394040063,"3LM":46586607.7991016582,"LM":43864956.7703329995,"Target":49747999.8020646274,"Actual":40158748.0404750034,"Gap":-9589251.761589624,"Ach":0.8072434711,"vs LY":0.3863833627,"vs 3LM":-0.1379765573,"vs LM":-0.0844913344}
{"Kabupaten":"Balangan","Kecamatan":"Paringin","Latitude":-2.2665,"Longitude":115.479342,"LY":89439759.7968700379,"3LM":115880536.5407523811,"LM":101871759.7431990057,"Target":123913371.0760192424,"Actual":59374068.5651139691,"Gap":-64539302.5109052733,"Ach":0.479157883,"vs LY":-0.336155769,"vs 3LM":-0.4876269101,"vs LM":-0.4171685194}
{"Kabupaten":"Balangan","Kecamatan":"Paringin Selatan","Latitude":-2.37129,"Longitude":115.50181,"LY":13591925.0793689974,"3LM":23221790.4783990048,"LM":21966394.1980570033,"Target":25412731.4113972336,"Actual":6857534.1265619993,"Gap":-18555197.2848352343,"Ach":0.2698464016,"vs LY":-0.4954699878,"vs 3LM":-0.7046939971,"vs LM":-0.6878170325}
{"Kabupaten":"Balangan","Kecamatan":"Tebing Tinggi","Latitude":-2.44862,"Longitude":115.601605,"LY":7619369.1885340009,"3LM":15254359.7384190001,"LM":12497873.1705090012,"Target":16643915.6138056424,"Actual":4545042.0346680004,"Gap":-12098873.5791376419,"Ach":0.2730752871,"vs LY":-0.4034884093,"vs 3LM":-0.7020496361,"vs LM":-0.6363347609}
{"Kabupaten":"Barito Selatan","Kecamatan":"Dusun Selatan","Latitude":-1.70113,"Longitude":114.87099,"LY":382744817.5544040203,"3LM":419444406.3836014867,"LM":375035539.9049499035,"Target":458808957.4698727727,"Actual":212192453.7989419997,"Gap":-246616503.670930773,"Ach":0.4624854209,"vs LY":-0.4456033261,"vs 3LM":-0.4941106603,"vs LM":-0.4342070785}
{"Kabupaten":"Barito Selatan","Kecamatan":"Gn. Bintang Awai","Latitude":null,"Longitude":null,"LY":0.0,"3LM":0.0,"LM":0.0,"Target":0.0,"Actual":0.0,"Gap":0.0,"Ach":null,"vs LY":0.0,"vs 3LM":0.0,"vs LM":0.0}
{"Kabupaten":"Barito Timur","Kecamatan":"Dusun Tengah","Latitude":-1.8036676266,"Longitude":115.1559822098,"LY":399779391.8044019938,"3LM":338882124.0378699899,"LM":396508745.0268200636,"Target":387673304.1530649662,"Actual":82468398.8823819906,"Gap":-305204905.2706829906,"Ach":0.2127265355,"vs LY":-0.7937152325,"vs 3LM":-0.7566457684,"vs LM":-0.7920136695}
{"Kabupaten":"Barito Timur","Kecamatan":"Dusun Timur","Latitude":-2.10618,"Longitude":115.16025,"LY":180544940.4568339586,"3LM":189404142.5134549439,"LM":191072622.8923220038,"Target":202275299.5345883965,"Actual":60921861.0588150099,"Gap":-141353438.4757733941,"Ach":0.3011828987,"vs LY":-0.6625667775,"vs 3LM":-0.6783499017,"vs LM":-0.681158608}
{"Kabupaten":"Barito Timur","Kecamatan":"Karusen Janang","Latitude":-1.9808386237,"Longitude":115.076096709,"LY":14728949.7828060035,"3LM":18318161.1334716715,"LM":14843563.7376420014,"Target":20416562.2013274953,"Actual":7271505.9086379996,"Gap":-13145056.2926894948,"Ach":0.3561572138,"vs LY":-0.5063119899,"vs 3LM":-0.6030438942,"vs LM":-0.5101239812}
{"Kabupaten":"Barito Timur","Kecamatan":"Paku","Latitude":-1.91158,"Longitude":115.13734,"LY":4443289.8180810018,"3LM":26262149.9037566781,"LM":21549817.3832070008,"Target":28856472.9188702926,"Actual":6892346.5520529998,"Gap":-21964126.3668172918,"Ach":0.2388492374,"vs LY":0.551180957,"vs 3LM":-0.7375558902,"vs LM":-0.6801668233}
{"Kabupaten":"Barito Timur","Kecamatan":"Patangkep Tutui","Latitude":-2.0803476124,"Longitude":115.3500217882,"LY":4302014.9103159998,"3LM":8270905.0533136651,"LM":6600544.3310660012,"Target":8798555.684453927,"Actual":2785045.1418000003,"Gap":-6013510.5426539266,"Ach":0.3165343542,"vs LY":-0.3526184358,"vs 3LM":-0.6632720212,"vs LM":-0.5780582628}
{"Kabupaten":"Barito Timur","Kecamatan":"Pematang Karau","Latitude":-1.808639,"Longitude":115.075942,"LY":5052804.1508740019,"3LM":28361718.4537110031,"LM":29037672.8257670067,"Target":30760664.6669327468,"Actual":13697492.3367140014,"Gap":-17063172.3302187473,"Ach":0.4452924696,"vs LY":1.7108694356,"vs 3LM":-0.5170429338,"vs LM":-0.5282854649}
{"Kabupaten":"Barito Timur","Kecamatan":"Raren Batuah","Latitude":-1.7408948,"Longitude":115.1501687,"LY":9431231.8813070003,"3LM":25737860.0302979983,"LM":22278989.0766350068,"Target":25664035.5097699687,"Actual":7329234.1428730013,"Gap":-18334801.3668969683,"Ach":0.2855838529,"vs LY":-0.2228762653,"vs 3LM":-0.7152352941,"vs LM":-0.6710248334}
{"Kabupaten":"Barito Timur","Kecamatan":"Banua Lima","Latitude":-2.2067607498,"Longitude":115.252396581,"LY":53743028.8823290169,"3LM":65446469.6521650031,"LM":74999043.3858350217,"Target":79619845.4606753737,"Actual":25845838.3730159998,"Gap":-53774007.0876593739,"Ach":0.3246155305,"vs LY":-0.5190848207,"vs 3LM":-0.6050843,"vs LM":-0.6553844262}
{"Kabupaten":"Tabalong","Kecamatan":"Banua Lawas","Latitude":-2.287651592,"Longitude":115.2782222,"LY":39479286.170931004,"3LM":48511828.3961183429,"LM":48051343.8321339861,"Target":54606922.654045254,"Actual":31294672.2558809966,"Gap":-23312250.3981642574,"Ach":0.5730898343,"vs LY":-0.2073141313,"vs 3LM":-0.354906354,"vs LM":-0.348724307}
{"Kabupaten":"Tabalong","Kecamatan":"Bintang Ara","Latitude":-1.9881172,"Longitude":115.4483559,"LY":24979221.744990997,"3LM":32676213.0479476601,"LM":28198669.4802910015,"Target":38196854.7577372119,"Actual":25153845.1788830012,"Gap":-13043009.5788542107,"Ach":0.6585318435,"vs LY":0.0069907476,"vs 3LM":-0.2302092919,"vs LM":-0.1079775875}
{"Kabupaten":"Tabalong","Kecamatan":"Haruai","Latitude":-2.0448820572,"Longitude":115.4549609451,"LY":257681641.9189170003,"3LM":204881155.0087763965,"LM":108402138.350625962,"Target":238792663.4295464158,"Actual":127924177.8293959945,"Gap":-110868485.6001504213,"Ach":0.5357123456,"vs LY":-0.5035572698,"vs 3LM":-0.3756176461,"vs LM":0.1800890626}
{"Kabupaten":"Tabalong","Kecamatan":"Jaro","Latitude":-1.8654320517,"Longitude":115.652006911,"LY":46772998.7182190046,"3LM":56426012.376184687,"LM":43173385.0509679988,"Target":62300048.1535738185,"Actual":38517855.2385689989,"Gap":-23782192.9150048196,"Ach":0.6182636512,"vs LY":-0.1764937829,"vs 3LM":-0.3173741398,"vs LM":-0.1078333285}
{"Kabupaten":"Tabalong","Kecamatan":"Kelua","Latitude":-2.250139259,"Longitude":115.3174067,"LY":250376402.1157869995,"3LM":240869307.9469407499,"LM":219097348.1411169469,"Target":280340623.9095637202,"Actual":80073058.8567859679,"Gap":-200267565.0527777672,"Ach":0.2856277401,"vs LY":-0.6801892743,"vs 3LM":-0.6675663681,"vs LM":-0.6345320492}
{"Kabupaten":"Tabalong","Kecamatan":"Muara Harus","Latitude":-2.2233015203,"Longitude":115.3252246964,"LY":2142392.4701479995,"3LM":5268159.5808309997,"LM":4604364.0488189999,"Target":5639731.4240991464,