{"Kabupaten":"Balangan","Kecamatan":"Awayan","Latitude":-2.39256,"Longitude":115.5216,"LY":5337208.6313749989,"3LM":5945211.6458343342,"LM":10304195.8079899997,"Target":6587869.7528000856,"Actual":532432.41117,"Gap":-6055437.3416300854,"Ach":0.0808201181,"vs LY":-0.9002414093,"vs 3LM":-0.9104434892,"vs LM":-0.9483285818}
{"Kabupaten":"Balangan","Kecamatan":"Batu Mandi","Latitude":-2.405607253,"Longitude":115.4344558,"LY":13744349.2087669987,"3LM":15468253.0280443318,"LM":16733871.0366329979,"Target":16816991.4464454353,"Actual":9230866.7016079985,"Gap":-7586124.7448374368,"Ach":0.548901195,"vs LY":-0.3283882299,"vs 3LM":-0.4032379297,"vs LM":-0.4483723054}
{"Kabupaten":"Balangan","Kecamatan":"Halong","Latitude":-2.25898891,"Longitude":115.6463,"LY":3752337.3113969998,"3LM":3408527.9724233337,"LM":2915089.4182800008,"Target":3730625.2373712887,"Actual":839180.104054,"Gap":-2891445.1333172889,"Ach":0.2249435552,"vs LY":-0.7763580312,"vs 3LM":-0.7537998483,"vs LM":-0.712125433}
{"Kabupaten":"Balangan","Kecamatan":"Juai","Latitude":-2.299321353,"Longitude":115.5293636,"LY":15730650.1347610019,"3LM":10144118.2897890005,"LM":12305673.1475300007,"Target":11002350.4093169179,"Actual":4482432.3487330005,"Gap":-6519918.0605839174,"Ach":0.4074067978,"vs LY":-0.715051043,"vs 3LM":-0.5581249922,"vs LM":-0.6357426128}
{"Kabupaten":"Balangan","Kecamatan":"Lampihong","Latitude":-2.320323308,"Longitude":115.3765157,"LY":11238166.825846998,"3LM":13191301.2619466651,"LM":16711402.5304959975,"Target":14367215.6818206366,"Actual":3159760.6321570002,"Gap":-11207455.0496636368,"Ach":0.2199285305,"vs LY":-0.71883665,"vs 3LM":-0.760466343,"vs LM":-0.8109218765}
{"Kabupaten":"Balangan","Kecamatan":"Paringin","Latitude":-2.334584989,"Longitude":115.4614604,"LY":24720160.6720329933,"3LM":34247292.8265853375,"LM":41665331.597458005,"Target":38471525.513098754,"Actual":17425447.8738349974,"Gap":-21046077.6392637566,"Ach":0.4529440318,"vs LY":-0.2950916418,"vs 3LM":-0.491187582,"vs LM":-0.5817758504}
{"Kabupaten":"Balangan","Kecamatan":"Paringin Selatan","Latitude":-2.338982926,"Longitude":115.4566454,"LY":3488471.5960070002,"3LM":4506725.8118526665,"LM":6115854.552867,"Target":4920617.4707588982,"Actual":2606301.3947650003,"Gap":-2314316.0759938979,"Ach":0.5296695812,"vs LY":-0.2528815778,"vs 3LM":-0.4216862743,"vs LM":-0.5738450985}
{"Kabupaten":"Balangan","Kecamatan":"Tebing Tinggi","Latitude":-2.446066571,"Longitude":115.5946079,"LY":3035302.7456290005,"3LM":3455485.9200720005,"LM":3874071.5692660008,"Target":3861891.5143271415,"Actual":294328.728648,"Gap":-3567562.7856791415,"Ach":0.076213619,"vs LY":-0.9030315084,"vs 3LM":-0.9148227672,"vs LM":-0.9240259961}
{"Kabupaten":"Barito Selatan","Kecamatan":"Dusun Selatan","Latitude":-1.716119208,"Longitude":114.8429201,"LY":22242584.273864992,"3LM":25473726.2222156636,"LM":30088078.7352500036,"Target":30097980.2355649695,"Actual":21706607.9486479983,"Gap":-8391372.2869169712,"Ach":0.7211981594,"vs LY":-0.0240968549,"vs 3LM":-0.1478824983,"vs LM":-0.2785645059}
{"Kabupaten":"Barito Selatan","Kecamatan":"Gn. Bintang Awai","Latitude":-1.5588597,"Longitude":115.056983,"LY":132132.380359,"3LM":144612.868138,"LM":215832.3400000001,"Target":214956.7732314323,"Actual":0.0,"Gap":-214956.7732314323,"Ach":0.0,"vs LY":-1.0,"vs 3LM":-1.0,"vs LM":-1.0}
{"Kabupaten":"Barito Timur","Kecamatan":"Dusun Tengah","Latitude":-1.795947685,"Longitude":115.150791,"LY":7765425.288493,"3LM":22306636.6382350102,"LM":20931937.6278840005,"Target":26417447.8939183019,"Actual":17797280.1786019988,"Gap":-8620167.7153163031,"Ach":0.6736941528,"vs LY":1.2918616196,"vs 3LM":-0.2021531319,"vs LM":-0.1497547673}
{"Kabupaten":"Barito Timur","Kecamatan":"Dusun Timur","Latitude":-2.100707044,"Longitude":115.1537753,"LY":141785038.8399680257,"3LM":192916964.4083480835,"LM":211010178.3861779869,"Target":215829180.0289331079,"Actual":35069980.4378260002,"Gap":-180759199.5911071002,"Ach":0.1624895227,"vs LY":-0.7526538715,"vs 3LM":-0.818212045,"vs LM":-0.8337995792}
{"Kabupaten":"Barito Timur","Kecamatan":"Karusen Janang","Latitude":-1.98237,"Longitude":115.076,"LY":1174286.3824260002,"3LM":2111095.6079796669,"LM":3002115.9855730003,"Target":2674711.1453248328,"Actual":747747.6787379999,"Gap":-1926963.4665868329,"Ach":0.2795620305,"vs LY":-0.3632322661,"vs 3LM":-0.64580113,"vs LM":-0.7509264524}
{"Kabupaten":"Barito Timur","Kecamatan":"Paku","Latitude":-1.915519,"Longitude":115.228951,"LY":1157143.031161,"3LM":1194749.2960646665,"LM":1582028.4875670001,"Target":1498617.6874566174,"Actual":106756.72036,"Gap":-1391860.9670966174,"Ach":0.0712367946,"vs LY":-0.9077411197,"vs 3LM":-0.9106450862,"vs LM":-0.932519091}
{"Kabupaten":"Barito Timur","Kecamatan":"Patangkep Tutui","Latitude":-2.080347612,"Longitude":115.3500218,"LY":32121406.682615988,"3LM":38992464.1987273321,"LM":42249425.0238669962,"Target":38457672.045206368,"Actual":7820977.9229520001,"Gap":-30636694.1222543679,"Ach":0.2033658697,"vs LY":-0.7565181998,"vs 3LM":-0.799423348,"vs LM":-0.8148855773}
{"Kabupaten":"Barito Timur","Kecamatan":"Pematang Karau","Latitude":-1.79635285,"Longitude":115.107221,"LY":2449440.2263839999,"3LM":1007898.3018889998,"LM":1278170.8935959998,"Target":1322500.1850907032,"Actual":1530269.936124,"Gap":207769.7510332968,"Ach":1.1571037595,"vs LY":-0.3752572855,"vs 3LM":0.5182781172,"vs LM":0.1972342226}
{"Kabupaten":"Barito Timur","Kecamatan":"Raren Batuah","Latitude":-1.7241547,"Longitude":115.1921123,"LY":2157927.7287249998,"3LM":3078403.523235999,"LM":3368828.2435050001,"Target":3878092.5497854236,"Actual":1114175.4736009999,"Gap":-2763917.0761844236,"Ach":0.287299867,"vs LY":-0.4836826745,"vs 3LM":-0.6380671133,"vs LM":-0.6692691366}
{"Kabupaten":"Barito Timur","Kecamatan":"Banua Lima","Latitude":-2.19848947,"Longitude":115.2412166,"LY":12101448.0080770012,"3LM":20369829.3446143344,"LM":20762526.6643550023,"Target":21738832.0143955536,"Actual":2774948.9970199997,"Gap":-18963883.0173755549,"Ach":0.1276494061,"vs LY":-0.7706928134,"vs 3LM":-0.8637716129,"vs LM":-0.8663482031}
{"Kabupaten":"Tabalong","Kecamatan":"Banua Lawas","Latitude":-2.287293,"Longitude":115.281138,"LY":28455524.4205130041,"3LM":62039680.4029319882,"LM":88241328.8677159697,"Target":71950958.3701400757,"Actual":25716974.0865429975,"Gap":-46233984.2835970819,"Ach":0.357423649,"vs LY":-0.0962396719,"vs 3LM":-0.5854753938,"vs LM":-0.708560893}
{"Kabupaten":"Tabalong","Kecamatan":"Bintang Ara","Latitude":-1.9841341,"Longitude":115.4620644,"LY":65841742.1620969921,"3LM":83042461.9879103005,"LM":96072329.6463289857,"Target":85540773.4050240368,"Actual":16582814.9607670009,"Gap":-68957958.4442570359,"Ach":0.1938586045,"vs LY":-0.7481413095,"vs 3LM":-0.8003092085,"vs LM":-0.8273923926}
{"Kabupaten":"Tabalong","Kecamatan":"Haruai","Latitude":-2.0461636,"Longitude":115.5617295,"LY":126336570.8329949975,"3LM":219011383.8863764107,"LM":304542477.0302279592,"Target":212289906.256983161,"Actual":32592002.6684000008,"Gap":-179697903.5885831714,"Ach":0.1535259177,"vs LY":-0.7420224211,"vs 3LM":-0.8511858056,"vs LM":-0.8929804375}
{"Kabupaten":"Tabalong","Kecamatan":"Jaro","Latitude":-1.8694512,"Longitude":115.6188762,"LY":100960746.8741710037,"3LM":109658453.1589836627,"LM":109887682.365903005,"Target":89806064.6421365887,"Actual":20215267.9108709991,"Gap":-69590796.7312655896,"Ach":0.2250991399,"vs LY":-0.7997710146,"vs 3LM":-0.8156524433,"vs LM":-0.8160369982}
{"Kabupaten":"Tabalong","Kecamatan":"Kelua","Latitude":-2.198772864,"Longitude":115.2420895,"LY":220085287.1325700283,"3LM":147284759.7419223785,"LM":91782935.695168972,"Target":170395201.0372269154,"Actual":43249949.9721009955,"Gap":-127145251.0651259124,"Ach":0.2538214088,"vs LY":-0.8034855008,"vs 3LM":-0.7063514918,"vs LM":-0.5287800543}
{"Kabupaten":"Tabalong","Kecamatan":"Muara Harus","Latitude":-2.22330152,"Longitude":115.3252247,"LY":39743206.9155929983,"3LM":41270501.7075719982,"LM":38949520.4476790056,"Target":44010440.4301430956,"Actual":6742441.9782809997,