{"Kabupaten":"Balangan","Kecamatan":"Awayan","Latitude":-2.39256,"Longitude":115.5216,"LY":5337208.6313749989,"3LM":5945211.6458343333,"LM":10304195.8079900015,"Target":6587869.7528000856,"Actual":0.0,"Gap":-6587869.7528000856,"Ach":0.0,"vs LY":-1.0,"vs 3LM":-1.0,"vs LM":-1.0}
{"Kabupaten":"Balangan","Kecamatan":"Batu Mandi","Latitude":-2.405607253,"Longitude":115.4344558,"LY":13744349.2087669987,"3LM":15468253.0280443337,"LM":16733871.0366329961,"Target":16816991.4464454353,"Actual":5336900.2343180012,"Gap":-11480091.2121274341,"Ach":0.3173516649,"vs LY":-0.6117022237,"vs 3LM":-0.654977183,"vs LM":-0.6810719873}
{"Kabupaten":"Balangan","Kecamatan":"Halong","Latitude":-2.25898891,"Longitude":115.6463,"LY":3752337.3113969998,"3LM":3408527.9724233337,"LM":2915089.4182800008,"Target":3730625.2373712882,"Actual":1887116.8102680002,"Gap":-1843508.427103288,"Ach":0.5058446481,"vs LY":-0.4970823107,"vs 3LM":-0.4463543132,"vs LM":-0.3526384479}
{"Kabupaten":"Balangan","Kecamatan":"Juai","Latitude":-2.299321353,"Longitude":115.5293636,"LY":15730650.1347610019,"3LM":10144118.2897889987,"LM":12305673.1475300007,"Target":11002350.409316916,"Actual":7754638.9153040014,"Gap":-3247711.4940129146,"Ach":0.7048165734,"vs LY":-0.5070363368,"vs 3LM":-0.2355531852,"vs LM":-0.3698322048}
{"Kabupaten":"Balangan","Kecamatan":"Lampihong","Latitude":-2.320323308,"Longitude":115.3765157,"LY":11238166.825846998,"3LM":13191301.2619466614,"LM":16711402.5304959975,"Target":14367215.6818206348,"Actual":2862161.5753099998,"Gap":-11505054.1065106355,"Ach":0.1992147705,"vs LY":-0.7453177534,"vs 3LM":-0.7830265932,"vs LM":-0.8287300201}
{"Kabupaten":"Balangan","Kecamatan":"Paringin","Latitude":-2.334584989,"Longitude":115.4614604,"LY":24720160.6720329933,"3LM":34247292.8265853301,"LM":41665331.597458005,"Target":38471525.513098754,"Actual":20707751.7806769982,"Gap":-17763773.7324217558,"Ach":0.5382617794,"vs LY":-0.1623132206,"vs 3LM":-0.3953463158,"vs LM":-0.5029980325}
{"Kabupaten":"Balangan","Kecamatan":"Paringin Selatan","Latitude":-2.338982926,"Longitude":115.4566454,"LY":3488471.5960070002,"3LM":4506725.8118526665,"LM":6115854.552867,"Target":4920617.4707588973,"Actual":1338558.2828800001,"Gap":-3582059.1878788974,"Ach":0.2720305512,"vs LY":-0.6162909039,"vs 3LM":-0.7029865275,"vs LM":-0.7811330745}
{"Kabupaten":"Balangan","Kecamatan":"Tebing Tinggi","Latitude":-2.446066571,"Longitude":115.5946079,"LY":3035302.7456290005,"3LM":3455485.9200720005,"LM":3874071.5692659998,"Target":3861891.5143271405,"Actual":995450.3486480002,"Gap":-2866441.1656791405,"Ach":0.2577623802,"vs LY":-0.672042484,"vs 3LM":-0.7119217466,"vs LM":-0.743048023}
{"Kabupaten":"Barito Selatan","Kecamatan":"Dusun Selatan","Latitude":-1.716119208,"Longitude":114.8429201,"LY":22242584.273864992,"3LM":25473726.2222156636,"LM":30088078.7352500036,"Target":30097980.2355649658,"Actual":25512652.787379995,"Gap":-4585327.4481849708,"Ach":0.8476533172,"vs LY":0.1470183713,"vs 3LM":0.0015281064,"vs LM":-0.1520677338}
{"Kabupaten":"Barito Selatan","Kecamatan":"Gn. Bintang Awai","Latitude":-1.5588597,"Longitude":115.056983,"LY":132132.380359,"3LM":144612.868138,"LM":215832.3400000001,"Target":214956.7732314323,"Actual":0.0,"Gap":-214956.7732314323,"Ach":0.0,"vs LY":-1.0,"vs 3LM":-1.0,"vs LM":-1.0}
{"Kabupaten":"Barito Timur","Kecamatan":"Dusun Tengah","Latitude":-1.795947685,"Longitude":115.150791,"LY":7765425.288493,"3LM":22306636.6382350102,"LM":20931937.6278840005,"Target":26417447.8939183019,"Actual":18445500.6420210078,"Gap":-7971947.2518972941,"Ach":0.6982317412,"vs LY":1.375336824,"vs 3LM":-0.1730935981,"vs LM":-0.1187867569}
{"Kabupaten":"Barito Timur","Kecamatan":"Dusun Timur","Latitude":-2.100707044,"Longitude":115.1537753,"LY":141785038.8399680257,"3LM":192916964.4083480537,"LM":211010178.3861779869,"Target":215829180.0289331377,"Actual":62698577.8955040202,"Gap":-153130602.1334291101,"Ach":0.2905009317,"vs LY":-0.5577912987,"vs 3LM":-0.6749970741,"vs LM":-0.7028646752}
{"Kabupaten":"Barito Timur","Kecamatan":"Karusen Janang","Latitude":-1.98237,"Longitude":115.076,"LY":1174286.3824260002,"3LM":2111095.6079796669,"LM":3002115.9855730003,"Target":2674711.1453248328,"Actual":3065287.864945,"Gap":390576.7196201673,"Ach":1.146025757,"vs LY":1.6103409788,"vs 3LM":0.4519891252,"vs LM":0.0210424513}
{"Kabupaten":"Barito Timur","Kecamatan":"Paku","Latitude":-1.915519,"Longitude":115.228951,"LY":1157143.031161,"3LM":1194749.2960646665,"LM":1582028.4875670001,"Target":1498617.6874566174,"Actual":1941679.7266640002,"Gap":443062.0392073828,"Ach":1.295647144,"vs LY":0.6779945732,"vs 3LM":0.625177544,"vs LM":0.2273355012}
{"Kabupaten":"Barito Timur","Kecamatan":"Patangkep Tutui","Latitude":-2.080347612,"Longitude":115.3500218,"LY":32121406.682615988,"3LM":38992464.1987273395,"LM":42249425.0238669962,"Target":38457672.045206368,"Actual":9035166.8986240011,"Gap":-29422505.146582365,"Ach":0.2349379569,"vs LY":-0.718718206,"vs 3LM":-0.7682842805,"vs LM":-0.7861469856}
{"Kabupaten":"Barito Timur","Kecamatan":"Pematang Karau","Latitude":-1.79635285,"Longitude":115.107221,"LY":2449440.2263839999,"3LM":1007898.301889,"LM":1278170.8935959998,"Target":1322500.1850907032,"Actual":1293062.7961240001,"Gap":-29437.3889667031,"Ach":0.9777411079,"vs LY":-0.4720986525,"vs 3LM":0.282929829,"vs LM":0.0116509479}
{"Kabupaten":"Barito Timur","Kecamatan":"Raren Batuah","Latitude":-1.7241547,"Longitude":115.1921123,"LY":2157927.7287249998,"3LM":3078403.523235999,"LM":3368828.2435050001,"Target":3878092.5497854236,"Actual":1078950.2536009999,"Gap":-2799142.2961844234,"Ach":0.2782167366,"vs LY":-0.5000063073,"vs 3LM":-0.6495098042,"vs LM":-0.6797253598}
{"Kabupaten":"Barito Timur","Kecamatan":"Banua Lima","Latitude":-2.19848947,"Longitude":115.2412166,"LY":12101448.0080770012,"3LM":20369829.3446143344,"LM":20762526.6643550023,"Target":21738832.0143955573,"Actual":4090311.808183,"Gap":-17648520.2062125579,"Ach":0.1881569261,"vs LY":-0.6619981505,"vs 3LM":-0.7991975417,"vs LM":-0.8029954699}
{"Kabupaten":"Tabalong","Kecamatan":"Banua Lawas","Latitude":-2.287293,"Longitude":115.281138,"LY":28455524.4205130041,"3LM":62039680.4029319882,"LM":88241328.8677159697,"Target":71950958.3701400757,"Actual":28333255.0494219959,"Gap":-43617703.3207180798,"Ach":0.3937856519,"vs LY":-0.0042968588,"vs 3LM":-0.5433043035,"vs LM":-0.6789117366}
{"Kabupaten":"Tabalong","Kecamatan":"Bintang Ara","Latitude":-1.9841341,"Longitude":115.4620644,"LY":65841742.1620969921,"3LM":83042461.9879103005,"LM":96072329.6463289857,"Target":85540773.4050240368,"Actual":16444205.080767002,"Gap":-69096568.3242570311,"Ach":0.1922382091,"vs LY":-0.7502465071,"vs 3LM":-0.8019783532,"vs LM":-0.8288351585}
{"Kabupaten":"Tabalong","Kecamatan":"Haruai","Latitude":-2.0461636,"Longitude":115.5617295,"LY":126336570.8329949975,"3LM":219011383.8863764107,"LM":304542477.0302279592,"Target":212289906.256983161,"Actual":36009610.3427109867,"Gap":-176280295.9142721891,"Ach":0.1696246938,"vs LY":-0.7149708109,"vs 3LM":-0.8355811022,"vs LM":-0.8817583324}
{"Kabupaten":"Tabalong","Kecamatan":"Jaro","Latitude":-1.8694512,"Longitude":115.6188762,"LY":100960746.8741710037,"3LM":109658453.1589836627,"LM":109887682.365903005,"Target":89806064.6421365887,"Actual":38830719.5655919984,"Gap":-50975345.0765445903,"Ach":0.4323841571,"vs LY":-0.6153879526,"vs 3LM":-0.6458939694,"vs LM":-0.6466326459}
{"Kabupaten":"Tabalong","Kecamatan":"Kelua","Latitude":-2.198772864,"Longitude":115.2420895,"LY":220085287.1325700283,"3LM":147284759.7419223487,"LM":91782935.695168972,"Target":170395201.0372269154,"Actual":54628045.0426149815,"Gap":-115767155.9946119338,"Ach":0.3205961477,"vs LY":-0.7517869288,"vs 3LM":-0.6290991333,"vs LM":-0.4048126198}
{"Kabupaten":"Tabalong","Kecamatan":"Muara Harus","Latitude":-2.22330152,"Longitude":115.3252247,"LY":39743206.9155929983,"3LM":41270501.7075719982,"LM":38949520.4476789981,"Target":44010440.4301430956,"Actual":28472087.2008479983,"Gap":-15538353.2292950973,"Ach":0.6469393835,