{"Kabupaten":"Balangan","Kecamatan":"Awayan","Latitude":-2.39256,"Longitude":115.5216,"LY":9510486.0493599996,"3LM":17837849.3867456689,"LM":18495194.8438409977,"Target":19096847.1493789963,"Actual":12993673.6728659999,"Gap":-6103173.4765129965,"Ach":0.6804093666,"vs LY":0.3662470672,"vs 3LM":-0.2715672506,"vs LM":-0.2974567836}
{"Kabupaten":"Balangan","Kecamatan":"Batu Mandi","Latitude":-2.3917541,"Longitude":115.4504839,"LY":19469027.4694439918,"3LM":25926848.3881173395,"LM":25692925.5122980028,"Target":28019194.4868293665,"Actual":14645912.6456589997,"Gap":-13373281.8411703669,"Ach":0.522709982,"vs LY":-0.2477327042,"vs 3LM":-0.4351063258,"vs LM":-0.4299632154}
{"Kabupaten":"Balangan","Kecamatan":"Halong","Latitude":-2.25898891,"Longitude":115.6463,"LY":43805500.5057610199,"3LM":49067351.1294653341,"LM":41935278.115309,"Target":53803162.2316364124,"Actual":44048675.2836700007,"Gap":-9754486.9479664117,"Ach":0.81870049,"vs LY":0.0055512384,"vs 3LM":-0.102281369,"vs LM":0.0503966413}
{"Kabupaten":"Balangan","Kecamatan":"Juai","Latitude":-2.3589479,"Longitude":115.5794939,"LY":15011141.8119239975,"3LM":42833618.539489001,"LM":39391051.6279249936,"Target":47688062.5400633365,"Actual":34104386.6768859997,"Gap":-13583675.8631773368,"Ach":0.7151556356,"vs LY":1.2719382112,"vs 3LM":-0.2037939394,"vs LM":-0.1342097947}
{"Kabupaten":"Balangan","Kecamatan":"Lampihong","Latitude":-2.3257296846,"Longitude":115.4120221117,"LY":28966553.6394040063,"3LM":46586607.7991016731,"LM":43864956.7703329995,"Target":49817526.3235476762,"Actual":46287699.5623590052,"Gap":-3529826.761188671,"Ach":0.9291448809,"vs LY":0.5979705469,"vs 3LM":-0.0064161838,"vs LM":0.0552318518}
{"Kabupaten":"Balangan","Kecamatan":"Paringin","Latitude":-2.2665,"Longitude":115.479342,"LY":89439759.7968700081,"3LM":115880536.5407523811,"LM":101871759.7431990206,"Target":123925947.8699342012,"Actual":98976348.6721629649,"Gap":-24949599.1977712363,"Ach":0.7986733237,"vs LY":0.1066258328,"vs 3LM":-0.145875989,"vs LM":-0.028422117}
{"Kabupaten":"Balangan","Kecamatan":"Paringin Selatan","Latitude":-2.35991381,"Longitude":115.491479,"LY":13591925.0793689974,"3LM":23221790.4783990011,"LM":21966394.1980569996,"Target":25412731.4113972411,"Actual":14818000.0892430022,"Gap":-10594731.3221542388,"Ach":0.5830935624,"vs LY":0.0902061336,"vs 3LM":-0.3618924388,"vs LM":-0.3254241021}
{"Kabupaten":"Balangan","Kecamatan":"Tebing Tinggi","Latitude":-2.4460665713,"Longitude":115.5946078524,"LY":7619369.1885340009,"3LM":15254359.7384190001,"LM":12497873.1705090031,"Target":16643915.6138056405,"Actual":8349636.6884420011,"Gap":-8294278.9253636394,"Ach":0.501663003,"vs LY":0.0958435642,"vs 3LM":-0.452639322,"vs LM":-0.3319153928}
{"Kabupaten":"Barito Selatan","Kecamatan":"Dusun Selatan","Latitude":-1.687295,"Longitude":114.908467,"LY":382744817.5544040203,"3LM":419444406.3836014271,"LM":375035539.9049500227,"Target":459159300.5676011443,"Actual":321089650.6550879478,"Gap":-138069649.9125131965,"Ach":0.6992990238,"vs LY":-0.1610868758,"vs 3LM":-0.2344881806,"vs LM":-0.1438420723}
{"Kabupaten":"Barito Selatan","Kecamatan":"Gn. Bintang Awai","Latitude":"0x2a","Longitude":"0x2a","LY":0.0,"3LM":0.0,"LM":0.0,"Target":0.0,"Actual":0.0,"Gap":0.0,"Ach":"0x7","vs LY":0.0,"vs 3LM":0.0,"vs LM":0.0}
{"Kabupaten":"Barito Timur","Kecamatan":"Dusun Tengah","Latitude":-1.8211937,"Longitude":115.1786172,"LY":399779391.8044019938,"3LM":338882124.0378699303,"LM":396508745.026820004,"Target":387922837.2520406246,"Actual":163906251.2524059713,"Gap":-224016585.9996346533,"Ach":0.4225228203,"vs LY":-0.590008253,"vs 3LM":-0.5163325545,"vs LM":-0.5866263902}
{"Kabupaten":"Barito Timur","Kecamatan":"Dusun Timur","Latitude":-2.1077784638,"Longitude":115.163002389,"LY":181606832.3192649484,"3LM":192690873.100117892,"LM":196410459.7745669782,"Target":205689696.6252612174,"Actual":107149692.0058479756,"Gap":-98540004.6194132417,"Ach":0.5209288251,"vs LY":-0.4099908542,"vs 3LM":-0.4439295942,"vs LM":-0.4544603575}
{"Kabupaten":"Barito Timur","Kecamatan":"Karusen Janang","Latitude":-1.98237,"Longitude":115.076,"LY":14728949.7828060016,"3LM":18318161.1334716678,"LM":14843563.7376420014,"Target":20416562.2013274953,"Actual":10206744.6951170005,"Gap":-10209817.5062104948,"Ach":0.4999247471,"vs LY":-0.3070283458,"vs 3LM":-0.4428073527,"vs LM":-0.3123790974}
{"Kabupaten":"Barito Timur","Kecamatan":"Paku","Latitude":-1.93932,"Longitude":115.11293,"LY":4443289.8180810018,"3LM":26262149.9037566744,"LM":21549817.3832070008,"Target":28856472.9188702889,"Actual":10103008.7739339992,"Gap":-18753464.1449362896,"Ach":0.3501123925,"vs LY":1.2737676784,"vs 3LM":-0.6153015343,"vs LM":-0.5311789147}
{"Kabupaten":"Barito Timur","Kecamatan":"Patangkep Tutui","Latitude":-2.0803476124,"Longitude":115.3500217882,"LY":4302014.9103159998,"3LM":8270905.053313667,"LM":6600544.3310660003,"Target":8798555.6844539233,"Actual":6487947.1530580008,"Gap":-2310608.5313959224,"Ach":0.737387747,"vs LY":0.5081182395,"vs 3LM":-0.2155698668,"vs LM":-0.0170587716}
{"Kabupaten":"Barito Timur","Kecamatan":"Pematang Karau","Latitude":-1.7978322971,"Longitude":115.0919550264,"LY":5052804.1508740019,"3LM":28361718.4537110031,"LM":29037672.8257670067,"Target":30805942.5505605452,"Actual":17112935.6191390008,"Gap":-13693006.9314215444,"Ach":0.5555076132,"vs LY":2.3868194983,"vs 3LM":-0.3966185213,"vs LM":-0.4106643559}
{"Kabupaten":"Barito Timur","Kecamatan":"Raren Batuah","Latitude":-1.7408953827,"Longitude":115.1501323545,"LY":9431231.8813070003,"3LM":25737860.0302980021,"LM":22278989.0766350068,"Target":25664035.5097699687,"Actual":27177414.3520360142,"Gap":1513378.8422660455,"Ach":1.0589688571,"vs LY":1.8816399272,"vs 3LM":0.0559313913,"vs LM":0.219867484}
{"Kabupaten":"Barito Timur","Kecamatan":"Banua Lima","Latitude":-2.2184378642,"Longitude":115.2610013108,"LY":53743028.8823290169,"3LM":65446469.6521649957,"LM":74999043.3858350217,"Target":79693796.3651417643,"Actual":45493885.2486590073,"Gap":-34199911.116482757,"Ach":0.5708585527,"vs LY":-0.1534923469,"vs 3LM":-0.3048687654,"vs LM":-0.3934071263}
{"Kabupaten":"Tabalong","Kecamatan":"Banua Lawas","Latitude":-2.287651592,"Longitude":115.2782222,"LY":39479286.1709309965,"3LM":48511828.396118328,"LM":48051343.8321339861,"Target":54606922.654045254,"Actual":45178097.5560300127,"Gap":-9428825.0980152413,"Ach":0.8273327879,"vs LY":0.1443494029,"vs 3LM":-0.0687199586,"vs LM":-0.0597953365}
{"Kabupaten":"Tabalong","Kecamatan":"Bintang Ara","Latitude":-1.9683863191,"Longitude":115.443016594,"LY":24979221.744990997,"3LM":32676213.0479476601,"LM":28198669.4802910015,"Target":38196854.7577372044,"Actual":28890363.2325629964,"Gap":-9306491.525174208,"Ach":0.7563545066,"vs LY":0.1565757944,"vs 3LM":-0.1158595034,"vs LM":0.0245293046}
{"Kabupaten":"Tabalong","Kecamatan":"Haruai","Latitude":-2.0236875698,"Longitude":115.5197517626,"LY":257681641.9189170003,"3LM":204271335.3160150349,"LM":107863399.7198159695,"Target":238032260.8383118808,"Actual":174531963.757886976,"Gap":-63500297.0804249048,"Ach":0.7332281899,"vs LY":-0.3226837486,"vs 3LM":-0.1455875907,"vs LM":0.6180832814}
{"Kabupaten":"Tabalong","Kecamatan":"Jaro","Latitude":-1.8784023123,"Longitude":115.6470060816,"LY":46772998.7182190046,"3LM":56426012.3761846796,"LM":43173385.0509680063,"Target":62300048.153573826,"Actual":57614228.3970820159,"Gap":-4685819.7564918101,"Ach":0.9247862579,"vs LY":0.2317839347,"vs 3LM":0.0210579478,"vs LM":0.3344848529}
{"Kabupaten":"Tabalong","Kecamatan":"Kelua","Latitude":-2.2569943456,"Longitude":115.2829326611,"LY":250376402.1157869995,"3LM":240869307.9469407499,"LM":219097348.1411169171,"Target":280348400.6789197326,"Actual":132934219.3561559469,"Gap":-147414181.3227638006,"Ach":0.4741750587,"vs LY":-0.4690625066,"vs 3LM":-0.4481064421,"vs LM":-0.3932641336}
{"Kabupaten":"Tabalong","Kecamatan":"Muara Harus","Latitude":-2.2233015203,"Longitude":115.3252246964,"LY":2142392.4701479995,"3LM":5268159.5808309997,"LM":4604364.0488189999,"Target":5639731.4240991483,