{"Kabupaten":"Balangan","Kecamatan":"Awayan","Latitude":-2.43965533,"Longitude":115.519367,"LY":11505856.5353789981,"3LM":13525316.9619496651,"LM":12467107.9713280015,"Target":16001895.0888576005,"Actual":0.0,"Gap":-16001895.0888576005,"Ach":0.0,"vs LY":-1.0,"vs 3LM":-1.0,"vs LM":-1.0}
{"Kabupaten":"Balangan","Kecamatan":"Batu Mandi","Latitude":-2.4304791013,"Longitude":115.436633903,"LY":12917314.5987,"3LM":21654153.6872919984,"LM":16667660.166356001,"Target":26307035.0263817459,"Actual":0.0,"Gap":-26307035.0263817459,"Ach":0.0,"vs LY":-1.0,"vs 3LM":-1.0,"vs LM":-1.0}
{"Kabupaten":"Balangan","Kecamatan":"Halong","Latitude":-2.2323205665,"Longitude":115.6403981724,"LY":32307276.9267079979,"3LM":34886618.6115213409,"LM":29146684.7433209978,"Target":37249358.3744691163,"Actual":0.0,"Gap":-37249358.3744691163,"Ach":0.0,"vs LY":-1.0,"vs 3LM":-1.0,"vs LM":-1.0}
{"Kabupaten":"Balangan","Kecamatan":"Juai","Latitude":-2.3589479,"Longitude":115.5794939,"LY":26881709.4247110039,"3LM":31035566.4837906621,"LM":23708441.4867110029,"Target":36908254.8411988392,"Actual":0.0,"Gap":-36908254.8411988392,"Ach":0.0,"vs LY":-1.0,"vs 3LM":-1.0,"vs LM":-1.0}
{"Kabupaten":"Balangan","Kecamatan":"Lampihong","Latitude":-2.32699,"Longitude":115.41209,"LY":26343819.0338390023,"3LM":39401754.1697016656,"LM":32431423.0158820078,"Target":44776779.9682142362,"Actual":0.0,"Gap":-44776779.9682142362,"Ach":0.0,"vs LY":-1.0,"vs 3LM":-1.0,"vs LM":-1.0}
{"Kabupaten":"Balangan","Kecamatan":"Paringin","Latitude":-2.2665,"Longitude":115.479342,"LY":92329719.6563670188,"3LM":102326278.2566509843,"LM":77721430.0784620047,"Target":113943576.5442537516,"Actual":0.0,"Gap":-113943576.5442537516,"Ach":0.0,"vs LY":-1.0,"vs 3LM":-1.0,"vs LM":-1.0}
{"Kabupaten":"Balangan","Kecamatan":"Paringin Selatan","Latitude":-2.3387633976,"Longitude":115.4573822207,"LY":17368450.5645989999,"3LM":12987351.1221896652,"LM":6799051.6517080013,"Target":15225213.0195053145,"Actual":0.0,"Gap":-15225213.0195053145,"Ach":0.0,"vs LY":-1.0,"vs 3LM":-1.0,"vs LM":-1.0}
{"Kabupaten":"Balangan","Kecamatan":"Tebing Tinggi","Latitude":-2.4460665713,"Longitude":115.5946078524,"LY":8014521.982007999,"3LM":9513056.8082849998,"LM":6563148.7025090009,"Target":10704643.7146810666,"Actual":0.0,"Gap":-10704643.7146810666,"Ach":0.0,"vs LY":-1.0,"vs 3LM":-1.0,"vs LM":-1.0}
{"Kabupaten":"Barito Selatan","Kecamatan":"Dusun Selatan","Latitude":-1.73069,"Longitude":114.8312749,"LY":272782156.6545239687,"3LM":395239514.7382586598,"LM":300486479.6860820055,"Target":426507527.796587646,"Actual":54873792.8713589981,"Gap":-371633734.9252286553,"Ach":0.1286584393,"vs LY":-0.7988365751,"vs 3LM":-0.8611631914,"vs LM":-0.8173834878}
{"Kabupaten":"Barito Timur","Kecamatan":"Dusun Tengah","Latitude":-1.803919327,"Longitude":115.1570300535,"LY":271649944.9760029912,"3LM":339366479.733948946,"LM":254257970.2303289473,"Target":372022638.5642824769,"Actual":19410782.9862040021,"Gap":-352611855.5780784488,"Ach":0.0521763489,"vs LY":-0.9285448669,"vs 3LM":-0.9428028867,"vs LM":-0.9236571307}
{"Kabupaten":"Barito Timur","Kecamatan":"Dusun Timur","Latitude":-2.1054690774,"Longitude":115.1580743187,"LY":152210640.2873669565,"3LM":161344818.4798845947,"LM":131088621.716661036,"Target":185573254.2547016442,"Actual":0.0,"Gap":-185573254.2547016442,"Ach":0.0,"vs LY":-1.0,"vs 3LM":-1.0,"vs LM":-1.0}
{"Kabupaten":"Barito Timur","Kecamatan":"Karusen Janang","Latitude":-1.96067,"Longitude":115.090712,"LY":19146496.8776660003,"3LM":16117029.8213759977,"LM":15478032.6317640003,"Target":19084504.0618053414,"Actual":2598884.6754939999,"Gap":-16485619.3863113411,"Ach":0.1361777423,"vs LY":-0.8642631761,"vs 3LM":-0.8387491551,"vs LM":-0.8320920535}
{"Kabupaten":"Barito Timur","Kecamatan":"Paku","Latitude":-1.915519,"Longitude":115.228951,"LY":13495134.3413820025,"3LM":20135369.5781860016,"LM":14141784.9488060009,"Target":22855733.414323438,"Actual":1493513.5781950001,"Gap":-21362219.836128436,"Ach":0.0653452484,"vs LY":-0.8893294768,"vs 3LM":-0.9258263638,"vs LM":-0.8943900234}
{"Kabupaten":"Barito Timur","Kecamatan":"Patangkep Tutui","Latitude":-2.060464,"Longitude":115.332936,"LY":5463646.0880939998,"3LM":6572897.5067649987,"LM":4874911.8276450001,"Target":7109702.3649000563,"Actual":0.0,"Gap":-7109702.3649000563,"Ach":0.0,"vs LY":-1.0,"vs 3LM":-1.0,"vs LM":-1.0}
{"Kabupaten":"Barito Timur","Kecamatan":"Pematang Karau","Latitude":-1.7978322971,"Longitude":115.0919550264,"LY":19159401.9387120008,"3LM":21153088.2118160017,"LM":14880621.988589,"Target":22988466.9853818156,"Actual":311351.35,"Gap":-22677115.6353818141,"Ach":0.0135438066,"vs LY":-0.9837494223,"vs 3LM":-0.9852810452,"vs LM":-0.9790767247}
{"Kabupaten":"Barito Timur","Kecamatan":"Raren Batuah","Latitude":-1.7434491614,"Longitude":115.1517511715,"LY":15420795.6871589981,"3LM":23477269.4678156674,"LM":15863686.5382519998,"Target":26495158.0723738857,"Actual":4027367.5890939999,"Gap":-22467790.4832798839,"Ach":0.1520039087,"vs LY":-0.7388352929,"vs 3LM":-0.8284567294,"vs LM":-0.7461266283}
{"Kabupaten":"Barito Timur","Kecamatan":"Banua Lima","Latitude":-2.2184378642,"Longitude":115.2610013108,"LY":19548378.2428229935,"3LM":53259658.796012342,"LM":44994073.2635389864,"Target":59625599.0206102878,"Actual":1073153.1375609997,"Gap":-58552445.8830492869,"Ach":0.0179981947,"vs LY":-0.9451027024,"vs 3LM":-0.9798505443,"vs LM":-0.9761490112}
{"Kabupaten":"Tabalong","Kecamatan":"Banua Lawas","Latitude":-2.28726,"Longitude":115.281127,"LY":24469871.203677997,"3LM":44823609.584392339,"LM":35866550.3371880054,"Target":49961810.984597519,"Actual":10399907.4540290013,"Gap":-39561903.5305685177,"Ach":0.2081571354,"vs LY":-0.5749913284,"vs 3LM":-0.7679814823,"vs LM":-0.7100388145}
{"Kabupaten":"Tabalong","Kecamatan":"Bintang Ara","Latitude":-1.9683863191,"Longitude":115.443016594,"LY":4908629.1979029998,"3LM":34958571.5227710009,"LM":27276085.0801310018,"Target":41456533.9116992801,"Actual":0.0,"Gap":-41456533.9116992801,"Ach":0.0,"vs LY":-1.0,"vs 3LM":-1.0,"vs LM":-1.0}
{"Kabupaten":"Tabalong","Kecamatan":"Haruai","Latitude":-2.045107,"Longitude":115.454399,"LY":100259995.212782979,"3LM":128318633.8891189992,"LM":83468851.8717400283,"Target":142580683.7604435384,"Actual":14115977.5901620016,"Gap":-128464706.1702815294,"Ach":0.0990034359,"vs LY":-0.859206281,"vs 3LM":-0.8899927691,"vs LM":-0.8308832903}
{"Kabupaten":"Tabalong","Kecamatan":"Jaro","Latitude":-1.8784023123,"Longitude":115.6470060816,"LY":40175408.4161140025,"3LM":48351759.3303473294,"LM":40508162.6062749922,"Target":58341902.7375686169,"Actual":11261213.5635840017,"Gap":-47080689.173984617,"Ach":0.1930210198,"vs LY":-0.7196988405,"vs 3LM":-0.7670981631,"vs LM":-0.7220013736}
{"Kabupaten":"Tabalong","Kecamatan":"Kelua","Latitude":-2.250139259,"Longitude":115.3174067,"LY":108253951.6724400073,"3LM":195527810.309431076,"LM":151897948.346712023,"Target":223556198.7479891181,"Actual":16370628.037819,"Gap":-207185570.71017012,"Ach":0.0732282448,"vs LY":-0.8487757002,"vs 3LM":-0.9162746823,"vs LM":-0.8922261412}
{"Kabupaten":"Tabalong","Kecamatan":"Muara Harus","Latitude":-2.2233015203,"Longitude":115.3252246964,"LY":4236999.570425001,"3LM":5455074.8990263343,"LM":5728290.1866550008,"Target":5787114.0153301302,"Actual":1026806.4212590002,"Gap":-4760307.5940711303,"Ach":0.1774297894,"vs LY":-0.7576571807,"vs 3LM":-0.8117704266,"vs LM":-0.8207481835}
{"Kabupaten":"Tabalong","Kecamatan":"Muara Uya","Latitude":-1.868715332,"Longitude":115.5310942,"LY":82433607.6495850086,"3LM":97076319.7695453316,"LM":95932863.4189819992,"Target":110261913.3620413691,"Actual":22440711.8483420014,"Gap":-87821201.5136993676,"Ach":0.2035218795,"vs LY":-0.7277722947,"vs 3LM":-0.7688343367,"vs LM":-0.7660789947}
{"Kabupaten":"Tabalong","Kecamatan":"Murung Pudak","Latitude":-2.17193772,"Longitude":115.4085273178,"LY":365962523.7875981331,"3LM":417984492.7418813705,"LM":331951600.9943318963,"Target":458580017.3660980463,"Actual":52876363.3866840079,"Gap":-405703653.9794140458,"Ach":0.1153045518,