{"Kabupaten":"Balangan","Kecamatan":"Awayan","Latitude":-2.1873721,"Longitude":115.3923629,"LY":5337208.6313749989,"3LM":5945211.6458343342,"LM":10304195.8079900015,"Target":6587869.7528000856,"Actual":170180.14,"Gap":-6417689.6128000859,"Ach":0.0258323474,"vs LY":-0.9681143924,"vs 3LM":-0.9713752596,"vs LM":-0.9834843841}
{"Kabupaten":"Balangan","Kecamatan":"Batu Mandi","Latitude":-2.1721502,"Longitude":115.4097628,"LY":13744349.2087669987,"3LM":15468253.0280443318,"LM":16733871.0366329979,"Target":16816991.4464454353,"Actual":4567711.0643180013,"Gap":-12249280.382127434,"Ach":0.2716128553,"vs LY":-0.6676662536,"vs 3LM":-0.7047041411,"vs LM":-0.7270379905}
{"Kabupaten":"Balangan","Kecamatan":"Halong","Latitude":-2.1598869,"Longitude":115.4008869,"LY":3752337.3113969998,"3LM":3408527.9724233337,"LM":2915089.4182800008,"Target":3730625.2373712887,"Actual":1525675.4002680001,"Gap":-2204949.8371032886,"Ach":0.408959706,"vs LY":-0.5934066493,"vs 3LM":-0.552394637,"vs LM":-0.4766282671}
{"Kabupaten":"Balangan","Kecamatan":"Juai","Latitude":-2.1328065655,"Longitude":115.4025735141,"LY":15730650.1347610019,"3LM":10144118.2897890005,"LM":12305673.1475300007,"Target":11002350.4093169179,"Actual":5008061.9253890002,"Gap":-5994288.4839279177,"Ach":0.4551810967,"vs LY":-0.6816366849,"vs 3LM":-0.5063088006,"vs LM":-0.5930282021}
{"Kabupaten":"Balangan","Kecamatan":"Lampihong","Latitude":-2.0400112,"Longitude":115.3057049,"LY":11238166.825846998,"3LM":13191301.2619466614,"LM":16711402.5304959975,"Target":14367215.6818206366,"Actual":2711350.7953099995,"Gap":-11655864.8865106367,"Ach":0.1887179016,"vs LY":-0.7587372712,"vs 3LM":-0.7944591863,"vs LM":-0.837754444}
{"Kabupaten":"Balangan","Kecamatan":"Paringin","Latitude":-2.1735408019,"Longitude":115.416270553,"LY":24720160.6720329933,"3LM":34247292.8265853375,"LM":41665331.597458005,"Target":38471525.5130987689,"Actual":16480139.3715840057,"Gap":-21991386.1415147632,"Ach":0.4283723911,"vs LY":-0.3333320285,"vs 3LM":-0.518790012,"vs LM":-0.6044639815}
{"Kabupaten":"Balangan","Kecamatan":"Paringin Selatan","Latitude":-1.969056,"Longitude":115.44319,"LY":3488471.5960070002,"3LM":4506725.8118526665,"LM":6115854.552867,"Target":4920617.4707588982,"Actual":2218873.3656700002,"Gap":-2701744.105088898,"Ach":0.4509339283,"vs LY":-0.3639411116,"vs 3LM":-0.5076529041,"vs LM":-0.6371932415}
{"Kabupaten":"Balangan","Kecamatan":"Tebing Tinggi","Latitude":-2.0611399,"Longitude":115.4488234,"LY":3035302.7456290005,"3LM":3455485.9200720014,"LM":3874071.5692660008,"Target":3861891.5143271415,"Actual":977432.3386480001,"Gap":-2884459.1756791412,"Ach":0.2530967882,"vs LY":-0.6779786332,"vs 3LM":-0.7171360667,"vs LM":-0.7476989464}
{"Kabupaten":"Barito Selatan","Kecamatan":"Dusun Selatan","Latitude":-2.1886114169,"Longitude":115.398088383,"LY":22242584.273864992,"3LM":25473726.2222156636,"LM":30088078.7352500036,"Target":30097980.2355649695,"Actual":24066927.6291840002,"Gap":-6031052.6063809693,"Ach":0.7996193579,"vs LY":0.0820202964,"vs 3LM":-0.0552254735,"vs LM":-0.2001175003}
{"Kabupaten":"Barito Selatan","Kecamatan":"Gn. Bintang Awai","Latitude":-2.224362,"Longitude":115.325705,"LY":132132.380359,"3LM":144612.868138,"LM":215832.3400000001,"Target":214956.7732314323,"Actual":0.0,"Gap":-214956.7732314323,"Ach":0.0,"vs LY":-1.0,"vs 3LM":-1.0,"vs LM":-1.0}
{"Kabupaten":"Barito Timur","Kecamatan":"Dusun Tengah","Latitude":-1.6411,"Longitude":114.81231,"LY":7765425.288493,"3LM":22306636.6382350102,"LM":20931937.6278840005,"Target":26417447.8939183019,"Actual":9236223.2216859981,"Gap":-17181224.6722323038,"Ach":0.3496258707,"vs LY":0.1894033976,"vs 3LM":-0.5859428128,"vs LM":-0.5587497256}
{"Kabupaten":"Barito Timur","Kecamatan":"Dusun Timur","Latitude":-1.8852782607,"Longitude":115.6506284452,"LY":141785038.8399680257,"3LM":192916964.4083480239,"LM":211010178.3861779869,"Target":215829180.0289330781,"Actual":62698577.8955040202,"Gap":-153130602.1334290504,"Ach":0.2905009317,"vs LY":-0.5577912987,"vs 3LM":-0.6749970741,"vs LM":-0.7028646752}
{"Kabupaten":"Barito Timur","Kecamatan":"Karusen Janang","Latitude":-1.97325,"Longitude":115.54281,"LY":1174286.3824260002,"3LM":2111095.6079796664,"LM":3002115.9855730003,"Target":2674711.1453248328,"Actual":1899972.7337770001,"Gap":-774738.4115478327,"Ach":0.7103468863,"vs LY":0.6179807262,"vs 3LM":-0.1000063064,"vs LM":-0.3671221422}
{"Kabupaten":"Barito Timur","Kecamatan":"Paku","Latitude":-2.17194,"Longitude":115.42022,"LY":1157143.031161,"3LM":1194749.2960646665,"LM":1582028.4875670001,"Target":1498617.6874566174,"Actual":1233031.2664859998,"Gap":-265586.4209706176,"Ach":0.8227790695,"vs LY":0.0655824157,"vs 3LM":0.0320418439,"vs LM":-0.2206010978}
{"Kabupaten":"Barito Timur","Kecamatan":"Patangkep Tutui","Latitude":-2.267148859,"Longitude":115.5789601803,"LY":32121406.682615988,"3LM":38992464.1987273395,"LM":42249425.0238669962,"Target":38457672.0452063754,"Actual":9035166.8986240011,"Gap":-29422505.1465823725,"Ach":0.2349379569,"vs LY":-0.718718206,"vs 3LM":-0.7682842805,"vs LM":-0.7861469856}
{"Kabupaten":"Barito Timur","Kecamatan":"Pematang Karau","Latitude":-2.332906,"Longitude":115.460053,"LY":2449440.2263839999,"3LM":1007898.301889,"LM":1278170.8935959998,"Target":1322500.1850907032,"Actual":682288.154414,"Gap":-640212.0306767032,"Ach":0.515907795,"vs LY":-0.7214513965,"vs 3LM":-0.3230585336,"vs LM":-0.4661995842}
{"Kabupaten":"Barito Timur","Kecamatan":"Raren Batuah","Latitude":-2.36749,"Longitude":115.56742,"LY":2157927.7287249998,"3LM":3078403.523235999,"LM":3368828.2435050001,"Target":3878092.5497854236,"Actual":127238.723243,"Gap":-3750853.8265424236,"Ach":0.0328096149,"vs LY":-0.9410366151,"vs 3LM":-0.958667302,"vs LM":-0.9622305698}
{"Kabupaten":"Barito Timur","Kecamatan":"Banua Lima","Latitude":-2.36173,"Longitude":115.57581,"LY":12101448.0080770012,"3LM":20369829.3446143344,"LM":20762526.6643550023,"Target":21738832.0143955573,"Actual":5030297.2896260004,"Gap":-16708534.7247695569,"Ach":0.2313968518,"vs LY":-0.5843226954,"vs 3LM":-0.7530515742,"vs LM":-0.757722296}
{"Kabupaten":"Tabalong","Kecamatan":"Banua Lawas","Latitude":-2.1739146519,"Longitude":115.3877295137,"LY":28455524.4205130041,"3LM":62039680.4029319882,"LM":88241328.8677159697,"Target":71950958.3701400757,"Actual":25801728.9846499972,"Gap":-46149229.3854900748,"Ach":0.3586016027,"vs LY":-0.0932611677,"vs 3LM":-0.5841092537,"vs LM":-0.7076004032}
{"Kabupaten":"Tabalong","Kecamatan":"Bintang Ara","Latitude":-2.174085,"Longitude":115.426166,"LY":65841742.1620969921,"3LM":83042461.9879103154,"LM":96072329.6463289857,"Target":85540773.4050240368,"Actual":14685196.3500530012,"Gap":-70855577.0549710393,"Ach":0.1716748138,"vs LY":-0.7769622147,"vs 3LM":-0.8231603929,"vs LM":-0.8471443713}
{"Kabupaten":"Tabalong","Kecamatan":"Haruai","Latitude":-2.11792,"Longitude":115.40404,"LY":126336570.8329949975,"3LM":219011383.8863764107,"LM":304542477.0302279592,"Target":212289906.256983161,"Actual":30013844.7822689973,"Gap":-182276061.47471416,"Ach":0.141381403,"vs LY":-0.7624294804,"vs 3LM":-0.8629576041,"vs LM":-0.9014461133}
{"Kabupaten":"Tabalong","Kecamatan":"Jaro","Latitude":-2.1659932139,"Longitude":115.38748915,"LY":100960746.8741710037,"3LM":109658453.1589836776,"LM":109887682.365903005,"Target":89806064.6421365887,"Actual":42036710.2615219951,"Gap":-47769354.3806145936,"Ach":0.4680832016,"vs LY":-0.5836331291,"vs 3LM":-0.6166578221,"vs LM":-0.6174574861}
{"Kabupaten":"Tabalong","Kecamatan":"Kelua","Latitude":-2.316953,"Longitude":115.543441,"LY":220085287.1325700283,"3LM":147284759.7419223487,"LM":91782935.695168972,"Target":170395201.0372269154,"Actual":50496942.1446979716,"Gap":-119898258.8925289512,"Ach":0.2963519033,"vs LY":-0.7705573925,"vs 3LM":-0.6571475404,"vs LM":-0.4498221073}
{"Kabupaten":"Tabalong","Kecamatan":"Muara Harus","Latitude":-1.8119625081,"Longitude":115.1665484266,"LY":39743206.9155929983,"3LM":41270501.7075719908,"LM":38949520.4476789981,"Target":44010440.4301430956,"Actual":19668033.3997060023,