{"Kabupaten":"Balangan","Kecamatan":"Awayan","Latitude":-2.41102847,"Longitude":115.545048,"LY":9510486.0493599996,"3LM":17641142.8117126673,"LM":18495194.8438410014,"Target":18808536.0519041866,"Actual":10527680.7516840007,"Gap":-8280855.3002201859,"Ach":0.5597288764,"vs LY":0.1069550701,"vs 3LM":-0.403231363,"vs LM":-0.4307883296}
{"Kabupaten":"Balangan","Kecamatan":"Batu Mandi","Latitude":-2.461641,"Longitude":115.496336,"LY":19469027.469444003,"3LM":25744845.9645793326,"LM":25692925.5122980028,"Target":28981692.332245335,"Actual":13514280.9757310003,"Gap":-15467411.3565143347,"Ach":0.4663040661,"vs LY":-0.3058574191,"vs 3LM":-0.4750684858,"vs LM":-0.4740077003}
{"Kabupaten":"Balangan","Kecamatan":"Halong","Latitude":-2.25898891,"Longitude":115.6463,"LY":43805500.5057610124,"3LM":48265333.1178109944,"LM":41935278.115309,"Target":54344706.9427915365,"Actual":29823312.615042001,"Gap":-24521394.3277495354,"Ach":0.5487804479,"vs LY":-0.3191879497,"vs 3LM":-0.382096617,"vs LM":-0.2888252098}
{"Kabupaten":"Balangan","Kecamatan":"Juai","Latitude":-2.3495850248,"Longitude":115.5821751284,"LY":15011141.8119239975,"3LM":42249383.4636686593,"LM":39391051.6279250011,"Target":47909639.4920988828,"Actual":25515812.4202880003,"Gap":-22393827.0718108825,"Ach":0.5325820167,"vs LY":0.6997915775,"vs 3LM":-0.3960666327,"vs LM":-0.3522434318}
{"Kabupaten":"Balangan","Kecamatan":"Lampihong","Latitude":-2.32699,"Longitude":115.41209,"LY":28966553.6394039989,"3LM":54441909.3292433247,"LM":43864956.7703329995,"Target":61758945.6907720789,"Actual":31167895.2229540013,"Gap":-30591050.4678180777,"Ach":0.5046701312,"vs LY":0.0759959784,"vs 3LM":-0.4275017977,"vs LM":-0.2894579747}
{"Kabupaten":"Balangan","Kecamatan":"Paringin","Latitude":-2.3347614274,"Longitude":115.4614110464,"LY":89182687.7478619963,"3LM":112972393.9879180193,"LM":100306780.4933810383,"Target":122777613.762849018,"Actual":85053591.6220350116,"Gap":-37724022.1408140063,"Ach":0.6927451106,"vs LY":-0.0462993012,"vs 3LM":-0.2471294214,"vs LM":-0.1520653818}
{"Kabupaten":"Balangan","Kecamatan":"Paringin Selatan","Latitude":-2.3387633976,"Longitude":115.4573822207,"LY":13591925.0793689974,"3LM":20245464.2399756722,"LM":21966394.1980569921,"Target":22512388.6883268729,"Actual":10695734.5841109995,"Gap":-11816654.1042158734,"Ach":0.4751043851,"vs LY":-0.2130816995,"vs 3LM":-0.4716972425,"vs LM":-0.513086468}
{"Kabupaten":"Balangan","Kecamatan":"Tebing Tinggi","Latitude":-2.4460665713,"Longitude":115.5946078524,"LY":7619369.1885340009,"3LM":12017487.6845599953,"LM":12497873.1705090012,"Target":13236352.168347897,"Actual":7262372.9643009994,"Gap":-5973979.2040468976,"Ach":0.5486687625,"vs LY":-0.0468537769,"vs 3LM":-0.3956829285,"vs LM":-0.4189112927}
{"Kabupaten":"Barito Selatan","Kecamatan":"Dusun Selatan","Latitude":-1.7196571239,"Longitude":114.834318256,"LY":382744817.5544040799,"3LM":399031540.0585973263,"LM":375035539.9049499035,"Target":447785746.7376650572,"Actual":208532879.1541180015,"Gap":-239252867.5835470557,"Ach":0.4656978939,"vs LY":-0.4551647218,"vs 3LM":-0.4774025153,"vs LM":-0.4439650194}
{"Kabupaten":"Barito Selatan","Kecamatan":"Gn. Bintang Awai","Latitude":"0x2a","Longitude":"0x2a","LY":0.0,"3LM":0.0,"LM":0.0,"Target":0.0,"Actual":0.0,"Gap":0.0,"Ach":"0x7","vs LY":0.0,"vs 3LM":0.0,"vs LM":0.0}
{"Kabupaten":"Barito Timur","Kecamatan":"Dusun Tengah","Latitude":-1.8004679,"Longitude":115.1521602,"LY":399779391.8044019938,"3LM":335452714.2693018317,"LM":396508745.026820004,"Target":383267248.33215487,"Actual":123451762.4623800218,"Gap":-259815485.8697748482,"Ach":0.3221036053,"vs LY":-0.6912002845,"vs 3LM":-0.631984607,"vs LM":-0.6886531154}
{"Kabupaten":"Barito Timur","Kecamatan":"Dusun Timur","Latitude":-2.1043113,"Longitude":115.1547971,"LY":181606832.319265008,"3LM":197186017.0031810403,"LM":196410459.7745669484,"Target":216500878.7136471868,"Actual":123546124.2589919865,"Gap":-92954754.4546552002,"Ach":0.570649528,"vs LY":-0.3197055271,"vs 3LM":-0.3734539287,"vs LM":-0.3709799142}
{"Kabupaten":"Barito Timur","Kecamatan":"Karusen Janang","Latitude":-1.968963,"Longitude":115.079843,"LY":14728949.7828060016,"3LM":15903150.4679340012,"LM":14843563.7376420014,"Target":18190071.5458140038,"Actual":10406983.0424089991,"Gap":-7783088.5034050047,"Ach":0.57212436,"vs LY":-0.293433463,"vs 3LM":-0.3456024287,"vs LM":-0.2988891868}
{"Kabupaten":"Barito Timur","Kecamatan":"Paku","Latitude":-1.915519,"Longitude":115.228951,"LY":4443289.8180810018,"3LM":27554031.1394023299,"LM":21549817.3832069971,"Target":31188096.6542122997,"Actual":9737216.3304160014,"Gap":-21450880.3237962984,"Ach":0.3122093803,"vs LY":1.1914429914,"vs 3LM":-0.6466137285,"vs LM":-0.5481531858}
{"Kabupaten":"Barito Timur","Kecamatan":"Patangkep Tutui","Latitude":-2.060464,"Longitude":115.332936,"LY":4302014.9103160007,"3LM":7955980.7920876658,"LM":6600544.3310659993,"Target":7907987.8812475195,"Actual":2817424.4089140003,"Gap":-5090563.4723335188,"Ach":0.3562757621,"vs LY":-0.3450919005,"vs 3LM":-0.6458734023,"vs LM":-0.5731527178}
{"Kabupaten":"Barito Timur","Kecamatan":"Pematang Karau","Latitude":-1.8183040976,"Longitude":115.0332972912,"LY":5052804.1508740019,"3LM":28252671.7260736674,"LM":29037672.8257670067,"Target":31911240.2156333625,"Actual":20767693.7533270009,"Gap":-11143546.4623063616,"Ach":0.6507955696,"vs LY":3.110132341,"vs 3LM":-0.2649299169,"vs LM":-0.2848017168}
{"Kabupaten":"Barito Timur","Kecamatan":"Raren Batuah","Latitude":-1.7403467907,"Longitude":115.1501460989,"LY":9431231.8813070003,"3LM":25991429.1896836758,"LM":22278989.0766350031,"Target":26953324.2291104458,"Actual":12443698.2568209991,"Gap":-14509625.9722894467,"Ach":0.4616758271,"vs LY":0.3194138808,"vs 3LM":-0.5212383988,"vs LM":-0.4414603726}
{"Kabupaten":"Barito Timur","Kecamatan":"Banua Lima","Latitude":-2.2184378642,"Longitude":115.2610013108,"LY":53743028.8823290169,"3LM":66053824.5905203223,"LM":74999043.3858350217,"Target":78725256.2790947556,"Actual":44222336.2585639954,"Gap":-34502920.0205307603,"Ach":0.5617299752,"vs LY":-0.1771521409,"vs 3LM":-0.3305105869,"vs LM":-0.4103613291}
{"Kabupaten":"Tabalong","Kecamatan":"Banua Lawas","Latitude":-2.28726,"Longitude":115.281127,"LY":39479286.1709309965,"3LM":53002751.4525393397,"LM":48051343.832134001,"Target":57429895.5065242797,"Actual":21977440.8282929994,"Gap":-35452454.678231284,"Ach":0.3826829325,"vs LY":-0.4433171681,"vs 3LM":-0.5853528312,"vs LM":-0.5426258857}
{"Kabupaten":"Tabalong","Kecamatan":"Bintang Ara","Latitude":-1.9683863191,"Longitude":115.443016594,"LY":25058501.0177830011,"3LM":31731385.4681313336,"LM":28198669.4802910052,"Target":35520668.333364211,"Actual":41574819.4415270016,"Gap":6054151.1081627905,"Ach":1.1704402364,"vs LY":0.6591103918,"vs 3LM":0.3102112885,"vs LM":0.4743539397}
{"Kabupaten":"Tabalong","Kecamatan":"Haruai","Latitude":-2.0448820572,"Longitude":115.4549609451,"LY":257681641.9189170003,"3LM":229676439.8525160253,"LM":107863399.7198159844,"Target":266783573.262904048,"Actual":56633271.6693160087,"Gap":-210150301.5935880542,"Ach":0.2122817045,"vs LY":-0.7802199984,"vs 3LM":-0.7534215015,"vs LM":-0.4749537673}
{"Kabupaten":"Tabalong","Kecamatan":"Jaro","Latitude":-1.7728843347,"Longitude":115.6479217413,"LY":46772998.718219012,"3LM":58111695.9484896809,"LM":43173385.0509680137,"Target":65116338.2018779218,"Actual":36975513.9191839993,"Gap":-28140824.2826939225,"Ach":0.5678377338,"vs LY":-0.2094688189,"vs 3LM":-0.3637164892,"vs LM":-0.1435576832}
{"Kabupaten":"Tabalong","Kecamatan":"Kelua","Latitude":-2.26824785,"Longitude":115.3108389917,"LY":250376402.1157869995,"3LM":205703638.517678678,"LM":219097348.1411170065,"Target":229823484.0282163024,"Actual":144114716.5270360112,"Gap":-85708767.5011802912,"Ach":0.6270669733,"vs LY":-0.4244077505,"vs 3LM":-0.2994060894,"vs LM":-0.3422343184}
{"Kabupaten":"Tabalong","Kecamatan":"Muara Harus","Latitude":-2.2233015203,"Longitude":115.3252246964,"LY":2588432.0437499997,"3LM":6731317.2649750002,"LM":4604364.0488190008,