{"Kabupaten":"Balangan","Kecamatan":"Awayan","Latitude":-2.4328252953,"Longitude":115.4393769908,"LY":17254521.562567994,"3LM":20967717.4433609992,"LM":22573213.2961050011,"Target":23155647.3138748929,"Actual":20827656.1975970007,"Gap":-2327991.1162778921,"Ach":0.899463354,"vs LY":0.207083959,"vs 3LM":-0.0066798518,"vs LM":-0.0773286938}
{"Kabupaten":"Balangan","Kecamatan":"Batu Mandi","Latitude":-2.336413273,"Longitude":115.4631077374,"LY":45843157.126643993,"3LM":36725317.8796483427,"LM":36651853.0668680072,"Target":43262122.8038066477,"Actual":34991477.1574310064,"Gap":-8270645.6463756412,"Ach":0.8088247846,"vs LY":-0.2367131901,"vs 3LM":-0.0472110474,"vs LM":-0.0453012814}
{"Kabupaten":"Balangan","Kecamatan":"Halong","Latitude":-2.2860514,"Longitude":115.3953237,"LY":33233704.9522840008,"3LM":27550657.7023976631,"LM":28449563.1330619976,"Target":30665840.8387358785,"Actual":20691641.4485759996,"Gap":-9974199.3901598789,"Ach":0.6747456089,"vs LY":-0.3773898674,"vs 3LM":-0.2489601638,"vs LM":-0.2726903625}
{"Kabupaten":"Balangan","Kecamatan":"Juai","Latitude":-2.3243369104,"Longitude":115.5498511152,"LY":80419661.7372659892,"3LM":59210762.6593140066,"LM":60226941.9858689904,"Target":69582123.741108045,"Actual":48767424.8330460116,"Gap":-20814698.9080620334,"Ach":0.7008614025,"vs LY":-0.393588287,"vs 3LM":-0.1763756682,"vs LM":-0.1902722731}
{"Kabupaten":"Balangan","Kecamatan":"Lampihong","Latitude":-2.4079871,"Longitude":115.432023,"LY":75671536.8933720142,"3LM":74780700.0739603341,"LM":93074670.1243109852,"Target":86659006.6077727526,"Actual":48057629.3828179985,"Gap":-38601377.2249547541,"Ach":0.5545601232,"vs LY":-0.3649180213,"vs 3LM":-0.3573525076,"vs LM":-0.483665864}
{"Kabupaten":"Balangan","Kecamatan":"Paringin","Latitude":-2.32951,"Longitude":115.3116,"LY":247804826.3312450945,"3LM":179229198.3066619933,"LM":221208963.1424511075,"Target":197456035.7139211595,"Actual":136745813.3608259857,"Gap":-60710222.3530951738,"Ach":0.6925380268,"vs LY":-0.4481713073,"vs 3LM":-0.2370338391,"vs LM":-0.3818251692}
{"Kabupaten":"Balangan","Kecamatan":"Paringin Selatan","Latitude":-2.4402498,"Longitude":115.518659,"LY":11645692.9352669977,"3LM":16880395.9058950022,"LM":17089036.4076200016,"Target":21166031.4335589223,"Actual":19558794.7241160013,"Gap":-1607236.709442921,"Ach":0.9240652782,"vs LY":0.679487415,"vs 3LM":0.1586691943,"vs LM":0.1445229712}
{"Kabupaten":"Balangan","Kecamatan":"Tebing Tinggi","Latitude":-2.4151287379,"Longitude":115.5388134477,"LY":14079275.4847639985,"3LM":9003613.5274869986,"LM":4254671.4617969999,"Target":10077388.1975228097,"Actual":19030521.9260910004,"Gap":8953133.7285681907,"Ach":1.888437912,"vs LY":0.3516691215,"vs 3LM":1.1136537978,"vs LM":3.4728534499}
{"Kabupaten":"Barito Selatan","Kecamatan":"Dusun Selatan","Latitude":-1.7408953827,"Longitude":115.1501323545,"LY":321421212.4319722056,"3LM":317844319.8850874305,"LM":344682618.0955432057,"Target":354020421.7775564194,"Actual":246474241.9717240334,"Gap":-107546179.805832386,"Ach":0.6962147571,"vs LY":-0.233173691,"vs 3LM":-0.2245441351,"vs LM":-0.284924075}
{"Kabupaten":"Barito Timur","Kecamatan":"Dusun Tengah","Latitude":-2.0408602,"Longitude":115.133232,"LY":183354984.3115789592,"3LM":185634166.1882643104,"LM":203075504.0805020034,"Target":211540965.1251607835,"Actual":136948146.5989000201,"Gap":-74592818.5262607634,"Ach":0.6473835766,"vs LY":-0.2530983157,"vs 3LM":-0.2622686362,"vs LM":-0.3256294144}
{"Kabupaten":"Barito Timur","Kecamatan":"Dusun Timur","Latitude":-2.3988353806,"Longitude":115.5281202495,"LY":247902566.0549069941,"3LM":227886911.035259068,"LM":279713158.2429290414,"Target":262805774.0963017046,"Actual":173935424.5740010142,"Gap":-88870349.5223006904,"Ach":0.6618401942,"vs LY":-0.2983718267,"vs 3LM":-0.236746754,"vs LM":-0.3781650257}
{"Kabupaten":"Barito Timur","Kecamatan":"Karusen Janang","Latitude":-1.791842,"Longitude":115.149967,"LY":94019405.9243020117,"3LM":53659774.7837713435,"LM":59083783.7116589919,"Target":65348208.0063074753,"Actual":7958491.0942199994,"Gap":-57389716.9120874777,"Ach":0.1217859118,"vs LY":-0.9153526762,"vs 3LM":-0.8516860884,"vs LM":-0.8653016006}
{"Kabupaten":"Barito Timur","Kecamatan":"Paku","Latitude":-1.7174795678,"Longitude":114.8375444524,"LY":62751574.7390210032,"3LM":46077906.920806326,"LM":65638066.1184279993,"Target":56109118.7685595378,"Actual":28404635.307970006,"Gap":-27704483.4605895318,"Ach":0.5062391984,"vs LY":-0.5473478486,"vs 3LM":-0.3835519622,"vs LM":-0.567253623}
{"Kabupaten":"Barito Timur","Kecamatan":"Patangkep Tutui","Latitude":-2.0421861349,"Longitude":115.4575711521,"LY":6497227.2914220011,"3LM":5330276.3497476662,"LM":7720522.6040449999,"Target":7072534.690244576,"Actual":1578266.7526939998,"Gap":-5494267.9375505764,"Ach":0.2231543318,"vs LY":-0.7570861104,"vs 3LM":-0.703905267,"vs LM":-0.79557514}
{"Kabupaten":"Barito Timur","Kecamatan":"Pematang Karau","Latitude":-1.8021629794,"Longitude":115.1547081434,"LY":102122223.8636039943,"3LM":137645536.0866753459,"LM":194422303.6439879537,"Target":156638205.1040554941,"Actual":21898774.7677840069,"Gap":-134739430.3362714946,"Ach":0.1398048117,"vs LY":-0.7855630837,"vs 3LM":-0.8409045771,"vs LM":-0.8873649043}
{"Kabupaten":"Barito Timur","Kecamatan":"Raren Batuah","Latitude":-1.794815894,"Longitude":115.1500449458,"LY":14698511.8405370004,"3LM":21217700.8604383282,"LM":21240090.3433019966,"Target":22018710.0253544748,"Actual":20185231.7235279977,"Gap":-1833478.3018264771,"Ach":0.9167308939,"vs LY":0.3732840401,"vs 3LM":-0.0486607453,"vs LM":-0.0496635656}
{"Kabupaten":"Barito Timur","Kecamatan":"Banua Lima","Latitude":-2.2451876331,"Longitude":115.2779724898,"LY":12819259.5013130009,"3LM":11678485.5361599978,"LM":12039496.9973680004,"Target":14227400.5486308578,"Actual":13362297.7658090014,"Gap":-865102.7828218564,"Ach":0.9391945999,"vs LY":0.0423611258,"vs 3LM":0.1441807009,"vs LM":0.1098717636}
{"Kabupaten":"Tabalong","Kecamatan":"Banua Lawas","Latitude":-2.28726,"Longitude":115.281127,"LY":116629794.204388991,"3LM":90448313.2311569899,"LM":118847871.0055020005,"Target":136451705.3415292501,"Actual":45473744.4846760035,"Gap":-90977960.8568532467,"Ach":0.3332588946,"vs LY":-0.6101018201,"vs 3LM":-0.497240547,"vs LM":-0.6173785521}
{"Kabupaten":"Tabalong","Kecamatan":"Bintang Ara","Latitude":-1.9881172,"Longitude":115.4483559,"LY":15383218.6731209997,"3LM":19677416.1968133226,"LM":20126691.3616839983,"Target":21817714.9677102715,"Actual":9400190.2697949987,"Gap":-12417524.6979152728,"Ach":0.4308512731,"vs LY":-0.3889321559,"vs 3LM":-0.5222853359,"vs LM":-0.5329490525}
{"Kabupaten":"Tabalong","Kecamatan":"Haruai","Latitude":-2.0448820572,"Longitude":115.4549609451,"LY":95250593.5225950032,"3LM":70175678.9750383794,"LM":67388133.3410619795,"Target":79213341.0424189568,"Actual":61397456.4585010037,"Gap":-17815884.5839179531,"Ach":0.7750898479,"vs LY":-0.3554112978,"vs 3LM":-0.1250892424,"vs LM":-0.088898098}
{"Kabupaten":"Tabalong","Kecamatan":"Jaro","Latitude":-1.83858,"Longitude":115.6309,"LY":60238753.0196189955,"3LM":48557138.6900580004,"LM":34754648.2012970001,"Target":63044762.8786798939,"Actual":51929652.6800439954,"Gap":-11115110.1986358985,"Ach":0.823694948,"vs LY":-0.1379361279,"vs 3LM":0.0694545453,"vs LM":0.4941786313}
{"Kabupaten":"Tabalong","Kecamatan":"Kelua","Latitude":-2.2251389824,"Longitude":115.3112354374,"LY":266669177.9583170712,"3LM":236519776.5464856625,"LM":288755338.9133418798,"Target":287330419.3602971435,"Actual":212330713.8567880094,"Gap":-74999705.5035091341,"Ach":0.7389774961,"vs LY":-0.2037673214,"vs 3LM":-0.1022707828,"vs LM":-0.2646691325}
{"Kabupaten":"Tabalong","Kecamatan":"Muara Harus","Latitude":-2.2195514351,"Longitude":115.3246593613,"LY":11723832.6407090016,"3LM":12850627.8040013295,"LM":16660630.7571909949,"Target":20018633.7350868434,"Actual":5770332.53223,"Gap":-14248301.2028568424,"Ach":0.2882480697,"vs LY":-0.5078117618,"vs 3LM":-0.5509688227,"vs LM":-0.6536546175}
{"Kabupaten":"Tabalong",