{"Kabupaten":"Balangan","Kecamatan":"Awayan","Latitude":-2.4328252953,"Longitude":115.4393769908,"LY":17254521.562567994,"3LM":20530375.1015593372,"LM":21261186.2707000002,"Target":22812923.439678099,"Actual":12328822.6856380012,"Gap":-10484100.7540400978,"Ach":0.540431511,"vs LY":-0.2854729329,"vs 3LM":-0.3994838075,"vs LM":-0.4201253623}
{"Kabupaten":"Balangan","Kecamatan":"Batu Mandi","Latitude":-2.336413273,"Longitude":115.4631077374,"LY":45843157.126643993,"3LM":36641444.0037026629,"LM":36400231.4390309975,"Target":43394077.3611599728,"Actual":22765508.4222460017,"Gap":-20628568.9389139712,"Ach":0.5246224786,"vs LY":-0.503404437,"vs 3LM":-0.3786951077,"vs LM":-0.374577921}
{"Kabupaten":"Balangan","Kecamatan":"Halong","Latitude":-2.2860514,"Longitude":115.3953237,"LY":33233704.9522840008,"3LM":27407047.1914979964,"LM":27944550.5103629977,"Target":30635860.8086451702,"Actual":6803117.9942899998,"Gap":-23832742.8143551722,"Ach":0.222063876,"vs LY":-0.7952946262,"vs 3LM":-0.7517748648,"vs LM":-0.7565493855}
{"Kabupaten":"Balangan","Kecamatan":"Juai","Latitude":-2.3243369104,"Longitude":115.5498511152,"LY":80419661.7372659892,"3LM":58863285.1809366643,"LM":59054694.2007369921,"Target":69441598.9133256823,"Actual":27966270.427885998,"Gap":-41475328.485439688,"Ach":0.4027307963,"vs LY":-0.6522458585,"vs 3LM":-0.5248945019,"vs LM":-0.5264344214}
{"Kabupaten":"Balangan","Kecamatan":"Lampihong","Latitude":-2.4079871,"Longitude":115.432023,"LY":75671536.8933720142,"3LM":74690835.204681322,"LM":92103134.9164739698,"Target":86781445.0105662793,"Actual":34570400.3051209971,"Gap":-52211044.7054452822,"Ach":0.3983616579,"vs LY":-0.5431518676,"vs 3LM":-0.5371533842,"vs LM":-0.6246555523}
{"Kabupaten":"Balangan","Kecamatan":"Paringin","Latitude":-2.32951,"Longitude":115.3116,"LY":247804826.3312450945,"3LM":178929648.7588246465,"LM":220217588.358939141,"Target":197779659.1175375879,"Actual":96181859.017425999,"Gap":-101597800.1001115888,"Ach":0.4863081444,"vs LY":-0.6118644643,"vs 3LM":-0.4624599127,"vs LM":-0.5632417023}
{"Kabupaten":"Balangan","Kecamatan":"Paringin Selatan","Latitude":-2.4402498,"Longitude":115.518659,"LY":11645692.9352669977,"3LM":16868413.925894998,"LM":17053090.4676200002,"Target":21282955.4911408983,"Actual":11004798.2566819973,"Gap":-10278157.234458901,"Ach":0.5170709614,"vs LY":-0.0550327647,"vs 3LM":-0.3476091881,"vs LM":-0.3546742582}
{"Kabupaten":"Balangan","Kecamatan":"Tebing Tinggi","Latitude":-2.4151287379,"Longitude":115.5388134477,"LY":14079275.4847639985,"3LM":8997622.5374869984,"LM":4236698.4917970002,"Target":10106901.5959372148,"Actual":3387521.8177319998,"Gap":-6719379.778205215,"Ach":0.3351691699,"vs LY":-0.7593965811,"vs 3LM":-0.6235092322,"vs LM":-0.2004335866}
{"Kabupaten":"Barito Selatan","Kecamatan":"Dusun Selatan","Latitude":-1.7408953827,"Longitude":115.1501323545,"LY":321421212.4319722056,"3LM":316574451.7202837467,"LM":340783159.5511322618,"Target":354066440.5511635542,"Actual":116172540.8932919949,"Gap":-237893899.6578715444,"Ach":0.3281094382,"vs LY":-0.6385660423,"vs 3LM":-0.6330324817,"vs LM":-0.6591012859}
{"Kabupaten":"Barito Timur","Kecamatan":"Dusun Tengah","Latitude":-2.0408602,"Longitude":115.133232,"LY":183354984.3115789592,"3LM":185059031.0504589677,"LM":200892030.1470859945,"Target":211574826.915291667,"Actual":59613456.0216370299,"Gap":-151961370.8936546445,"Ach":0.2817606276,"vs LY":-0.6748740906,"vs 3LM":-0.6778678907,"vs LM":-0.7032562418}
{"Kabupaten":"Barito Timur","Kecamatan":"Dusun Timur","Latitude":-2.3988353806,"Longitude":115.5281202495,"LY":247902566.0549069941,"3LM":226844478.60514009,"LM":276400409.5625720024,"Target":262835567.8249285817,"Actual":104913887.8547599763,"Gap":-157921679.9701685905,"Ach":0.3991616839,"vs LY":-0.5767938609,"vs 3LM":-0.5375074214,"vs LM":-0.6204278857}
{"Kabupaten":"Barito Timur","Kecamatan":"Karusen Janang","Latitude":-1.791842,"Longitude":115.149967,"LY":94019405.9243020117,"3LM":52940855.8636813238,"LM":56927026.9513889924,"Target":64778891.9645979851,"Actual":5733716.2604440004,"Gap":-59045175.7041539848,"Ach":0.0885121077,"vs LY":-0.9390156085,"vs 3LM":-0.8916958148,"vs LM":-0.8992795414}
{"Kabupaten":"Barito Timur","Kecamatan":"Paku","Latitude":-1.7174795678,"Longitude":114.8375444524,"LY":62751574.7390210032,"3LM":45814303.3185543269,"LM":64847255.3116719946,"Target":56089215.7862043083,"Actual":3498566.7409790005,"Gap":-52590649.0452253073,"Ach":0.062375034,"vs LY":-0.9442473475,"vs 3LM":-0.9236359284,"vs LM":-0.9460491161}
{"Kabupaten":"Barito Timur","Kecamatan":"Patangkep Tutui","Latitude":-2.0421861349,"Longitude":115.4575711521,"LY":6497227.2914220011,"3LM":5288148.7230809992,"LM":7594139.724045,"Target":7050332.2394692572,"Actual":195045.06072,"Gap":-6855287.1787492568,"Ach":0.0276646623,"vs LY":-0.969980262,"vs 3LM":-0.9631165705,"vs LM":-0.9743163719}
{"Kabupaten":"Barito Timur","Kecamatan":"Pematang Karau","Latitude":-1.8021629794,"Longitude":115.1547081434,"LY":102122223.8636039943,"3LM":136783007.8555650115,"LM":191472236.9606569707,"Target":156165859.9462154806,"Actual":10740519.8253819998,"Gap":-145425340.1208334863,"Ach":0.0687763627,"vs LY":-0.8948268122,"vs 3LM":-0.9214776748,"vs LM":-0.9439056022}
{"Kabupaten":"Barito Timur","Kecamatan":"Raren Batuah","Latitude":-1.794815894,"Longitude":115.1500449458,"LY":14698511.8405370004,"3LM":21037971.1299879923,"LM":20700901.1519510001,"Target":21932696.5995003656,"Actual":12649060.4935439993,"Gap":-9283636.1059563663,"Ach":0.5767216282,"vs LY":-0.1394325745,"vs 3LM":-0.3987509339,"vs LM":-0.3889608766}
{"Kabupaten":"Barito Timur","Kecamatan":"Banua Lima","Latitude":-2.2451876331,"Longitude":115.2779724898,"LY":12819259.5013129991,"3LM":11660260.0094933342,"LM":11929185.2673680019,"Target":14256482.4567845333,"Actual":9507466.9668990001,"Gap":-4749015.4898855332,"Ach":0.6668872911,"vs LY":-0.2583450732,"vs 3LM":-0.1846265041,"vs LM":-0.2030078539}
{"Kabupaten":"Tabalong","Kecamatan":"Banua Lawas","Latitude":-2.28726,"Longitude":115.281127,"LY":116629794.2043889761,"3LM":90112978.3778236508,"LM":117841866.4455019981,"Target":136611965.5958642364,"Actual":18350624.581362009,"Gap":-118261341.0145022273,"Ach":0.1343266273,"vs LY":-0.8426592047,"vs 3LM":-0.796359804,"vs LM":-0.8442775464}
{"Kabupaten":"Tabalong","Kecamatan":"Bintang Ara","Latitude":-1.9881172,"Longitude":115.4483559,"LY":15383218.6731209997,"3LM":19401014.0875343233,"LM":19297485.0338470004,"Target":21798032.6978694536,"Actual":8547815.4774580002,"Gap":-13250217.2204114534,"Ach":0.3921370151,"vs LY":-0.4443415478,"vs 3LM":-0.5594139853,"vs LM":-0.557050286}
{"Kabupaten":"Tabalong","Kecamatan":"Haruai","Latitude":-2.0448820572,"Longitude":115.4549609451,"LY":95250593.5225950032,"3LM":69677938.4247683436,"LM":65696476.5402519852,"Target":78923642.3559807241,"Actual":42734940.9073809907,"Gap":-36188701.4485997334,"Ach":0.5414719802,"vs LY":-0.5513419988,"vs 3LM":-0.3866790282,"vs LM":-0.3495093929}
{"Kabupaten":"Tabalong","Kecamatan":"Jaro","Latitude":-1.83858,"Longitude":115.6309,"LY":60238753.0196189955,"3LM":48408157.3033913374,"LM":34307704.0412969962,"Target":63524148.296908915,"Actual":28785376.8106339984,"Gap":-34738771.486274913,"Ach":0.4531406966,"vs LY":-0.5221452077,"vs 3LM":-0.4053610297,"vs LM":-0.16096464}
{"Kabupaten":"Tabalong","Kecamatan":"Kelua","Latitude":-2.2251389824,"Longitude":115.3112354374,"LY":266669177.9583170712,"3LM":235228527.5790993869,"LM":284881592.0111829638,"Target":287725599.163051784,"Actual":58091498.4139240012,"Gap":-229634100.7491277754,"Ach":0.2018989571,"vs LY":-0.7821589324,"vs 3LM":-0.7530422904,"vs LM":-0.7960854613}
{"Kabupaten":"Tabalong","Kecamatan":"Muara Harus","Latitude":-2.2195514351,"Longitude":115.3246593613,"LY":11723832.6407090016,"3LM":12802127.8006679974,"LM":16515130.747190997,"Target":20006853.7485508993,"Actual":3596368.5069249994,"Gap":-16410485.2416258994,"Ach":0.1797568249,"vs LY":-0.6932429337,"vs 3LM":-0.7190804089,"vs LM":-0.7822379634}
{"Kabupaten":"Tabalong",