{"Kabupaten":"Balangan","Kecamatan":"Awayan","Latitude":-2.4454973,"Longitude":null,"LY":18414595.3562310003,"3LM":16627620.3248863295,"LM":18412633.9887549989,"Target":18090739.1496678665,"Actual":6682896.8230349999,"Gap":-11407842.3266328666,"Ach":0.3694098272,"vs LY":-0.6370869577,"vs 3LM":-0.598084591,"vs LM":-0.6370482992}
{"Kabupaten":"Balangan","Kecamatan":"Batu Mandi","Latitude":null,"Longitude":null,"LY":32731416.9504370019,"3LM":19913457.2812009975,"LM":21167235.758008007,"Target":22645510.3501724042,"Actual":13217681.5958989989,"Gap":-9427828.7542734053,"Ach":0.5836777971,"vs LY":-0.5961775313,"vs 3LM":-0.3362437567,"vs LM":-0.3755593906}
{"Kabupaten":"Balangan","Kecamatan":"Halong","Latitude":null,"Longitude":null,"LY":46529502.9825749993,"3LM":39605245.0745690092,"LM":54224183.7473540157,"Target":43737146.496278815,"Actual":20258446.8828059956,"Gap":-23478699.6134728193,"Ach":0.463186296,"vs LY":-0.5646107183,"vs 3LM":-0.4884908086,"vs LM":-0.626394618}
{"Kabupaten":"Balangan","Kecamatan":"Juai","Latitude":null,"Longitude":null,"LY":42502224.2686479986,"3LM":27437682.5964166708,"LM":33828824.3678919971,"Target":32940328.4794061333,"Actual":9989992.3776050024,"Gap":-22950336.1018011309,"Ach":0.3032754328,"vs LY":-0.7649536571,"vs 3LM":-0.6359024731,"vs LM":-0.7046899334}
{"Kabupaten":"Balangan","Kecamatan":"Lampihong","Latitude":null,"Longitude":null,"LY":75716379.9303179979,"3LM":38517225.1950463355,"LM":35523293.3014909998,"Target":44073284.2136399001,"Actual":15087941.6986880004,"Gap":-28985342.5149518996,"Ach":0.3423375854,"vs LY":-0.80073081,"vs 3LM":-0.6082806687,"vs LM":-0.5752662466}
{"Kabupaten":"Balangan","Kecamatan":"Paringin","Latitude":null,"Longitude":null,"LY":121286139.5136209726,"3LM":105721844.0263316929,"LM":139705540.3347040415,"Target":109059172.6192287952,"Actual":55500478.0262610093,"Gap":-53558694.5929677859,"Ach":0.5089024306,"vs LY":-0.5424004899,"vs 3LM":-0.475033012,"vs LM":-0.6027324479}
{"Kabupaten":"Balangan","Kecamatan":"Paringin Selatan","Latitude":null,"Longitude":null,"LY":22401124.6528930031,"3LM":13781145.909359999,"LM":19166566.0241510011,"Target":15531128.4294262752,"Actual":9333466.9608599991,"Gap":-6197661.4685662761,"Ach":0.6009522749,"vs LY":-0.583348287,"vs 3LM":-0.322736511,"vs LM":-0.5130339494}
{"Kabupaten":"Balangan","Kecamatan":"Tebing Tinggi","Latitude":null,"Longitude":null,"LY":15024058.7101830002,"3LM":10660819.6216216646,"LM":10825369.4368929993,"Target":11205291.4660429806,"Actual":5360242.4371070005,"Gap":-5845049.0289359801,"Ach":0.4783670691,"vs LY":-0.6432227442,"vs 3LM":-0.4972016573,"vs LM":-0.5048443872}
{"Kabupaten":"Barito Selatan","Kecamatan":"Dusun Selatan","Latitude":null,"Longitude":null,"LY":421690428.6019660234,"3LM":418167968.9342912436,"LM":544071918.9586911201,"Target":443550989.0843210816,"Actual":230610133.8635320067,"Gap":-212940855.2207890749,"Ach":0.5199179791,"vs LY":-0.4531293143,"vs 3LM":-0.4485227205,"vs LM":-0.5761403487}
{"Kabupaten":"Barito Timur","Kecamatan":"Dusun Tengah","Latitude":null,"Longitude":null,"LY":354324980.6073900461,"3LM":378495586.6608852148,"LM":387785102.5356829166,"Target":414289013.2616159916,"Actual":111341042.5708240122,"Gap":-302947970.6907919645,"Ach":0.2687521006,"vs LY":-0.6857657556,"vs 3LM":-0.705832653,"vs LM":-0.7128795257}
{"Kabupaten":"Barito Timur","Kecamatan":"Dusun Timur","Latitude":null,"Longitude":null,"LY":220750613.2144390345,"3LM":185303236.8098463118,"LM":212708702.5173400342,"Target":202506387.2942908108,"Actual":77768813.5438939929,"Gap":-124737573.7503968179,"Ach":0.3840314105,"vs LY":-0.6477073725,"vs 3LM":-0.5803159465,"vs LM":-0.6343881909}
{"Kabupaten":"Barito Timur","Kecamatan":"Karusen Janang","Latitude":null,"Longitude":null,"LY":18550126.8275000006,"3LM":22157117.535493996,"LM":24314661.3444279991,"Target":25442587.2837082222,"Actual":9849446.9101489987,"Gap":-15593140.3735592235,"Ach":0.3871244225,"vs LY":-0.4690361418,"vs 3LM":-0.5554725521,"vs LM":-0.5949173723}
{"Kabupaten":"Barito Timur","Kecamatan":"Paku","Latitude":null,"Longitude":null,"LY":21979163.6960750036,"3LM":17727991.5274133384,"LM":25293061.5423760004,"Target":19900447.7480423748,"Actual":6580671.2695190003,"Gap":-13319776.4785233736,"Ach":0.3306795582,"vs LY":-0.7005950108,"vs 3LM":-0.6287976977,"vs LM":-0.7398230634}
{"Kabupaten":"Barito Timur","Kecamatan":"Patangkep Tutui","Latitude":null,"Longitude":null,"LY":7041475.1052959999,"3LM":5398212.7935216669,"LM":7507744.3549189996,"Target":6405143.143668944,"Actual":3109075.7916950001,"Gap":-3296067.3519739439,"Ach":0.4854030147,"vs LY":-0.5584624322,"vs 3LM":-0.4240546065,"vs LM":-0.5858841691}
{"Kabupaten":"Barito Timur","Kecamatan":"Pematang Karau","Latitude":null,"Longitude":null,"LY":17193222.3117229976,"3LM":21481743.5351756662,"LM":25172313.7129529938,"Target":24178495.0934195407,"Actual":11341415.3846389987,"Gap":-12837079.708780542,"Ach":0.4690703595,"vs LY":-0.3403554506,"vs 3LM":-0.4720440002,"vs LM":-0.5494488304}
{"Kabupaten":"Barito Timur","Kecamatan":"Raren Batuah","Latitude":null,"Longitude":null,"LY":25872950.0080020018,"3LM":23039919.6631089933,"LM":30406296.4793069996,"Target":23308149.1597958244,"Actual":10115405.4800630007,"Gap":-13192743.6797328237,"Ach":0.433985788,"vs LY":-0.60903548,"vs 3LM":-0.560961773,"vs LM":-0.6673253026}
{"Kabupaten":"Barito Timur","Kecamatan":"Banua Lima","Latitude":null,"Longitude":null,"LY":71981994.0739630014,"3LM":61220227.8876573294,"LM":63728977.7368149981,"Target":72520153.1701009125,"Actual":46460801.0213880092,"Gap":-26059352.1487129033,"Ach":0.6406605473,"vs LY":-0.3545496812,"vs 3LM":-0.2410874212,"vs LM":-0.2709627132}
{"Kabupaten":"Tabalong","Kecamatan":"Banua Lawas","Latitude":null,"Longitude":null,"LY":45613441.3289499953,"3LM":50077676.255345352,"LM":62023033.1872600019,"Target":61048595.0981641859,"Actual":26078534.6289799958,"Gap":-34970060.46918419,"Ach":0.4271766547,"vs LY":-0.4282708371,"vs 3LM":-0.4792383238,"vs LM":-0.5795346779}
{"Kabupaten":"Tabalong","Kecamatan":"Bintang Ara","Latitude":null,"Longitude":null,"LY":38473398.9117959961,"3LM":37778271.0718043372,"LM":67176482.4996410012,"Target":48817345.4975150824,"Actual":18003294.8609349988,"Gap":-30814050.6365800835,"Ach":0.3687888941,"vs LY":-0.5320586335,"vs 3LM":-0.5234484176,"vs LM":-0.7320000365}
{"Kabupaten":"Tabalong","Kecamatan":"Haruai","Latitude":null,"Longitude":null,"LY":102774206.6709810048,"3LM":184124311.2284819484,"LM":255963395.4945100546,"Target":206374937.9171683192,"Actual":84158438.1030260026,"Gap":-122216499.8141423166,"Ach":0.407793887,"vs LY":-0.1811326905,"vs 3LM":-0.5429259855,"vs LM":-0.6712090885}
{"Kabupaten":"Tabalong","Kecamatan":"Jaro","Latitude":null,"Longitude":null,"LY":44483612.9971109927,"3LM":50058517.5586633235,"LM":72430845.6843650043,"Target":58585005.1305833831,"Actual":24738016.2602710016,"Gap":-33846988.8703123778,"Ach":0.4222584978,"vs LY":-0.4438847343,"vs 3LM":-0.5058180412,"vs LM":-0.658460204}
{"Kabupaten":"Tabalong","Kecamatan":"Kelua","Latitude":null,"Longitude":null,"LY":262605036.8369819522,"3LM":262860599.1174073815,"LM":329035898.7435261607,"Target":307770704.7871257663,"Actual":88005125.5136939734,"Gap":-219765579.273431778,"Ach":0.2859438021,"vs LY":-0.6648764754,"vs 3LM":-0.6652022943,"vs LM":-0.7325364015}
{"Kabupaten":"Tabalong","Kecamatan":"Muara Harus","Latitude":null,"Longitude":null,"LY":2747169.8246780001,"3LM":6521900.4394723354,"LM":6413262.2621380016,"Target":6796375.0031729834,"Actual":3317165.8747590007,"Gap":-3479209.1284139827,"Ach":0.4880786998,"vs LY":0.2074848249,"vs 3LM":-0.4913804794,"vs LM":-0.4827646619}
{"Kabupaten":"Tabalong","Kecamatan":"Muara Uya","Latitude":null,"Longitude":null,"LY":87489909.9433220029,"3LM":122854723.2045609951,"LM":153668710.3170810044,"Target":132562486.2614918649,"Actual":50489483.1536919847,"Gap":-82073003.1077998877,"Ach":0.3808730854,"vs LY":-0.4229107884,"vs 3LM":-0.5890309966,"vs LM":-0.6714394033}
{"Kabupaten":"Tabalong","Kecamatan":"Murung Pudak",