{"Kabupaten":"Balangan","Kecamatan":"Awayan","Latitude":-2.4136013998,"Longitude":115.5242913961,"LY":14066153.5093840007,"3LM":17641142.8117126673,"LM":18254215.4417779967,"Target":18808536.0519041866,"Actual":15442831.5213130023,"Gap":-3365704.5305911843,"Ach":0.8210544127,"vs LY":0.0978716755,"vs 3LM":-0.1246127484,"vs LM":-0.1540128596}
{"Kabupaten":"Balangan","Kecamatan":"Batu Mandi","Latitude":-2.46139103,"Longitude":115.484458,"LY":27130359.879385002,"3LM":25744845.9645793289,"LM":24692797.6151909903,"Target":28981692.3322453387,"Actual":19258422.6995129995,"Gap":-9723269.6327323392,"Ach":0.6645030414,"vs LY":-0.2901523317,"vs 3LM":-0.2519503622,"vs LM":-0.2200793527}
{"Kabupaten":"Balangan","Kecamatan":"Halong","Latitude":-2.2824793094,"Longitude":115.6687193702,"LY":50479615.5262409896,"3LM":48265333.1178110018,"LM":44048675.2836700007,"Target":54344706.942791529,"Actual":42348233.3548270091,"Gap":-11996473.5879645199,"Ach":0.7792522168,"vs LY":-0.1610824902,"vs 3LM":-0.1225952331,"vs LM":-0.0386037019}
{"Kabupaten":"Balangan","Kecamatan":"Juai","Latitude":-2.3495850248,"Longitude":115.5821751284,"LY":24743852.0172070004,"3LM":42249383.4636686593,"LM":34104386.6768859997,"Target":47909639.4920988828,"Actual":34579163.4413399994,"Gap":-13330476.0507588834,"Ach":0.7217579553,"vs LY":0.3974850568,"vs 3LM":-0.1815463184,"vs LM":0.0139212814}
{"Kabupaten":"Balangan","Kecamatan":"Lampihong","Latitude":-2.32699,"Longitude":115.41209,"LY":40979754.6524109989,"3LM":54441909.3292433321,"LM":59370498.8722259998,"Target":61758945.6907720789,"Actual":39884276.4695910066,"Gap":-21874669.2211810723,"Ach":0.6458056565,"vs LY":-0.0267321801,"vs 3LM":-0.2673975443,"vs LM":-0.3282138903}
{"Kabupaten":"Balangan","Kecamatan":"Paringin","Latitude":-2.3345153107,"Longitude":115.4596732119,"LY":118904540.5597379804,"3LM":112972393.9879180044,"LM":101375267.664228946,"Target":122777613.762849018,"Actual":108972456.691335991,"Gap":-13805157.071513027,"Ach":0.8875596565,"vs LY":-0.0835298957,"vs 3LM":-0.035406325,"vs LM":0.0749412475}
{"Kabupaten":"Balangan","Kecamatan":"Paringin Selatan","Latitude":-2.3390326,"Longitude":115.4575418,"LY":18338620.0411399975,"3LM":20245464.2399756722,"LM":15112220.8092429992,"Target":22512388.6883268729,"Actual":15309266.2767199967,"Gap":-7203122.4116068762,"Ach":0.6800374002,"vs LY":-0.1651898429,"vs 3LM":-0.2438174746,"vs LM":0.0130388161}
{"Kabupaten":"Balangan","Kecamatan":"Tebing Tinggi","Latitude":-2.4460665713,"Longitude":115.5946078524,"LY":10467597.0172490031,"3LM":12017487.6845599972,"LM":8349636.6884420002,"Target":13236352.168347897,"Actual":10614706.3216739986,"Gap":-2621645.8466738984,"Ach":0.8019359251,"vs LY":0.0140537799,"vs 3LM":-0.1167283379,"vs LM":0.2712776277}
{"Kabupaten":"Barito Selatan","Kecamatan":"Dusun Selatan","Latitude":-1.71718587,"Longitude":114.834182,"LY":411353272.5496418476,"3LM":399031540.0585972667,"LM":415740390.5998969078,"Target":447785746.7376650572,"Actual":333756988.6937658787,"Gap":-114028758.0438991785,"Ach":0.7453497373,"vs LY":-0.1886366027,"vs 3LM":-0.163582436,"vs LM":-0.1971985493}
{"Kabupaten":"Barito Selatan","Kecamatan":"Gn. Bintang Awai","Latitude":"0x2a","Longitude":"0x2a","LY":0.0,"3LM":0.0,"LM":0.0,"Target":0.0,"Actual":0.0,"Gap":0.0,"Ach":"0x7","vs LY":0.0,"vs 3LM":0.0,"vs LM":0.0}
{"Kabupaten":"Barito Timur","Kecamatan":"Dusun Tengah","Latitude":-1.794815894,"Longitude":115.1500449458,"LY":352427472.8506110907,"3LM":335452714.2693018317,"LM":319954846.9027950168,"Target":383267248.3321549296,"Actual":188953349.8423040211,"Gap":-194313898.4898509085,"Ach":0.4930067744,"vs LY":-0.4638518152,"vs 3LM":-0.4367213565,"vs LM":-0.4094374513}
{"Kabupaten":"Barito Timur","Kecamatan":"Dusun Timur","Latitude":-2.1042278505,"Longitude":115.1546190164,"LY":185213556.8304620385,"3LM":197186017.0031810701,"LM":176736740.2059929371,"Target":216500878.7136471868,"Actual":164105455.3259209394,"Gap":-52395423.3877262473,"Ach":0.7579897888,"vs LY":-0.1139662877,"vs 3LM":-0.1677632227,"vs LM":-0.0714694911}
{"Kabupaten":"Barito Timur","Kecamatan":"Karusen Janang","Latitude":-1.9808386237,"Longitude":115.076096709,"LY":14053682.0630390011,"3LM":15903150.4679340031,"LM":13408681.6715089995,"Target":18190071.5458140038,"Actual":10406983.0424090009,"Gap":-7783088.5034050029,"Ach":0.57212436,"vs LY":-0.2594835292,"vs 3LM":-0.3456024287,"vs LM":-0.2238623231}
{"Kabupaten":"Barito Timur","Kecamatan":"Paku","Latitude":-1.915519,"Longitude":115.228951,"LY":26369863.5809940025,"3LM":27554031.1394023262,"LM":28193825.9678669982,"Target":31188096.6542123072,"Actual":9843702.8304159995,"Gap":-21344393.8237963095,"Ach":0.3156237118,"vs LY":-0.6267063423,"vs 3LM":-0.6427490852,"vs LM":-0.6508560831}
{"Kabupaten":"Barito Timur","Kecamatan":"Patangkep Tutui","Latitude":-2.060464,"Longitude":115.332936,"LY":4221032.8779889997,"3LM":7955980.7920876676,"LM":6838757.9552180003,"Target":7928414.6699286792,"Actual":7124939.0352100004,"Gap":-803475.6347186789,"Ach":0.8986587271,"vs LY":0.6879610373,"vs 3LM":-0.1044549728,"vs LM":0.041846938}
{"Kabupaten":"Barito Timur","Kecamatan":"Pematang Karau","Latitude":-1.8183040976,"Longitude":115.0332972912,"LY":8440943.8392379992,"3LM":28252671.7260736674,"LM":24985038.3968689963,"Target":31911240.2156333625,"Actual":20767693.7533269972,"Gap":-11143546.4623063654,"Ach":0.6507955696,"vs LY":1.4603520825,"vs 3LM":-0.2649299169,"vs LM":-0.1687948034}
{"Kabupaten":"Barito Timur","Kecamatan":"Raren Batuah","Latitude":-1.7403467907,"Longitude":115.1501460989,"LY":5704793.2838509995,"3LM":25991429.189683672,"LM":31427404.5149099976,"Target":26953324.2291104458,"Actual":12443698.2568209991,"Gap":-14509625.9722894467,"Ach":0.4616758271,"vs LY":1.181270668,"vs 3LM":-0.5212383988,"vs LM":-0.6040494451}
{"Kabupaten":"Barito Timur","Kecamatan":"Banua Lima","Latitude":-2.2067607498,"Longitude":115.252396581,"LY":45672440.7118320018,"3LM":66053824.5905203298,"LM":73987155.6116790175,"Target":78945673.7730976641,"Actual":58414935.3689100072,"Gap":-20530738.4041876569,"Ach":0.7399383979,"vs LY":0.2789974536,"vs 3LM":-0.1156464333,"vs LM":-0.2104719409}
{"Kabupaten":"Tabalong","Kecamatan":"Banua Lawas","Latitude":-2.28726,"Longitude":115.281127,"LY":46317007.0683769956,"3LM":53002751.4525393397,"LM":60503353.7698450014,"Target":57832884.5226333961,"Actual":28492747.1725079976,"Gap":-29340137.3501253985,"Ach":0.4926738033,"vs LY":-0.3848318582,"vs 3LM":-0.4624289043,"vs LM":-0.5290716068}
{"Kabupaten":"Tabalong","Kecamatan":"Bintang Ara","Latitude":-1.9683863191,"Longitude":115.443016594,"LY":14771167.4651500024,"3LM":31731385.4681313373,"LM":29974687.5074200071,"Target":35749738.8312451094,"Actual":43803513.1282759979,"Gap":8053774.2970308885,"Ach":1.2252820457,"vs LY":1.9654740041,"vs 3LM":0.3804475437,"vs LM":0.4613501181}
{"Kabupaten":"Tabalong","Kecamatan":"Haruai","Latitude":-2.0448820572,"Longitude":115.4549609451,"LY":176024065.2530609667,"3LM":229676439.8525159955,"LM":316769521.4520228505,"Target":267348895.2751621604,"Actual":82054407.0924820006,"Gap":-185294488.1826801598,"Ach":0.3069188186,"vs LY":-0.5338455172,"vs 3LM":-0.6427391197,"vs LM":-0.7409649555}
{"Kabupaten":"Tabalong","Kecamatan":"Jaro","Latitude":-1.83208392,"Longitude":115.639845,"LY":66406288.1605310068,"3LM":58111695.9484896734,"LM":65414219.4002109841,"Target":65116338.2018779218,"Actual":49329068.1617479995,"Gap":-15787270.0401299223,"Ach":0.7575528588,"vs LY":-0.2571626946,"vs 3LM":-0.1511335652,"vs LM":-0.2458968614}
{"Kabupaten":"Tabalong","Kecamatan":"Kelua","Latitude":-2.26824785,"Longitude":115.3108389917,"LY":208788139.6548610032,"3LM":205703638.5176786482,"LM":197290491.5045309663,"Target":231918640.1836291254,"Actual":157373828.3357410431,"Gap":-74544811.8478880823,"Ach":0.6785734351,"vs LY":-0.2462511108,"vs 3LM":-0.2349487376,"vs LM":-0.2023243131}
{"Kabupaten":"Tabalong","Kecamatan":"Muara Harus","Latitude":-2.2233015203,"Longitude":115.3252246964,"LY":3979045.4691610006,"3LM":6731317.2649749992,