{"Kabupaten":"Balangan","Kecamatan":"Awayan","Latitude":-2.43965533,"Longitude":115.519367,"LY":12043479.7191420011,"3LM":15476209.2691859994,"LM":16663048.6241900008,"Target":17590423.0282240361,"Actual":7968627.4761100002,"Gap":-9621795.5521140359,"Ach":0.4530094281,"vs LY":-0.3383450911,"vs 3LM":-0.485104696,"vs LM":-0.5217785379}
{"Kabupaten":"Balangan","Kecamatan":"Batu Mandi","Latitude":-2.4304791013,"Longitude":115.436633903,"LY":19022867.6513759978,"3LM":25671462.8287913315,"LM":26146963.2487470023,"Target":30852740.1726187877,"Actual":12168632.9659160022,"Gap":-18684107.2067027837,"Ach":0.3944101204,"vs LY":-0.3603155324,"vs 3LM":-0.5259859928,"vs LM":-0.5346062619}
{"Kabupaten":"Balangan","Kecamatan":"Halong","Latitude":-2.2323205665,"Longitude":115.6403981724,"LY":41217338.5978389978,"3LM":36029318.9116706774,"LM":41953019.8267890215,"Target":38318137.1780136377,"Actual":22141504.5449679978,"Gap":-16176632.6330456398,"Ach":0.577833532,"vs LY":-0.4628109117,"vs 3LM":-0.3854586983,"vs LM":-0.4722309708}
{"Kabupaten":"Balangan","Kecamatan":"Juai","Latitude":-2.3589479,"Longitude":115.5794939,"LY":29354998.4080699943,"3LM":33737486.7258236632,"LM":33116745.2634180002,"Target":40681568.576566495,"Actual":14674737.5625799969,"Gap":-26006831.0139864981,"Ach":0.3607220192,"vs LY":-0.5000940774,"vs 3LM":-0.5650316907,"vs LM":-0.556878629}
{"Kabupaten":"Balangan","Kecamatan":"Lampihong","Latitude":-2.32699,"Longitude":115.41209,"LY":33186176.7118880041,"3LM":43160598.6702686697,"LM":44900923.8057989925,"Target":48799706.579562299,"Actual":22780319.2035600059,"Gap":-26019387.3760022931,"Ach":0.4668126266,"vs LY":-0.3135599981,"vs 3LM":-0.4721964035,"vs LM":-0.4926536634}
{"Kabupaten":"Balangan","Kecamatan":"Paringin","Latitude":-2.2665,"Longitude":115.479342,"LY":87275613.3320579976,"3LM":110625306.6508666724,"LM":126250889.2719979584,"Target":118964602.4890743047,"Actual":62840956.888229005,"Gap":-56123645.6008452997,"Ach":0.528232395,"vs LY":-0.2799711799,"vs 3LM":-0.4319477271,"vs LM":-0.5022533524}
{"Kabupaten":"Balangan","Kecamatan":"Paringin Selatan","Latitude":-2.3387633976,"Longitude":115.4573822207,"LY":15247226.5047259983,"3LM":16653299.2344930023,"LM":16350242.7030100003,"Target":19441814.3269069567,"Actual":4036058.7895460003,"Gap":-15405755.5373609569,"Ach":0.207596818,"vs LY":-0.7352922652,"vs 3LM":-0.7576420905,"vs LM":-0.7531499157}
{"Kabupaten":"Balangan","Kecamatan":"Tebing Tinggi","Latitude":-2.4460665713,"Longitude":115.5946078524,"LY":10804309.1304669995,"3LM":10730452.9030233324,"LM":11400187.4160849992,"Target":11588431.7392828371,"Actual":6517202.7525089998,"Gap":-5071228.9867738374,"Ach":0.5623886734,"vs LY":-0.3967959752,"vs 3LM":-0.3926442051,"vs LM":-0.4283249464}
{"Kabupaten":"Barito Selatan","Kecamatan":"Dusun Selatan","Latitude":-1.73069,"Longitude":114.8312749,"LY":329971444.2221528888,"3LM":417350607.622553587,"LM":431486914.1316890717,"Target":436359700.1069171429,"Actual":228852953.1453929543,"Gap":-207506746.9615241885,"Ach":0.5244594152,"vs LY":-0.3064461875,"vs 3LM":-0.4516530012,"vs LM":-0.4696178594}
{"Kabupaten":"Barito Timur","Kecamatan":"Dusun Tengah","Latitude":-1.803919327,"Longitude":115.1570300535,"LY":362602579.238468945,"3LM":360023267.8567819595,"LM":402370403.7968299985,"Target":381804335.3307158947,"Actual":170506278.2494589984,"Gap":-211298057.0812568963,"Ach":0.4465802571,"vs LY":-0.5297709172,"vs 3LM":-0.5264020593,"vs LM":-0.5762454777}
{"Kabupaten":"Barito Timur","Kecamatan":"Dusun Timur","Latitude":-2.1054690774,"Longitude":115.1580743187,"LY":190895951.6139919758,"3LM":181786437.9920830131,"LM":184159895.0884010196,"Target":201557073.6613191068,"Actual":95646162.5715219975,"Gap":-105910911.0897971094,"Ach":0.4745363724,"vs LY":-0.4989618074,"vs 3LM":-0.4738542455,"vs LM":-0.4806352245}
{"Kabupaten":"Barito Timur","Kecamatan":"Karusen Janang","Latitude":-1.96067,"Longitude":115.090712,"LY":12867286.5816639997,"3LM":15420848.4660029989,"LM":11302282.8561040014,"Target":18246592.7620312907,"Actual":15386140.7417639978,"Gap":-2860452.0202672929,"Ach":0.843233635,"vs LY":0.1957564358,"vs 3LM":-0.0022507013,"vs LM":0.3613303558}
{"Kabupaten":"Barito Timur","Kecamatan":"Paku","Latitude":-1.915519,"Longitude":115.228951,"LY":13922251.8591260016,"3LM":20531374.0270003341,"LM":15412353.2825749964,"Target":23586155.2593980767,"Actual":14111154.308806004,"Gap":-9475000.9505920727,"Ach":0.598281244,"vs LY":0.0135683833,"vs 3LM":-0.3127028766,"vs LM":-0.0844257168}
{"Kabupaten":"Barito Timur","Kecamatan":"Patangkep Tutui","Latitude":-2.060464,"Longitude":115.332936,"LY":4943583.253498001,"3LM":6959206.2667953325,"LM":8761167.8500689995,"Target":8009382.8737271931,"Actual":2452673.9517080002,"Gap":-5556708.9220191929,"Ach":0.3062250851,"vs LY":-0.5038671696,"vs 3LM":-0.6475641247,"vs LM":-0.7200517107}
{"Kabupaten":"Barito Timur","Kecamatan":"Pematang Karau","Latitude":-1.7978322971,"Longitude":115.0919550264,"LY":4062657.4844990005,"3LM":23242428.686617665,"LM":22431627.1574820057,"Target":25667740.0546709858,"Actual":14650892.2285890002,"Gap":-11016847.8260819856,"Ach":0.5707901123,"vs LY":2.6062336745,"vs 3LM":-0.3696488252,"vs LM":-0.3468644907}
{"Kabupaten":"Barito Timur","Kecamatan":"Raren Batuah","Latitude":-1.7434491614,"Longitude":115.1517511715,"LY":27458880.1434360035,"3LM":26853696.2225536667,"LM":27061978.5867949948,"Target":28473324.1254830062,"Actual":15664587.4193339981,"Gap":-12808736.7061490081,"Ach":0.5501495839,"vs LY":-0.4295256275,"vs 3LM":-0.4166692254,"vs LM":-0.4211588274}
{"Kabupaten":"Barito Timur","Kecamatan":"Banua Lima","Latitude":-2.2184378642,"Longitude":115.2610013108,"LY":41884305.6627009884,"3LM":58932031.1233616769,"LM":59095712.0097180232,"Target":62460462.5798057094,"Actual":19571113.7652690001,"Gap":-42889348.8145367056,"Ach":0.3133360362,"vs LY":-0.5327339571,"vs 3LM":-0.6679036274,"vs LM":-0.6688234544}
{"Kabupaten":"Tabalong","Kecamatan":"Banua Lawas","Latitude":-2.28726,"Longitude":115.281127,"LY":39802021.1811590046,"3LM":48162176.1681736782,"LM":49315036.3960560113,"Target":50939202.3788718209,"Actual":31785424.1381860003,"Gap":-19153778.2406858206,"Ach":0.6239874724,"vs LY":-0.2014118079,"vs 3LM":-0.340033473,"vs LM":-0.3554618133}
{"Kabupaten":"Tabalong","Kecamatan":"Bintang Ara","Latitude":-1.9683863191,"Longitude":115.443016594,"LY":23538253.7096109912,"3LM":38363331.5925476477,"LM":38123862.5399829969,"Target":42019525.386063382,"Actual":25324012.987432003,"Gap":-16695512.398631379,"Ach":0.6026725137,"vs LY":0.0758662601,"vs 3LM":-0.339890152,"vs LM":-0.3357437757}
{"Kabupaten":"Tabalong","Kecamatan":"Haruai","Latitude":-2.045107,"Longitude":115.454399,"LY":269075595.5609949827,"3LM":170557351.6314313114,"LM":203748853.6974379122,"Target":177712163.3330851793,"Actual":76266207.6322000176,"Gap":-101445955.7008851618,"Ach":0.4291558113,"vs LY":-0.7165621525,"vs 3LM":-0.5528412765,"vs LM":-0.6256852186}
{"Kabupaten":"Tabalong","Kecamatan":"Jaro","Latitude":-1.8784023123,"Longitude":115.6470060816,"LY":45862499.1450709999,"3LM":53254596.5926356688,"LM":49361113.1005160064,"Target":63873039.5322016627,"Actual":34703577.6861129999,"Gap":-29169461.8460886627,"Ach":0.5433212188,"vs LY":-0.2433125466,"vs 3LM":-0.3483458723,"vs LM":-0.2969449936}
{"Kabupaten":"Tabalong","Kecamatan":"Kelua","Latitude":-2.250139259,"Longitude":115.3174067,"LY":259713753.0102279484,"3LM":234647086.8106580079,"LM":208656967.0376650095,"Target":252870945.1596271396,"Actual":86475277.120010972,"Gap":-166395668.0396161675,"Ach":0.3419739546,"vs LY":-0.6670362038,"vs 3LM":-0.6314666494,"vs LM":-0.5855624744}
{"Kabupaten":"Tabalong","Kecamatan":"Muara Harus","Latitude":-2.2233015203,"Longitude":115.3252246964,"LY":5330390.3749360004,"3LM":5233218.5067750011,"LM":6717962.296112,"Target":5704845.1320515815,"Actual":5257067.6021529995,"Gap":-447777.529898582,"Ach":0.9215092576,"vs LY":-0.0137556103,"vs 3LM":0.004557252,"vs LM":-0.2174609844}
{"Kabupaten":"Tabalong","Kecamatan":"Muara Uya",