{"Kabupaten":"Balangan","Kecamatan":"Awayan","Latitude":-2.4402498,"Longitude":115.518659,"LY":9510486.0493599996,"3LM":17641142.8117126673,"LM":18495194.8438410014,"Target":18808536.0519041866,"Actual":10527680.7516840007,"Gap":-8280855.3002201859,"Ach":0.5597288764,"vs LY":0.1069550701,"vs 3LM":-0.403231363,"vs LM":-0.4307883296}
{"Kabupaten":"Balangan","Kecamatan":"Batu Mandi","Latitude":-2.430479101,"Longitude":115.4366339,"LY":19469027.4694439992,"3LM":25744845.9645793401,"LM":25692925.5122980066,"Target":28981692.3322453499,"Actual":13514280.9757310022,"Gap":-15467411.3565143477,"Ach":0.4663040661,"vs LY":-0.3058574191,"vs 3LM":-0.4750684858,"vs LM":-0.4740077003}
{"Kabupaten":"Balangan","Kecamatan":"Halong","Latitude":-2.232320567,"Longitude":115.6403982,"LY":43805500.5057610124,"3LM":48265333.1178110018,"LM":41935278.1153090075,"Target":54344706.9427915215,"Actual":29823312.6150419973,"Gap":-24521394.3277495243,"Ach":0.5487804479,"vs LY":-0.3191879497,"vs 3LM":-0.382096617,"vs LM":-0.2888252098}
{"Kabupaten":"Balangan","Kecamatan":"Juai","Latitude":-2.36173,"Longitude":115.57581,"LY":15011141.8119239993,"3LM":42249383.4636686668,"LM":39391051.6279250011,"Target":47909639.4920988679,"Actual":25515812.4202879965,"Gap":-22393827.0718108714,"Ach":0.5325820167,"vs LY":0.6997915775,"vs 3LM":-0.3960666327,"vs LM":-0.3522434318}
{"Kabupaten":"Balangan","Kecamatan":"Lampihong","Latitude":-2.32406,"Longitude":115.41205,"LY":28966553.6394039914,"3LM":54441909.3292433396,"LM":43864956.7703329995,"Target":61758945.690772064,"Actual":31167895.222954005,"Gap":-30591050.467818059,"Ach":0.5046701312,"vs LY":0.0759959784,"vs 3LM":-0.4275017977,"vs LM":-0.2894579747}
{"Kabupaten":"Balangan","Kecamatan":"Paringin","Latitude":-2.3154,"Longitude":115.46736,"LY":89439759.7968699932,"3LM":114511606.2617283314,"LM":101469597.5931990594,"Target":124679091.3564494848,"Actual":87392690.7017640024,"Gap":-37286400.6546854824,"Ach":0.7009410299,"vs LY":-0.0228876855,"vs 3LM":-0.2368224187,"vs LM":-0.1387302919}
{"Kabupaten":"Balangan","Kecamatan":"Paringin Selatan","Latitude":-2.338763398,"Longitude":115.4573822,"LY":13591925.0793689974,"3LM":20245464.2399756648,"LM":21966394.1980569959,"Target":22512388.6883268729,"Actual":10695734.5841110013,"Gap":-11816654.1042158715,"Ach":0.4751043851,"vs LY":-0.2130816995,"vs 3LM":-0.4716972425,"vs LM":-0.513086468}
{"Kabupaten":"Balangan","Kecamatan":"Tebing Tinggi","Latitude":-2.446066571,"Longitude":115.5946079,"LY":7619369.1885340009,"3LM":12017487.6845599953,"LM":12497873.1705090012,"Target":13236352.1683478951,"Actual":7262372.9643009994,"Gap":-5973979.2040468957,"Ach":0.5486687625,"vs LY":-0.0468537769,"vs 3LM":-0.3956829285,"vs LM":-0.4189112927}
{"Kabupaten":"Barito Selatan","Kecamatan":"Dusun Selatan","Latitude":-1.7763409,"Longitude":114.805255,"LY":382744817.5544041395,"3LM":399031540.0585972071,"LM":375035539.9049500227,"Target":447785746.7376651168,"Actual":208532879.1541179717,"Gap":-239252867.5835471451,"Ach":0.4656978939,"vs LY":-0.4551647218,"vs 3LM":-0.4774025153,"vs LM":-0.4439650194}
{"Kabupaten":"Barito Selatan","Kecamatan":"Gn. Bintang Awai","Latitude":"0x2a","Longitude":"0x2a","LY":0.0,"3LM":0.0,"LM":0.0,"Target":0.0,"Actual":0.0,"Gap":0.0,"Ach":"0x7","vs LY":0.0,"vs 3LM":0.0,"vs LM":0.0}
{"Kabupaten":"Barito Timur","Kecamatan":"Dusun Tengah","Latitude":-1.803919327,"Longitude":115.1570301,"LY":399779391.8044020534,"3LM":336340101.6578603983,"LM":396508745.0268201232,"Target":384528626.6609842181,"Actual":118398846.3163660169,"Gap":-266129780.3446182013,"Ach":0.3079064551,"vs LY":-0.7038395457,"vs 3LM":-0.6479787996,"vs LM":-0.701396633}
{"Kabupaten":"Barito Timur","Kecamatan":"Dusun Timur","Latitude":-2.105469077,"Longitude":115.1580743,"LY":181606832.3192650378,"3LM":197186017.0031810701,"LM":196410459.7745669782,"Target":216500878.7136471868,"Actual":123240687.3149389774,"Gap":-93260191.3987082094,"Ach":0.5692387396,"vs LY":-0.3213873854,"vs 3LM":-0.3750029075,"vs LM":-0.3725350093}
{"Kabupaten":"Barito Timur","Kecamatan":"Karusen Janang","Latitude":-1.96067,"Longitude":115.090712,"LY":14728949.7828060016,"3LM":15903150.4679340012,"LM":14843563.7376420032,"Target":18190071.5458140075,"Actual":10406983.0424089991,"Gap":-7783088.5034050085,"Ach":0.57212436,"vs LY":-0.293433463,"vs 3LM":-0.3456024287,"vs LM":-0.2988891868}
{"Kabupaten":"Barito Timur","Kecamatan":"Paku","Latitude":-1.915519,"Longitude":115.228951,"LY":4443289.8180810018,"3LM":26666643.7508439906,"LM":21549817.3832070008,"Target":29926718.3253829367,"Actual":9737216.3304160014,"Gap":-20189501.9949669354,"Ach":0.325368663,"vs LY":1.1914429914,"vs 3LM":-0.6348540738,"vs LM":-0.5481531858}
{"Kabupaten":"Barito Timur","Kecamatan":"Patangkep Tutui","Latitude":-2.060464,"Longitude":115.332936,"LY":4302014.9103159998,"3LM":7955980.7920876658,"LM":6600544.3310660003,"Target":7926381.7741742702,"Actual":2817424.4089140003,"Gap":-5108957.3652602695,"Ach":0.3554489916,"vs LY":-0.3450919005,"vs 3LM":-0.6458734023,"vs LM":-0.5731527178}
{"Kabupaten":"Barito Timur","Kecamatan":"Pematang Karau","Latitude":-1.79635285,"Longitude":115.107221,"LY":5052804.1508740019,"3LM":28252671.7260736674,"LM":29037672.825767003,"Target":31911240.2156333625,"Actual":20767693.7533270009,"Gap":-11143546.4623063616,"Ach":0.6507955696,"vs LY":3.110132341,"vs 3LM":-0.2649299169,"vs LM":-0.2848017168}
{"Kabupaten":"Barito Timur","Kecamatan":"Raren Batuah","Latitude":-1.743449161,"Longitude":115.1517512,"LY":9431231.8813069984,"3LM":25991429.189683672,"LM":22278989.0766350031,"Target":26953324.2291104496,"Actual":12443698.2568209991,"Gap":-14509625.9722894505,"Ach":0.4616758271,"vs LY":0.3194138808,"vs 3LM":-0.5212383988,"vs LM":-0.4414603726}
{"Kabupaten":"Barito Timur","Kecamatan":"Banua Lima","Latitude":-2.218437864,"Longitude":115.2610013,"LY":54723987.2565560192,"3LM":66915446.1345436573,"LM":75742241.4570950121,"Target":79780783.0411528647,"Actual":44773327.260363996,"Gap":-35007455.7807888687,"Ach":0.5612044098,"vs LY":-0.1818336071,"vs 3LM":-0.3308969775,"vs LM":-0.4088724284}
{"Kabupaten":"Tabalong","Kecamatan":"Banua Lawas","Latitude":-2.287651592,"Longitude":115.2782222,"LY":39479286.170931004,"3LM":53002751.4525393471,"LM":48051343.8321340084,"Target":57770761.6223792881,"Actual":21977440.8282929994,"Gap":-35793320.7940862924,"Ach":0.3804249799,"vs LY":-0.4433171681,"vs 3LM":-0.5853528312,"vs LM":-0.5426258857}
{"Kabupaten":"Tabalong","Kecamatan":"Bintang Ara","Latitude":-1.95722,"Longitude":115.4422,"LY":25058501.0177830011,"3LM":31731385.468131341,"LM":28198669.4802910015,"Target":35716338.2942518443,"Actual":41574819.4415270016,"Gap":5858481.1472751573,"Ach":1.1640280451,"vs LY":0.6591103918,"vs 3LM":0.3102112885,"vs LM":0.4743539397}
{"Kabupaten":"Tabalong","Kecamatan":"Haruai","Latitude":-2.045107,"Longitude":115.454399,"LY":257681641.9189169705,"3LM":229676439.8525160253,"LM":107863399.7198159695,"Target":267267480.1501057446,"Actual":56633271.6693160012,"Gap":-210634208.4807897508,"Ach":0.2118973533,"vs LY":-0.7802199984,"vs 3LM":-0.7534215015,"vs LM":-0.4749537673}
{"Kabupaten":"Tabalong","Kecamatan":"Jaro","Latitude":-1.878402312,"Longitude":115.6470061,"LY":46772998.7182190046,"3LM":58111695.9484896809,"LM":43173385.0509680063,"Target":65116338.2018779218,"Actual":36975513.9191839993,"Gap":-28140824.2826939225,"Ach":0.5678377338,"vs LY":-0.2094688189,"vs 3LM":-0.3637164892,"vs LM":-0.1435576832}
{"Kabupaten":"Tabalong","Kecamatan":"Kelua","Latitude":-2.250139259,"Longitude":115.3174067,"LY":250376402.1157869697,"3LM":205703638.517678678,"LM":219097348.1411170363,"Target":231618094.8372320235,"Actual":144114716.5270359814,"Gap":-87503378.3101960421,"Ach":0.6222083669,"vs LY":-0.4244077505,"vs 3LM":-0.2994060894,"vs LM":-0.3422343184}
{"Kabupaten":"Tabalong","Kecamatan":"Muara Harus","Latitude":-2.22330152,"Longitude":115.3252247,"LY":2588432.0437499997,"3LM":6731317.2649750002,"LM":4604364.0488189999,"Target":6749351.2301048022,"Actual":328018.0609,