{"Kabupaten":"Balangan","Kecamatan":"Awayan","Latitude":-2.39256,"Longitude":115.5216,"LY":8927301.9810080007,"3LM":17757705.8362439945,"LM":16523707.2231130023,"Target":20255507.3015725762,"Actual":14713919.7572669983,"Gap":-5541587.5443055779,"Ach":0.7264157613,"vs LY":0.6481933499,"vs 3LM":-0.1714064929,"vs LM":-0.1095267207}
{"Kabupaten":"Balangan","Kecamatan":"Batu Mandi","Latitude":-2.4292323988,"Longitude":115.422626833,"LY":17861603.3447389975,"3LM":23979612.3052146658,"LM":21553113.7881549969,"Target":27783763.8471435718,"Actual":25876411.6213780008,"Gap":-1907352.225765571,"Ach":0.9313501138,"vs LY":0.4487171796,"vs 3LM":0.0791004997,"vs LM":0.2005880856}
{"Kabupaten":"Balangan","Kecamatan":"Halong","Latitude":-2.2558601,"Longitude":115.660378,"LY":47214833.7044310123,"3LM":46335864.038585335,"LM":53023638.7167770043,"Target":52943892.8024273068,"Actual":23897321.721549999,"Gap":-29046571.0808773078,"Ach":0.4513706956,"vs LY":-0.4938598774,"vs 3LM":-0.484258636,"vs LM":-0.549308152}
{"Kabupaten":"Balangan","Kecamatan":"Juai","Latitude":-2.266727,"Longitude":115.580914,"LY":20244387.4466530047,"3LM":40288847.2506593317,"LM":47371103.4471670091,"Target":47230605.086962603,"Actual":23660953.2675930038,"Gap":-23569651.8193695992,"Ach":0.5009665496,"vs LY":0.1687660755,"vs 3LM":-0.412717045,"vs LM":-0.5005192713}
{"Kabupaten":"Balangan","Kecamatan":"Lampihong","Latitude":-2.3371238548,"Longitude":115.3779032517,"LY":31850133.4396659955,"3LM":50939961.8314243406,"LM":49584429.8517140076,"Target":58739648.6498122141,"Actual":36569631.047574006,"Gap":-22170017.6022382081,"Ach":0.6225714979,"vs LY":0.148178268,"vs 3LM":-0.2821032892,"vs LM":-0.2624775326}
{"Kabupaten":"Balangan","Kecamatan":"Paringin","Latitude":-2.3241191508,"Longitude":115.481873937,"LY":100364293.5140649974,"3LM":113095437.5321386456,"LM":137604264.4388060272,"Target":126309095.9749251008,"Actual":69100967.520905003,"Gap":-57208128.4540200979,"Ach":0.547078316,"vs LY":-0.3114984911,"vs 3LM":-0.3890030489,"vs LM":-0.4978282991}
{"Kabupaten":"Balangan","Kecamatan":"Paringin Selatan","Latitude":-2.35991381,"Longitude":115.491479,"LY":16358889.304339001,"3LM":19619993.4843949974,"LM":21781365.4458850026,"Target":22167463.6244880594,"Actual":16106502.2059970032,"Gap":-6060961.4184910562,"Ach":0.7265829992,"vs LY":-0.0154281317,"vs 3LM":-0.1790770869,"vs LM":-0.260537534}
{"Kabupaten":"Balangan","Kecamatan":"Tebing Tinggi","Latitude":-2.4459316,"Longitude":115.5954161,"LY":4262775.5466440003,"3LM":10806430.9169346672,"LM":11571782.8918529991,"Target":12861474.300206054,"Actual":9338182.0328490008,"Gap":-3523292.2673570532,"Ach":0.7260584452,"vs LY":1.1906342313,"vs 3LM":-0.1358680674,"vs LM":-0.1930213244}
{"Kabupaten":"Barito Selatan","Kecamatan":"Dusun Selatan","Latitude":-1.720383874,"Longitude":114.8319730086,"LY":401577389.0931699872,"3LM":409763553.9395279288,"LM":438514731.3137370348,"Target":479704079.4922811389,"Actual":217033079.9010719955,"Gap":-262670999.5912091434,"Ach":0.4524311741,"vs LY":-0.4595485558,"vs 3LM":-0.4703455741,"vs LM":-0.5050723171}
{"Kabupaten":"Barito Selatan","Kecamatan":"Gn. Bintang Awai","Latitude":-1.5588597,"Longitude":115.056983,"LY":0.0,"3LM":18531178.8930913322,"LM":17787477.5114969984,"Target":21849050.520811066,"Actual":0.0,"Gap":-21849050.520811066,"Ach":0.0,"vs LY":0.0,"vs 3LM":-1.0,"vs LM":-1.0}
{"Kabupaten":"Barito Timur","Kecamatan":"Dusun Tengah","Latitude":-1.8022954,"Longitude":115.1548074,"LY":276425581.2122658491,"3LM":360595054.5106035471,"LM":365332071.6021960378,"Target":434393777.1969140172,"Actual":123794886.7350419611,"Gap":-310598890.4618720412,"Ach":0.2849831034,"vs LY":-0.552158356,"vs 3LM":-0.6566927772,"vs LM":-0.6611442127}
{"Kabupaten":"Barito Timur","Kecamatan":"Dusun Timur","Latitude":-2.1205231202,"Longitude":115.1754580989,"LY":203009259.7540359795,"3LM":186249279.4144886732,"LM":185736769.7929059863,"Target":208880894.1955741942,"Actual":142973475.5159298778,"Gap":-65907418.6796443164,"Ach":0.6844736857,"vs LY":-0.2957292899,"vs 3LM":-0.2323542085,"vs LM":-0.230236018}
{"Kabupaten":"Barito Timur","Kecamatan":"Karusen Janang","Latitude":-1.968963,"Longitude":115.079843,"LY":15569697.5241150018,"3LM":14782764.4639700018,"LM":16096047.9827590026,"Target":17133902.3653657325,"Actual":9912270.4911449999,"Gap":-7221631.8742207326,"Ach":0.5785179745,"vs LY":-0.3633613963,"vs 3LM":-0.3294711206,"vs LM":-0.3841798619}
{"Kabupaten":"Barito Timur","Kecamatan":"Paku","Latitude":-1.9161291,"Longitude":115.1321335,"LY":14917567.1396600008,"3LM":20982432.5409429967,"LM":13203654.2717550024,"Target":24378098.0055813156,"Actual":13263267.6693079975,"Gap":-11114830.3362733182,"Ach":0.5440649088,"vs LY":-0.1108960633,"vs 3LM":-0.3678870339,"vs LM":0.0045149166}
{"Kabupaten":"Barito Timur","Kecamatan":"Patangkep Tutui","Latitude":-2.060464,"Longitude":115.332936,"LY":6850305.5870610001,"3LM":6854747.1071646661,"LM":7124939.0352100013,"Target":7269942.1557059158,"Actual":6202306.5576410014,"Gap":-1067635.5980649143,"Ach":0.8531438662,"vs LY":-0.0945941785,"vs 3LM":-0.0951808344,"vs LM":-0.1294933856}
{"Kabupaten":"Barito Timur","Kecamatan":"Pematang Karau","Latitude":-1.8183040976,"Longitude":115.0332972912,"LY":15305363.4726409987,"3LM":27589414.2979530022,"LM":28745531.6712230034,"Target":31737585.135325972,"Actual":15548975.7297660019,"Gap":-16188609.4055599701,"Ach":0.4899230885,"vs LY":0.0159167901,"vs 3LM":-0.4364151568,"vs LM":-0.459081992}
{"Kabupaten":"Barito Timur","Kecamatan":"Raren Batuah","Latitude":-1.7403467907,"Longitude":115.1501460989,"LY":3996994.2967410004,"3LM":25615761.8896293379,"LM":23140892.0773429945,"Target":26711688.6930467039,"Actual":13239732.5503330026,"Gap":-13471956.1427137014,"Ach":0.4956531465,"vs LY":2.3124221771,"vs 3LM":-0.4831411766,"vs LM":-0.4278642108}
{"Kabupaten":"Barito Timur","Kecamatan":"Banua Lima","Latitude":-2.2184378642,"Longitude":115.2610013108,"LY":80749783.9609590024,"3LM":71790907.2575410157,"LM":66386522.7751090005,"Target":90709686.7123184055,"Actual":39048667.7120849937,"Gap":-51661019.0002334118,"Ach":0.4304795786,"vs LY":-0.5164238739,"vs 3LM":-0.456077807,"vs LM":-0.4117982675}
{"Kabupaten":"Tabalong","Kecamatan":"Banua Lawas","Latitude":-2.28726,"Longitude":115.281127,"LY":29792322.6726430058,"3LM":51074317.4797046632,"LM":44668254.8371349871,"Target":56942019.9225475937,"Actual":28974511.9383769967,"Gap":-27967507.984170597,"Ach":0.5088423624,"vs LY":-0.0274503852,"vs 3LM":-0.4326989891,"vs LM":-0.3513399607}
{"Kabupaten":"Tabalong","Kecamatan":"Bintang Ara","Latitude":-1.9683863191,"Longitude":115.443016594,"LY":38193526.024582997,"3LM":39208242.3271243274,"LM":59451369.9936619923,"Target":46918482.8616182208,"Actual":14268603.8019289952,"Gap":-32649879.0596892238,"Ach":0.3041147738,"vs LY":-0.6264130263,"vs 3LM":-0.6360815238,"vs LM":-0.7599953743}
{"Kabupaten":"Tabalong","Kecamatan":"Haruai","Latitude":-2.0448820572,"Longitude":115.4549609451,"LY":228051502.7978450656,"3LM":173874716.0745813251,"LM":96991227.0519049913,"Target":218156007.4764437675,"Actual":69327820.1740059853,"Gap":-148828187.3024377823,"Ach":0.3177901034,"vs LY":-0.6959992838,"vs 3LM":-0.6012771624,"vs LM":-0.2852155573}
{"Kabupaten":"Tabalong","Kecamatan":"Jaro","Latitude":-1.7728843347,"Longitude":115.6479217413,"LY":50482705.5866469964,"3LM":56772919.0941176638,"LM":61741652.8311740085,"Target":64874531.6804772243,"Actual":39786675.9393000007,"Gap":-25087855.7411772236,"Ach":0.6132865226,"vs LY":-0.2118751268,"vs 3LM":-0.2991962264,"vs LM":-0.3555942526}
{"Kabupaten":"Tabalong","Kecamatan":"Kelua","Latitude":-2.26824785,"Longitude":115.3108389917,"LY":255033909.8686400056,"3LM":229585856.6536051035,"LM":272369730.3151669502,"Target":261843831.921061039,"Actual":120625396.6958300173,"Gap":-141218435.2252310216,"Ach":0.4606768692,"vs LY":-0.5270221252,"vs 3LM":-0.4745956983,"vs LM":-0.5571262763}
{"Kabupaten":"Tabalong","Kecamatan":"Muara Harus","Latitude":-2.2233015203,"Longitude":115.3252246964,