{"Kabupaten":"Balangan","Kecamatan":"Awayan","Latitude":-2.39256,"Longitude":115.5216,"LY":8927301.9810080007,"3LM":17913650.2504750006,"LM":16523707.2231130023,"Target":20138440.3466201089,"Actual":0.0,"Gap":-20138440.3466201089,"Ach":0.0,"vs LY":-1.0,"vs 3LM":-1.0,"vs LM":-1.0}
{"Kabupaten":"Balangan","Kecamatan":"Batu Mandi","Latitude":-2.4292323988,"Longitude":115.422626833,"LY":17861603.3447389975,"3LM":25590902.0276976638,"LM":21553113.7881549969,"Target":30390330.9840938859,"Actual":0.0,"Gap":-30390330.9840938859,"Ach":0.0,"vs LY":-1.0,"vs 3LM":-1.0,"vs LM":-1.0}
{"Kabupaten":"Balangan","Kecamatan":"Halong","Latitude":-2.2558601,"Longitude":115.660378,"LY":47214833.7044310123,"3LM":43496480.6620036811,"LM":53023638.7167770043,"Target":49703620.3357343078,"Actual":0.0,"Gap":-49703620.3357343078,"Ach":0.0,"vs LY":-1.0,"vs 3LM":-1.0,"vs LM":-1.0}
{"Kabupaten":"Balangan","Kecamatan":"Juai","Latitude":-2.266727,"Longitude":115.580914,"LY":20244387.4466530047,"3LM":38452471.0069643334,"LM":47371103.4471670091,"Target":45737045.3884960487,"Actual":0.0,"Gap":-45737045.3884960487,"Ach":0.0,"vs LY":-1.0,"vs 3LM":-1.0,"vs LM":-1.0}
{"Kabupaten":"Balangan","Kecamatan":"Lampihong","Latitude":-2.3371238548,"Longitude":115.3779032517,"LY":31850133.4396659955,"3LM":51438979.7470146865,"LM":49584429.8517140076,"Target":60873797.8802461401,"Actual":0.0,"Gap":-60873797.8802461401,"Ach":0.0,"vs LY":-1.0,"vs 3LM":-1.0,"vs LM":-1.0}
{"Kabupaten":"Balangan","Kecamatan":"Paringin","Latitude":-2.3241191508,"Longitude":115.481873937,"LY":100364293.5140649974,"3LM":115387643.3782446533,"LM":137604264.4388060272,"Target":127051820.2789573818,"Actual":650279.3249540001,"Gap":-126401540.9540033787,"Ach":0.0051182212,"vs LY":-0.99352081,"vs 3LM":-0.9943643937,"vs LM":-0.9952742793}
{"Kabupaten":"Balangan","Kecamatan":"Paringin Selatan","Latitude":-2.35991381,"Longitude":115.491479,"LY":16358889.304339001,"3LM":17969920.4976116642,"LM":21781365.4458849989,"Target":20518981.8768371902,"Actual":0.0,"Gap":-20518981.8768371902,"Ach":0.0,"vs LY":-1.0,"vs 3LM":-1.0,"vs LM":-1.0}
{"Kabupaten":"Balangan","Kecamatan":"Tebing Tinggi","Latitude":-2.4459316,"Longitude":115.5954161,"LY":4262775.5466440003,"3LM":10132423.3626690004,"LM":11571782.8918529991,"Target":11267397.7196124662,"Actual":0.0,"Gap":-11267397.7196124662,"Ach":0.0,"vs LY":-1.0,"vs 3LM":-1.0,"vs LM":-1.0}
{"Kabupaten":"Barito Selatan","Kecamatan":"Dusun Selatan","Latitude":-1.720383874,"Longitude":114.8319730086,"LY":401577389.0931699872,"3LM":409298113.81306988,"LM":438514731.3137370348,"Target":461984223.0398744345,"Actual":30903444.2356070019,"Gap":-431080778.8042674065,"Ach":0.0668928563,"vs LY":-0.9230448599,"vs 3LM":-0.92449649,"vs LM":-0.9295270101}
{"Kabupaten":"Barito Selatan","Kecamatan":"Gn. Bintang Awai","Latitude":-1.5588597,"Longitude":115.056983,"LY":0.0,"3LM":16347067.8518893346,"LM":17787477.5114969984,"Target":18363959.8012155592,"Actual":0.0,"Gap":-18363959.8012155592,"Ach":0.0,"vs LY":0.0,"vs 3LM":-1.0,"vs LM":-1.0}
{"Kabupaten":"Barito Timur","Kecamatan":"Dusun Tengah","Latitude":-1.8022954,"Longitude":115.1548074,"LY":276425581.2122658491,"3LM":335540022.7978373766,"LM":365332071.6021960378,"Target":390675754.0554724336,"Actual":2680379.3393629999,"Gap":-387995374.7161094546,"Ach":0.0068608797,"vs LY":-0.9903034324,"vs 3LM":-0.9920117448,"vs LM":-0.9926631699}
{"Kabupaten":"Barito Timur","Kecamatan":"Dusun Timur","Latitude":-2.1205231202,"Longitude":115.1754580989,"LY":203009259.7540359795,"3LM":186251710.2188106179,"LM":185736769.7929060459,"Target":213773994.5913071036,"Actual":0.0,"Gap":-213773994.5913071036,"Ach":0.0,"vs LY":-1.0,"vs 3LM":-1.0,"vs LM":-1.0}
{"Kabupaten":"Barito Timur","Kecamatan":"Karusen Janang","Latitude":-1.968963,"Longitude":115.079843,"LY":15569697.5241150018,"3LM":14415490.1587383337,"LM":16096047.9827590007,"Target":18011057.7015209533,"Actual":281081.08081,"Gap":-17729976.6207109541,"Ach":0.0156060286,"vs LY":-0.9819469145,"vs 3LM":-0.9805014552,"vs LM":-0.9825372613}
{"Kabupaten":"Barito Timur","Kecamatan":"Paku","Latitude":-1.9161291,"Longitude":115.1321335,"LY":14917567.1396600008,"3LM":19046930.679459665,"LM":13203654.2717550006,"Target":22504323.8184085712,"Actual":12463502.7527649999,"Gap":-10040821.0656435713,"Ach":0.5538270269,"vs LY":-0.1645083521,"vs 3LM":-0.3456424574,"vs LM":-0.0560565661}
{"Kabupaten":"Barito Timur","Kecamatan":"Patangkep Tutui","Latitude":-2.060464,"Longitude":115.332936,"LY":6850305.5870610001,"3LM":6722001.1826896667,"LM":7124939.0352099994,"Target":8234112.1802259535,"Actual":0.0,"Gap":-8234112.1802259535,"Ach":0.0,"vs LY":-1.0,"vs 3LM":-1.0,"vs LM":-1.0}
{"Kabupaten":"Barito Timur","Kecamatan":"Pematang Karau","Latitude":-1.8183040976,"Longitude":115.0332972912,"LY":15305363.4726409987,"3LM":26558056.1218843311,"LM":28745531.6712230034,"Target":30498729.8370654583,"Actual":2830666.6591770002,"Gap":-27668063.1778884567,"Ach":0.0928126081,"vs LY":-0.8150539408,"vs 3LM":-0.8934158944,"vs LM":-0.9015267245}
{"Kabupaten":"Barito Timur","Kecamatan":"Raren Batuah","Latitude":-1.7403467907,"Longitude":115.1501460989,"LY":3996994.2967410004,"3LM":27068168.8791380078,"LM":23140892.077343002,"Target":28343852.4734239951,"Actual":0.0,"Gap":-28343852.4734239951,"Ach":0.0,"vs LY":-1.0,"vs 3LM":-1.0,"vs LM":-1.0}
{"Kabupaten":"Barito Timur","Kecamatan":"Banua Lima","Latitude":-2.2184378642,"Longitude":115.2610013108,"LY":80749783.9609590024,"3LM":67745106.3574260175,"LM":66386522.7751090005,"Target":79480991.2610027492,"Actual":3704684.7375639994,"Gap":-75776306.5234387517,"Ach":0.0466109529,"vs LY":-0.9541214285,"vs 3LM":-0.9453143565,"vs LM":-0.9441952284}
{"Kabupaten":"Tabalong","Kecamatan":"Banua Lawas","Latitude":-2.28726,"Longitude":115.281127,"LY":29792322.6726430058,"3LM":50803432.7385559976,"LM":44668254.8371349871,"Target":55806926.2571610436,"Actual":2617069.4051319999,"Gap":-53189856.8520290405,"Ach":0.0468950645,"vs LY":-0.912156248,"vs 3LM":-0.9484863667,"vs LM":-0.9414109771}
{"Kabupaten":"Tabalong","Kecamatan":"Bintang Ara","Latitude":-1.9683863191,"Longitude":115.443016594,"LY":38193526.024582997,"3LM":42683252.032339327,"LM":59451369.9936619923,"Target":49720278.8115725964,"Actual":0.0,"Gap":-49720278.8115725964,"Ach":0.0,"vs LY":-1.0,"vs 3LM":-1.0,"vs LM":-1.0}
{"Kabupaten":"Tabalong","Kecamatan":"Haruai","Latitude":-2.0448820572,"Longitude":115.4549609451,"LY":228051502.7978450656,"3LM":209253379.1088473201,"LM":96991227.0519049913,"Target":239680819.7004640996,"Actual":3511387.474045,"Gap":-236169432.2264190912,"Ach":0.0146502648,"vs LY":-0.9846026558,"vs 3LM":-0.9832194467,"vs LM":-0.9637968548}
{"Kabupaten":"Tabalong","Kecamatan":"Jaro","Latitude":-1.7728843347,"Longitude":115.6479217413,"LY":50482705.5866469964,"3LM":61047709.2242069915,"LM":61741652.8311739936,"Target":72999545.4440271556,"Actual":11717356.0247399993,"Gap":-61282189.41928716,"Ach":0.1605127258,"vs LY":-0.76789366,"vs 3LM":-0.8080623143,"vs LM":-0.8102195927}
{"Kabupaten":"Tabalong","Kecamatan":"Kelua","Latitude":-2.26824785,"Longitude":115.3108389917,"LY":255033909.8686400056,"3LM":249564250.0478860438,"LM":272369730.3151669502,"Target":267667428.8319425583,"Actual":23032848.6072379984,"Gap":-244634580.2247045636,"Ach":0.0860502479,"vs LY":-0.9096871133,"vs 3LM":-0.9077077402,"vs LM":-0.9154353585}
{"Kabupaten":"Tabalong","Kecamatan":"Muara Harus","Latitude":-2.2233015203,"Longitude":115.3252246964,"LY":2028311.3749389998,"3LM":5794473.8914289987,"LM":2739755.1195400003,"Target":6490024.5660539391,"Actual":1672159.5062149998,"Gap":-4817865.0598389395,"Ach":0.2576507206,"vs LY":-0.1755903325,"vs 3LM":-0.711421686,"vs LM":-0.3896682611}
{"Kabupaten":"Tabalong","Kecamatan":"Muara Uya","Latitude":-1.9699,"Longitude":115.54823,"LY":51481454.5962400138,"3LM":116586745.8144739866,"LM":136992560.9263769984,"Target":130881567.7864215374,"Actual":26561048.646672003,"Gap":-104320519.139749527,"Ach":0.2029395666,"vs LY":-0.4840656921,"vs 3LM":-0.7721778024,