{"Kabupaten":"Balangan","Kecamatan":"Awayan","Latitude":-2.43965533,"Longitude":115.519367,"LY":11505856.5353789981,"3LM":13525316.9619496651,"LM":12467107.9713279996,"Target":16001895.0888576005,"Actual":15546464.8315169998,"Gap":-455430.2573406007,"Ach":0.9715389799,"vs LY":0.3511784006,"vs 3LM":0.1494344181,"vs LM":0.2469984913}
{"Kabupaten":"Balangan","Kecamatan":"Batu Mandi","Latitude":-2.4304791013,"Longitude":115.436633903,"LY":12917314.5987,"3LM":21654153.6872919984,"LM":16667660.1663560029,"Target":26307035.0263817497,"Actual":21337930.0014020018,"Gap":-4969105.0249797478,"Ach":0.8111111716,"vs LY":0.6518859116,"vs 3LM":-0.0146033731,"vs LM":0.2801994874}
{"Kabupaten":"Balangan","Kecamatan":"Halong","Latitude":-2.2323205665,"Longitude":115.6403981724,"LY":32307276.9267079979,"3LM":34886618.6115213335,"LM":29146684.7433209978,"Target":37249358.3744691089,"Actual":35157299.1638450027,"Gap":-2092059.2106241062,"Ach":0.9438363692,"vs LY":0.0882161082,"vs 3LM":0.0077588647,"vs LM":0.2062194885}
{"Kabupaten":"Balangan","Kecamatan":"Juai","Latitude":-2.3589479,"Longitude":115.5794939,"LY":26881709.4247110039,"3LM":31035566.4837906621,"LM":23708441.4867109992,"Target":36908254.8411988392,"Actual":24757808.9646469988,"Gap":-12150445.8765518405,"Ach":0.6707932703,"vs LY":-0.0790091295,"vs 3LM":-0.2022762343,"vs LM":0.0442613437}
{"Kabupaten":"Balangan","Kecamatan":"Lampihong","Latitude":-2.32699,"Longitude":115.41209,"LY":26343819.0338390023,"3LM":39401754.1697016656,"LM":32431423.0158820078,"Target":44776779.9682142287,"Actual":29382930.4169609919,"Gap":-15393849.5512532368,"Ach":0.6562090985,"vs LY":0.1153633564,"vs 3LM":-0.254273546,"vs LM":-0.093998114}
{"Kabupaten":"Balangan","Kecamatan":"Paringin","Latitude":-2.2665,"Longitude":115.479342,"LY":92329719.6563670188,"3LM":102326278.2566509843,"LM":77721430.0784620047,"Target":113943576.5442537516,"Actual":98893831.9423169792,"Gap":-15049744.6019367725,"Ach":0.8679193241,"vs LY":0.0710942512,"vs 3LM":-0.0335441333,"vs LM":0.2724139512}
{"Kabupaten":"Balangan","Kecamatan":"Paringin Selatan","Latitude":-2.3387633976,"Longitude":115.4573822207,"LY":17368450.5645989999,"3LM":12987351.1221896652,"LM":6799051.6517080013,"Target":15225213.0195053145,"Actual":15234036.2722210009,"Gap":8823.2527156863,"Ach":1.0005795159,"vs LY":-0.1228903111,"vs 3LM":0.1729902525,"vs LM":1.2406119342}
{"Kabupaten":"Balangan","Kecamatan":"Tebing Tinggi","Latitude":-2.4460665713,"Longitude":115.5946078524,"LY":8014521.982007999,"3LM":9513056.8082849998,"LM":6563148.702509,"Target":10704643.7146810647,"Actual":11017566.7433029972,"Gap":312923.0286219325,"Ach":1.0292324562,"vs LY":0.3747004211,"vs 3LM":0.1581521025,"vs LM":0.6787013738}
{"Kabupaten":"Barito Selatan","Kecamatan":"Dusun Selatan","Latitude":-1.73069,"Longitude":114.8312749,"LY":272782156.6545239091,"3LM":395239514.7382587194,"LM":300486479.6860819459,"Target":426507527.796587646,"Actual":253063393.5639010072,"Gap":-173444134.2326866388,"Ach":0.5933386331,"vs LY":-0.0722875841,"vs 3LM":-0.3597214243,"vs LM":-0.1578210313}
{"Kabupaten":"Barito Timur","Kecamatan":"Dusun Tengah","Latitude":-1.803919327,"Longitude":115.1570300535,"LY":271649944.9760029912,"3LM":339366479.733948946,"LM":254257970.2303289473,"Target":372022638.5642825365,"Actual":187929157.3188650012,"Gap":-184093481.2454175353,"Ach":0.5051551649,"vs LY":-0.3081936485,"vs 3LM":-0.4462353575,"vs LM":-0.260872109}
{"Kabupaten":"Barito Timur","Kecamatan":"Dusun Timur","Latitude":-2.1054690774,"Longitude":115.1580743187,"LY":152210640.2873669565,"3LM":161344818.4798846245,"LM":131088621.7166610509,"Target":185573254.2547016144,"Actual":205530295.1405011117,"Gap":19957040.8857994974,"Ach":1.1075426573,"vs LY":0.3503017578,"vs 3LM":0.2738574258,"vs LM":0.5678728821}
{"Kabupaten":"Barito Timur","Kecamatan":"Karusen Janang","Latitude":-1.96067,"Longitude":115.090712,"LY":19146496.8776660003,"3LM":16117029.8213759996,"LM":15478032.6317640003,"Target":19084504.0618053414,"Actual":15048434.2411270011,"Gap":-4036069.8206783403,"Ach":0.7885158657,"vs LY":-0.2140372029,"vs 3LM":-0.0663022649,"vs LM":-0.0277553615}
{"Kabupaten":"Barito Timur","Kecamatan":"Paku","Latitude":-1.915519,"Longitude":115.228951,"LY":13495134.3413820025,"3LM":20135369.5781860016,"LM":14141784.9488060009,"Target":22855733.414323438,"Actual":7819623.5691749994,"Gap":-15036109.8451484386,"Ach":0.3421296279,"vs LY":-0.4205597832,"vs 3LM":-0.6116473781,"vs LM":-0.4470554037}
{"Kabupaten":"Barito Timur","Kecamatan":"Patangkep Tutui","Latitude":-2.060464,"Longitude":115.332936,"LY":5463646.0880939998,"3LM":6572897.5067650005,"LM":4874911.8276450001,"Target":7109702.3649000563,"Actual":3756347.0480010007,"Gap":-3353355.3168990556,"Ach":0.5283409706,"vs LY":-0.3124834611,"vs 3LM":-0.4285097183,"vs LM":-0.2294533356}
{"Kabupaten":"Barito Timur","Kecamatan":"Pematang Karau","Latitude":-1.7978322971,"Longitude":115.0919550264,"LY":19159401.9387120008,"3LM":21153088.2118160017,"LM":14880621.988589,"Target":22988466.9853818156,"Actual":12849394.8141110018,"Gap":-10139072.1712708138,"Ach":0.5589496169,"vs LY":-0.3293425935,"vs 3LM":-0.3925522985,"vs LM":-0.1365014968}
{"Kabupaten":"Barito Timur","Kecamatan":"Raren Batuah","Latitude":-1.7434491614,"Longitude":115.1517511715,"LY":15420795.6871589981,"3LM":23477269.4678156674,"LM":15863686.5382519998,"Target":26495158.0723738782,"Actual":10807002.8760250006,"Gap":-15688155.1963488776,"Ach":0.4078859559,"vs LY":-0.2991929149,"vs 3LM":-0.5396822918,"vs LM":-0.3187584204}
{"Kabupaten":"Barito Timur","Kecamatan":"Banua Lima","Latitude":-2.2184378642,"Longitude":115.2610013108,"LY":19548378.2428229935,"3LM":53259658.796012342,"LM":44994073.2635389939,"Target":59625599.0206103027,"Actual":74210521.8126179874,"Gap":14584922.7920076847,"Ach":1.244608407,"vs LY":2.7962495349,"vs 3LM":0.3933720848,"vs LM":0.6493399337}
{"Kabupaten":"Tabalong","Kecamatan":"Banua Lawas","Latitude":-2.28726,"Longitude":115.281127,"LY":24469871.203677997,"3LM":44823609.5843923241,"LM":35866550.337187998,"Target":49961810.9845975116,"Actual":34820439.3131469935,"Gap":-15141371.6714505181,"Ach":0.6969410961,"vs LY":0.4229923412,"vs 3LM":-0.2231674415,"vs LM":-0.0291667588}
{"Kabupaten":"Tabalong","Kecamatan":"Bintang Ara","Latitude":-1.9683863191,"Longitude":115.443016594,"LY":4908629.1979029998,"3LM":34958571.5227710009,"LM":27276085.0801310018,"Target":41456533.9116992801,"Actual":18446809.5756409988,"Gap":-23009724.3360582814,"Ach":0.4449674837,"vs LY":2.758036884,"vs 3LM":-0.4723237028,"vs LM":-0.323700248}
{"Kabupaten":"Tabalong","Kecamatan":"Haruai","Latitude":-2.045107,"Longitude":115.454399,"LY":100259995.212782979,"3LM":128318633.8891189992,"LM":83468851.8717400134,"Target":142580683.7604435086,"Actual":168567034.894246906,"Gap":25986351.1338033974,"Ach":1.1822571645,"vs LY":0.6812990519,"vs 3LM":0.3136598309,"vs LM":1.0195202296}
{"Kabupaten":"Tabalong","Kecamatan":"Jaro","Latitude":-1.8784023123,"Longitude":115.6470060816,"LY":40175408.4161140025,"3LM":48351759.3303473294,"LM":40508162.6062750071,"Target":58341902.7375686169,"Actual":26309228.2163540013,"Gap":-32032674.5212146156,"Ach":0.4509490946,"vs LY":-0.3451409891,"vs 3LM":-0.4558785744,"vs LM":-0.3505203267}
{"Kabupaten":"Tabalong","Kecamatan":"Kelua","Latitude":-2.250139259,"Longitude":115.3174067,"LY":108253951.6724400073,"3LM":195527810.309431076,"LM":151897948.346712023,"Target":223556198.7479890883,"Actual":178230158.1698859632,"Gap":-45326040.5781031251,"Ach":0.7972499048,"vs LY":0.6464078716,"vs 3LM":-0.0884664545,"vs LM":0.1733546115}
{"Kabupaten":"Tabalong","Kecamatan":"Muara Harus","Latitude":-2.2233015203,"Longitude":115.3252246964,"LY":4236999.570425001,"3LM":5455074.8990263324,"LM":5728290.1866549999,"Target":5787114.0153301293,"Actual":4380351.4976509996,"Gap":-1406762.5176791297,"Ach":0.7569146704,"vs LY":0.0338333589,"vs 3LM":-0.1970135005,"vs LM":-0.2353125706}
{"Kabupaten":"Tabalong","Kecamatan":"Muara Uya","Latitude":-1.868715332,"Longitude":115.5310942,