{"Kabupaten":"Balangan","Kecamatan":"Awayan","Latitude":-2.4136013998,"Longitude":115.5242913961,"LY":14066153.5093840007,"3LM":17641142.8117126673,"LM":18254215.4417779967,"Target":18825256.8129116558,"Actual":16523707.2231130023,"Gap":-2301549.5897986535,"Ach":0.8777413975,"vs LY":0.1747139836,"vs 3LM":-0.063342585,"vs LM":-0.0948004708}
{"Kabupaten":"Balangan","Kecamatan":"Batu Mandi","Latitude":-2.46139103,"Longitude":115.484458,"LY":27130359.879385002,"3LM":25744845.9645793289,"LM":24692797.615190994,"Target":29016611.2704825252,"Actual":21553113.7881549969,"Gap":-7463497.4823275283,"Ach":0.742785351,"vs LY":-0.2055721382,"vs 3LM":-0.1628183048,"vs LM":-0.1271497817}
{"Kabupaten":"Balangan","Kecamatan":"Halong","Latitude":-2.2824793094,"Longitude":115.6687193702,"LY":50479615.5262409896,"3LM":48265333.1178109944,"LM":44048675.2836700007,"Target":54381482.981754221,"Actual":53023638.7167770043,"Gap":-1357844.2649772167,"Ach":0.9750311284,"vs LY":0.0503970398,"vs 3LM":0.0985864034,"vs LM":0.2037510408}
{"Kabupaten":"Balangan","Kecamatan":"Juai","Latitude":-2.3495850248,"Longitude":115.5821751284,"LY":24743852.0172070004,"3LM":42249383.4636686593,"LM":34104386.6768859997,"Target":47967559.4202878624,"Actual":47371103.4471669942,"Gap":-596455.9731208682,"Ach":0.98756543,"vs LY":0.9144595358,"vs 3LM":0.1212259106,"vs LM":0.3890032357}
{"Kabupaten":"Balangan","Kecamatan":"Lampihong","Latitude":-2.32699,"Longitude":115.41209,"LY":40979754.6524109989,"3LM":54441909.3292433247,"LM":59370498.8722259998,"Target":61597513.3448540568,"Actual":49584429.851714015,"Gap":-12013083.4931400418,"Ach":0.8049745381,"vs LY":0.2099738096,"vs 3LM":-0.0892231653,"vs LM":-0.1648305001}
{"Kabupaten":"Balangan","Kecamatan":"Paringin","Latitude":-2.3345153107,"Longitude":115.4596732119,"LY":118904540.5597379804,"3LM":112972393.9879180044,"LM":101375267.6642289609,"Target":122718518.3199205548,"Actual":137604264.4388060272,"Gap":14885746.1188854724,"Ach":1.1212999173,"vs LY":0.157266693,"vs 3LM":0.2180344205,"vs LM":0.3573751035}
{"Kabupaten":"Balangan","Kecamatan":"Paringin Selatan","Latitude":-2.3390326,"Longitude":115.4575418,"LY":18338620.0411399975,"3LM":20245464.2399756685,"LM":15112220.8092429992,"Target":22532416.4111387469,"Actual":21781365.4458850026,"Gap":-751050.9652537443,"Ach":0.9666679795,"vs LY":0.1877319775,"vs 3LM":0.0758639658,"vs LM":0.441308046}
{"Kabupaten":"Balangan","Kecamatan":"Tebing Tinggi","Latitude":-2.4460665713,"Longitude":115.5946078524,"LY":10467597.0172490031,"3LM":12017487.6845599972,"LM":8349636.6884419993,"Target":13173293.7237701565,"Actual":11571782.891853001,"Gap":-1601510.8319171555,"Ach":0.8784274559,"vs LY":0.1054860894,"vs 3LM":-0.0370880174,"vs LM":0.3859025636}
{"Kabupaten":"Barito Selatan","Kecamatan":"Dusun Selatan","Latitude":-1.71718587,"Longitude":114.834182,"LY":411353272.5496418476,"3LM":399031540.0585973263,"LM":415740390.5998969078,"Target":447851532.1961259842,"Actual":438069639.4237369299,"Gap":-9781892.7723890543,"Ach":0.9781581795,"vs LY":0.0649475005,"vs 3LM":0.0978321146,"vs LM":0.053709597}
{"Kabupaten":"Barito Selatan","Kecamatan":"Gn. Bintang Awai","Latitude":"0x2a","Longitude":"0x2a","LY":0.0,"3LM":0.0,"LM":0.0,"Target":0.0,"Actual":0.0,"Gap":0.0,"Ach":"0x7","vs LY":0.0,"vs 3LM":0.0,"vs LM":0.0}
{"Kabupaten":"Barito Timur","Kecamatan":"Dusun Tengah","Latitude":-1.794815894,"Longitude":115.1500449458,"LY":352427472.8506110907,"3LM":335452714.2693018317,"LM":319954846.9027950168,"Target":383271632.4264224768,"Actual":365321571.6021959782,"Gap":-17950060.8242264986,"Ach":0.9531662161,"vs LY":0.0365865313,"vs 3LM":0.0890404402,"vs LM":0.1417910219}
{"Kabupaten":"Barito Timur","Kecamatan":"Dusun Timur","Latitude":-2.1042278505,"Longitude":115.1546190164,"LY":185213556.8304620385,"3LM":197186017.0031810701,"LM":176736740.2059929669,"Target":216594044.1284998357,"Actual":185600638.2629059255,"Gap":-30993405.8655939102,"Ach":0.8569055489,"vs LY":0.0020899195,"vs 3LM":-0.0587535512,"vs LM":0.050153115}
{"Kabupaten":"Barito Timur","Kecamatan":"Karusen Janang","Latitude":-1.9808386237,"Longitude":115.076096709,"LY":14053682.0630390011,"3LM":15903150.4679340031,"LM":13408681.6715089995,"Target":18200869.1523534358,"Actual":16096047.9827590026,"Gap":-2104821.1695944332,"Ach":0.8843560078,"vs LY":0.145326037,"vs 3LM":0.0121295158,"vs LM":0.2004198755}
{"Kabupaten":"Barito Timur","Kecamatan":"Paku","Latitude":-1.915519,"Longitude":115.228951,"LY":26369863.5809940025,"3LM":27554031.1394023262,"LM":28193825.9678669982,"Target":31057310.6450320706,"Actual":13203654.2717550006,"Gap":-17853656.3732770681,"Ach":0.4251383651,"vs LY":-0.4992900046,"vs 3LM":-0.5208086176,"vs LM":-0.5316827774}
{"Kabupaten":"Barito Timur","Kecamatan":"Patangkep Tutui","Latitude":-2.060464,"Longitude":115.332936,"LY":4221032.8779889997,"3LM":7955980.7920876658,"LM":6838757.9552180022,"Target":8071134.4687343035,"Actual":7124939.0352100004,"Gap":-946195.4335243031,"Ach":0.8827679755,"vs LY":0.6879610373,"vs 3LM":-0.1044549728,"vs LM":0.041846938}
{"Kabupaten":"Barito Timur","Kecamatan":"Pematang Karau","Latitude":-1.8183040976,"Longitude":115.0332972912,"LY":8440943.8392379992,"3LM":28252671.7260736674,"LM":24985038.3968689963,"Target":31912989.4178992882,"Actual":28745531.6712230034,"Gap":-3167457.7466762848,"Ach":0.9007470687,"vs LY":2.4054878481,"vs 3LM":0.0174447199,"vs LM":0.1505098057}
{"Kabupaten":"Barito Timur","Kecamatan":"Raren Batuah","Latitude":-1.7403467907,"Longitude":115.1501460989,"LY":5704793.2838509995,"3LM":25991429.1896836683,"LM":31427404.5149100125,"Target":26972431.749449648,"Actual":23140892.077343002,"Gap":-3831539.672106646,"Ach":0.8579460796,"vs LY":3.056394496,"vs 3LM":-0.1096721958,"vs LM":-0.2636715493}
{"Kabupaten":"Barito Timur","Kecamatan":"Banua Lima","Latitude":-2.2067607498,"Longitude":115.252396581,"LY":45672440.7118320018,"3LM":66053824.5905203298,"LM":73987155.6116790175,"Target":78869833.5438284278,"Actual":66386522.775109008,"Gap":-12483310.7687194198,"Ach":0.841722618,"vs LY":0.4535356933,"vs 3LM":0.005036774,"vs LM":-0.1027290855}
{"Kabupaten":"Tabalong","Kecamatan":"Banua Lawas","Latitude":-2.28726,"Longitude":115.281127,"LY":46317007.0683769956,"3LM":53002751.4525393322,"LM":60503353.7698450014,"Target":57352258.1582554281,"Actual":44668254.8371350095,"Gap":-12684003.3211204186,"Ach":0.7788403852,"vs LY":-0.0355971237,"vs 3LM":-0.1572464898,"vs LM":-0.2617226641}
{"Kabupaten":"Tabalong","Kecamatan":"Bintang Ara","Latitude":-1.9683863191,"Longitude":115.443016594,"LY":14771167.4651500024,"3LM":31731385.4681313336,"LM":29974687.5074200034,"Target":35799045.5332596526,"Actual":59451369.9936619923,"Gap":23652324.4604023397,"Ach":1.6606970691,"vs LY":3.0248253995,"vs 3LM":0.8735825466,"vs LM":0.9833858144}
{"Kabupaten":"Tabalong","Kecamatan":"Haruai","Latitude":-2.0448820572,"Longitude":115.4549609451,"LY":176024065.2530609667,"3LM":229676439.8525159955,"LM":316769521.4520229101,"Target":267754764.5772645175,"Actual":96991227.0519050062,"Gap":-170763537.5253595114,"Ach":0.3622390332,"vs LY":-0.4489888248,"vs 3LM":-0.5777049352,"vs LM":-0.693811366}
{"Kabupaten":"Tabalong","Kecamatan":"Jaro","Latitude":-1.83208392,"Longitude":115.639845,"LY":66406288.1605310068,"3LM":58111695.9484896809,"LM":65414219.4002109841,"Target":65054969.6121885255,"Actual":61731152.8311740085,"Gap":-3323816.7810145169,"Ach":0.9489075654,"vs LY":-0.0704019974,"vs 3LM":0.062284482,"vs LM":-0.0563037609}
{"Kabupaten":"Tabalong","Kecamatan":"Kelua","Latitude":-2.26824785,"Longitude":115.3108389917,"LY":208788139.6548610032,"3LM":205703638.5176787376,"LM":197290491.5045309663,"Target":232053908.2753117979,"Actual":272369730.3151669502,"Gap":40315822.0398551524,"Ach":1.1737347254,"vs LY":0.3045268317,"vs 3LM":0.3240880535,"vs LM":0.3805517348}
{"Kabupaten":"Tabalong","Kecamatan":"Muara Harus","Latitude":-2.2233015203,"Longitude":115.3252246964,"LY":3979045.4691610006,"3LM":6731317.2649750002,"LM":9182747.3641330004,"Target":6781530.721149114,