{"Kabupaten":"Balangan","Kecamatan":"Awayan","Latitude":-2.4454973,"Longitude":null,"LY":18414595.3562310003,"3LM":16715516.7315196656,"LM":18412633.9887549989,"Target":18126643.9598626457,"Actual":16105086.3939719964,"Gap":-2021557.5658906493,"Ach":0.8884759048,"vs LY":-0.1254173072,"vs 3LM":-0.0365187836,"vs LM":-0.1253241441}
{"Kabupaten":"Balangan","Kecamatan":"Batu Mandi","Latitude":null,"Longitude":null,"LY":32731416.9504370019,"3LM":19977871.7039016671,"LM":21167235.758008007,"Target":22647025.4353890754,"Actual":27351292.1360980086,"Gap":4704266.7007089332,"Ach":1.2077211735,"vs LY":-0.1643718884,"vs 3LM":0.3690793765,"vs LM":0.292152289}
{"Kabupaten":"Balangan","Kecamatan":"Halong","Latitude":null,"Longitude":null,"LY":46529502.9825749993,"3LM":39640380.2097039968,"LM":54224183.7473540157,"Target":43613772.1565182433,"Actual":30995395.5515069999,"Gap":-12618376.6050112434,"Ach":0.7106790818,"vs LY":-0.3338550046,"vs 3LM":-0.2180853113,"vs LM":-0.4283842852}
{"Kabupaten":"Balangan","Kecamatan":"Juai","Latitude":null,"Longitude":null,"LY":42502224.2686479986,"3LM":27525578.9966850057,"LM":33828824.3678919971,"Target":32924995.6089225337,"Actual":24928796.3254520036,"Gap":-7996199.2834705301,"Ach":0.7571389415,"vs LY":-0.4134707829,"vs 3LM":-0.0943407102,"vs LM":-0.263090078}
{"Kabupaten":"Balangan","Kecamatan":"Lampihong","Latitude":null,"Longitude":null,"LY":75716379.9303179979,"3LM":38675918.8998179957,"LM":35523293.3014909998,"Target":44063655.6443838105,"Actual":32679630.1456559934,"Gap":-11384025.4987278171,"Ach":0.7416459136,"vs LY":-0.5683941813,"vs 3LM":-0.1550393352,"vs LM":-0.0800506623}
{"Kabupaten":"Balangan","Kecamatan":"Paringin","Latitude":null,"Longitude":null,"LY":121286139.5136209726,"3LM":106586168.364733398,"LM":139705540.3347040415,"Target":109750382.0394354016,"Actual":81711133.5108420253,"Gap":-28039248.5285933763,"Ach":0.744517987,"vs LY":-0.3262945474,"vs 3LM":-0.2333795767,"vs LM":-0.4151188756}
{"Kabupaten":"Balangan","Kecamatan":"Paringin Selatan","Latitude":null,"Longitude":null,"LY":22401124.6528930031,"3LM":13863127.9002283346,"LM":19166566.0241510011,"Target":15583623.9320657644,"Actual":17111767.2755750008,"Gap":1528143.3435092364,"Ach":1.0980608458,"vs LY":-0.2361201707,"vs 3LM":0.2343366806,"vs LM":-0.1072074542}
{"Kabupaten":"Balangan","Kecamatan":"Tebing Tinggi","Latitude":null,"Longitude":null,"LY":15024058.7101830002,"3LM":10678445.7488883343,"LM":10825369.4368929993,"Target":11183008.8688733578,"Actual":11515263.2187049985,"Gap":332254.3498316407,"Ach":1.0297106399,"vs LY":-0.2335451132,"vs 3LM":0.0783651001,"vs LM":0.0637293522}
{"Kabupaten":"Barito Selatan","Kecamatan":"Dusun Selatan","Latitude":null,"Longitude":null,"LY":421690428.6019660234,"3LM":420012330.8056053519,"LM":544071918.9586911201,"Target":443923317.4978555441,"Actual":373340960.2404088378,"Gap":-70582357.2574467063,"Ach":0.8410032668,"vs LY":-0.1146563097,"vs 3LM":-0.1111190485,"vs LM":-0.3138021882}
{"Kabupaten":"Barito Timur","Kecamatan":"Dusun Tengah","Latitude":null,"Longitude":null,"LY":354324980.6073900461,"3LM":379783812.806673944,"LM":387785102.5356830359,"Target":413335744.1669604778,"Actual":159504713.0247500241,"Gap":-253831031.1422104537,"Ach":0.3858962485,"vs LY":-0.5498349771,"vs 3LM":-0.5800118182,"vs LM":-0.588677564}
{"Kabupaten":"Barito Timur","Kecamatan":"Dusun Timur","Latitude":null,"Longitude":null,"LY":220750613.2144390345,"3LM":186614948.5454230011,"LM":212708702.5173400342,"Target":203096254.6919445395,"Actual":180325514.3928019702,"Gap":-22770740.2991425693,"Ach":0.8878820275,"vs LY":-0.1831256468,"vs 3LM":-0.033702735,"vs LM":-0.1522419522}
{"Kabupaten":"Barito Timur","Kecamatan":"Karusen Janang","Latitude":null,"Longitude":null,"LY":18550126.8275000006,"3LM":22444054.4735413231,"LM":24314661.3444279991,"Target":25628793.1066428348,"Actual":15731216.3197769988,"Gap":-9897576.786865836,"Ach":0.6138102662,"vs LY":-0.1519617916,"vs 3LM":-0.2990920451,"vs LM":-0.3530151995}
{"Kabupaten":"Barito Timur","Kecamatan":"Paku","Latitude":null,"Longitude":null,"LY":21979163.6960750036,"3LM":17815829.3673823364,"LM":25293061.5423760004,"Target":19853820.0160679631,"Actual":17175991.1701359972,"Gap":-2677828.8459319659,"Ach":0.8651227399,"vs LY":-0.2185329975,"vs 3LM":-0.0359140281,"vs LM":-0.3209208327}
{"Kabupaten":"Barito Timur","Kecamatan":"Patangkep Tutui","Latitude":null,"Longitude":null,"LY":7041475.1052959999,"3LM":5445059.6428900007,"LM":7507744.3549189996,"Target":6384423.6350223161,"Actual":5052099.258893,"Gap":-1332324.3761293162,"Ach":0.7913164207,"vs LY":-0.2825225988,"vs 3LM":-0.0721682424,"vs LM":-0.327081608}
{"Kabupaten":"Barito Timur","Kecamatan":"Pematang Karau","Latitude":null,"Longitude":null,"LY":17193222.3117229976,"3LM":21610572.3684473336,"LM":25172313.7129529938,"Target":24217886.5954565629,"Actual":17648262.2729739994,"Gap":-6569624.3224825636,"Ach":0.7287284216,"vs LY":0.0264662408,"vs 3LM":-0.1833505392,"vs LM":-0.298901862}
{"Kabupaten":"Barito Timur","Kecamatan":"Raren Batuah","Latitude":null,"Longitude":null,"LY":25872950.0080020018,"3LM":23063343.0876426622,"LM":30406296.4793069959,"Target":23275885.7371646687,"Actual":15637698.3294149972,"Gap":-7638187.4077496715,"Ach":0.671841171,"vs LY":-0.3955966241,"vs 3LM":-0.3219674065,"vs LM":-0.4857085492}
{"Kabupaten":"Barito Timur","Kecamatan":"Banua Lima","Latitude":null,"Longitude":null,"LY":71981994.0739630014,"3LM":61313921.5891266614,"LM":63728977.7368149906,"Target":72096587.6174114645,"Actual":53776511.120547995,"Gap":-18320076.4968634695,"Ach":0.7458953731,"vs LY":-0.25291718,"vs 3LM":-0.1229314693,"vs LM":-0.1561686217}
{"Kabupaten":"Tabalong","Kecamatan":"Banua Lawas","Latitude":null,"Longitude":null,"LY":45613441.3289499953,"3LM":50300257.3549503461,"LM":62023033.1872599944,"Target":60936683.8586720005,"Actual":38022586.0178579986,"Gap":-22914097.8408140019,"Ach":0.6239687428,"vs LY":-0.1664170712,"vs 3LM":-0.2440876445,"vs LM":-0.3869602297}
{"Kabupaten":"Tabalong","Kecamatan":"Bintang Ara","Latitude":null,"Longitude":null,"LY":38473398.9117959961,"3LM":38205748.5667529851,"LM":67176482.4996410012,"Target":48989103.2529670447,"Actual":23411402.9686720036,"Gap":-25577700.2842950411,"Ach":0.4778900085,"vs LY":-0.3914911697,"vs 3LM":-0.3872282615,"vs LM":-0.6514940631}
{"Kabupaten":"Tabalong","Kecamatan":"Haruai","Latitude":null,"Longitude":null,"LY":102774206.6709810048,"3LM":184821158.0878766179,"LM":255963395.494509995,"Target":205947819.628203243,"Actual":118213148.2287219912,"Gap":-87734671.3994812518,"Ach":0.5739956288,"vs LY":0.1502219483,"vs 3LM":-0.3603916919,"vs LM":-0.5381638535}
{"Kabupaten":"Tabalong","Kecamatan":"Jaro","Latitude":null,"Longitude":null,"LY":44483612.9971109927,"3LM":50199007.0522649959,"LM":72430845.6843650043,"Target":58524223.9877667129,"Actual":39302471.3590410054,"Gap":-19221752.6287257075,"Ach":0.6715590346,"vs LY":-0.11647304,"vs 3LM":-0.2170667576,"vs LM":-0.4573793667}
{"Kabupaten":"Tabalong","Kecamatan":"Kelua","Latitude":null,"Longitude":null,"LY":262605036.8369819522,"3LM":263457896.4298644364,"LM":329035898.7435261607,"Target":306798995.1654757857,"Actual":132710075.2699439824,"Gap":-174088919.8955318034,"Ach":0.4325635917,"vs LY":-0.4946400234,"vs 3LM":-0.4962759626,"vs LM":-0.5966699203}
{"Kabupaten":"Tabalong","Kecamatan":"Muara Harus","Latitude":null,"Longitude":null,"LY":2747169.8246780001,"3LM":6574603.1455073347,"LM":6413262.2621380016,"Target":6859159.8423899487,"Actual":4877756.0170029998,"Gap":-1981403.8253869489,"Ach":0.7111302447,"vs LY":0.7755567833,"vs 3LM":-0.2580911868,"vs LM":-0.239426704}
{"Kabupaten":"Tabalong","Kecamatan":"Muara Uya","Latitude":null,"Longitude":null,"LY":87489909.9433220029,"3LM":123381750.2464483231,"LM":153668710.3170810044,"Target":132507692.1303163171,"Actual":85095719.3203440011,"Gap":-47411972.809972316,"Ach":0.6421945621,"vs LY":-0.0273653342,"vs 3LM":-0.3103054613,"vs LM":-0.4462391261}
{"Kabupaten":"Tabalong","Kecamatan":"Murung Pudak",