{"Kabupaten":"Balangan","Kecamatan":"Awayan","Latitude":-2.4402498,"Longitude":115.518659,"LY":9510486.0493599996,"3LM":17641142.8117126673,"LM":18495194.8438410014,"Target":18808536.0519041866,"Actual":0.0,"Gap":-18808536.0519041866,"Ach":0,"vs LY":-1.0,"vs 3LM":-1.0,"vs LM":-1.0}
{"Kabupaten":"Balangan","Kecamatan":"Batu Mandi","Latitude":-2.430479101,"Longitude":115.4366339,"LY":19469027.4694439992,"3LM":25744845.9645793401,"LM":25692925.5122980066,"Target":28981692.3322453499,"Actual":0.0,"Gap":-28981692.3322453499,"Ach":0,"vs LY":-1.0,"vs 3LM":-1.0,"vs LM":-1.0}
{"Kabupaten":"Balangan","Kecamatan":"Halong","Latitude":-2.232320567,"Longitude":115.6403982,"LY":43805500.5057610124,"3LM":48265333.1178109869,"LM":41935278.1153089926,"Target":54344706.9427915066,"Actual":0.0,"Gap":-54344706.9427915066,"Ach":0,"vs LY":-1.0,"vs 3LM":-1.0,"vs LM":-1.0}
{"Kabupaten":"Balangan","Kecamatan":"Juai","Latitude":-2.36173,"Longitude":115.57581,"LY":15011141.8119239993,"3LM":42249383.4636686668,"LM":39391051.6279250011,"Target":47909639.4920988604,"Actual":0.0,"Gap":-47909639.4920988604,"Ach":0,"vs LY":-1.0,"vs 3LM":-1.0,"vs LM":-1.0}
{"Kabupaten":"Balangan","Kecamatan":"Lampihong","Latitude":-2.32406,"Longitude":115.41205,"LY":28966553.6394039914,"3LM":54441909.3292433396,"LM":43864956.770333007,"Target":61758945.6907720566,"Actual":0.0,"Gap":-61758945.6907720566,"Ach":0,"vs LY":-1.0,"vs 3LM":-1.0,"vs LM":-1.0}
{"Kabupaten":"Balangan","Kecamatan":"Paringin","Latitude":-2.3154,"Longitude":115.46736,"LY":89439759.7968699932,"3LM":114511606.2617283463,"LM":101469597.5931990445,"Target":124679091.3564494699,"Actual":0.0,"Gap":-124679091.3564494699,"Ach":0,"vs LY":-1.0,"vs 3LM":-1.0,"vs LM":-1.0}
{"Kabupaten":"Balangan","Kecamatan":"Paringin Selatan","Latitude":-2.338763398,"Longitude":115.4573822,"LY":13591925.0793689974,"3LM":20245464.2399756648,"LM":21966394.1980569996,"Target":22512388.6883268729,"Actual":0.0,"Gap":-22512388.6883268729,"Ach":0,"vs LY":-1.0,"vs 3LM":-1.0,"vs LM":-1.0}
{"Kabupaten":"Balangan","Kecamatan":"Tebing Tinggi","Latitude":-2.446066571,"Longitude":115.5946079,"LY":7619369.1885340009,"3LM":12017487.6845599972,"LM":12497873.1705089994,"Target":13236352.1683478933,"Actual":0.0,"Gap":-13236352.1683478933,"Ach":0,"vs LY":-1.0,"vs 3LM":-1.0,"vs LM":-1.0}
{"Kabupaten":"Barito Selatan","Kecamatan":"Dusun Selatan","Latitude":-1.7763409,"Longitude":114.805255,"LY":382744817.5544041395,"3LM":399031540.0585972667,"LM":375035539.9049500227,"Target":447785746.7376651168,"Actual":0.0,"Gap":-447785746.7376651168,"Ach":0,"vs LY":-1.0,"vs 3LM":-1.0,"vs LM":-1.0}
{"Kabupaten":"Barito Selatan","Kecamatan":"Gn. Bintang Awai","Latitude":"0x2a","Longitude":"0x2a","LY":0.0,"3LM":0.0,"LM":0.0,"Target":0.0,"Actual":0.0,"Gap":0.0,"Ach":"0x7","vs LY":0.0,"vs 3LM":0.0,"vs LM":0.0}
{"Kabupaten":"Barito Timur","Kecamatan":"Dusun Tengah","Latitude":-1.803919327,"Longitude":115.1570301,"LY":399779391.8044020534,"3LM":336340101.6578603983,"LM":396508745.0268201232,"Target":384528626.6609842181,"Actual":0.0,"Gap":-384528626.6609842181,"Ach":0,"vs LY":-1.0,"vs 3LM":-1.0,"vs LM":-1.0}
{"Kabupaten":"Barito Timur","Kecamatan":"Dusun Timur","Latitude":-2.105469077,"Longitude":115.1580743,"LY":181606832.3192650378,"3LM":197186017.0031811297,"LM":196410459.7745669782,"Target":216500878.7136471868,"Actual":0.0,"Gap":-216500878.7136471868,"Ach":0,"vs LY":-1.0,"vs 3LM":-1.0,"vs LM":-1.0}
{"Kabupaten":"Barito Timur","Kecamatan":"Karusen Janang","Latitude":-1.96067,"Longitude":115.090712,"LY":14728949.7828060016,"3LM":15903150.4679339994,"LM":14843563.7376419995,"Target":18190071.5458140075,"Actual":0.0,"Gap":-18190071.5458140075,"Ach":0,"vs LY":-1.0,"vs 3LM":-1.0,"vs LM":-1.0}
{"Kabupaten":"Barito Timur","Kecamatan":"Paku","Latitude":-1.915519,"Longitude":115.228951,"LY":4443289.8180810018,"3LM":26666643.7508439943,"LM":21549817.3832070008,"Target":29926718.3253829367,"Actual":0.0,"Gap":-29926718.3253829367,"Ach":0,"vs LY":-1.0,"vs 3LM":-1.0,"vs LM":-1.0}
{"Kabupaten":"Barito Timur","Kecamatan":"Patangkep Tutui","Latitude":-2.060464,"Longitude":115.332936,"LY":4302014.9103159998,"3LM":7945350.1626283322,"LM":6600544.3310660003,"Target":7915649.7569400799,"Actual":0.0,"Gap":-7915649.7569400799,"Ach":0,"vs LY":-1.0,"vs 3LM":-1.0,"vs LM":-1.0}
{"Kabupaten":"Barito Timur","Kecamatan":"Pematang Karau","Latitude":-1.79635285,"Longitude":115.107221,"LY":5052804.1508740019,"3LM":28252671.7260736674,"LM":29037672.825767003,"Target":31911240.2156333588,"Actual":0.0,"Gap":-31911240.2156333588,"Ach":0,"vs LY":-1.0,"vs 3LM":-1.0,"vs LM":-1.0}
{"Kabupaten":"Barito Timur","Kecamatan":"Raren Batuah","Latitude":-1.743449161,"Longitude":115.1517512,"LY":9431231.8813069984,"3LM":25991429.1896836683,"LM":22278989.0766350068,"Target":26953324.2291104496,"Actual":0.0,"Gap":-26953324.2291104496,"Ach":0,"vs LY":-1.0,"vs 3LM":-1.0,"vs LM":-1.0}
{"Kabupaten":"Barito Timur","Kecamatan":"Banua Lima","Latitude":-2.218437864,"Longitude":115.2610013,"LY":54723987.2565560192,"3LM":66851662.3534629941,"LM":75742241.4570950121,"Target":79983183.0726666749,"Actual":0.0,"Gap":-79983183.0726666749,"Ach":0,"vs LY":-1.0,"vs 3LM":-1.0,"vs LM":-1.0}
{"Kabupaten":"Tabalong","Kecamatan":"Banua Lawas","Latitude":-2.287651592,"Longitude":115.2782222,"LY":39479286.170931004,"3LM":52620048.7627216727,"LM":48051343.8321340084,"Target":57401096.1124205962,"Actual":0.0,"Gap":-57401096.1124205962,"Ach":0,"vs LY":-1.0,"vs 3LM":-1.0,"vs LM":-1.0}
{"Kabupaten":"Tabalong","Kecamatan":"Bintang Ara","Latitude":-1.95722,"Longitude":115.4422,"LY":25058501.0177830011,"3LM":31603817.9069610089,"LM":28198669.4802910052,"Target":35723518.309675999,"Actual":0.0,"Gap":-35723518.309675999,"Ach":0,"vs LY":-1.0,"vs 3LM":-1.0,"vs LM":-1.0}
{"Kabupaten":"Tabalong","Kecamatan":"Haruai","Latitude":-2.045107,"Longitude":115.454399,"LY":257681641.9189169705,"3LM":229453196.6132377088,"LM":107863399.7198159695,"Target":267229677.1581575572,"Actual":3723097.3472899999,"Gap":-263506579.810867548,"Ach":0.0139322001,"vs LY":-0.9855515615,"vs 3LM":-0.9837740445,"vs LM":-0.965483219}
{"Kabupaten":"Tabalong","Kecamatan":"Jaro","Latitude":-1.878402312,"Longitude":115.6470061,"LY":46772998.7182190046,"3LM":58111695.9484896734,"LM":43173385.0509680063,"Target":65116338.2018779293,"Actual":5675692.0909789996,"Gap":-59440646.1108989269,"Ach":0.0871623351,"vs LY":-0.8786545176,"vs 3LM":-0.9023313294,"vs LM":-0.8685372462}
{"Kabupaten":"Tabalong","Kecamatan":"Kelua","Latitude":-2.250139259,"Longitude":115.3174067,"LY":250376402.1157869697,"3LM":205289043.9404743016,"LM":219097348.1411170363,"Target":232083150.9664465189,"Actual":0.0,"Gap":-232083150.9664465189,"Ach":0,"vs LY":-1.0,"vs 3LM":-1.0,"vs LM":-1.0}
{"Kabupaten":"Tabalong","Kecamatan":"Muara Harus","Latitude":-2.22330152,"Longitude":115.3252247,"LY":2588432.0437499997,"3LM":6731317.2649750002,"LM":4604364.0488189999,"Target":6749531.8341836547,"Actual":0.0,"Gap":-6749531.8341836547,"Ach":0,"vs LY":-1.0,"vs 3LM":-1.0,"vs LM":-1.0}
{"Kabupaten":"Tabalong","Kecamatan":"Muara Uya","Latitude":-1.9699,"Longitude":115.54823,"LY":56354712.3172149956,"3LM":111068755.3132013232,"LM":102516021.072713986,"Target":121433162.6505406648,"Actual":13271066.666267002,"Gap":-108162095.9842736572,"Ach":0.1092870051,"vs LY":-0.764508306,"vs 3LM":-0.880514852,"vs LM":-0.8705464129}
{"Kabupaten":"Tabalong","Kecamatan":"Murung Pudak","Latitude":-2.1847333,"Longitude":115.3924512,"LY":336569764.0795251727,"3LM":434983309.4345393181,"LM":429408311.3270469308,"Target":457154369.8147867918,"Actual":16599192.9542050045,"Gap":-440555176.8605818152,"Ach":0.0363098202,"vs LY":-0.9506812711,"vs 3LM":-0.9618394716,"vs LM":-0.9613440343}
{"Kabupaten":"Tabalong","Kecamatan":"Pugaan","Latitude":-2.308902425,"Longitude":115.2968259,"LY":98632927.1830919981,"3LM":113808124.1894206703,"LM":39926419.4893979803,"Target":136702940.4143286347,"Actual":0.0,"Gap":-136702940.4143286347,"Ach":0,"vs LY":-1.0,"vs 3LM":-1.0,"vs LM":-1.0}
{"Kabupaten":"Tabalong",