{"Kabupaten":"Balangan","Kecamatan":"Awayan","Latitude":-2.43965533,"Longitude":115.519367,"LY":13124469.7974300012,"3LM":15603335.6942576673,"LM":421632005.4573100209,"Target":18485618.7223774232,"Actual":12573610.5379870012,"Gap":-5912008.184390422,"Ach":0.6801833753,"vs LY":-0.0419719248,"vs 3LM":-0.194171632,"vs LM":-0.9701787095}
{"Kabupaten":"Balangan","Kecamatan":"Batu Mandi","Latitude":-2.4304791013,"Longitude":115.436633903,"LY":23675290.2645950019,"3LM":24553693.1567846611,"LM":752358012.2286319733,"Target":20857413.8178446852,"Actual":20895116.1443429999,"Gap":37702.3264983147,"Ach":1.0018076223,"vs LY":-0.1174293573,"vs 3LM":-0.1490031251,"vs LM":-0.9722271634}
{"Kabupaten":"Balangan","Kecamatan":"Halong","Latitude":-2.2323205665,"Longitude":115.6403981724,"LY":48802698.9837759957,"3LM":39877783.4656586573,"LM":1247822609.352946043,"Target":47915152.4338645861,"Actual":32271263.0658220127,"Gap":-15643889.3680425733,"Ach":0.673508513,"vs LY":-0.338740198,"vs 3LM":-0.1907458173,"vs LM":-0.9741379401}
{"Kabupaten":"Balangan","Kecamatan":"Juai","Latitude":-2.3589479,"Longitude":115.5794939,"LY":25374894.2253809981,"3LM":38810612.1198003292,"LM":839376489.3526281118,"Target":39363475.0792064145,"Actual":25868172.0276659988,"Gap":-13495303.0515404157,"Ach":0.6571617972,"vs LY":0.0194396003,"vs 3LM":-0.3334768349,"vs LM":-0.9691816815}
{"Kabupaten":"Balangan","Kecamatan":"Lampihong","Latitude":-2.32699,"Longitude":115.41209,"LY":57911804.2061319947,"3LM":45048494.0555056632,"LM":1011910035.0916707516,"Target":52707434.3452943191,"Actual":34368157.9977179989,"Gap":-18339276.3475763202,"Ach":0.6520552257,"vs LY":-0.4065431311,"vs 3LM":-0.2370853073,"vs LM":-0.9660363503}
{"Kabupaten":"Balangan","Kecamatan":"Paringin","Latitude":-2.2665,"Longitude":115.479342,"LY":116790582.7877079695,"3LM":115262317.5578689724,"LM":3073173311.8029923439,"Target":137744703.8705673218,"Actual":101181295.4032359272,"Gap":-36563408.4673313946,"Ach":0.7345567021,"vs LY":-0.133651935,"vs 3LM":-0.1221650098,"vs LM":-0.9670759553}
{"Kabupaten":"Balangan","Kecamatan":"Paringin Selatan","Latitude":-2.3387633976,"Longitude":115.4573822207,"LY":19866799.7928940021,"3LM":18550460.2593523376,"LM":513151983.9725939035,"Target":18295480.9320345931,"Actual":13529957.0561649986,"Gap":-4765523.8758695945,"Ach":0.7395245365,"vs LY":-0.3189664567,"vs 3LM":-0.2706403579,"vs LM":-0.9736336261}
{"Kabupaten":"Balangan","Kecamatan":"Tebing Tinggi","Latitude":-2.4460665713,"Longitude":115.5946078524,"LY":12779034.2935159989,"3LM":10874489.2352753319,"LM":302451640.0811190605,"Target":13827654.5488493126,"Actual":10722709.9060849994,"Gap":-3104944.6427643131,"Ach":0.775453991,"vs LY":-0.160913911,"vs 3LM":-0.0139573755,"vs LM":-0.9645473574}
{"Kabupaten":"Barito Selatan","Kecamatan":"Dusun Selatan","Latitude":-1.73069,"Longitude":114.8312749,"LY":369519803.1664629579,"3LM":421250210.6273641586,"LM":10136999170.6773700714,"Target":477138301.9344659448,"Actual":288415516.6340190768,"Gap":-188722785.3004468679,"Ach":0.6044694284,"vs LY":-0.2194856293,"vs 3LM":-0.3153344275,"vs LM":-0.9715482352}
{"Kabupaten":"Barito Selatan","Kecamatan":"Gn. Bintang Awai","Latitude":"0x2a","Longitude":"0x2a","LY":0.0,"3LM":0.0,"LM":0.0,"Target":0.0,"Actual":0.0,"Gap":0.0,"Ach":"0x7","vs LY":0.0,"vs 3LM":0.0,"vs LM":0.0}
{"Kabupaten":"Barito Timur","Kecamatan":"Dusun Tengah","Latitude":-1.803919327,"Longitude":115.1570300535,"LY":321091280.5852370262,"3LM":348592576.0336962342,"LM":10115411281.4161262512,"Target":359528421.7085861564,"Actual":158211372.180588007,"Gap":-201317049.5279981494,"Ach":0.440052476,"vs LY":-0.507269796,"vs 3LM":-0.5461424509,"vs LM":-0.9843593733}
{"Kabupaten":"Barito Timur","Kecamatan":"Dusun Timur","Latitude":-2.1054690774,"Longitude":115.1580743187,"LY":149731598.3275160193,"3LM":183353954.4482856989,"LM":6277452610.7028932571,"Target":175452068.4792173803,"Actual":149424464.1308999956,"Gap":-26027604.3483173847,"Ach":0.8516540467,"vs LY":-0.0020512317,"vs 3LM":-0.1850491331,"vs LM":-0.97619664}
{"Kabupaten":"Barito Timur","Kecamatan":"Karusen Janang","Latitude":-1.96067,"Longitude":115.090712,"LY":10816167.7969839983,"3LM":17085136.5409530029,"LM":569302816.0710090399,"Target":12606863.3869103454,"Actual":7555509.9178240001,"Gap":-5051353.4690863453,"Ach":0.5993171883,"vs LY":-0.3014614733,"vs 3LM":-0.5577729274,"vs LM":-0.9867284867}
{"Kabupaten":"Barito Timur","Kecamatan":"Paku","Latitude":-1.915519,"Longitude":115.228951,"LY":3464774.5277249999,"3LM":19846192.0712603331,"LM":481435238.4029529691,"Target":16569333.5359380376,"Actual":8820792.8798890002,"Gap":-7748540.6560490374,"Ach":0.5323565284,"vs LY":1.5458490327,"vs 3LM":-0.5555423001,"vs LM":-0.981678132}
{"Kabupaten":"Barito Timur","Kecamatan":"Patangkep Tutui","Latitude":-2.060464,"Longitude":115.332936,"LY":5901286.6497079991,"3LM":6469952.8118106667,"LM":212117121.6651650071,"Target":7123620.9352047648,"Actual":5178877.6470170002,"Gap":-1944743.2881877646,"Ach":0.7270007338,"vs LY":-0.1224155079,"vs 3LM":-0.1995493943,"vs LM":-0.9755848203}
{"Kabupaten":"Barito Timur","Kecamatan":"Pematang Karau","Latitude":-1.7978322971,"Longitude":115.0919550264,"LY":6860675.1844469998,"3LM":26863700.141250331,"LM":466927673.1858471036,"Target":31801789.7523933686,"Actual":15163291.996059997,"Gap":-16638497.7563333716,"Ach":0.4768062463,"vs LY":1.2101748863,"vs 3LM":-0.4355471541,"vs LM":-0.9675253945}
{"Kabupaten":"Barito Timur","Kecamatan":"Raren Batuah","Latitude":-1.7434491614,"Longitude":115.1517511715,"LY":23950292.5326839983,"3LM":25761081.8003013283,"LM":437663812.0910880566,"Target":32757160.7850017175,"Actual":20853690.2385140061,"Gap":-11903470.5464877114,"Ach":0.6366147047,"vs LY":-0.1292928798,"vs 3LM":-0.1904963309,"vs LM":-0.9523522629}
{"Kabupaten":"Barito Timur","Kecamatan":"Banua Lima","Latitude":-2.2184378642,"Longitude":115.2610013108,"LY":39988583.2545480058,"3LM":61597136.212754339,"LM":1949800823.4363527298,"Target":68430829.1647231579,"Actual":45016633.5144370124,"Gap":-23414195.6502861455,"Ach":0.6578414154,"vs LY":0.1257371442,"vs 3LM":-0.2691765189,"vs LM":-0.9769121887}
{"Kabupaten":"Tabalong","Kecamatan":"Banua Lawas","Latitude":-2.28726,"Longitude":115.281127,"LY":41846160.9848619923,"3LM":47499519.3027000129,"LM":1357251016.2931714058,"Target":54783397.8180504888,"Actual":41290326.492643021,"Gap":-13493071.3254074678,"Ach":0.7537014522,"vs LY":-0.0132828073,"vs 3LM":-0.1307211715,"vs LM":-0.9695779734}
{"Kabupaten":"Tabalong","Kecamatan":"Bintang Ara","Latitude":-1.9683863191,"Longitude":115.443016594,"LY":18783824.1305469945,"3LM":45789017.2489956841,"LM":845884593.043790102,"Target":52055385.7341407239,"Actual":25577916.5749549866,"Gap":-26477469.1591857374,"Ach":0.4913596588,"vs LY":0.3616991086,"vs 3LM":-0.4413962537,"vs LM":-0.9697619311}
{"Kabupaten":"Tabalong","Kecamatan":"Haruai","Latitude":-2.045107,"Longitude":115.454399,"LY":120258266.8296070248,"3LM":135854348.74231264,"LM":5793324916.772315979,"Target":158656493.0365172327,"Actual":128958769.7392960042,"Gap":-29697723.2972212285,"Ach":0.812817473,"vs LY":0.0723484808,"vs 3LM":-0.0507571459,"vs LM":-0.977740111}
{"Kabupaten":"Tabalong","Kecamatan":"Jaro","Latitude":-1.8784023123,"Longitude":115.6470060816,"LY":50539582.9670769945,"3LM":57577042.2570853233,"LM":1433221276.4684393406,"Target":44198768.5161809698,"Actual":38705577.7811630145,"Gap":-5493190.7350179553,"Ach":0.8757162039,"vs LY":-0.2341532021,"vs 3LM":-0.3277602276,"vs LM":-0.9729939972}
{"Kabupaten":"Tabalong","Kecamatan":"Kelua","Latitude":-2.250139259,"Longitude":115.3174067,"LY":238901367.3712789416,"3LM":257602750.5402362943,"LM":7318765048.8913841248,"Target":299725978.1429362297,"Actual":145258412.171800971,"Gap":-154467565.9711352587,"Ach":0.484637378,"vs LY":-0.391973291,"vs 3LM":-0.4361146693,"vs LM":-0.9801526062}
{"Kabupaten":"Tabalong","Kecamatan":"Muara Harus","Latitude":-2.2233015203,"Longitude":115.3252246964,"LY":4904704.7863729997,"3LM":3942885.1791176661,