{"Kabupaten":"Balangan","Kecamatan":"Awayan","Latitude":-2.39256,"Longitude":115.5216,"LY":9510486.0493599996,"3LM":17837849.3867456689,"LM":18495194.8438410014,"Target":18503275.1177482083,"Actual":5159396.4972040001,"Gap":-13343878.6205442082,"Ach":0.2788369337,"vs LY":-0.4575044356,"vs 3LM":-0.7107612927,"vs LM":-0.7210412466}
{"Kabupaten":"Balangan","Kecamatan":"Batu Mandi","Latitude":-2.3917541,"Longitude":115.4504839,"LY":19469027.4694439918,"3LM":25171229.3770973384,"LM":24962051.8022980057,"Target":26999477.6351686195,"Actual":2810877.8200000003,"Gap":-24188599.8151686192,"Ach":0.1041086001,"vs LY":-0.8556231006,"vs 3LM":-0.8883297364,"vs LM":-0.8873939593}
{"Kabupaten":"Balangan","Kecamatan":"Halong","Latitude":-2.25898891,"Longitude":115.6463,"LY":43805500.5057610199,"3LM":49067351.1294653341,"LM":41935278.115309,"Target":53778791.5877767131,"Actual":11935760.7049279995,"Gap":-41843030.8828487098,"Ach":0.2219417795,"vs LY":-0.7275282655,"vs 3LM":-0.7567474007,"vs LM":-0.7153766175}
{"Kabupaten":"Balangan","Kecamatan":"Juai","Latitude":-2.3589479,"Longitude":115.5794939,"LY":15011141.8119239975,"3LM":42833618.539489001,"LM":39391051.6279250011,"Target":47665634.9502601475,"Actual":5539815.1051309993,"Gap":-42125819.8451291472,"Ach":0.1162224129,"vs LY":-0.6309531164,"vs 3LM":-0.8706666564,"vs LM":-0.8593636149}
{"Kabupaten":"Balangan","Kecamatan":"Lampihong","Latitude":-2.3257296846,"Longitude":115.4120221117,"LY":31354437.1406280063,"3LM":46704657.9359783381,"LM":43954686.4903329983,"Target":49899715.9535080045,"Actual":8079120.9526859988,"Gap":-41820595.0008220077,"Ach":0.1619071531,"vs LY":-0.7423292622,"vs 3LM":-0.827016805,"vs LM":-0.816194322}
{"Kabupaten":"Balangan","Kecamatan":"Paringin","Latitude":-2.2665,"Longitude":115.479342,"LY":89439759.7968700081,"3LM":115880536.540752396,"LM":101871759.7431990057,"Target":120432390.545806855,"Actual":32471616.7981340066,"Gap":-87960773.7476728559,"Ach":0.2696252781,"vs LY":-0.6369442754,"vs 3LM":-0.7197836861,"vs LM":-0.681250065}
{"Kabupaten":"Balangan","Kecamatan":"Paringin Selatan","Latitude":-2.35991381,"Longitude":115.491479,"LY":13591925.0793689974,"3LM":23977409.4894189984,"LM":22697267.9080570042,"Target":25898392.9126042239,"Actual":2687995.9633240001,"Gap":-23210396.9492802247,"Ach":0.1037900681,"vs LY":-0.8022358167,"vs 3LM":-0.8878946466,"vs LM":-0.8815718273}
{"Kabupaten":"Balangan","Kecamatan":"Tebing Tinggi","Latitude":-2.4460665713,"Longitude":115.5946078524,"LY":7619369.1885340009,"3LM":15254359.7384189982,"LM":12497873.1705090012,"Target":16034751.2008145936,"Actual":4545042.0346680013,"Gap":-11489709.1661465913,"Ach":0.283449489,"vs LY":-0.4034884093,"vs 3LM":-0.7020496361,"vs LM":-0.6363347609}
{"Kabupaten":"Barito Selatan","Kecamatan":"Dusun Selatan","Latitude":-1.687295,"Longitude":114.908467,"LY":382744817.5544040203,"3LM":419444406.3836014271,"LM":375035539.9049499035,"Target":452989889.5132104158,"Actual":119691661.7568199933,"Gap":-333298227.7563904524,"Ach":0.2642259011,"vs LY":-0.6872807775,"vs 3LM":-0.7146423699,"vs LM":-0.6808524819}
{"Kabupaten":"Barito Selatan","Kecamatan":"Gn. Bintang Awai","Latitude":-1.5588597,"Longitude":115.056983,"LY":0.0,"3LM":19395428.4417493306,"LM":22865372.7116819993,"Target":21879354.3056972921,"Actual":0.0,"Gap":-21879354.3056972921,"Ach":0.0,"vs LY":0.0,"vs 3LM":-1.0,"vs LM":-1.0}
{"Kabupaten":"Barito Timur","Kecamatan":"Dusun Tengah","Latitude":-1.8211937,"Longitude":115.1786172,"LY":399779391.8044019938,"3LM":338882124.0378699303,"LM":396508745.026820004,"Target":383132834.1282753944,"Actual":52830902.2046759874,"Gap":-330301931.923599422,"Ach":0.137891868,"vs LY":-0.867849861,"vs 3LM":-0.8441024225,"vs LM":-0.8667598058}
{"Kabupaten":"Barito Timur","Kecamatan":"Dusun Timur","Latitude":-2.1077784638,"Longitude":115.163002389,"LY":181606832.3192649484,"3LM":192690873.100117892,"LM":196410459.7745669484,"Target":203032294.9332738817,"Actual":32142439.0153420046,"Gap":-170889855.9179318845,"Ach":0.1583119524,"vs LY":-0.8230108493,"vs 3LM":-0.8331916894,"vs LM":-0.8363506758}
{"Kabupaten":"Barito Timur","Kecamatan":"Karusen Janang","Latitude":-1.98237,"Longitude":115.076,"LY":14728949.7828060016,"3LM":18318161.1334716678,"LM":14843563.7376420014,"Target":20416562.2013274953,"Actual":4736023.8891789997,"Gap":-15680538.3121484965,"Ach":0.2319697039,"vs LY":-0.6784547467,"vs 3LM":-0.741457461,"vs LM":-0.6809375449}
{"Kabupaten":"Barito Timur","Kecamatan":"Paku","Latitude":-1.93932,"Longitude":115.11293,"LY":4443289.8180810018,"3LM":26262149.9037566744,"LM":21549817.3832070008,"Target":28645033.6620486081,"Actual":3505405.0784589997,"Gap":-25139628.5835896097,"Ach":0.1223739207,"vs LY":-0.2110789028,"vs 3LM":-0.8665225394,"vs LM":-0.8373348128}
{"Kabupaten":"Barito Timur","Kecamatan":"Patangkep Tutui","Latitude":-2.0803476124,"Longitude":115.3500217882,"LY":4302014.9103159998,"3LM":8270905.0533136651,"LM":6600544.3310659993,"Target":8798555.6844539233,"Actual":0.0,"Gap":-8798555.6844539233,"Ach":0.0,"vs LY":-1.0,"vs 3LM":-1.0,"vs LM":-1.0}
{"Kabupaten":"Barito Timur","Kecamatan":"Pematang Karau","Latitude":-1.7978322971,"Longitude":115.0919550264,"LY":5465326.6419520015,"3LM":28571400.110797666,"LM":29037672.825767003,"Target":31089257.3676874004,"Actual":4788040.0752969999,"Gap":-26301217.2923903987,"Ach":0.1540094708,"vs LY":-0.1239242613,"vs 3LM":-0.8324184304,"vs LM":-0.8351093731}
{"Kabupaten":"Barito Timur","Kecamatan":"Raren Batuah","Latitude":-1.7408948,"Longitude":115.1501687,"LY":9431231.8813070003,"3LM":25737860.0302980021,"LM":22278989.0766350031,"Target":24819902.6022422947,"Actual":2335855.7062149998,"Gap":-22484046.8960272968,"Ach":0.0941122028,"vs LY":-0.7523276137,"vs 3LM":-0.9092443698,"vs LM":-0.8951543224}
{"Kabupaten":"Barito Timur","Kecamatan":"Banua Lima","Latitude":-2.2184378642,"Longitude":115.2610013108,"LY":53743028.8823290169,"3LM":65446469.6521649957,"LM":74999043.3858350217,"Target":79653148.6775798351,"Actual":13962744.5291660037,"Gap":-65690404.1484138295,"Ach":0.1752943199,"vs LY":-0.7401943132,"vs 3LM":-0.7866539692,"vs LM":-0.8138276983}
{"Kabupaten":"Tabalong","Kecamatan":"Banua Lawas","Latitude":-2.287293,"Longitude":115.281138,"LY":39809901.4375919998,"3LM":49159170.5508916602,"LM":48694091.3710509911,"Target":55293834.8518545106,"Actual":23390081.536717996,"Gap":-31903753.3151365146,"Ach":0.4230142764,"vs LY":-0.4124556783,"vs 3LM":-0.5241969855,"vs LM":-0.5196525722}
{"Kabupaten":"Tabalong","Kecamatan":"Bintang Ara","Latitude":-1.9683863191,"Longitude":115.443016594,"LY":24979221.744990997,"3LM":32676213.0479476675,"LM":28198669.4802909978,"Target":38196854.7577372119,"Actual":17673299.9315160029,"Gap":-20523554.826221209,"Ach":0.4626899268,"vs LY":-0.2924799615,"vs 3LM":-0.4591386736,"vs LM":-0.3732576658}
{"Kabupaten":"Tabalong","Kecamatan":"Haruai","Latitude":-2.0236875698,"Longitude":115.5197517626,"LY":257681641.9189170003,"3LM":203727045.721301347,"LM":107347814.3482859731,"Target":232273260.616907984,"Actual":97998997.3808839917,"Gap":-134274263.2360239923,"Ach":0.4219125229,"vs LY":-0.6196896424,"vs 3LM":-0.5189691333,"vs LM":-0.0870890295}
{"Kabupaten":"Tabalong","Kecamatan":"Jaro","Latitude":-1.8784023123,"Longitude":115.6470060816,"LY":46772998.7182190046,"3LM":56426012.3761846796,"LM":43173385.0509679988,"Target":62300048.153573826,"Actual":27565337.9919259958,"Gap":-34734710.1616478264,"Ach":0.442460942,"vs LY":-0.4106570298,"vs 3LM":-0.5114781848,"vs LM":-0.3615201134}
{"Kabupaten":"Tabalong","Kecamatan":"Kelua","Latitude":-2.2569943456,"Longitude":115.2829326611,"LY":250376402.1157869995,"3LM":240869307.9469407797,"LM":219097348.1411169469,"Target":280344765.0731434822,"Actual":51213136.5635160059,"Gap":-229131628.5096274614,"Ach":0.1826791256,"vs LY":-0.7954554178,"vs 3LM":-0.7873820579,"vs LM":-0.7662539643}
{"Kabupaten":"Tabalong","Kecamatan":"Muara Harus","Latitude":-2.2233015203,"Longitude":115.3252246964,"LY":2317602.3149179993,"3LM":5458607.2479776656,