{"Kabupaten":"Balangan","Kecamatan":"Awayan","Latitude":-2.39256,"Longitude":115.5216,"LY":8927301.9810080007,"3LM":17757705.8362439945,"LM":16523707.2231130023,"Target":20326787.2797257341,"Actual":6501323.7739510005,"Gap":-13825463.5057747327,"Ach":0.3198402032,"vs LY":-0.2717481958,"vs 3LM":-0.6338871792,"vs LM":-0.606545693}
{"Kabupaten":"Balangan","Kecamatan":"Batu Mandi","Latitude":-2.4292323988,"Longitude":115.422626833,"LY":17861603.3447389975,"3LM":23979612.3052146658,"LM":21553113.7881549969,"Target":27812609.7682457864,"Actual":12122412.142585,"Gap":-15690197.6256607864,"Ach":0.4358602894,"vs LY":-0.3213144471,"vs 3LM":-0.4944700528,"vs LM":-0.4375563428}
{"Kabupaten":"Balangan","Kecamatan":"Halong","Latitude":-2.2558601,"Longitude":115.660378,"LY":47214833.7044310123,"3LM":46335864.038585335,"LM":53023638.7167770118,"Target":52960673.3433815241,"Actual":16321781.138505999,"Gap":-36638892.2048755288,"Ach":0.3081868131,"vs LY":-0.6543081939,"vs 3LM":-0.647750582,"vs LM":-0.6921791576}
{"Kabupaten":"Balangan","Kecamatan":"Juai","Latitude":-2.266727,"Longitude":115.580914,"LY":20244387.4466530047,"3LM":40288847.2506593242,"LM":47371103.4471670017,"Target":47318286.0161124691,"Actual":14153691.5485180039,"Gap":-33164594.4675944671,"Ach":0.299116742,"vs LY":-0.300858493,"vs 3LM":-0.6486945516,"vs LM":-0.7012167647}
{"Kabupaten":"Balangan","Kecamatan":"Lampihong","Latitude":-2.3371238548,"Longitude":115.3779032517,"LY":31850133.4396659955,"3LM":50939961.8314243406,"LM":49584429.8517140076,"Target":58799199.0358837992,"Actual":10040267.6392600015,"Gap":-48758931.3966237977,"Ach":0.170755177,"vs LY":-0.6847652881,"vs 3LM":-0.8028999772,"vs LM":-0.7975116852}
{"Kabupaten":"Balangan","Kecamatan":"Paringin","Latitude":-2.3241191508,"Longitude":115.481873937,"LY":100364293.5140649974,"3LM":113095437.5321386456,"LM":137604264.4388060272,"Target":126389163.4118663371,"Actual":43590491.5667410046,"Gap":-82798671.8451253325,"Ach":0.3448910523,"vs LY":-0.5656772938,"vs 3LM":-0.6145689648,"vs LM":-0.6832184544}
{"Kabupaten":"Balangan","Kecamatan":"Paringin Selatan","Latitude":-2.35991381,"Longitude":115.491479,"LY":16358889.304339001,"3LM":19619993.4843949974,"LM":21781365.4458849989,"Target":22186343.3456042744,"Actual":4203882.1684579998,"Gap":-17982461.1771462746,"Ach":0.1894806234,"vs LY":-0.7430215408,"vs 3LM":-0.7857347826,"vs LM":-0.8069963897}
{"Kabupaten":"Balangan","Kecamatan":"Tebing Tinggi","Latitude":-2.4459316,"Longitude":115.5954161,"LY":4262775.5466440003,"3LM":10806430.916934669,"LM":11571782.8918529991,"Target":12896759.1053568572,"Actual":5105910.8663750002,"Gap":-7790848.238981857,"Ach":0.3959065083,"vs LY":0.1977902215,"vs 3LM":-0.5275118209,"vs LM":-0.5587619545}
{"Kabupaten":"Barito Selatan","Kecamatan":"Dusun Selatan","Latitude":-1.720383874,"Longitude":114.8319730086,"LY":401577389.0931699872,"3LM":409763553.9395279288,"LM":438514731.3137370348,"Target":479797026.7004215121,"Actual":142261113.0196530223,"Gap":-337535913.6807684898,"Ach":0.2965026982,"vs LY":-0.6457442155,"vs 3LM":-0.6528214585,"vs LM":-0.6755841871}
{"Kabupaten":"Barito Selatan","Kecamatan":"Gn. Bintang Awai","Latitude":-1.5588597,"Longitude":115.056983,"LY":0.0,"3LM":18531178.8930913322,"LM":17787477.5114969984,"Target":21849050.5208110623,"Actual":0.0,"Gap":-21849050.5208110623,"Ach":0.0,"vs LY":0.0,"vs 3LM":-1.0,"vs LM":-1.0}
{"Kabupaten":"Barito Timur","Kecamatan":"Dusun Tengah","Latitude":-1.8022954,"Longitude":115.1548074,"LY":276425581.2122658491,"3LM":360595054.5106035471,"LM":365332071.6021960378,"Target":434478382.7907598019,"Actual":84695620.0480220169,"Gap":-349782762.7427377701,"Ach":0.1949363269,"vs LY":-0.6936042617,"vs 3LM":-0.7651226244,"vs LM":-0.7681681226}
{"Kabupaten":"Barito Timur","Kecamatan":"Dusun Timur","Latitude":-2.1205231202,"Longitude":115.1754580989,"LY":203009259.7540359795,"3LM":186249279.4144886732,"LM":185736769.7929059863,"Target":208987660.5494167805,"Actual":63196097.4061749876,"Gap":-145791563.1432417929,"Ach":0.3023915251,"vs LY":-0.688703375,"vs 3LM":-0.6606907817,"vs LM":-0.6597545145}
{"Kabupaten":"Barito Timur","Kecamatan":"Karusen Janang","Latitude":-1.968963,"Longitude":115.079843,"LY":15569697.5241150018,"3LM":14782764.4639700018,"LM":16096047.9827590026,"Target":17142148.2842292152,"Actual":5646910.0137749985,"Gap":-11495238.2704542167,"Ach":0.3294167055,"vs LY":-0.6373140837,"vs 3LM":-0.6180071713,"vs LM":-0.6491741314}
{"Kabupaten":"Barito Timur","Kecamatan":"Paku","Latitude":-1.9161291,"Longitude":115.1321335,"LY":14917567.1396600008,"3LM":20982432.5409429967,"LM":13203654.2717550006,"Target":24401753.5713166557,"Actual":7892591.9532159986,"Gap":-16509161.6181006581,"Ach":0.3234436382,"vs LY":-0.4709196292,"vs 3LM":-0.6238476193,"vs LM":-0.4022418498}
{"Kabupaten":"Barito Timur","Kecamatan":"Patangkep Tutui","Latitude":-2.060464,"Longitude":115.332936,"LY":6850305.5870610001,"3LM":6854747.1071646651,"LM":7124939.0352100013,"Target":7277795.6843518652,"Actual":3239523.5369300004,"Gap":-4038272.1474218648,"Ach":0.4451242763,"vs LY":-0.5270979527,"vs 3LM":-0.5274043686,"vs LM":-0.5453261395}
{"Kabupaten":"Barito Timur","Kecamatan":"Pematang Karau","Latitude":-1.8183040976,"Longitude":115.0332972912,"LY":15305363.4726409987,"3LM":27589414.2979530022,"LM":28745531.6712230034,"Target":31741956.3140145466,"Actual":11626272.1589669995,"Gap":-20115684.1550475471,"Ach":0.3662745939,"vs LY":-0.2403792187,"vs 3LM":-0.5785966301,"vs LM":-0.5955450645}
{"Kabupaten":"Barito Timur","Kecamatan":"Raren Batuah","Latitude":-1.7403467907,"Longitude":115.1501460989,"LY":3996994.2967410004,"3LM":25615761.8896293379,"LM":23140892.0773430057,"Target":26728674.554787606,"Actual":12552549.671957003,"Gap":-14176124.882830603,"Ach":0.4696285873,"vs LY":2.1404972687,"vs 3LM":-0.5099677407,"vs LM":-0.4575598196}
{"Kabupaten":"Barito Timur","Kecamatan":"Banua Lima","Latitude":-2.2184378642,"Longitude":115.2610013108,"LY":80749783.9609590024,"3LM":71790907.2575410157,"LM":66386522.775109008,"Target":90722840.4061876684,"Actual":12810740.5896090008,"Gap":-77912099.8165786713,"Ach":0.141207446,"vs LY":-0.8413526333,"vs 3LM":-0.8215548308,"vs LM":-0.8070279922}
{"Kabupaten":"Tabalong","Kecamatan":"Banua Lawas","Latitude":-2.28726,"Longitude":115.281127,"LY":29792322.6726430058,"3LM":51074317.4797046632,"LM":44668254.8371349797,"Target":56970379.1506741941,"Actual":22239647.0319969989,"Gap":-34730732.1186771989,"Ach":0.3903721085,"vs LY":-0.2535108029,"vs 3LM":-0.5645630107,"vs LM":-0.5021151573}
{"Kabupaten":"Tabalong","Kecamatan":"Bintang Ara","Latitude":-1.9683863191,"Longitude":115.443016594,"LY":38193526.024582997,"3LM":39208242.3271243349,"LM":59451369.9936619923,"Target":46943583.8742125481,"Actual":14007387.591928998,"Gap":-32936196.282283552,"Ach":0.2983876908,"vs LY":-0.6332523061,"vs 3LM":-0.6427438018,"vs LM":-0.7643891538}
{"Kabupaten":"Tabalong","Kecamatan":"Haruai","Latitude":-2.0448820572,"Longitude":115.4549609451,"LY":228051502.7978450656,"3LM":173874716.0745812953,"LM":96991227.0519049913,"Target":218233477.8437615037,"Actual":57001986.6760130078,"Gap":-161231491.1677485108,"Ach":0.261197261,"vs LY":-0.7500477481,"vs 3LM":-0.6721663278,"vs LM":-0.4122974994}
{"Kabupaten":"Tabalong","Kecamatan":"Jaro","Latitude":-1.7728843347,"Longitude":115.6479217413,"LY":50482705.5866469964,"3LM":56772919.0941176638,"LM":61741652.8311740085,"Target":64922399.88539657,"Actual":25399643.4620460011,"Gap":-39522756.4233505726,"Ach":0.3912308157,"vs LY":-0.4968644575,"vs 3LM":-0.5526098734,"vs LM":-0.5886141317}
{"Kabupaten":"Tabalong","Kecamatan":"Kelua","Latitude":-2.26824785,"Longitude":115.3108389917,"LY":255033909.8686400056,"3LM":229585856.6536051333,"LM":272369730.3151669502,"Target":261886235.8482108414,"Actual":49434294.886992991,"Gap":-212451940.9612178504,"Ach":0.1887624782,"vs LY":-0.8061657961,"vs 3LM":-0.7846805739,"vs LM":-0.8185029782}
{"Kabupaten":"Tabalong","Kecamatan":"Muara Harus","Latitude":-2.2233015203,