{"Kabupaten":"Balangan","Kecamatan":"Awayan","Latitude":-2.1844216,"Longitude":115.380934,"LY":4913327.6211909987,"3LM":6111860.5899240002,"LM":10520907.8943039998,"Target":6802036.8998460965,"Actual":1375256.5236000004,"Gap":-5426780.3762460966,"Ach":0.2021830437,"vs LY":-0.7200967186,"vs 3LM":-0.7749856196,"vs LM":-0.8692834746}
{"Kabupaten":"Balangan","Kecamatan":"Batu Mandi","Latitude":-2.1718052521,"Longitude":115.4055275709,"LY":12924220.6096789986,"3LM":15212655.4451963324,"LM":15801033.3576389998,"Target":16792873.084840931,"Actual":4483116.4543180009,"Gap":-12309756.6305229291,"Ach":0.2669654223,"vs LY":-0.6531228776,"vs 3LM":-0.7053034909,"vs LM":-0.7162770084}
{"Kabupaten":"Balangan","Kecamatan":"Halong","Latitude":-2.1401561493,"Longitude":115.3897744348,"LY":4043964.2233679998,"3LM":3522951.3254566672,"LM":3253873.0878300006,"Target":3926483.5790273487,"Actual":1260270.050268,"Gap":-2666213.5287593487,"Ach":0.3209665913,"vs LY":-0.6883577646,"vs 3LM":-0.6422686737,"vs LM":-0.6126861693}
{"Kabupaten":"Balangan","Kecamatan":"Juai","Latitude":-1.95722,"Longitude":115.4422,"LY":14737142.3718250021,"3LM":11273584.0712049995,"LM":12189034.4723190013,"Target":12379771.9323077761,"Actual":6036890.5944870003,"Gap":-6342881.3378207758,"Ach":0.4876415032,"vs LY":-0.590362199,"vs 3LM":-0.4645100834,"vs LM":-0.5047277446}
{"Kabupaten":"Balangan","Kecamatan":"Lampihong","Latitude":-2.046555068,"Longitude":115.3170832712,"LY":11800984.7352089994,"3LM":13455085.0623133369,"LM":17064826.0646570027,"Target":14880643.6454943828,"Actual":2535585.0635980004,"Gap":-12345058.5818963833,"Ach":0.1703948515,"vs LY":-0.7851378406,"vs 3LM":-0.8115519113,"vs LM":-0.8514145381}
{"Kabupaten":"Balangan","Kecamatan":"Paringin","Latitude":-2.1702085274,"Longitude":115.4174286882,"LY":25127286.125924997,"3LM":31689739.2891376875,"LM":42213688.7027880028,"Target":35433687.9684032798,"Actual":14398384.830962006,"Gap":-21035303.1374412738,"Ach":0.4063473394,"vs LY":-0.4269820959,"vs 3LM":-0.5456452103,"vs LM":-0.6589166862}
{"Kabupaten":"Balangan","Kecamatan":"Paringin Selatan","Latitude":-1.989982,"Longitude":115.448975,"LY":3963359.7311269999,"3LM":4232518.511431667,"LM":5972340.9527820004,"Target":4781048.5752744321,"Actual":2538152.5761199999,"Gap":-2242895.9991544322,"Ach":0.5308778056,"vs LY":-0.3595957096,"vs 3LM":-0.4003209746,"vs LM":-0.5750154594}
{"Kabupaten":"Balangan","Kecamatan":"Tebing Tinggi","Latitude":-2.0664835209,"Longitude":115.4428694644,"LY":2905584.733461,"3LM":2457648.0524823344,"LM":3022134.7000840008,"Target":2771022.3355872678,"Actual":220675.598648,"Gap":-2550346.7369392677,"Ach":0.0796368892,"vs LY":-0.9240512259,"vs 3LM":-0.9102086247,"vs LM":-0.9269802241}
{"Kabupaten":"Barito Selatan","Kecamatan":"Dusun Selatan","Latitude":-2.1464259733,"Longitude":115.389048248,"LY":21623021.9942550063,"3LM":18850302.6718063317,"LM":25176473.6794560067,"Target":21384616.0424838215,"Actual":19807370.2126519978,"Gap":-1577245.8298318237,"Ach":0.9262439023,"vs LY":-0.0839684565,"vs 3LM":0.0507719986,"vs LM":-0.2132587564}
{"Kabupaten":"Barito Selatan","Kecamatan":"Gn. Bintang Awai","Latitude":-2.160702601,"Longitude":115.383517828,"LY":0.0,"3LM":261621.2751613333,"LM":365799.029003,"Target":313722.4014634504,"Actual":448243.16,"Gap":134520.7585365496,"Ach":1.4287891394,"vs LY":0.0,"vs 3LM":0.713328397,"vs LM":0.2253809454}
{"Kabupaten":"Barito Timur","Kecamatan":"Dusun Tengah","Latitude":-2.1098636,"Longitude":115.1643596,"LY":101781959.3846960217,"3LM":63464819.0704709888,"LM":27505156.3443480022,"Target":91173746.0287522674,"Actual":45744115.2374859899,"Gap":-45429630.7912662774,"Ach":0.5017246437,"vs LY":-0.5505675513,"vs 3LM":-0.279220899,"vs LM":0.6631105333}
{"Kabupaten":"Barito Timur","Kecamatan":"Dusun Timur","Latitude":-1.83858,"Longitude":115.6309,"LY":179274309.9359119833,"3LM":250170869.6591690481,"LM":273056206.2815710902,"Target":337513989.0832107067,"Actual":86627365.7838570178,"Gap":-250886623.299353689,"Ach":0.2566630379,"vs LY":-0.5167887367,"vs 3LM":-0.6537272069,"vs LM":-0.6827489587}
{"Kabupaten":"Barito Timur","Kecamatan":"Karusen Janang","Latitude":-2.17194,"Longitude":115.42022,"LY":0.0,"3LM":501093.5443816667,"LM":761621.380356,"Target":680519.3122092783,"Actual":291042.267926,"Gap":-389477.0442832783,"Ach":0.4276767209,"vs LY":0.0,"vs 3LM":-0.4191857565,"vs LM":-0.6178648927}
{"Kabupaten":"Barito Timur","Kecamatan":"Paku","Latitude":-2.36554,"Longitude":115.4991,"LY":1374118.7268430002,"3LM":912583.2687049999,"LM":1066435.786748,"Target":1052230.2209056411,"Actual":682288.154414,"Gap":-369942.0664916411,"Ach":0.6484209832,"vs LY":-0.5034721956,"vs 3LM":-0.2523551792,"vs LM":-0.3602163741}
{"Kabupaten":"Barito Timur","Kecamatan":"Patangkep Tutui","Latitude":-1.80927,"Longitude":115.02782,"LY":2098052.7779069999,"3LM":15608624.4297839981,"LM":17485757.8167850003,"Target":14519526.0859045144,"Actual":9709813.4852859993,"Gap":-4809712.6006185152,"Ach":0.6687417639,"vs LY":3.628012025,"vs 3LM":-0.3779199744,"vs LM":-0.4447015916}
{"Kabupaten":"Barito Timur","Kecamatan":"Pematang Karau","Latitude":-2.4081315233,"Longitude":115.4319472741,"LY":16825829.3402529992,"3LM":14756245.7891843356,"LM":10978543.782771999,"Target":17690039.6300330684,"Actual":5713170.6510690004,"Gap":-11976868.978964068,"Ach":0.3229597429,"vs LY":-0.6604523596,"vs 3LM":-0.6128303409,"vs LM":-0.4796057871}
{"Kabupaten":"Barito Timur","Kecamatan":"Raren Batuah","Latitude":-2.32051,"Longitude":115.54571,"LY":8160242.8548699981,"3LM":8831706.7216003351,"LM":3458692.7862040009,"Target":10982214.5036529731,"Actual":1170540.28153,"Gap":-9811674.2221229728,"Ach":0.1065850864,"vs LY":-0.8565557052,"vs 3LM":-0.8674615996,"vs LM":-0.6615656972}
{"Kabupaten":"Barito Timur","Kecamatan":"Banua Lima","Latitude":-2.33752,"Longitude":115.47708,"LY":4921249.816366001,"3LM":13675644.0081936661,"LM":15906976.283474002,"Target":19376180.8499484845,"Actual":4233318.4223339995,"Gap":-15142862.427614484,"Ach":0.2184805383,"vs LY":-0.1397879441,"vs 3LM":-0.6904483314,"vs LM":-0.7338703254}
{"Kabupaten":"Tabalong","Kecamatan":"Banua Lawas","Latitude":-1.97325,"Longitude":115.54281,"LY":122002308.4615069777,"3LM":125273395.8294023573,"LM":126365368.1687829792,"Target":140878448.1808264852,"Actual":44990957.6760860011,"Gap":-95887490.5047404766,"Ach":0.3193601169,"vs LY":-0.6312286362,"vs 3LM":-0.6408578423,"vs LM":-0.6439613295}
{"Kabupaten":"Tabalong","Kecamatan":"Bintang Ara","Latitude":-2.17022,"Longitude":115.41487,"LY":6293644.1145219989,"3LM":6534683.5582076674,"LM":7816517.3773649987,"Target":7577199.9965597447,"Actual":3350120.9641379998,"Gap":-4227079.0324217454,"Ach":0.4421317856,"vs LY":-0.4676977434,"vs 3LM":-0.4873323346,"vs LM":-0.5714049106}
{"Kabupaten":"Tabalong","Kecamatan":"Haruai","Latitude":-2.11792,"Longitude":115.40404,"LY":70342076.2378160357,"3LM":80589755.6522769779,"LM":97509625.7557890266,"Target":69263367.2018882632,"Actual":31506665.3420199975,"Gap":-37756701.8598682657,"Ach":0.4548820916,"vs LY":-0.5520936113,"vs 3LM":-0.6090487546,"vs LM":-0.676886614}
{"Kabupaten":"Tabalong","Kecamatan":"Jaro","Latitude":-2.1865477808,"Longitude":115.3991193906,"LY":89934182.8010270149,"3LM":93493609.2202866673,"LM":106279681.9559969902,"Target":76976327.0127272308,"Actual":34456575.1684700027,"Gap":-42519751.8442572281,"Ach":0.4476256078,"vs LY":-0.6168689802,"vs 3LM":-0.6314552892,"vs LM":-0.6757933922}
{"Kabupaten":"Tabalong","Kecamatan":"Kelua","Latitude":-2.38517,"Longitude":115.45374,"LY":37443127.4199549928,"3LM":91768800.8613963127,"LM":79947323.141986981,"Target":98787718.536225155,"Actual":40223599.5156709999,"Gap":-58564119.0205541551,"Ach":0.4071720666,"vs LY":0.0742585432,"vs 3LM":-0.5616854624,"vs LM":-0.4968737172}
{"Kabupaten":"Tabalong","Kecamatan":"Muara Harus","Latitude":-2.278081,"Longitude":115.483379,"LY":17312860.8324239999,"3LM":26192060.0825816654,"LM":32980939.7371309996,"Target":24097538.0537377298,"Actual":14692089.3671860006,