{"szEmployeeId":17210032876,"szname":"Asman","Channel Group":"Wholesaler","Project":"SMALL"," LY":78406717.4908719659," 3LM":105849187.173164621," LM":80994798.321419999," T.MTD":107031096.6204793006," A.MTD":47442957.3193829879," Gap MTD":-59588139.3010962531,"CR":87,"CA":68}
{"szEmployeeId":17210032876,"szname":"Asman","Channel Group":"Wholesaler","Project":"BIG"," LY":110822430.8967259824," 3LM":153449566.463162303," LM":80833747.9552730024," T.MTD":155163207.691681236," A.MTD":55172639.6131700128," Gap MTD":-99990568.0785112083,"CR":6,"CA":3}
{"szEmployeeId":17210032876,"szname":"Asman","Channel Group":"Wholesaler","Project":"MEDIUM"," LY":286421020.0064259768," 3LM":280740763.54502666," LM":190185066.2626859546," T.MTD":283850679.2920827866," A.MTD":162750990.8767809868," Gap MTD":-121099688.4153017402,"CR":36,"CA":30}
{"szEmployeeId":17210032876,"szname":"Asman","Channel Group":"Retail","Project":"BIG"," LY":0.0," 3LM":2163243.2213043324," LM":0.0," T.MTD":2188073.6350604682," A.MTD":0.0," Gap MTD":-2188073.6350604682,"CR":1,"CA":0}
{"szEmployeeId":17210032876,"szname":"Asman","Channel Group":"MTI","Project":"SMALL"," LY":32780610.9125650004," 3LM":33979113.2894646674," LM":28353999.1635810025," T.MTD":34353725.5598622411," A.MTD":18880070.4011619985," Gap MTD":-15473655.1587002389,"CR":13,"CA":10}
{"szEmployeeId":17210032876,"szname":"Asman","Channel Group":"MTI","Project":"MEDIUM"," LY":454054.03," 3LM":3377146.5799999996," LM":1807837.8499999999," T.MTD":3413217.2008340163," A.MTD":1710189.1999999997," Gap MTD":-1703028.0008340166,"CR":1,"CA":1}
{"szEmployeeId":17210041467,"szname":"Doli Purnama Sari","Channel Group":"Retail","Project":"SMALL"," LY":32233804.7099339887," 3LM":73089831.8221493214," LM":64200052.2597670108," T.MTD":78110126.2471959144," A.MTD":35674170.5642999932," Gap MTD":-42435955.6828959882,"CR":225,"CA":145}
{"szEmployeeId":17210041467,"szname":"Doli Purnama Sari","Channel Group":"Retail","Project":"BIG"," LY":14314141.8225889988," 3LM":18188844.2246543318," LM":13636486.8557099998," T.MTD":19635797.7059599571," A.MTD":8046380.4529609997," Gap MTD":-11589417.2529989574,"CR":31,"CA":21}
{"szEmployeeId":17210041467,"szname":"Doli Purnama Sari","Channel Group":"Retail","Project":"MEDIUM"," LY":21518328.3283100054," 3LM":34071087.583336331," LM":24283200.9290160015," T.MTD":36726625.2404832542," A.MTD":18118866.3661089949," Gap MTD":-18607758.8743742704,"CR":81,"CA":61}
{"szEmployeeId":17210041467,"szname":"Doli Purnama Sari","Channel Group":"MTI","Project":"SMALL"," LY":37933368.0367610157," 3LM":22896710.9762570001," LM":17492132.5518769994," T.MTD":24527450.806360811," A.MTD":10442659.5484650005," Gap MTD":-14084791.2578958161,"CR":10,"CA":7}
{"szEmployeeId":17210037897,"szname":"Hindra","Channel Group":"Wholesaler","Project":"SMALL"," LY":73577801.21810399," 3LM":84835599.6869589984," LM":74439832.0250170231," T.MTD":93620062.5485257655," A.MTD":37428294.1341960058," Gap MTD":-56191768.4143297747,"CR":36,"CA":30}
{"szEmployeeId":17210037897,"szname":"Hindra","Channel Group":"Wholesaler","Project":"BIG"," LY":114724640.0738730133," 3LM":121123949.8072586656," LM":37993513.5568009913," T.MTD":134163697.0188826621," A.MTD":47018779.255438," Gap MTD":-87144917.7634446621,"CR":4,"CA":3}
{"szEmployeeId":17210037897,"szname":"Hindra","Channel Group":"Wholesaler","Project":"MEDIUM"," LY":209335390.5079059899," 3LM":279533864.2752920389," LM":233586972.0127690136," T.MTD":308273143.8469170332," A.MTD":134237237.8346669674," Gap MTD":-174035906.0122499764,"CR":24,"CA":23}
{"szEmployeeId":17210037897,"szname":"Hindra","Channel Group":"Retail","Project":"SMALL"," LY":30112994.7576670051," 3LM":34735797.669398658," LM":31851518.590921998," T.MTD":39275340.0674554482," A.MTD":16532235.0781760011," Gap MTD":-22743104.9892794527,"CR":87,"CA":52}
{"szEmployeeId":17210037897,"szname":"Hindra","Channel Group":"Retail","Project":"BIG"," LY":15827575.8026600014," 3LM":14300662.8965463322," LM":12648458.886648003," T.MTD":16193208.2640251759," A.MTD":8754880.4659360014," Gap MTD":-7438327.7980891773,"CR":16,"CA":14}
{"szEmployeeId":17210037897,"szname":"Hindra","Channel Group":"Retail","Project":"MEDIUM"," LY":18620415.1595030017," 3LM":20789880.5608439967," LM":17920727.8685309999," T.MTD":23464069.2751877196," A.MTD":8305126.6992700016," Gap MTD":-15158942.5759177133,"CR":38,"CA":28}
{"szEmployeeId":17210037897,"szname":"Hindra","Channel Group":"MTI","Project":"SMALL"," LY":8940720.4596390016," 3LM":15170441.7596243322," LM":8911802.7609660029," T.MTD":17067091.131074477," A.MTD":2707837.8575590001," Gap MTD":-14359253.2735154778,"CR":3,"CA":2}
{"szEmployeeId":17210037897,"szname":"Hindra","Channel Group":"MTI","Project":"MEDIUM"," LY":7562026.7728739996," 3LM":4586043.8712806674," LM":4732432.4768330008," T.MTD":4943387.8479319857," A.MTD":2943340.5493650003," Gap MTD":-2000047.2985669854,"CR":1,"CA":1}
{"szEmployeeId":17210036369,"szname":"Muhammad Tamrin","Channel Group":"Wholesaler","Project":"SMALL"," LY":57154254.7521570101," 3LM":87762367.1223029941," LM":82376850.3507779837," T.MTD":118185508.732368812," A.MTD":35093164.3616390154," Gap MTD":-83092344.3707297295,"CR":93,"CA":58}
{"szEmployeeId":17210036369,"szname":"Muhammad Tamrin","Channel Group":"Wholesaler","Project":"BIG"," LY":55444263.427966997," 3LM":115880380.8195076734," LM":71651289.2494349927," T.MTD":154300106.5601667166," A.MTD":48350702.7043100074," Gap MTD":-105949403.8558567166,"CR":6,"CA":3}
{"szEmployeeId":17210036369,"szname":"Muhammad Tamrin","Channel Group":"Wholesaler","Project":"MEDIUM"," LY":66184980.7596350089," 3LM":157420106.9084596634," LM":129642483.9082320035," T.MTD":206844700.4007826447," A.MTD":51101383.850312002," Gap MTD":-155743316.55047068,"CR":37,"CA":25}
{"szEmployeeId":17210036369,"szname":"Muhammad Tamrin","Channel Group":"Retail","Project":"BIG"," LY":0.0," 3LM":1832672.6611370002," LM":0.0," T.MTD":2597856.7274311488," A.MTD":0.0," Gap MTD":-2597856.7274311488,"CR":1,"CA":0}
{"szEmployeeId":17210036369,"szname":"Muhammad Tamrin","Channel Group":"MTI","Project":"SMALL"," LY":4794096.0822329996," 3LM":8195725.637534," LM":8079568.5770260002," T.MTD":11257915.9792441782," A.MTD":3950014.4608100001," Gap MTD":-7307901.5184341772,"CR":13,"CA":8}
{"szEmployeeId":17210036369,"szname":"Muhammad Tamrin","Channel Group":"MTI","Project":"MEDIUM"," LY":637567.5389169999," 3LM":614420.42," LM":537207.21," T.MTD":607055.3854577153," A.MTD":382500.0," Gap MTD":-224555.3854577153,"CR":1,"CA":1}
{"szEmployeeId":17210036369,"szname":"Muhammad Tamrin","Channel Group":"FS","Project":"SMALL"," LY":0.0," 3LM":205308.41," LM":62454.95," T.MTD":206856.2145487031," A.MTD":559458.5600000001," Gap MTD":352602.3454512969,"CR":1,"CA":1}
{"szEmployeeId":17210037632,"szname":"Robianor","Channel Group":"Wholesaler","Project":"SMALL"," LY":51442090.6680819914," 3LM":81821614.6750786901," LM":65506136.6685029939," T.MTD":89858471.7267621011," A.MTD":44999827.4105649889," Gap MTD":-44858644.3161971346,"CR":39,"CA":32}
{"szEmployeeId":17210037632,"szname":"Robianor","Channel Group":"Wholesaler","Project":"BIG"," LY":93706919.3989710361," 3LM":112969984.9475026578," LM":61304234.2357950062," T.MTD":119824116.931786716," A.MTD":57919054.0457349941," Gap MTD":-61905062.8860517219,"CR":3,"CA":3}
{"szEmployeeId":17210037632,"szname":"Robianor","Channel Group":"Wholesaler","Project":"MEDIUM"," LY":189652797.000932008," 3LM":311742932.2762943506," LM":266220460.5281360149," T.MTD":329246702.6943087578," A.MTD":85986281.9133180082," Gap MTD":-243260420.78099069,"CR":27,"CA":22}
{"szEmployeeId":17210037632,"szname":"Robianor","Channel Group":"Retail","Project":"SMALL"," LY":30777470.7647050023," 3LM":36243492.5129889995," LM":29738273.2834339924," T.MTD":39725887.3438431919," A.MTD":10886227.5767469984," Gap MTD":-28839659.7670961879,"CR":75,"CA":40}
{"szEmployeeId":17210037632,"szname":"Robianor","Channel Group":"Retail","Project":"BIG"," LY":28535434.6031640023,