{"szEmployeeId":17210032876,"szname":"Asman","Channel Group":"Wholesaler","Project":"SMALL"," LY":87687600.3532610089," 3LM":126265060.5060066581," LM":132341229.7684389949," T.MTD":140017477.3383717239," A.MTD":132379571.1559479982," Gap MTD":-7637906.1824237034}
{"szEmployeeId":17210032876,"szname":"Asman","Channel Group":"Wholesaler","Project":"BIG"," LY":223930647.0053530037," 3LM":140816210.5931153297," LM":110912893.1494589746," T.MTD":179291921.346657455," A.MTD":81858468.3290139884," Gap MTD":-97433453.0176434517}
{"szEmployeeId":17210032876,"szname":"Asman","Channel Group":"Wholesaler","Project":"MEDIUM"," LY":477264396.678728044," 3LM":570531099.2818179131," LM":506205202.4072809815," T.MTD":637708601.4574687481," A.MTD":524785620.3295499682," Gap MTD":-112922981.1279187202}
{"szEmployeeId":17210032876,"szname":"Asman","Channel Group":"Retail","Project":"SMALL"," LY":4570193.2407860002," 3LM":6051131.6631113347," LM":6484712.2058419995," T.MTD":6908527.3518893253," A.MTD":4753839.5013469998," Gap MTD":-2154687.8505423255}
{"szEmployeeId":17210032876,"szname":"Asman","Channel Group":"Retail","Project":"BIG"," LY":60964662.1011559889," 3LM":74834517.4702879936," LM":80019532.2542890012," T.MTD":81181164.1596216857," A.MTD":73955716.9621960223," Gap MTD":-7225447.1974256858}
{"szEmployeeId":17210032876,"szname":"Asman","Channel Group":"Retail","Project":"MEDIUM"," LY":11276302.1476609986," 3LM":16055656.4429416675," LM":15135774.8768059984," T.MTD":17383585.8145047873," A.MTD":15539395.1380830016," Gap MTD":-1844190.6764217832}
{"szEmployeeId":17210032876,"szname":"Asman","Channel Group":"MTI","Project":"SMALL"," LY":18879637.6975119971," 3LM":39860100.8586733416," LM":43374847.9786269963," T.MTD":38617018.1105255857," A.MTD":32616283.4915920012," Gap MTD":-6000734.6189335845}
{"szEmployeeId":17210032876,"szname":"Asman","Channel Group":"MTI","Project":"MEDIUM"," LY":2289369.2289890004," 3LM":2450583.9574746662," LM":3891488.9954929994," T.MTD":2317704.4209608608," A.MTD":3163998.9899999998," Gap MTD":846294.569039139}
{"szEmployeeId":17210041467,"szname":"Doli Purnama Sari","Channel Group":"Wholesaler","Project":"SMALL"," LY":374252.23," 3LM":823363.3166666667," LM":1080450.3999999999," T.MTD":902175.9585874171," A.MTD":139549.56," Gap MTD":-762626.3985874171}
{"szEmployeeId":17210041467,"szname":"Doli Purnama Sari","Channel Group":"Retail","Project":"SMALL"," LY":20476746.3651020005," 3LM":58940250.6862490028," LM":71389970.9599190205," T.MTD":62463849.9125605896," A.MTD":72325940.8208260089," Gap MTD":9862090.9082653914}
{"szEmployeeId":17210041467,"szname":"Doli Purnama Sari","Channel Group":"Retail","Project":"BIG"," LY":28076414.9792270027," 3LM":25227312.665338669," LM":33054130.3713939972," T.MTD":26870995.1365432031," A.MTD":24099612.2097130008," Gap MTD":-2771382.9268301982}
{"szEmployeeId":17210041467,"szname":"Doli Purnama Sari","Channel Group":"Retail","Project":"MEDIUM"," LY":26064677.9536479972," 3LM":36276333.2703333348," LM":35277871.4836260155," T.MTD":38521921.9031815901," A.MTD":39988574.8307889998," Gap MTD":1466652.9276074111}
{"szEmployeeId":17210041467,"szname":"Doli Purnama Sari","Channel Group":"MTI","Project":"SMALL"," LY":20755651.3579289988," 3LM":29890563.3735846616," LM":39858908.5274609998," T.MTD":31383057.0891272277," A.MTD":11171990.6508039981," Gap MTD":-20211066.4383232258}
{"szEmployeeId":17210037897,"szname":"Hindra","Channel Group":"Wholesaler","Project":"SMALL"," LY":40482762.2073599994," 3LM":58158388.1977323294," LM":57276634.8613699973," T.MTD":63330846.2210801989," A.MTD":37398230.7949130014," Gap MTD":-25932615.4261672199}
{"szEmployeeId":17210037897,"szname":"Hindra","Channel Group":"Wholesaler","Project":"BIG"," LY":62667120.3688140139," 3LM":37195936.9972180054," LM":65339522.9202810004," T.MTD":42268797.6270288303," A.MTD":0.0," Gap MTD":-42268797.6270288303}
{"szEmployeeId":17210037897,"szname":"Hindra","Channel Group":"Wholesaler","Project":"MEDIUM"," LY":151126882.2775480151," 3LM":180100508.7975389957," LM":190424669.7397139966," T.MTD":202062690.3128934503," A.MTD":108291170.8777779937," Gap MTD":-93771519.4351154417}
{"szEmployeeId":17210037897,"szname":"Hindra","Channel Group":"Retail","Project":"SMALL"," LY":17886902.0599219985," 3LM":77133809.6588446796," LM":71215056.478404969," T.MTD":83036096.7225583196," A.MTD":65331725.2511609942," Gap MTD":-17704371.4713973217}
{"szEmployeeId":17210037897,"szname":"Hindra","Channel Group":"Retail","Project":"BIG"," LY":46459562.283212997," 3LM":52338416.3465149701," LM":49287197.1257650033," T.MTD":57577341.3404079899," A.MTD":44202168.8147090077," Gap MTD":-13375172.5256989971}
{"szEmployeeId":17210037897,"szname":"Hindra","Channel Group":"Retail","Project":"MEDIUM"," LY":14218668.1631519981," 3LM":18786586.602455996," LM":20315996.4046479948," T.MTD":20082106.6328704618," A.MTD":13148318.4558450002," Gap MTD":-6933788.1770254653}
{"szEmployeeId":17210037897,"szname":"Hindra","Channel Group":"MTI","Project":"SMALL"," LY":7395224.9923719987," 3LM":7463921.3944736663," LM":4107387.2315170001," T.MTD":7958121.1431606598," A.MTD":5753468.3247559993," Gap MTD":-2204652.8184046601}
{"szEmployeeId":17210037897,"szname":"Hindra","Channel Group":"FS","Project":"SMALL"," LY":0.0," 3LM":0.0," LM":0.0," T.MTD":0.0," A.MTD":1476208.9909000001," Gap MTD":1476208.9909000001}
{"szEmployeeId":17210041719,"szname":"Muhammad Iqbal Purwa Atmaja","Channel Group":"Wholesaler","Project":"SMALL"," LY":925968.336214," 3LM":2313251.2799043329," LM":3061342.2485499997," T.MTD":2468783.9195584622," A.MTD":982235.1032420001," Gap MTD":-1486548.8163164619}
{"szEmployeeId":17210041719,"szname":"Muhammad Iqbal Purwa Atmaja","Channel Group":"Retail","Project":"SMALL"," LY":10503398.3338749986," 3LM":39275581.0465966836," LM":51463057.7993189916," T.MTD":42976264.1607134268," A.MTD":43195099.8303660229," Gap MTD":218835.6696526165}
{"szEmployeeId":17210041719,"szname":"Muhammad Iqbal Purwa Atmaja","Channel Group":"Retail","Project":"BIG"," LY":27536028.1879030019," 3LM":21714716.8906599991," LM":26724544.0237079971," T.MTD":23071372.2788432389," A.MTD":18359390.8490509987," Gap MTD":-4711981.4297922347}
{"szEmployeeId":17210041719,"szname":"Muhammad Iqbal Purwa Atmaja","Channel Group":"Retail","Project":"MEDIUM"," LY":18091843.8095639944," 3LM":25463609.0991073325," LM":29782224.6065990031," T.MTD":28284254.4492564574," A.MTD":20825469.9268059954," Gap MTD":-7458784.5224504573}
{"szEmployeeId":17210041719,"szname":"Muhammad Iqbal Purwa Atmaja","Channel Group":"MTI","Project":"SMALL"," LY":4148539.3897130005," 3LM":4871699.4093350004," LM":6176315.8119729999," T.MTD":5241325.1916284412," A.MTD":1981638.671081," Gap MTD":-3259686.5205474412}
{"szEmployeeId":17210036369,"szname":"Muhammad Tamrin","Channel Group":"Wholesaler","Project":"SMALL"," LY":43145934.8408650011," 3LM":90424964.0077793449," LM":85870445.8161659986," T.MTD":95433025.5036905408," A.MTD":95985296.0906590074," Gap MTD":552270.5869684773}
{"szEmployeeId":17210036369,"szname":"Muhammad Tamrin","Channel Group":"Wholesaler","Project":"BIG"," LY":280151433.1713870168," 3LM":157471447.7447110116," LM":58131441.0656209886," T.MTD":194883148.1062144041," A.MTD":63624053.9047169909," Gap MTD":-131259094.2014974058}
{"szEmployeeId":17210036369,"szname":"Muhammad Tamrin","Channel Group":"Wholesaler","Project":"MEDIUM"," LY":275668504.6711800098," 3LM":269300115.7500609756," LM":259395684.7463839948," T.MTD":294784376.2426012158," A.MTD":207547260.3095880151," Gap MTD":-87237115.9330132157}
{"szEmployeeId":17210036369,"szname":"Muhammad Tamrin","Channel Group":"Retail","Project":"SMALL"," LY":13326615.2699910011," 3LM":47850893.7672839686," LM":42174177.4660939798," T.MTD":50461157.8371867388," A.MTD":34470338.9458830059," Gap MTD":-15990818.8913037442}
{"szEmployeeId":17210036369,"szname":"Muhammad Tamrin","Channel Group":"Retail","Project":"BIG"," LY":46149839.9839909971," 3LM":49045171.5725406781,