{"szEmployeeId":17210032876,"szname":"Asman","Channel Group":"MTI"," LY":39106913.5547939986," 3LM":35999967.4218723327," LM":38072529.974574998," Max":63075717.2735720053," T.MTD":37680024.4013079852," A.MTD":2789845.0944140004," Gap MTD":-34890179.306893982," Ach":0.074040427," vs LY":-0.928661077," vs 3LM":-0.9225042328," vs LM":-0.9267228867}
{"szEmployeeId":17210032876,"szname":"Asman","Channel Group":"Wholesaler"," LY":628664289.5748058558," 3LM":569843552.5811033249," LM":651100281.947455883," Max":859958995.2013969421," T.MTD":599019975.5986915827," A.MTD":66050123.7004049942," Gap MTD":-532969851.8982869387," Ach":0.1102636413," vs LY":-0.8949357792," vs 3LM":-0.8840907765," vs LM":-0.8985561433}
{"szEmployeeId":17210036369,"szname":"Muhammad Tamrin","Channel Group":"MTI"," LY":7732869.7825000007," 3LM":8129104.9005973339," LM":7435160.4140520003," Max":24433837.9399179965," T.MTD":10009472.5010655522," A.MTD":921436.047025," Gap MTD":-9088036.4540405516," Ach":0.0920564043," vs LY":-0.8808416444," vs 3LM":-0.8866497532," vs LM":-0.876070455}
{"szEmployeeId":17210036369,"szname":"Muhammad Tamrin","Channel Group":"Wholesaler"," LY":408870048.9055979252," 3LM":334636336.3544669151," LM":344323210.0041090846," Max":612372202.0481319427," T.MTD":530240345.4756395221," A.MTD":47120166.7454330027," Gap MTD":-483120178.7302064896," Ach":0.088865676," vs LY":-0.8847551517," vs 3LM":-0.8591899276," vs LM":-0.8631513491}
{"szEmployeeId":17210036369,"szname":"Muhammad Tamrin","Channel Group":"FS"," LY":0.0," 3LM":261696.3966666666," LM":559458.5600000001," Max":1357067.5650450001," T.MTD":134156.9895038807," A.MTD":0.0," Gap MTD":-134156.9895038807," Ach":0.0," vs LY":"0x7"," vs 3LM":-1.0," vs LM":-1.0}
{"szEmployeeId":17210036369,"szname":"Muhammad Tamrin","Channel Group":null," LY":0.0," 3LM":8477537.2385876663," LM":10997332.4345939998," Max":18796494.9865939952," T.MTD":4416025.0337911015," A.MTD":0.0," Gap MTD":-4416025.0337911015," Ach":0.0," vs LY":"0x7"," vs 3LM":-1.0," vs LM":-1.0}
{"szEmployeeId":17210037632,"szname":"Robianor","Channel Group":"MTI"," LY":755967.33," 3LM":895788.0327926667," LM":653851.36," Max":1259422.5983779998," T.MTD":1068415.6812573364," A.MTD":0.0," Gap MTD":-1068415.6812573364," Ach":0.0," vs LY":-1," vs 3LM":-1.0," vs LM":-1.0}
{"szEmployeeId":17210037632,"szname":"Robianor","Channel Group":"Retail"," LY":92432298.2187919915," 3LM":79816618.9869690537," LM":75503747.176478982," Max":125812285.3524600118," T.MTD":93353388.012135908," A.MTD":12751302.5608349964," Gap MTD":-80602085.4513009638," Ach":0.1365917492," vs LY":-0.8620471112," vs 3LM":-0.8402425119," vs LM":-0.8311169573}
{"szEmployeeId":17210037632,"szname":"Robianor","Channel Group":"Wholesaler"," LY":498628610.9390899539," 3LM":521165025.153413713," LM":584381159.2728838921," Max":787233263.5282902718," T.MTD":589954792.4918373823," A.MTD":35541787.463786006," Gap MTD":-554413005.0280512571," Ach":0.0602449339," vs LY":-0.9287209224," vs 3LM":-0.9318031991," vs LM":-0.93918047}
{"szEmployeeId":17210037632,"szname":"Robianor","Channel Group":"FS"," LY":0.0," 3LM":865929.4266666666," LM":882543.24," Max":1756055.8500000001," T.MTD":822451.9346338565," A.MTD":0.0," Gap MTD":-822451.9346338565," Ach":0.0," vs LY":"0x7"," vs 3LM":-1.0," vs LM":-1.0}
{"szEmployeeId":17210037632,"szname":"Robianor","Channel Group":null," LY":0.0," 3LM":5469595.4916176666," LM":2688431.5286480002," Max":8058924.2074030004," T.MTD":5800951.8801354393," A.MTD":0.0," Gap MTD":-5800951.8801354393," Ach":0.0," vs LY":"0x7"," vs 3LM":-1.0," vs LM":-1.0}
{"szEmployeeId":17210037897,"szname":"Hindra","Channel Group":"MTI"," LY":19999098.2859690003," 3LM":14341740.2633229997," LM":9187935.156281," Max":22585637.8516489975," T.MTD":15577334.0784557667," A.MTD":7291981.9677230008," Gap MTD":-8285352.1107327677," Ach":0.4681148861," vs LY":-0.6353844627," vs 3LM":-0.4915552901," vs LM":-0.2063524781}
{"szEmployeeId":17210037897,"szname":"Hindra","Channel Group":"Retail"," LY":77094695.80430004," 3LM":67576950.2045446485," LM":60049767.7655200362," Max":114005420.5944059938," T.MTD":74362272.2409214675," A.MTD":8704940.767849002," Gap MTD":-65657331.4730724543," Ach":0.117061253," vs LY":-0.8870876825," vs 3LM":-0.8711847643," vs LM":-0.8550378945}
{"szEmployeeId":17210037897,"szname":"Hindra","Channel Group":"Wholesaler"," LY":559987894.8810399771," 3LM":552862311.8432810307," LM":663197541.0858278275," Max":829984977.5554839373," T.MTD":599178225.589333415," A.MTD":87356023.5781570226," Gap MTD":-511822202.0111764073," Ach":0.1457930543," vs LY":-0.8440037287," vs 3LM":-0.8419931659," vs LM":-0.8682805376}
{"szEmployeeId":17210037897,"szname":"Hindra","Channel Group":null," LY":0.0," 3LM":4977110.9435006659," LM":5915387.5635060007," Max":7790346.0709719993," T.MTD":5582168.0912894262," A.MTD":1905327.0283639994," Gap MTD":-3676841.0629254263," Ach":0.3413238364," vs LY":"0x7"," vs 3LM":-0.6171821263," vs LM":-0.6779032637}
{"szEmployeeId":17210041467,"szname":"Doli Purnama Sari","Channel Group":"MTI"," LY":18615404.4344820008," 3LM":24312451.5306140147," LM":28567344.3206120022," Max":41639558.7664680034," T.MTD":27363537.1343054473," A.MTD":2074639.6599999997," Gap MTD":-25288897.4743054435," Ach":0.0758176712," vs LY":-0.8885525336," vs 3LM":-0.9146676074," vs LM":-0.9273772306}
{"szEmployeeId":17210041467,"szname":"Doli Purnama Sari","Channel Group":"Retail"," LY":70740094.2005720139," 3LM":128775127.8615816087," LM":125911605.9381940365," Max":192805049.4856190681," T.MTD":143910449.4343404174," A.MTD":15778153.4088449962," Gap MTD":-128132296.0254953802," Ach":0.1096386918," vs LY":-0.7769560023," vs 3LM":-0.8774751486," vs LM":-0.8746886493}
{"szEmployeeId":17210041467,"szname":"Doli Purnama Sari","Channel Group":null," LY":0.0," 3LM":1143090.0883769998," LM":3429270.265131," Max":3429270.265131," T.MTD":1326013.4313540591," A.MTD":0.0," Gap MTD":-1326013.4313540591," Ach":0.0," vs LY":"0x7"," vs 3LM":-1.0," vs LM":-1.0}
{"szEmployeeId":17210042412,"szname":"Muhammad Rizky Algifari","Channel Group":"MTI"," LY":3010351.7354910001," 3LM":1925390.3847133331," LM":301621.63," Max":4711216.20414," T.MTD":2436590.062677166," A.MTD":182702.7," Gap MTD":-2253887.3626771662," Ach":0.0749829456," vs LY":-0.9393085207," vs 3LM":-0.9051087502," vs LM":-0.3942652588}
{"szEmployeeId":17210042412,"szname":"Muhammad Rizky Algifari","Channel Group":"Retail"," LY":97332741.2617969662," 3LM":72289084.0079630017," LM":67195108.7099949867," Max":118148245.3044510186," T.MTD":93568755.6756578237," A.MTD":11304687.6953590009," Gap MTD":-82264067.9802988023," Ach":0.1208169075," vs LY":-0.8838552418," vs 3LM":-0.8436183298," vs LM":-0.8317632353}
{"szEmployeeId":17210042412,"szname":"Muhammad Rizky Algifari","Channel Group":"Wholesaler"," LY":380867912.3247701526," 3LM":268115064.826368928," LM":337135134.9337029457," Max":416321921.1141940355," T.MTD":334008210.9585790634," A.MTD":29157882.092059996," Gap MTD":-304850328.8665191531," Ach":0.0872969021," vs LY":-0.9234435846," vs 3LM":-0.8912486245," vs LM":-0.9135127755}
{"szEmployeeId":17210042412,"szname":"Muhammad Rizky Algifari","Channel Group":"FS"," LY":0.0," 3LM":1493840.5336033334," LM":485405.4," Max":2776951.3399999999," T.MTD":2793402.002303693," A.MTD":0.0," Gap MTD":-2793402.002303693," Ach":0.0," vs LY":"0x7"," vs 3LM":-1.0," vs LM":-1.0}
{"szEmployeeId":17210042412,"szname":"Muhammad Rizky Algifari","Channel Group":null," LY":0.0," 3LM":3614881.373420334," LM":10844644.1202610005," Max":10999583.7602610011," T.MTD":5593041.3007823713," A.MTD":0.0," Gap MTD":-5593041.3007823713," Ach":0.0," vs LY":"0x7"," vs 3LM":-1.0," vs LM":-1.0}
{"szEmployeeId":17210042423,"szname":"Siti Fatimah Hadijah","Channel Group":"MTI"," LY":4713110.5314349998," 3LM":7060529.2127853325," LM":6889452.2902629999," Max":18764490.1678190008," T.MTD":7942222.9061704688," A.MTD":0.0," Gap MTD":-7942222.9061704688," Ach":0.0," vs LY":-1," vs 3LM":-1.0,