{"szEmployeeId":17210032876,"szname":"Asman","Channel Group":"MTI"," LY":27975413.0843050033," 3LM":38100719.8452276662," LM":40465607.5206020027," Max":82254455.9899849892," T.MTD":39472343.4099026397," A.MTD":4760448.6735129999," Gap MTD":-34711894.7363896295," Ach":0.1206021295," vs LY":-0.829834553," vs 3LM":-0.8750562012," vs LM":-0.8823581563}
{"szEmployeeId":17210032876,"szname":"Asman","Channel Group":"Retail"," LY":1354807.8649249999," 3LM":1561507.4745003332," LM":1167927.9881000002," Max":3383891.6584599996," T.MTD":1601671.3067213562," A.MTD":220360.37," Gap MTD":-1381310.9367213561," Ach":0.1375815182," vs LY":-0.8373493573," vs 3LM":-0.8588797213," vs LM":-0.811323667}
{"szEmployeeId":17210032876,"szname":"Asman","Channel Group":"Wholesaler"," LY":561542360.1163179874," 3LM":648437557.5879468918," LM":636097620.6459720135," Max":1074017005.1438302994," T.MTD":662225985.2833759785," A.MTD":87580310.8599970043," Gap MTD":-574645674.423379302," Ach":0.1322513958," vs LY":-0.8440361457," vs 3LM":-0.8649364001," vs LM":-0.862316242}
{"szEmployeeId":17210036369,"szname":"Muhammad Tamrin","Channel Group":"MTI"," LY":4051490.6214339999," 3LM":7593357.6996649988," LM":8569649.636481002," Max":18423934.5146520026," T.MTD":7306052.2062818287," A.MTD":1726645.9408100001," Gap MTD":-5579406.2654718263," Ach":0.2363309065," vs LY":-0.5738245248," vs 3LM":-0.7726110096," vs LM":-0.7985161571}
{"szEmployeeId":17210036369,"szname":"Muhammad Tamrin","Channel Group":"Retail"," LY":1454083.6365660001," 3LM":1241953.7510176667," LM":859459.49378," Max":3336359.2008009995," T.MTD":1452082.6734084135," A.MTD":308738.742972," Gap MTD":-1143343.9304364135," Ach":0.2126178823," vs LY":-0.787674701," vs 3LM":-0.7514088244," vs LM":-0.6407756908}
{"szEmployeeId":17210036369,"szname":"Muhammad Tamrin","Channel Group":"Wholesaler"," LY":425546218.9716850519," 3LM":428450105.9299161434," LM":475326356.9560739398," Max":760829623.3256177902," T.MTD":503186522.7133444548," A.MTD":67983185.8192910105," Gap MTD":-435203336.8940532804," Ach":0.1351053392," vs LY":-0.8402448834," vs 3LM":-0.8413276485," vs LM":-0.8569757708}
{"szEmployeeId":17210036369,"szname":"Muhammad Tamrin","Channel Group":"FS"," LY":0.0," 3LM":453628.83," LM":215878.38," Max":1145008.1100000001," T.MTD":355342.4069654599," A.MTD":210979.28," Gap MTD":-144363.1269654599," Ach":0.5937351576," vs LY":"0x7"," vs 3LM":-0.5349076909," vs LM":-0.0226937964}
{"szEmployeeId":17210037632,"szname":"Robianor","Channel Group":"MTI"," LY":1481940.9100000001," 3LM":1090674.1990090001," LM":1147795.51," Max":1915342.6399999999," T.MTD":1229520.684122086," A.MTD":222139.64," Gap MTD":-1007381.044122086," Ach":0.1806717389," vs LY":-0.8501022284," vs 3LM":-0.7963281425," vs LM":-0.8064640974}
{"szEmployeeId":17210037632,"szname":"Robianor","Channel Group":"Retail"," LY":69472259.6894540191," 3LM":94360193.9492100179," LM":106227218.198205024," Max":210984043.8287950754," T.MTD":108106970.5980740786," A.MTD":13616067.1004049964," Gap MTD":-94490903.4976690859," Ach":0.1259499459," vs LY":-0.8040071366," vs 3LM":-0.8557011539," vs LM":-0.8718212965}
{"szEmployeeId":17210037632,"szname":"Robianor","Channel Group":"Wholesaler"," LY":523829741.9887059331," 3LM":550387424.6608392," LM":569992009.9266369343," Max":933412443.0033111572," T.MTD":633667724.6862440109," A.MTD":47658165.9592669979," Gap MTD":-586009558.7269773483," Ach":0.0752100259," vs LY":-0.9090197403," vs 3LM":-0.913409784," vs LM":-0.9163880105}
{"szEmployeeId":17210037632,"szname":"Robianor","Channel Group":"FS"," LY":0.0," 3LM":1100059.1566666667," LM":818181.98," Max":2481995.4900000002," T.MTD":995784.031559933," A.MTD":155270.27," Gap MTD":-840513.761559933," Ach":0.1559276561," vs LY":"0x7"," vs 3LM":-0.8588527998," vs LM":-0.8102252631}
{"szEmployeeId":17210037897,"szname":"Hindra","Channel Group":"MTI"," LY":5494819.65142," 3LM":6901057.2834066646," LM":8353352.2161089992," Max":10895890.6953409985," T.MTD":7932441.1883093677," A.MTD":1310382.8900000001," Gap MTD":-6622058.2983093672," Ach":0.1651928907," vs LY":-0.7615239493," vs 3LM":-0.8101185317," vs LM":-0.8431308945}
{"szEmployeeId":17210037897,"szname":"Hindra","Channel Group":"Retail"," LY":61643910.5931729972," 3LM":101730074.7226019949," LM":108970309.5621559769," Max":212176944.3357360661," T.MTD":122666413.3541576862," A.MTD":17976786.4788770005," Gap MTD":-104689626.8752807081," Ach":0.1465501924," vs LY":-0.7083769296," vs 3LM":-0.8232893613," vs LM":-0.8350304174}
{"szEmployeeId":17210037897,"szname":"Hindra","Channel Group":"Wholesaler"," LY":223728861.0929249227," 3LM":291756935.9075523019," LM":326474760.9144300222," Max":591588159.6467548609," T.MTD":353741658.2079495788," A.MTD":45078714.5902689919," Gap MTD":-308662943.6176806688," Ach":0.1274340003," vs LY":-0.7985118488," vs 3LM":-0.8454922264," vs LM":-0.8619228192}
{"szEmployeeId":17210037897,"szname":"Hindra","Channel Group":"FS"," LY":0.0," 3LM":1476992.4903000002," LM":2169442.3399999999," Max":2716242.3308999999," T.MTD":1659487.2495834783," A.MTD":1117837.8399999999," Gap MTD":-541649.4095834782," Ach":0.673604356," vs LY":"0x7"," vs 3LM":-0.2431661993," vs LM":-0.4847349388}
{"szEmployeeId":17210041467,"szname":"Doli Purnama Sari","Channel Group":"MTI"," LY":22649609.6816240065," 3LM":23658919.5001933388," LM":54614665.9296160117," Max":67603268.8429360092," T.MTD":25297838.7546202987," A.MTD":6656413.5725149997," Gap MTD":-18641425.1821052954," Ach":0.2631218278," vs LY":-0.7061135416," vs 3LM":-0.7186509903," vs LM":-0.8781204012}
{"szEmployeeId":17210041467,"szname":"Doli Purnama Sari","Channel Group":"Retail"," LY":125373823.757812053," 3LM":203865650.7778138518," LM":199039353.5209361613," Max":411870838.1452911496," T.MTD":238602161.2453794479," A.MTD":37714059.8380069733," Gap MTD":-200888101.4073726833," Ach":0.158062524," vs LY":-0.6991871293," vs 3LM":-0.8150053249," vs LM":-0.8105195823}
{"szEmployeeId":17210041960,"szname":"Bahrudin Rahman","Channel Group":"MTI"," LY":11153423.0593019985," 3LM":15556325.3933133315," LM":12910042.3053649999," Max":37439969.1791410074," T.MTD":16142571.4351692554," A.MTD":14675823.4605930001," Gap MTD":-1466747.9745762569," Ach":0.9091378979," vs LY":0.3158133949," vs 3LM":-0.0566008945," vs LM":0.1367757838}
{"szEmployeeId":17210041960,"szname":"Bahrudin Rahman","Channel Group":"Retail"," LY":56648560.7236890048," 3LM":101348105.7648963481," LM":114644117.0407760441," Max":230674847.5413320363," T.MTD":112345692.3245753497," A.MTD":15778342.0086830016," Gap MTD":-96567350.3158923686," Ach":0.1404445661," vs LY":-0.7214696754," vs 3LM":-0.8443153733," vs LM":-0.8623711149}
{"szEmployeeId":17210041960,"szname":"Bahrudin Rahman","Channel Group":"Wholesaler"," LY":561107257.2989549637," 3LM":558212643.577503562," LM":490102913.3934950829," Max":1061785028.6928948164," T.MTD":619811736.2402553558," A.MTD":53872460.3649200127," Gap MTD":-565939275.8753354549," Ach":0.0869174577," vs LY":-0.9039890152," vs 3LM":-0.9034911499," vs LM":-0.8900792897}
