{"szEmployeeId":17210032876,"szname":"Asman","Channel Group":"MTI"," LY":33234664.9425650015," 3LM":37356259.8694646657," LM":30161837.0135809965," Max":73218720.4572989941," T.MTD":37766942.7606962547," A.MTD":2187387.3862149999," Gap MTD":-35579555.3744812459," Ach":0.0579180422," vs LY":-0.9341835583," vs 3LM":-0.9414452251," vs LM":-0.9274783102}
{"szEmployeeId":17210032876,"szname":"Asman","Channel Group":"Retail"," LY":0.0," 3LM":2163243.2213043324," LM":0.0," Max":3578918.8776199976," T.MTD":2188073.6350604682," A.MTD":0.0," Gap MTD":-2188073.6350604682," Ach":0.0," vs LY":"0x7"," vs 3LM":-1.0," vs LM":"0x7"}
{"szEmployeeId":17210032876,"szname":"Asman","Channel Group":"Wholesaler"," LY":475650168.3940237164," 3LM":540039517.181353569," LM":352013612.5393791199," Max":993805787.6647043228," T.MTD":546044983.6042432785," A.MTD":14272774.8271640018," Gap MTD":-531772208.7770795226," Ach":0.0261384598," vs LY":-0.9699931257," vs 3LM":-0.9735708696," vs LM":-0.9594539122}
{"szEmployeeId":17210036369,"szname":"Muhammad Tamrin","Channel Group":"MTI"," LY":5431663.62115," 3LM":8810146.0575339999," LM":8616775.7870260011," Max":18796975.2708690017," T.MTD":11864971.3647018932," A.MTD":0.0," Gap MTD":-11864971.3647018932," Ach":0.0," vs LY":-1," vs 3LM":-1.0," vs LM":-1}
{"szEmployeeId":17210036369,"szname":"Muhammad Tamrin","Channel Group":"Retail"," LY":0.0," 3LM":1832672.6611370002," LM":0.0," Max":4333153.0708910003," T.MTD":2597856.7274311492," A.MTD":0.0," Gap MTD":-2597856.7274311492," Ach":0.0," vs LY":"0x7"," vs 3LM":-1.0," vs LM":"0x7"}
{"szEmployeeId":17210036369,"szname":"Muhammad Tamrin","Channel Group":"Wholesaler"," LY":178783498.9397591054," 3LM":361062854.8502703309," LM":283670623.5084448457," Max":751450395.3860816956," T.MTD":479330315.6933181286," A.MTD":13482783.9012539964," Gap MTD":-465847531.7920639515," Ach":0.0281283772," vs LY":-0.9245859714," vs 3LM":-0.9626580699," vs LM":-0.952470285}
{"szEmployeeId":17210036369,"szname":"Muhammad Tamrin","Channel Group":"FS"," LY":0.0," 3LM":205308.41," LM":62454.95," Max":1145008.1100000001," T.MTD":206856.2145487031," A.MTD":0.0," Gap MTD":-206856.2145487031," Ach":0.0," vs LY":"0x7"," vs 3LM":-1.0," vs LM":-1}
{"szEmployeeId":17210037632,"szname":"Robianor","Channel Group":"MTI"," LY":1422998.6700000002," 3LM":903789.5327926668," LM":939189.2500000001," Max":1825953.4599999997," T.MTD":1008560.1854626004," A.MTD":0.0," Gap MTD":-1008560.1854626004," Ach":0.0," vs LY":-1," vs 3LM":-1.0," vs LM":-1}
{"szEmployeeId":17210037632,"szname":"Robianor","Channel Group":"Retail"," LY":80079931.6256539971," 3LM":84315012.2939103544," LM":72837206.7012519985," Max":197982994.3009111583," T.MTD":93216950.9014685452," A.MTD":3295512.6428800002," Gap MTD":-89921438.2585885376," Ach":0.0353531478," vs LY":-0.9588472096," vs 3LM":-0.9609142838," vs LM":-0.954755093}
{"szEmployeeId":17210037632,"szname":"Robianor","Channel Group":"Wholesaler"," LY":334801807.0679849386," 3LM":506534531.8988757133," LM":393030831.432433784," Max":925045977.5387041569," T.MTD":538929291.3528574705," A.MTD":33894989.1495970041," Gap MTD":-505034302.2032607794," Ach":0.0628932027," vs LY":-0.8987610328," vs 3LM":-0.9330845441," vs LM":-0.9137599739}
{"szEmployeeId":17210037632,"szname":"Robianor","Channel Group":"FS"," LY":0.0," 3LM":1216782.5800000001," LM":1715245.04," Max":2691420.7199999997," T.MTD":1845197.5602112832," A.MTD":727272.97," Gap MTD":-1117924.5902112832," Ach":0.3941436872," vs LY":"0x7"," vs 3LM":-0.4022983383," vs LM":-0.5759947104}
{"szEmployeeId":17210037897,"szname":"Hindra","Channel Group":"MTI"," LY":16502747.2325130012," 3LM":19756485.6309050061," LM":13644235.2377990037," Max":38486811.6859010011," T.MTD":22010478.9790064655," A.MTD":0.0," Gap MTD":-22010478.9790064655," Ach":0.0," vs LY":-1," vs 3LM":-1.0," vs LM":-1}
{"szEmployeeId":17210037897,"szname":"Hindra","Channel Group":"Retail"," LY":64560985.7198299915," 3LM":69826341.1267890036," LM":62420705.3461010307," Max":185745523.823581934," T.MTD":78932617.6066683382," A.MTD":4759639.7629669998," Gap MTD":-74172977.8437013477," Ach":0.060300037," vs LY":-0.9262768418," vs 3LM":-0.9318360423," vs LM":-0.9237490231}
{"szEmployeeId":17210037897,"szname":"Hindra","Channel Group":"Wholesaler"," LY":397637831.799883008," 3LM":485493413.7695095539," LM":346020317.5945869684," Max":1037000507.1207815409," T.MTD":536056903.4143254757," A.MTD":19585790.0896099992," Gap MTD":-516471113.3247154951," Ach":0.0365367743," vs LY":-0.9507446512," vs 3LM":-0.9596579695," vs LM":-0.9433969941}
{"szEmployeeId":17210041467,"szname":"Doli Purnama Sari","Channel Group":"MTI"," LY":37933368.0367610157," 3LM":22896710.9762570001," LM":17492132.5518769994," Max":57082397.414203994," T.MTD":24527450.806360811," A.MTD":0.0," Gap MTD":-24527450.806360811," Ach":0.0," vs LY":-1," vs 3LM":-1.0," vs LM":-1}
{"szEmployeeId":17210041467,"szname":"Doli Purnama Sari","Channel Group":"Retail"," LY":68066274.8608330488," 3LM":125349763.6301400363," LM":102119740.0444930643," Max":239686738.3844669163," T.MTD":134472549.1936392188," A.MTD":6584586.8612569999," Gap MTD":-127887962.3323821723," Ach":0.0489660299," vs LY":-0.9032621239," vs 3LM":-0.947470289," vs LM":-0.9355209203}
{"szEmployeeId":17210042412,"szname":"Muhammad Rizky Algifari","Channel Group":"MTI"," LY":1283243.194594," 3LM":3241929.4156709993," LM":816531.54," Max":10895890.6953409985," T.MTD":3982012.9156207973," A.MTD":0.0," Gap MTD":-3982012.9156207973," Ach":0.0," vs LY":-1," vs 3LM":-1.0," vs LM":-1}
{"szEmployeeId":17210042412,"szname":"Muhammad Rizky Algifari","Channel Group":"Retail"," LY":58886052.71633102," 3LM":83197071.5796729624," LM":71447138.7885580212," Max":216838358.8887220025," T.MTD":101024006.1250056326," A.MTD":4277747.8744999999," Gap MTD":-96746258.2505056411," Ach":0.0423438749," vs LY":-0.9273554997," vs 3LM":-0.9485829514," vs LM":-0.9401270933}
{"szEmployeeId":17210042412,"szname":"Muhammad Rizky Algifari","Channel Group":"Wholesaler"," LY":241254366.4663739502," 3LM":252882203.8972824216," LM":217408431.7757470012," Max":569545714.0387109518," T.MTD":297422198.2807696462," A.MTD":16174740.5607919991," Gap MTD":-281247457.7199775577," Ach":0.054383098," vs LY":-0.9329556567," vs 3LM":-0.9360384388," vs LM":-0.9256020549}
{"szEmployeeId":17210042412,"szname":"Muhammad Rizky Algifari","Channel Group":"FS"," LY":0.0," 3LM":2787993.0902699996," LM":1219164.86081," Max":6250214.4108999986," T.MTD":3571782.6786036398," A.MTD":0.0," Gap MTD":-3571782.6786036398," Ach":0.0," vs LY":"0x7"," vs 3LM":-1.0," vs LM":-1}
{"szEmployeeId":17210042423,"szname":"Siti Fatimah Hadijah","Channel Group":"MTI"," LY":3210519.6396340001," 3LM":5771689.5683116671," LM":7482483.8656709995," Max":10068072.6856640019," T.MTD":6534842.3421556875," A.MTD":0.0," Gap MTD":-6534842.3421556875," Ach":0.0," vs LY":-1," vs 3LM":-1.0," vs LM":-1}
{"szEmployeeId":17210042423,"szname":"Siti Fatimah Hadijah","Channel Group":"Retail"," LY":31261397.2308279797," 3LM":68711569.5441319942," LM":64477192.378174983," Max":178313324.0653550327," T.MTD":73465157.6578443348," A.MTD":3449553.4490919998," Gap MTD":-70015604.2087523341," Ach":0.0469549588," vs LY":-0.8896545339," vs 3LM":-0.949796614," vs LM":-0.9464996331}
