{"szEmployeeId":17210032876,"szname":"Asman","Channel Group":"WHOLESALER","Project":"SMALL"," LY":54808564.1830870062," 3LM":77552808.3025873154," LM":98279150.0640710294," T.MTD":65046216.1594674364," A.MTD":5460855.6148559991," Gap MTD":-59585360.5446114466}
{"szEmployeeId":17210032876,"szname":"Asman","Channel Group":"WHOLESALER","Project":"BIG"," LY":73817868.0867169946," 3LM":87889879.5102043152," LM":46529459.1832880005," T.MTD":72211095.5435033441," A.MTD":0.0," Gap MTD":-72211095.5435033441}
{"szEmployeeId":17210032876,"szname":"Asman","Channel Group":"WHOLESALER","Project":"MEDIUM"," LY":344200485.5759459138," 3LM":368339579.5412070751," LM":393961052.9029700756," T.MTD":300964756.6121233106," A.MTD":38796395.1342220083," Gap MTD":-262168361.4779013395}
{"szEmployeeId":17210032876,"szname":"Asman","Channel Group":"RETAIL","Project":"SMALL"," LY":1214294.4334089998," 3LM":3565359.6868683333," LM":4193963.2917910004," T.MTD":3033324.9721815242," A.MTD":609459.3216199999," Gap MTD":-2423865.6505615246}
{"szEmployeeId":17210032876,"szname":"Asman","Channel Group":"RETAIL","Project":"BIG"," LY":42810634.0287959948," 3LM":47117545.2535670102," LM":49625634.8661069945," T.MTD":38634951.4318578988," A.MTD":8993782.5518740006," Gap MTD":-29641168.8799839057}
{"szEmployeeId":17210032876,"szname":"Asman","Channel Group":"RETAIL","Project":"MEDIUM"," LY":8127551.1666240003," 3LM":10168755.3408549968," LM":12245502.6434070002," T.MTD":8315520.071975817," A.MTD":1947819.5142300003," Gap MTD":-6367700.5577458171}
{"szEmployeeId":17210032876,"szname":"Asman","Channel Group":"MTI","Project":"SMALL"," LY":23759941.1714939997," 3LM":36934704.3904096633," LM":39520044.594750002," T.MTD":30072808.857317932," A.MTD":4572837.6961250007," Gap MTD":-25499971.1611929312}
{"szEmployeeId":17210032876,"szname":"Asman","Channel Group":"MTI","Project":"MEDIUM"," LY":4847297.0306529999," 3LM":3188540.3656436671," LM":4180015.1269309996," T.MTD":2583326.351572562," A.MTD":0.0," Gap MTD":-2583326.351572562}
{"szEmployeeId":17210036369,"szname":"Muhammad Tamrin","Channel Group":"WHOLESALER","Project":"SMALL"," LY":33385109.7470450029," 3LM":88119860.0898076594," LM":82570037.7677609921," T.MTD":93206249.088354513," A.MTD":7157995.2001710013," Gap MTD":-86048253.8881835192}
{"szEmployeeId":17210036369,"szname":"Muhammad Tamrin","Channel Group":"WHOLESALER","Project":"BIG"," LY":80301813.409897998," 3LM":115277949.2147640139," LM":132321974.388827011," T.MTD":128554855.3917328417," A.MTD":0.0," Gap MTD":-128554855.3917328417}
{"szEmployeeId":17210036369,"szname":"Muhammad Tamrin","Channel Group":"WHOLESALER","Project":"MEDIUM"," LY":148643056.517048955," 3LM":191152894.2763743401," LM":202058541.6288769543," T.MTD":198650258.889523685," A.MTD":21320799.2632829957," Gap MTD":-177329459.6262407005}
{"szEmployeeId":17210036369,"szname":"Muhammad Tamrin","Channel Group":"RETAIL","Project":"SMALL"," LY":9337717.4898339994," 3LM":43221741.1275340244," LM":44423949.13068901," T.MTD":44716345.7759534866," A.MTD":8418783.0149210002," Gap MTD":-36297562.761032477}
{"szEmployeeId":17210036369,"szname":"Muhammad Tamrin","Channel Group":"RETAIL","Project":"BIG"," LY":35336213.3922130093," 3LM":40483984.6782873273," LM":45084680.6082060039," T.MTD":42289918.8717069551," A.MTD":7617491.8267390002," Gap MTD":-34672427.0449679568}
{"szEmployeeId":17210036369,"szname":"Muhammad Tamrin","Channel Group":"RETAIL","Project":"MEDIUM"," LY":14577300.9996970017," 3LM":20532853.2046993338," LM":19092951.3866230026," T.MTD":22232369.0502642691," A.MTD":5177316.057914," Gap MTD":-17055052.9923502728}
{"szEmployeeId":17210036369,"szname":"Muhammad Tamrin","Channel Group":"MTI","Project":"SMALL"," LY":123378.366485," 3LM":10006892.7649046686," LM":7403307.8853909988," T.MTD":9573088.836754173," A.MTD":0.0," Gap MTD":-9573088.836754173}
{"szEmployeeId":17210036369,"szname":"Muhammad Tamrin","Channel Group":"MTI","Project":"MEDIUM"," LY":5458062.847010999," 3LM":3682258.1330003329," LM":4165693.5351279997," T.MTD":4004914.095709959," A.MTD":616216.1899999999," Gap MTD":-3388697.9057099591}
{"szEmployeeId":17210037632,"szname":"Robianor","Channel Group":"WHOLESALER","Project":"SMALL"," LY":44801278.9896970019," 3LM":109266108.4129590094," LM":104528960.5107169598," T.MTD":106229123.4948109984," A.MTD":20079316.5734849982," Gap MTD":-86149806.9213259965}
{"szEmployeeId":17210037632,"szname":"Robianor","Channel Group":"WHOLESALER","Project":"BIG"," LY":33541260.9837170057," 3LM":41553543.0859490037," LM":44699098.5732769966," T.MTD":43288427.7041195706," A.MTD":8491711.5845779963," Gap MTD":-34796716.1195415705}
{"szEmployeeId":17210037632,"szname":"Robianor","Channel Group":"WHOLESALER","Project":"MEDIUM"," LY":194556987.3045629859," 3LM":269338513.2175557017," LM":270601153.546432972," T.MTD":272661368.1145894527," A.MTD":32053209.0915580019," Gap MTD":-240608159.0230314136}
{"szEmployeeId":17210037632,"szname":"Robianor","Channel Group":"RETAIL","Project":"SMALL"," LY":13634431.6899220012," 3LM":50452113.5433030128," LM":52503476.3597890213," T.MTD":48247468.1006995738," A.MTD":10033519.9002490025," Gap MTD":-38213948.2004505619}
{"szEmployeeId":17210037632,"szname":"Robianor","Channel Group":"RETAIL","Project":"BIG"," LY":23515598.7964850031," 3LM":25604141.8540226743," LM":27871090.0527350046," T.MTD":24849867.0555918142," A.MTD":7850648.6046709996," Gap MTD":-16999218.4509208202}
{"szEmployeeId":17210037632,"szname":"Robianor","Channel Group":"RETAIL","Project":"MEDIUM"," LY":17635111.2440359965," 3LM":16881545.9390223399," LM":17494829.9751850031," T.MTD":16306201.0332131572," A.MTD":3735392.6862030001," Gap MTD":-12570808.3470101561}
{"szEmployeeId":17210037632,"szname":"Robianor","Channel Group":"MTI","Project":"SMALL"," LY":1628232.9407929999," 3LM":1336728.6566666663," LM":1162738.3300000005," T.MTD":1612544.4969756359," A.MTD":315480.13," Gap MTD":-1297064.3669756358}
{"szEmployeeId":17210037713,"szname":"Rahmani","Channel Group":"WHOLESALER","Project":"SMALL"," LY":40188332.9162969962," 3LM":42764929.7368599996," LM":46945876.1569660008," T.MTD":44720065.9180462062," A.MTD":9792356.3163900003," Gap MTD":-34927709.6016562134}
{"szEmployeeId":17210037713,"szname":"Rahmani","Channel Group":"WHOLESALER","Project":"BIG"," LY":91017968.664613992," 3LM":63864639.5714203417," LM":93134820.1770029962," T.MTD":78740642.2108339369," A.MTD":0.0," Gap MTD":-78740642.2108339369}
{"szEmployeeId":17210037713,"szname":"Rahmani","Channel Group":"WHOLESALER","Project":"MEDIUM"," LY":213320048.5150069892," 3LM":230211747.2222333252," LM":227455760.0006550252," T.MTD":262726056.246139884," A.MTD":17428355.5193409994," Gap MTD":-245297700.7267988622}
{"szEmployeeId":17210037713,"szname":"Rahmani","Channel Group":"RETAIL","Project":"SMALL"," LY":6799875.3924810002," 3LM":37359481.391460672," LM":39336609.3838049918," T.MTD":40659529.5605230033," A.MTD":6974052.6912480006," Gap MTD":-33685476.8692749962}
{"szEmployeeId":17210037713,"szname":"Rahmani","Channel Group":"RETAIL","Project":"BIG"," LY":46764989.4392259866," 3LM":46149681.4311263338," LM":45590866.7189130038," T.MTD":52539271.4441424981," A.MTD":9515167.5965559985," Gap MTD":-43024103.8475865051}
{"szEmployeeId":17210037713,"szname":"Rahmani","Channel Group":"RETAIL","Project":"MEDIUM"," LY":21166724.4748769999," 3LM":26630364.2905366644," LM":24469565.4694950022," T.MTD":29358967.7040608488," A.MTD":6561996.274933001," Gap MTD":-22796971.4291278571}
{"szEmployeeId":17210037713,"szname":"Rahmani","Channel Group":"MTI","Project":"SMALL"," LY":5823242.981013," 3LM":7844686.0846826648," LM":8293981.6773719992," T.MTD":8333466.916253658," A.MTD":2318738.6563880001," Gap MTD":-6014728.2598656574}
{"szEmployeeId":17210037897,"szname":"Hindra","Channel Group":"WHOLESALER","Project":"SMALL"," LY":25211945.6495799981," 3LM":63010207.1132666469," LM":69291963.9919969887," T.MTD":67302768.2721009105," A.MTD":8727783.3335900009,