{"szEmployeeId":17210032876,"szname":"Asman","Channel Group":"MTI"," LY":39106913.5547939986," 3LM":35999967.4218723252," LM":38072529.9745750055," Max":63075717.2735720053," T.MTD":37680024.4013079852," A.MTD":20613924.5526020005," Gap MTD":-17066099.8487059772," Ach":0.5470783228," vs LY":-0.4728828568," vs 3LM":-0.4273904665," vs LM":-0.4585617356}
{"szEmployeeId":17210032876,"szname":"Asman","Channel Group":"Wholesaler"," LY":628664289.5748058558," 3LM":569843552.5811033249," LM":651100281.947455883," Max":859958995.2013970613," T.MTD":599019975.5986915827," A.MTD":303850583.7107268572," Gap MTD":-295169391.8879653215," Ach":0.5072461622," vs LY":-0.5166727477," vs 3LM":-0.4667824487," vs LM":-0.5333275194}
{"szEmployeeId":17210036369,"szname":"Muhammad Tamrin","Channel Group":"MTI"," LY":7732869.7825000007," 3LM":8129104.9005973339," LM":7435160.4140520003," Max":24433837.9399179965," T.MTD":10009472.5010655522," A.MTD":4724647.8202670012," Gap MTD":-5284824.6807985501," Ach":0.4720176632," vs LY":-0.3890175377," vs 3LM":-0.4187985174," vs LM":-0.3645533442}
{"szEmployeeId":17210036369,"szname":"Muhammad Tamrin","Channel Group":"Wholesaler"," LY":408870048.9055979252," 3LM":334636336.3544669747," LM":344323210.0041090846," Max":612372202.0481319427," T.MTD":530240345.4756395221," A.MTD":263028906.6522069573," Gap MTD":-267211438.8234324455," Ach":0.4960560035," vs LY":-0.3566931416," vs 3LM":-0.2139858166," vs LM":-0.2360988193}
{"szEmployeeId":17210036369,"szname":"Muhammad Tamrin","Channel Group":"FS"," LY":0.0," 3LM":261696.3966666666," LM":559458.5600000001," Max":1357067.5650450001," T.MTD":134156.9895038807," A.MTD":0.0," Gap MTD":-134156.9895038807," Ach":0.0," vs LY":0.0," vs 3LM":-1.0," vs LM":-1.0}
{"szEmployeeId":17210036369,"szname":"Muhammad Tamrin","Channel Group":null," LY":0.0," 3LM":8477537.2385876663," LM":10997332.4345939998," Max":18796494.986593999," T.MTD":4416025.0337911015," A.MTD":0.0," Gap MTD":-4416025.0337911015," Ach":0.0," vs LY":0.0," vs 3LM":-1.0," vs LM":-1.0}
{"szEmployeeId":17210037632,"szname":"Robianor","Channel Group":"MTI"," LY":755967.33," 3LM":895788.0327926667," LM":653851.36," Max":1259422.5983779998," T.MTD":1068415.6812573364," A.MTD":361626.14," Gap MTD":-706789.5412573365," Ach":0.3384695174," vs LY":-0.5216378729," vs 3LM":-0.5963038947," vs LM":-0.4469291308}
{"szEmployeeId":17210037632,"szname":"Robianor","Channel Group":"Retail"," LY":92432298.2187919915," 3LM":79816618.9869690537," LM":75503747.176478982," Max":125812285.3524600118," T.MTD":93353388.012135908," A.MTD":54030608.8101770133," Gap MTD":-39322779.2019589618," Ach":0.5787750178," vs LY":-0.415457477," vs 3LM":-0.3230656786," vs LM":-0.2843983136}
{"szEmployeeId":17210037632,"szname":"Robianor","Channel Group":"Wholesaler"," LY":498628610.9390899539," 3LM":521165025.1534135938," LM":584381159.2728838921," Max":787233263.5282902718," T.MTD":589954792.4918373823," A.MTD":323869107.366994977," Gap MTD":-266085685.1248424053," Ach":0.5489727543," vs LY":-0.3504802968," vs 3LM":-0.3785670724," vs LM":-0.445791326}
{"szEmployeeId":17210037632,"szname":"Robianor","Channel Group":"FS"," LY":0.0," 3LM":865929.4266666666," LM":882543.24," Max":1756055.8500000001," T.MTD":822451.9346338565," A.MTD":0.0," Gap MTD":-822451.9346338565," Ach":0.0," vs LY":0.0," vs 3LM":-1.0," vs LM":-1.0}
{"szEmployeeId":17210037632,"szname":"Robianor","Channel Group":null," LY":0.0," 3LM":5469595.4916176666," LM":2688431.5286480002," Max":8058924.2074030004," T.MTD":5800951.8801354403," A.MTD":4133795.494767," Gap MTD":-1667156.3853684403," Ach":0.7126064102," vs LY":0.0," vs 3LM":-0.244222813," vs LM":0.5376234993}
{"szEmployeeId":17210037897,"szname":"Hindra","Channel Group":"MTI"," LY":19999098.2859690003," 3LM":14341740.2633230072," LM":9187935.1562810019," Max":22585637.8516489938," T.MTD":15577334.0784557797," A.MTD":12756668.450584," Gap MTD":-2820665.6278717797," Ach":0.818925009," vs LY":-0.362137819," vs 3LM":-0.1105215813," vs LM":0.388415159}
{"szEmployeeId":17210037897,"szname":"Hindra","Channel Group":"Retail"," LY":77094695.80430004," 3LM":67576950.2045446634," LM":60049767.7655200362," Max":114005420.5944059938," T.MTD":74362272.2409214824," A.MTD":45463885.1631979793," Gap MTD":-28898387.0777234733," Ach":0.6113837541," vs LY":-0.4102851735," vs 3LM":-0.3272279228," vs LM":-0.2428965697}
{"szEmployeeId":17210037897,"szname":"Hindra","Channel Group":"Wholesaler"," LY":559987894.8810399771," 3LM":552862311.8432810307," LM":663197541.0858279467," Max":829984977.5554839373," T.MTD":599178225.589333415," A.MTD":333721905.8036210537," Gap MTD":-265456319.7857124209," Ach":0.5569660104," vs LY":-0.4040551432," vs 3LM":-0.3963742895," vs LM":-0.4967986382}
{"szEmployeeId":17210037897,"szname":"Hindra","Channel Group":null," LY":0.0," 3LM":4977110.9435006659," LM":5915387.5635060007," Max":7790346.0709719993," T.MTD":5582168.0912894262," A.MTD":5937889.2232139995," Gap MTD":355721.1319245739," Ach":1.0637245468," vs LY":0.0," vs 3LM":0.1930393537," vs LM":0.0038039198}
{"szEmployeeId":17210041467,"szname":"Doli Purnama Sari","Channel Group":"MTI"," LY":18615404.4344820008," 3LM":24312451.5306139998," LM":28567344.3206120022," Max":41639558.7664680034," T.MTD":27363537.1343054324," A.MTD":13779625.2807109989," Gap MTD":-13583911.8535944317," Ach":0.5035761719," vs LY":-0.2597729838," vs 3LM":-0.4332276503," vs LM":-0.517644163}
{"szEmployeeId":17210041467,"szname":"Doli Purnama Sari","Channel Group":"Retail"," LY":70740094.2005720139," 3LM":128775127.8615815938," LM":125911605.9381940216," Max":192805049.4856190681," T.MTD":143910449.434340477," A.MTD":74230450.2562269568," Gap MTD":-69679999.1781135052," Ach":0.5158100093," vs LY":0.0493405627," vs 3LM":-0.4235653151," vs LM":-0.4104558535}
{"szEmployeeId":17210041467,"szname":"Doli Purnama Sari","Channel Group":null," LY":0.0," 3LM":1143090.0883769998," LM":3429270.265131," Max":3429270.265131," T.MTD":1326013.4313540594," A.MTD":327297.328547," Gap MTD":-998716.1028070595," Ach":0.2468280643," vs LY":0.0," vs 3LM":-0.7136731987," vs LM":-0.9045577329}
{"szEmployeeId":17210042412,"szname":"Muhammad Rizky Algifari","Channel Group":"MTI"," LY":3010351.7354910001," 3LM":1925390.3847133331," LM":301621.63," Max":4711216.20414," T.MTD":2436590.0626771664," A.MTD":932972.992971," Gap MTD":-1503617.0697061664," Ach":0.3829010909," vs LY":-0.6900784111," vs 3LM":-0.515436973," vs LM":2.0931899445}
{"szEmployeeId":17210042412,"szname":"Muhammad Rizky Algifari","Channel Group":"Retail"," LY":97332741.2617969662," 3LM":72289084.0079629868," LM":67195108.7099950016," Max":118148245.3044510186," T.MTD":93568755.6756578237," A.MTD":65572772.7589130327," Gap MTD":-27995982.9167448282," Ach":0.7007977426," vs LY":-0.3263030311," vs 3LM":-0.0929090656," vs LM":-0.0241436614}
{"szEmployeeId":17210042412,"szname":"Muhammad Rizky Algifari","Channel Group":"Wholesaler"," LY":380867912.3247701526," 3LM":268115064.8263688982," LM":337135134.9337029457," Max":416321921.1141940355," T.MTD":334008210.9585790634," A.MTD":141102543.9660510421," Gap MTD":-192905666.9925279915," Ach":0.422452321," vs LY":-0.6295236763," vs 3LM":-0.473723925," vs LM":-0.5814659187}
{"szEmployeeId":17210042412,"szname":"Muhammad Rizky Algifari","Channel Group":"FS"," LY":0.0," 3LM":1493840.5336033334," LM":485405.4," Max":2776951.3399999999," T.MTD":2793402.0023036925," A.MTD":281081.08," Gap MTD":-2512320.9223036929," Ach":0.1006232113," vs LY":0.0," vs 3LM":-0.8118399697," vs LM":-0.4209354078}
{"szEmployeeId":17210042412,"szname":"Muhammad Rizky Algifari","Channel Group":null," LY":0.0," 3LM":3614881.3734203335," LM":10844644.1202609986," Max":10999583.7602609992," T.MTD":5593041.3007823713," A.MTD":3522275.6810740009," Gap MTD":-2070765.6197083709," Ach":0.6297603561," vs LY":0.0," vs 3LM":-0.0256179063," vs LM":-0.6752059688}
{"szEmployeeId":17210042423,"szname":"Siti Fatimah Hadijah","Channel Group":"MTI"," LY":4713110.5314349998,