{"szEmployeeId":17210032876,"szname":"Asman","Channel":"Wholesaler","LY":891486691.0427371264,"3LM":876386814.7320029736,"LM":858211909.6433352232,"Target":923250101.4591659307,"Actual":210452032.5259440541,"Ach":0.2279469368,"Gap":-712798068.933221817,"vs LY":-0.7639313804,"vs 3LM":-0.7598639904,"vs LM":-0.7547784759}
{"szEmployeeId":17210032876,"szname":"Asman","Channel":"Retail","LY":114905099.8956109881,"3LM":120183485.4343539774,"LM":127821450.3079520017,"Target":124801663.4577450007,"Actual":57285453.6316920072,"Ach":0.4590119398,"Gap":-67516209.8260529935,"vs LY":-0.5014542115,"vs 3LM":-0.5233500391,"vs LM":-0.5518322356}
{"szEmployeeId":17210032876,"szname":"Asman","Channel":"MTI","LY":38788254.4771230072,"3LM":51872087.6668513268,"LM":55419921.5861569867,"Target":51948235.0830894187,"Actual":21296057.8141340017,"Ach":0.4099476677,"Gap":-30652177.268955417,"vs LY":-0.4509663273,"vs 3LM":-0.5894505355,"vs LM":-0.615732805}
{"szEmployeeId":17210037897,"szname":"Hindra","Channel":"Wholesaler","LY":215160669.5543959737,"3LM":226670136.7113143206,"LM":204468073.3189939857,"Target":248423228.2641009688,"Actual":81444874.0948010087,"Ach":0.3278472575,"Gap":-166978354.1692999601,"vs LY":-0.621469508,"vs 3LM":-0.6406898797,"vs LM":-0.6016743701}
{"szEmployeeId":17210037897,"szname":"Hindra","Channel":"Retail","LY":55839793.7187760025,"3LM":133509231.9515440017,"LM":126427683.0699760765,"Target":144930021.0203855336,"Actual":61719996.1714190096,"Ach":0.4258606722,"Gap":-83210024.848966524,"vs LY":0.1053048742,"vs 3LM":-0.5377099001,"vs LM":-0.5118158091}
{"szEmployeeId":17210037897,"szname":"Hindra","Channel":"MTI","LY":13602522.1347399987,"3LM":6630355.9212406669,"LM":6342221.3869679999,"Target":6646750.7155132983,"Actual":2927796.2965689995,"Ach":0.4404853472,"Gap":-3718954.4189442988,"vs LY":-0.7847607769,"vs 3LM":-0.5584254705,"vs LM":-0.5383642232}
{"szEmployeeId":17210036369,"szname":"Muhammad Tamrin","Channel":"Wholesaler","LY":390327328.8937538266,"3LM":320663990.9788776636,"LM":371156289.3137600422,"Target":370102668.7429541945,"Actual":82072372.567001,"Ach":0.2217556897,"Gap":-288030296.1759532094,"vs LY":-0.7897344959,"vs 3LM":-0.7440549146,"vs LM":-0.7788738197}
{"szEmployeeId":17210036369,"szname":"Muhammad Tamrin","Channel":"Retail","LY":84824441.9894209951,"3LM":150467986.9362262785,"LM":155630374.2041789889,"Target":174297247.9664403498,"Actual":51277941.1721000075,"Ach":0.2941982261,"Gap":-123019306.7943403423,"vs LY":-0.3954815385,"vs 3LM":-0.6592102931,"vs LM":-0.6705145674}
{"szEmployeeId":17210036369,"szname":"Muhammad Tamrin","Channel":"MTI","LY":3546306.1941300002,"3LM":13756030.1231050044,"LM":18533037.224387005,"Target":15600083.2906054687,"Actual":1797495.4099969999,"Ach":0.1152234495,"Gap":-13802587.8806084692,"vs LY":-0.4931358683,"vs 3LM":-0.8693303668,"vs LM":-0.903011288}
{"szEmployeeId":17210037713,"szname":"Rahmani","Channel":"Wholesaler","LY":355748177.4265159965,"3LM":337193652.1556535959,"LM":272692214.0989290476,"Target":396031712.9057658315,"Actual":127917286.70709005,"Ach":0.3229975846,"Gap":-268114426.1986757815,"vs LY":-0.6404274292,"vs 3LM":-0.6206414744,"vs LM":-0.530909648}
{"szEmployeeId":17210037713,"szname":"Rahmani","Channel":"Retail","LY":84806217.3757640123,"3LM":110386724.6325357109,"LM":104609193.6219879538,"Target":132077869.5096500218,"Actual":48254358.680900991,"Ach":0.3653477972,"Gap":-83823510.8287490308,"vs LY":-0.4310044691,"vs 3LM":-0.5628608527,"vs LM":-0.5387178028}
{"szEmployeeId":17210037713,"szname":"Rahmani","Channel":"MTI","LY":3931490.7359239999,"3LM":6083476.1040556673,"LM":9990395.2745319996,"Target":6890417.5845840611,"Actual":2319026.894324,"Ach":0.3365582515,"Gap":-4571390.6902600611,"vs LY":-0.4101405675,"vs 3LM":-0.618799046,"vs LM":-0.7678743603}
{"szEmployeeId":17210037632,"szname":"Robianor","Channel":"Wholesaler","LY":262576599.3300200105,"3LM":364142815.3963079453,"LM":397074013.3786389232,"Target":396290813.642400682,"Actual":91069333.2542859912,"Ach":0.2298043006,"Gap":-305221480.3881146908,"vs LY":-0.6531704139,"vs 3LM":-0.7499076478,"vs LM":-0.7706489718}
{"szEmployeeId":17210037632,"szname":"Robianor","Channel":"Retail","LY":54481213.359691985,"3LM":122532681.5260166526,"LM":102196098.0710119903,"Target":132470757.1793961078,"Actual":68416413.5797379911,"Ach":0.5164642751,"Gap":-64054343.5996581167,"vs LY":0.2557799168,"vs 3LM":-0.4416476264,"vs LM":-0.3305379083}
{"szEmployeeId":17210037632,"szname":"Robianor","Channel":"MTI","LY":1193015.1293690002,"3LM":1201138.3233333323,"LM":1248354.4900000002,"Target":1238429.1782031835,"Actual":613481.73,"Ach":0.4953708624,"Gap":-624947.4482031835,"vs LY":-0.4857720452,"vs 3LM":-0.4892497241,"vs LM":-0.5085676906}
{"szEmployeeId":17210038077,"szname":"Sopian Sauri","Channel":"Wholesaler","LY":743635.0952250001,"3LM":2488357.8781326669,"LM":2388090.0252189999,"Target":3606763.7977251527,"Actual":1490321.5659440001,"Ach":0.4132018756,"Gap":-2116442.2317811525,"vs LY":1.0041033237,"vs 3LM":-0.4010823045,"vs LM":-0.3759357687}
{"szEmployeeId":17210038077,"szname":"Sopian Sauri","Channel":"Retail","LY":42759595.0815849826,"3LM":60789770.6316626593,"LM":58454462.3203690052,"Target":83028316.3037671298,"Actual":111389814.7884799838,"Ach":1.3415882647,"Gap":28361498.484712854,"vs LY":1.6050250143,"vs 3LM":0.8323776127,"vs LM":0.9055827454}
{"szEmployeeId":17210038077,"szname":"Sopian Sauri","Channel":"MTI","LY":2869762.0734140002,"3LM":3461685.6736310003,"LM":4001234.8900000006,"Target":3429919.8985076416,"Actual":8997779.5413429998,"Ach":2.6233206044,"Gap":5567859.6428353582,"vs LY":2.1353747493,"vs 3LM":1.5992479935,"vs LM":1.2487506454}
{"szEmployeeId":17210041467,"szname":"Doli Purnama Sari","Channel":"Wholesaler","LY":2001351.3363060001,"3LM":3355900.7860506671,"LM":1336216.164053,"Target":5075035.5658637006,"Actual":1490321.5659440001,"Ach":0.2936573639,"Gap":-3584713.9999197004,"vs LY":-0.2553423585,"vs 3LM":-0.5559101234,"vs LM":0.1153296944}
{"szEmployeeId":17210041467,"szname":"Doli Purnama Sari","Channel":"Retail","LY":90955534.4094910175,"3LM":84578492.17016536,"LM":87262962.205316022,"Target":127607126.5800296962,"Actual":111389814.7884799838,"Ach":0.872912178,"Gap":-16217311.7915497124,"vs LY":0.224662309,"vs 3LM":0.3169992977,"vs LM":0.2764844554}
{"szEmployeeId":17210041467,"szname":"Doli Purnama Sari","Channel":"MTI","LY":24855039.8968270011,"3LM":18352254.3935193308,"LM":21618377.4340309985,"Target":27317837.8541066945,"Actual":8997779.5413429998,"Ach":0.3293737809,"Gap":-18320058.3127636947,"vs LY":-0.6379897365,"vs 3LM":-0.5097180244,"vs LM":-0.5837902466}
