{"szEmployeeId":17210032876,"szname":"Asman","Channel Group":"Wholesaler","Project":"SMALL"," LY":85896828.4065279961," 3LM":126263711.6409047097," LM":128800042.0428530574," T.MTD":131505949.6561881602," A.MTD":108248062.717287004," Gap MTD":-23257886.9389011562,"CR":90,"CA":85}
{"szEmployeeId":17210032876,"szname":"Asman","Channel Group":"Wholesaler","Project":"BIG"," LY":171733556.6542290151," 3LM":192998515.6611123383," LM":187642944.1172069907," T.MTD":199987849.1177138984," A.MTD":114261176.6040569842," Gap MTD":-85726672.513656944,"CR":6,"CA":4}
{"szEmployeeId":17210032876,"szname":"Asman","Channel Group":"Wholesaler","Project":"MEDIUM"," LY":289344407.5498020053," 3LM":320522597.5524385571," LM":310617337.1426020265," T.MTD":331723721.9933003187," A.MTD":287143756.266282022," Gap MTD":-44579965.7270183638,"CR":37,"CA":35}
{"szEmployeeId":17210032876,"szname":"Asman","Channel Group":"MTI","Project":"SMALL"," LY":25310863.6766800024," 3LM":34847625.8618943393," LM":33501979.5606019981," T.MTD":36747975.0599622056," A.MTD":36222893.7868130058," Gap MTD":-525081.273149203,"CR":13,"CA":12}
{"szEmployeeId":17210032876,"szname":"Asman","Channel Group":"MTI","Project":"MEDIUM"," LY":2664549.4076250005," 3LM":3253093.9833333334," LM":3734345.0699999998," T.MTD":3334504.1728357277," A.MTD":3218108.1199999992," Gap MTD":-116396.0528357285,"CR":1,"CA":1}
{"szEmployeeId":17210041467,"szname":"Doli Purnama Sari","Channel Group":"Retail","Project":"SMALL"," LY":43229396.5655220076," 3LM":109392948.6278276891," LM":105455563.090414986," T.MTD":125795118.5090901852," A.MTD":95791444.3068310618," Gap MTD":-30003674.2022591531,"CR":229,"CA":212}
{"szEmployeeId":17210041467,"szname":"Doli Purnama Sari","Channel Group":"Retail","Project":"BIG"," LY":39264146.0074639991," 3LM":35170529.2733423337," LM":33138765.510501001," T.MTD":41326059.5037955716," A.MTD":23235287.9657639973," Gap MTD":-18090771.5380315892,"CR":31,"CA":29}
{"szEmployeeId":17210041467,"szname":"Doli Purnama Sari","Channel Group":"Retail","Project":"MEDIUM"," LY":43496987.3686840087," 3LM":61552068.4382589906," LM":60406117.8119000122," T.MTD":71705194.3154910952," A.MTD":47323673.5953119993," Gap MTD":-24381520.7201790884,"CR":81,"CA":77}
{"szEmployeeId":17210041467,"szname":"Doli Purnama Sari","Channel Group":"MTI","Project":"SMALL"," LY":22649609.6816240065," 3LM":23658919.5001933388," LM":29631493.8596160002," T.MTD":25073627.6716230139," A.MTD":24455619.095197998," Gap MTD":-618008.5764250131,"CR":10,"CA":9}
{"szEmployeeId":17210037897,"szname":"Hindra","Channel Group":"Wholesaler","Project":"SMALL"," LY":64760708.9769670144," 3LM":97662409.9961126745," LM":98447189.8906679749," T.MTD":116928340.294721961," A.MTD":93749672.1449110061," Gap MTD":-23178668.1498109661,"CR":46,"CA":43}
{"szEmployeeId":17210037897,"szname":"Hindra","Channel Group":"Wholesaler","Project":"BIG"," LY":53380885.1133939996," 3LM":83510033.5883789957," LM":130789016.1630339921," T.MTD":104009985.0361295342," A.MTD":93658748.5983780026," Gap MTD":-10351236.437751513,"CR":3,"CA":3}
{"szEmployeeId":17210037897,"szname":"Hindra","Channel Group":"Wholesaler","Project":"MEDIUM"," LY":105587267.0025639981," 3LM":110584492.3230606765," LM":97186054.8607280105," T.MTD":132469904.3705658019," A.MTD":105038581.8554119766," Gap MTD":-27431322.515153788,"CR":11,"CA":11}
{"szEmployeeId":17210037897,"szname":"Hindra","Channel Group":"Retail","Project":"SMALL"," LY":13011564.2140469998," 3LM":62055509.3914109915," LM":68364260.9594679773," T.MTD":75025370.590545401," A.MTD":53339041.6518850029," Gap MTD":-21686328.938660454,"CR":105,"CA":87}
{"szEmployeeId":17210037897,"szname":"Hindra","Channel Group":"Retail","Project":"BIG"," LY":31803488.1156470031," 3LM":24575468.1804846711," LM":22546725.8822060041," T.MTD":29369055.9015019871," A.MTD":23611043.6263420023," Gap MTD":-5758012.2751599932,"CR":18,"CA":18}
{"szEmployeeId":17210037897,"szname":"Hindra","Channel Group":"Retail","Project":"MEDIUM"," LY":15003227.7051069997," 3LM":15466544.5961113367," LM":17975322.7204819992," T.MTD":18616866.3426179178," A.MTD":13986409.6187629998," Gap MTD":-4630456.7238549199,"CR":23,"CA":21}
{"szEmployeeId":17210037897,"szname":"Hindra","Channel Group":"MTI","Project":"SMALL"," LY":5494819.65142," 3LM":6901057.2834066655," LM":8353352.2161090001," T.MTD":7922597.3193634683," A.MTD":4251238.7228730004," Gap MTD":-3671358.5964904679,"CR":2,"CA":2}
{"szEmployeeId":17210037897,"szname":"Hindra","Channel Group":"FS","Project":"SMALL"," LY":0.0," 3LM":1476992.4903000002," LM":2169442.3399999999," T.MTD":1657880.1445538139," A.MTD":4367863.0699999994," Gap MTD":2709982.9254461857,"CR":3,"CA":3}
{"szEmployeeId":17210036369,"szname":"Muhammad Tamrin","Channel Group":"Wholesaler","Project":"SMALL"," LY":86623123.2155359834," 3LM":100354595.9602026492," LM":112284848.8607180119," T.MTD":117554220.9810399115," A.MTD":102909630.4478079826," Gap MTD":-14644590.5332319215,"CR":93,"CA":90}
{"szEmployeeId":17210036369,"szname":"Muhammad Tamrin","Channel Group":"Wholesaler","Project":"BIG"," LY":171652420.2909970284," 3LM":147132917.0318369865," LM":176866324.2648090124," T.MTD":180509423.5699552298," A.MTD":107630715.3104569912," Gap MTD":-72878708.2594982386,"CR":6,"CA":5}
{"szEmployeeId":17210036369,"szname":"Muhammad Tamrin","Channel Group":"Wholesaler","Project":"MEDIUM"," LY":167270675.4651519954," 3LM":174379146.1294783652," LM":177425003.6623599529," T.MTD":206416343.7741480172," A.MTD":146904453.1070229709," Gap MTD":-59511890.6671249792,"CR":38,"CA":36}
{"szEmployeeId":17210036369,"szname":"Muhammad Tamrin","Channel Group":"MTI","Project":"SMALL"," LY":3850104.1614339999," 3LM":7004132.7847099993," LM":7776680.2764810007," T.MTD":6922233.4798734942," A.MTD":8588039.7448619995," Gap MTD":1665806.264988506,"CR":13,"CA":11}
{"szEmployeeId":17210036369,"szname":"Muhammad Tamrin","Channel Group":"MTI","Project":"MEDIUM"," LY":201386.46," 3LM":659495.1890090001," LM":792969.3600000001," T.MTD":549813.1944603524," A.MTD":890244.1400000001," Gap MTD":340430.9455396477,"CR":1,"CA":1}
{"szEmployeeId":17210036369,"szname":"Muhammad Tamrin","Channel Group":"FS","Project":"SMALL"," LY":0.0," 3LM":453628.83," LM":215878.38," T.MTD":347965.0005229968," A.MTD":390294.6," Gap MTD":42329.5994770032,"CR":1,"CA":1}
{"szEmployeeId":17210037632,"szname":"Robianor","Channel Group":"Wholesaler","Project":"SMALL"," LY":84117197.1083869934," 3LM":99191848.454818666," LM":108958428.1624420136," T.MTD":112644951.2305244207," A.MTD":81493660.898134008," Gap MTD":-31151290.3323904127,"CR":39,"CA":37}
{"szEmployeeId":17210037632,"szname":"Robianor","Channel Group":"Wholesaler","Project":"BIG"," LY":135774698.9929580092," 3LM":116366306.1723760068," LM":109719999.9075410068," T.MTD":136889167.1395841837," A.MTD":124182162.1250300109," Gap MTD":-12707005.0145541802,"CR":3,"CA":3}
{"szEmployeeId":17210037632,"szname":"Robianor","Channel Group":"Wholesaler","Project":"MEDIUM"," LY":298497305.3952000737," 3LM":332052318.6821749806," LM":348810485.4595380425," T.MTD":380665591.9872621894," A.MTD":333511875.4352958798," Gap MTD":-47153716.5519661084,"CR":28,"CA":27}
{"szEmployeeId":17210037632,"szname":"Robianor","Channel Group":"Retail","Project":"SMALL"," LY":23176476.8563969955," 3LM":45665187.9275606647," LM":55440372.4423980191," T.MTD":52386055.4421303943," A.MTD":44196245.7745600343," Gap MTD":-8189809.6675703777,"CR":82,"CA":67}
{"szEmployeeId":17210037632,"szname":"Robianor","Channel Group":"Retail","Project":"BIG"," LY":26651922.3205219954," 3LM":27349075.069395002," LM":28248474.0020340011," T.MTD":30784936.9288588017," A.MTD":26288768.7722430006," Gap MTD":-4496168.1566158077,"CR":23,"CA":20}
{"szEmployeeId":17210037632,"szname":"Robianor","Channel Group":"Retail","Project":"MEDIUM"," LY":19790819.3226389997," 3LM":24767345.3721010014," LM":25030968.1508890055," T.MTD":28417001.3491268046," A.MTD":23773704.5350559987," Gap MTD":-4643296.814070805,"CR":32,