{"szEmployeeId":17210032876,"szname":"Asman","Channel Group":"MTI"," LY":39395638.1568869948," 3LM":34132956.0573960021," LM":33805041.7205200046," Max":55656666.0447459966," T.MTD":36330280.3668405116," A.MTD":21987935.284754999," Gap MTD":-14342345.0820855144," Ach":0.6052233856," vs LY":-0.4418687877," vs 3LM":-0.3558150883," vs LM":-0.3495663911}
{"szEmployeeId":17210032876,"szname":"Asman","Channel Group":"Wholesaler"," LY":601395378.8120450974," 3LM":563448045.6740558147," LM":674919365.960657835," Max":858552703.8697279692," T.MTD":603669719.6331592798," A.MTD":253197181.0438280106," Gap MTD":-350472538.5893320441," Ach":0.4194299843," vs LY":-0.5789838267," vs 3LM":-0.5506290545," vs LM":-0.6248482503}
{"szEmployeeId":17210036369,"szname":"Muhammad Tamrin","Channel Group":"MTI"," LY":10070432.8389110006," 3LM":7817759.8605376668," LM":8232489.3205350004," Max":18345833.4839479998," T.MTD":8040366.6351746321," A.MTD":5668739.6626999993," Gap MTD":-2371626.9724746328," Ach":0.7050349717," vs LY":-0.4370907633," vs 3LM":-0.2748895126," vs LM":-0.3114185222}
{"szEmployeeId":17210036369,"szname":"Muhammad Tamrin","Channel Group":"Wholesaler"," LY":387206936.0419141054," 3LM":397797628.9165087342," LM":534527232.2812090516," Max":703314776.0710184574," T.MTD":539833360.9592251778," A.MTD":226758543.5106799603," Gap MTD":-313074817.4485452175," Ach":0.4200528532," vs LY":-0.4143737562," vs 3LM":-0.4299650701," vs LM":-0.5757773789}
{"szEmployeeId":17210036369,"szname":"Muhammad Tamrin","Channel Group":"FS"," LY":0.0," 3LM":253926.1233333333," LM":139864.86," Max":1357067.5650450001," T.MTD":126272.4056000527," A.MTD":0.0," Gap MTD":-126272.4056000527," Ach":0.0," vs LY":0.0," vs 3LM":-1.0," vs LM":-1.0}
{"szEmployeeId":17210037632,"szname":"Robianor","Channel Group":"MTI"," LY":1599093.1499999999," 3LM":804269.4133333333," LM":819767.6300000001," Max":1070518.97," T.MTD":931941.9071037346," A.MTD":387443.27," Gap MTD":-544498.6371037345," Ach":0.4157375766," vs LY":-0.7577106312," vs 3LM":-0.5182668101," vs LM":-0.5273742756}
{"szEmployeeId":17210037632,"szname":"Robianor","Channel Group":"Retail"," LY":100779356.5260549337," 3LM":86507131.9244719893," LM":100145693.9363200068," Max":138183536.2444499135," T.MTD":95482593.658845067," A.MTD":51628828.7493149787," Gap MTD":-43853764.9095300436," Ach":0.5407145614," vs LY":-0.4877043223," vs 3LM":-0.4031841352," vs LM":-0.4844628189}
{"szEmployeeId":17210037632,"szname":"Robianor","Channel Group":"Wholesaler"," LY":585318352.4869269133," 3LM":547774041.4827296734," LM":658964175.1100927591," Max":858148151.4277378321," T.MTD":597743839.2597577572," A.MTD":247090396.4964780509," Gap MTD":-350653442.7632799745," Ach":0.4133717159," vs LY":-0.577852983," vs 3LM":-0.5489191203," vs LM":-0.6250321249}
{"szEmployeeId":17210037632,"szname":"Robianor","Channel Group":"FS"," LY":0.0," 3LM":1108353.75," LM":727272.97," Max":1756055.8500000001," T.MTD":841625.1742933556," A.MTD":815590.99," Gap MTD":-26034.1842933556," Ach":0.9690667709," vs LY":0.0," vs 3LM":-0.2641419854," vs LM":0.121437237}
{"szEmployeeId":17210037897,"szname":"Hindra","Channel Group":"MTI"," LY":16284801.2357129995," 3LM":17958955.8988713324," LM":31044697.3025340028," Max":33023230.6517329998," T.MTD":18531282.4761620387," A.MTD":8322720.7138510002," Gap MTD":-10208561.7623110395," Ach":0.4491173627," vs LY":-0.4889270926," vs 3LM":-0.5365699008," vs LM":-0.731911681}
{"szEmployeeId":17210037897,"szname":"Hindra","Channel Group":"Retail"," LY":87526268.4771529436," 3LM":74783848.3885563612," LM":91512338.4147820473," Max":124760064.5709160417," T.MTD":78184227.8857945353," A.MTD":41221885.9683410078," Gap MTD":-36962341.9174534976," Ach":0.5272404305," vs LY":-0.529034121," vs 3LM":-0.4487862439," vs LM":-0.5495483267}
{"szEmployeeId":17210037897,"szname":"Hindra","Channel Group":"Wholesaler"," LY":481833197.1097130179," 3LM":571747820.0171774626," LM":700004655.4494132996," Max":904702471.2801463604," T.MTD":599860299.3028188944," A.MTD":275818283.4897989631," Gap MTD":-324042015.8130200505," Ach":0.4598041974," vs LY":-0.4275647981," vs 3LM":-0.5175875205," vs LM":-0.6059765012}
{"szEmployeeId":17210037897,"szname":"Hindra","Channel Group":"FS"," LY":0.0," 3LM":1098083.4839033331," LM":3294250.4517099997," Max":3294250.4517099997," T.MTD":1424190.3352245088," A.MTD":0.0," Gap MTD":-1424190.3352245088," Ach":0.0," vs LY":0.0," vs 3LM":-1.0," vs LM":-1.0}
{"szEmployeeId":17210041467,"szname":"Doli Purnama Sari","Channel Group":"MTI"," LY":21067413.380861003," 3LM":24608924.1904339939," LM":27319349.7488129959," Max":43197915.5670999885," T.MTD":28103799.6149790473," A.MTD":9707380.2345889993," Gap MTD":-18396419.3803900443," Ach":0.3454116656," vs LY":-0.5392229668," vs 3LM":-0.6055341485," vs LM":-0.6446701578}
{"szEmployeeId":17210041467,"szname":"Doli Purnama Sari","Channel Group":"Retail"," LY":79142110.9662999958," 3LM":128065872.9258477539," LM":150658813.3753139675," Max":195110380.9067988992," T.MTD":145896200.3850210905," A.MTD":65140162.5003690273," Gap MTD":-80756037.8846520036," Ach":0.4464829264," vs LY":-0.1769215945," vs 3LM":-0.491354246," vs LM":-0.5676312521}
{"szEmployeeId":17210042412,"szname":"Muhammad Rizky Algifari","Channel Group":"MTI"," LY":5249681.3021439984," 3LM":5743674.1761193331," LM":7236814.4231400006," Max":12749897.2743089981," T.MTD":7351117.0727906376," A.MTD":3302171.1598160001," Gap MTD":-4048945.9129746375," Ach":0.4492067161," vs LY":-0.3709768327," vs 3LM":-0.4250768657," vs LM":-0.5436982398}
{"szEmployeeId":17210042412,"szname":"Muhammad Rizky Algifari","Channel Group":"Retail"," LY":98509627.5168560296," 3LM":83158485.5483966917," LM":108323141.5915939957," Max":140635363.0192090869," T.MTD":97135368.5770688802," A.MTD":49020515.5869460031," Gap MTD":-48114852.9901229367," Ach":0.504661858," vs LY":-0.5023784292," vs 3LM":-0.4105169753," vs LM":-0.5474603592}
{"szEmployeeId":17210042412,"szname":"Muhammad Rizky Algifari","Channel Group":"Wholesaler"," LY":324933774.4919100404," 3LM":298947198.8976300955," LM":336816273.2034460306," Max":435541278.1711021066," T.MTD":335131063.9408170581," A.MTD":120406117.6155590415," Gap MTD":-214724946.3252580762," Ach":0.3592806832," vs LY":-0.6294441296," vs 3LM":-0.5972328289," vs LM":-0.6425169233}
{"szEmployeeId":17210042412,"szname":"Muhammad Rizky Algifari","Channel Group":"FS"," LY":0.0," 3LM":1276713.2069366667," LM":2125569.3600000003," Max":2445550.4408100001," T.MTD":2382450.4093234362," A.MTD":947208.1099999999," Gap MTD":-1435242.2993234361," Ach":0.3975772618," vs LY":0.0," vs 3LM":-0.2580885787," vs LM":-0.5543744054}
{"szEmployeeId":17210042423,"szname":"Siti Fatimah Hadijah","Channel Group":"MTI"," LY":5506747.559905," 3LM":6849379.9440783337," LM":9562608.1763009988," Max":18454112.6563790031," T.MTD":7171455.5717896502," A.MTD":2694933.35243," Gap MTD":-4476522.2193596512," Ach":0.3757861044," vs LY":-0.5106125125," vs 3LM":-0.6065434573," vs LM":-0.7181800924}
{"szEmployeeId":17210042423,"szname":"Siti Fatimah Hadijah","Channel Group":"Retail"," LY":52099373.2002809942," 3LM":76740720.532108292," LM":96311688.3442340344," Max":135910110.5953749716," T.MTD":85828544.4282102138," A.MTD":49593107.295889996," Gap MTD":-36235437.132320337," Ach":0.5778160124," vs LY":-0.0481054905," vs 3LM":-0.3537576015," vs LM":-0.4850769606}
