{"szEmployeeId":17210032876,"szname":"Asman","Channel Group":"Wholesaler","Project":"SMALL"," LY":125032369.7903909832," 3LM":105373329.6339613497," LM":142764086.0247960687," T.MTD":111977615.7040697336," A.MTD":2464045.1060330002," Gap MTD":-109513570.5980367213,"CR":88,"CA":6}
{"szEmployeeId":17210032876,"szname":"Asman","Channel Group":"Wholesaler","Project":"BIG"," LY":179819457.5685679913," 3LM":182259048.0845439732," LM":237749828.7624719739," T.MTD":193092045.8632767797," A.MTD":0.0," Gap MTD":-193092045.8632767797,"CR":6,"CA":0}
{"szEmployeeId":17210032876,"szname":"Asman","Channel Group":"Wholesaler","Project":"MEDIUM"," LY":301839407.0421029925," 3LM":283264436.7051032782," LM":313017883.5867510438," T.MTD":299047731.6707453728," A.MTD":18027387.4414820001," Gap MTD":-281020344.2292633653,"CR":37,"CA":6}
{"szEmployeeId":17210032876,"szname":"Asman","Channel Group":"MTI","Project":"SMALL"," LY":34048485.336887002," 3LM":32043444.3307293393," LM":32516065.1205200031," T.MTD":33675542.3507985249," A.MTD":1293748.6699999999," Gap MTD":-32381793.6807985194,"CR":12,"CA":2}
{"szEmployeeId":17210032876,"szname":"Asman","Channel Group":"MTI","Project":"MEDIUM"," LY":5347152.8199999994," 3LM":2089511.7266666666," LM":1288976.6000000003," T.MTD":2207064.4111101273," A.MTD":1630180.1999999997," Gap MTD":-576884.2111101276,"CR":1,"CA":1}
{"szEmployeeId":17210041467,"szname":"Doli Purnama Sari","Channel Group":"Retail","Project":"SMALL"," LY":31226344.9602750018," 3LM":74062804.7866286635," LM":85803408.4558459371," T.MTD":84525569.8998676836," A.MTD":1526380.2181849999," Gap MTD":-82999189.681682691,"CR":226,"CA":9}
{"szEmployeeId":17210041467,"szname":"Doli Purnama Sari","Channel Group":"Retail","Project":"BIG"," LY":18598564.8715630025," 3LM":18948709.7258466668," LM":26531955.3852670006," T.MTD":21490497.1032086387," A.MTD":0.0," Gap MTD":-21490497.1032086387,"CR":31,"CA":0}
{"szEmployeeId":17210041467,"szname":"Doli Purnama Sari","Channel Group":"Retail","Project":"MEDIUM"," LY":29724813.6679720059," 3LM":33674327.7941589952," LM":37612627.9416919947," T.MTD":38389460.4269579127," A.MTD":1944864.9485399998," Gap MTD":-36444595.4784179181,"CR":81,"CA":8}
{"szEmployeeId":17210041467,"szname":"Doli Purnama Sari","Channel Group":"MTI","Project":"SMALL"," LY":21067413.380861003," 3LM":24608924.1904339902," LM":27319349.7488129959," T.MTD":28127651.869837027," A.MTD":0.0," Gap MTD":-28127651.869837027,"CR":10,"CA":0}
{"szEmployeeId":17210041467,"szname":"Doli Purnama Sari","Channel Group":null,"Project":null," LY":0.0," 3LM":1252189.1978926666," LM":327297.328547," T.MTD":1466820.7001287364," A.MTD":0.0," Gap MTD":-1466820.7001287364,"CR":2,"CA":0}
{"szEmployeeId":17210037897,"szname":"Hindra","Channel Group":"Wholesaler","Project":"SMALL"," LY":100543384.1775839925," 3LM":85978566.7004426718," LM":101744081.6900019944," T.MTD":94951119.2868289798," A.MTD":2005255.0997250001," Gap MTD":-92945864.1871039718,"CR":35,"CA":3}
{"szEmployeeId":17210037897,"szname":"Hindra","Channel Group":"Wholesaler","Project":"BIG"," LY":120065088.6087739915," 3LM":153331539.3366906345," LM":184530526.1671060324," T.MTD":162446996.0731526017," A.MTD":0.0," Gap MTD":-162446996.0731526017,"CR":4,"CA":0}
{"szEmployeeId":17210037897,"szname":"Hindra","Channel Group":"Wholesaler","Project":"MEDIUM"," LY":267741167.2562770247," 3LM":332437713.9800442457," LM":413730047.592304945," T.MTD":343706919.9669519067," A.MTD":1290810.8210770001," Gap MTD":-342416109.1458749175,"CR":24,"CA":1}
{"szEmployeeId":17210037897,"szname":"Hindra","Channel Group":"Retail","Project":"SMALL"," LY":43230585.9313339889," 3LM":32987281.8854586631," LM":38618528.2982709929," T.MTD":34521294.554891333," A.MTD":420000.007654," Gap MTD":-34101294.5472373292,"CR":76,"CA":2}
{"szEmployeeId":17210037897,"szname":"Hindra","Channel Group":"Retail","Project":"BIG"," LY":20874087.2691209987," 3LM":15547821.3867093325," LM":19276665.198001001," T.MTD":15695805.8430353682," A.MTD":196666.661621," Gap MTD":-15499139.1814143676,"CR":16,"CA":1}
{"szEmployeeId":17210037897,"szname":"Hindra","Channel Group":"Retail","Project":"MEDIUM"," LY":25965583.9924449958," 3LM":19048877.4212129973," LM":24128209.7438619994," T.MTD":20300994.5033945702," A.MTD":337747.7604499999," Gap MTD":-19963246.7429445684,"CR":36,"CA":2}
{"szEmployeeId":17210037897,"szname":"Hindra","Channel Group":"MTI","Project":"SMALL"," LY":12336513.0842719991," 3LM":13413728.2438680008," LM":25084787.3637220003," T.MTD":14243787.3405925464," A.MTD":0.0," Gap MTD":-14243787.3405925464,"CR":3,"CA":0}
{"szEmployeeId":17210037897,"szname":"Hindra","Channel Group":"MTI","Project":"MEDIUM"," LY":3948288.1514409999," 3LM":4545227.6550033335," LM":5959909.9388120007," T.MTD":4339856.3683692692," A.MTD":0.0," Gap MTD":-4339856.3683692692,"CR":1,"CA":0}
{"szEmployeeId":17210037897,"szname":"Hindra","Channel Group":null,"Project":null," LY":0.0," 3LM":7137220.5485086665," LM":9300993.7346480004," T.MTD":7793226.0627835626," A.MTD":593579.302251," Gap MTD":-7199646.7605325626,"CR":6,"CA":2}
{"szEmployeeId":17210036369,"szname":"Muhammad Tamrin","Channel Group":"Wholesaler","Project":"SMALL"," LY":113480663.18141599," 3LM":106474886.9578473121," LM":156001335.8220089972," T.MTD":141382526.3368082345," A.MTD":7756936.9599959999," Gap MTD":-133625589.3768122196,"CR":95,"CA":6}
{"szEmployeeId":17210036369,"szname":"Muhammad Tamrin","Channel Group":"Wholesaler","Project":"BIG"," LY":124915563.3332720101," 3LM":137773310.2745220065," LM":204235581.9986810088," T.MTD":187005086.0684174299," A.MTD":0.0," Gap MTD":-187005086.0684174299,"CR":6,"CA":0}
{"szEmployeeId":17210036369,"szname":"Muhammad Tamrin","Channel Group":"Wholesaler","Project":"MEDIUM"," LY":163784132.7492799759," 3LM":159168780.9462310672," LM":207006536.0926599801," T.MTD":207360950.5606728494," A.MTD":14251691.9064779989," Gap MTD":-193109258.6541948318,"CR":38,"CA":6}
{"szEmployeeId":17210036369,"szname":"Muhammad Tamrin","Channel Group":"MTI","Project":"SMALL"," LY":9220977.0389109999," 3LM":6974813.0117993336," LM":7157107.3343200004," T.MTD":7259344.7588583641," A.MTD":116036.04," Gap MTD":-7143308.718858365,"CR":12,"CA":1}
{"szEmployeeId":17210036369,"szname":"Muhammad Tamrin","Channel Group":"MTI","Project":"MEDIUM"," LY":849455.8," 3LM":842946.8487383334," LM":1075381.986215," T.MTD":600613.3949328524," A.MTD":654273.8799999999," Gap MTD":53660.4850671475,"CR":1,"CA":1}
{"szEmployeeId":17210036369,"szname":"Muhammad Tamrin","Channel Group":"FS","Project":"SMALL"," LY":0.0," 3LM":253926.1233333333," LM":139864.86," T.MTD":126272.4056000527," A.MTD":0.0," Gap MTD":-126272.4056000527,"CR":1,"CA":0}
{"szEmployeeId":17210036369,"szname":"Muhammad Tamrin","Channel Group":null,"Project":null," LY":0.0," 3LM":8477537.2385876663," LM":0.0," T.MTD":4265206.4747101823," A.MTD":0.0," Gap MTD":-4265206.4747101823,"CR":2,"CA":0}
{"szEmployeeId":17210037632,"szname":"Robianor","Channel Group":"Wholesaler","Project":"SMALL"," LY":88350037.5852690041," 3LM":89288579.6174676418," LM":105461039.3184039891," T.MTD":98181803.5222066641," A.MTD":1596126.1228800002," Gap MTD":-96585677.3993266523,"CR":38,"CA":3}
{"szEmployeeId":17210037632,"szname":"Robianor","Channel Group":"Wholesaler","Project":"BIG"," LY":174758019.7379460037," 3LM":121249835.9633599818," LM":159793967.4430249929," T.MTD":133458157.767898649," A.MTD":0.0," Gap MTD":-133458157.767898649,"CR":3,"CA":0}
{"szEmployeeId":17210037632,"szname":"Robianor","Channel Group":"Wholesaler","Project":"MEDIUM"," LY":322210295.1637119055," 3LM":337235625.9019020796," LM":393709168.3486639857," T.MTD":366635819.7358339429," A.MTD":1104864.8474689999," Gap MTD":-365530954.8883649111,"CR":27,"CA":1}
{"szEmployeeId":17210037632,"szname":"Robianor","Channel Group":"Retail","Project":"SMALL"," LY":47293369.0814419985," 3LM":32076964.4236306697," LM":38092878.9507310092," T.MTD":36086794.2876992002," A.MTD":2818423.5737750004," Gap MTD":-33268370.7139241807,"CR":72,