{"szEmployeeId":17210032876,"szname":"Asman","Channel Group":"MTI"," LY":28846624.5998560004," 3LM":38436892.8574503288," LM":46645595.0697880015," Max":81878239.7002599984," T.MTD":40212279.2424942926," A.MTD":30777396.6846620031," Gap MTD":-9434882.5578323025," Ach":0.7653730966," vs LY":0.06693234," vs 3LM":-0.1992745928," vs LM":-0.3401864284}
{"szEmployeeId":17210032876,"szname":"Asman","Channel Group":"Retail"," LY":1418052.8234870003," 3LM":2646894.4536319999," LM":2186324.1308999993," Max":3174612.0211700001," T.MTD":2720426.4347201721," A.MTD":981801.8472000001," Gap MTD":-1738624.5875201719," Ach":0.3608999805," vs LY":-0.3076408502," vs 3LM":-0.6290740472," vs LM":-0.5509349079}
{"szEmployeeId":17210032876,"szname":"Asman","Channel Group":"Wholesaler"," LY":563618170.3901637793," 3LM":613937668.1453891993," LM":666873478.5888329744," Max":1034334705.8744933605," T.MTD":634317294.3227857351," A.MTD":482129761.7194710374," Gap MTD":-152187532.6033146679," Ach":0.7600766462," vs LY":-0.1445808758," vs 3LM":-0.2146926525," vs LM":-0.2770296358}
{"szEmployeeId":17210036369,"szname":"Muhammad Tamrin","Channel Group":"MTI"," LY":3473282.4689009995," 3LM":6504056.535070667," LM":8083493.6554879993," Max":17936639.8392470032," T.MTD":5972585.7721536886," A.MTD":8071964.0364810014," Gap MTD":2099378.264327311," Ach":1.3515024052," vs LY":1.3240160018," vs 3LM":0.2410660936," vs LM":-0.0014263163}
{"szEmployeeId":17210036369,"szname":"Muhammad Tamrin","Channel Group":"Retail"," LY":1376040.3850380001," 3LM":2205120.8158173333," LM":1570252.1818860001," Max":3336359.200801," T.MTD":2622227.828470943," A.MTD":600900.9337800001," Gap MTD":-2021326.894690943," Ach":0.2291566458," vs LY":-0.5633115566," vs 3LM":-0.7274975006," vs LM":-0.6173220195}
{"szEmployeeId":17210036369,"szname":"Muhammad Tamrin","Channel Group":"Wholesaler"," LY":285096634.5240528584," 3LM":358231495.3284887075," LM":372077151.0543449521," Max":704116283.8517197371," T.MTD":472075186.3993753195," A.MTD":353528170.3243360519," Gap MTD":-118547016.0750392675," Ach":0.7488810692," vs LY":0.2400292656," vs 3LM":-0.0131292895," vs LM":-0.0498525122}
{"szEmployeeId":17210036369,"szname":"Muhammad Tamrin","Channel Group":"FS"," LY":0.0," 3LM":0.0," LM":0.0," Max":0.0," T.MTD":0.0," A.MTD":215878.38," Gap MTD":215878.38," Ach":"0x7"," vs LY":0.0," vs 3LM":0.0," vs LM":0.0}
{"szEmployeeId":17210037632,"szname":"Robianor","Channel Group":"MTI"," LY":1311082.4536030004," 3LM":1074006.6133333335," LM":872474.76," Max":1915342.6399999999," T.MTD":1089476.0378296836," A.MTD":1137663.9800000002," Gap MTD":48187.9421703166," Ach":1.0442303828," vs LY":-0.1322712184," vs 3LM":0.0592709262," vs LM":0.3039505922}
{"szEmployeeId":17210037632,"szname":"Robianor","Channel Group":"Retail"," LY":67487841.212842986," 3LM":89569919.0991549641," LM":91929721.7733409703," Max":186583015.179102093," T.MTD":98496753.436041519," A.MTD":91700590.5381819755," Gap MTD":-6796162.8978595398," Ach":0.9310011482," vs LY":0.3587720231," vs 3LM":0.0237878013," vs LM":-0.0024924609}
{"szEmployeeId":17210037632,"szname":"Robianor","Channel Group":"Wholesaler"," LY":504663596.6925289035," 3LM":557663630.4309140444," LM":551154643.4305781126," Max":909680732.5522921085," T.MTD":632558692.2677541971," A.MTD":460005797.107935071," Gap MTD":-172552895.1598190367," Ach":0.7272144115," vs LY":-0.0884902336," vs 3LM":-0.1751196026," vs LM":-0.1653779886}
{"szEmployeeId":17210037632,"szname":"Robianor","Channel Group":"FS"," LY":0.0," 3LM":644272.6699999999," LM":813000.0," Max":1932818.01," T.MTD":495078.2583747623," A.MTD":0.0," Gap MTD":-495078.2583747623," Ach":0," vs LY":0.0," vs 3LM":-1.0," vs LM":-1.0}
{"szEmployeeId":17210037897,"szname":"Hindra","Channel Group":"MTI"," LY":7588029.4556139987," 3LM":6051612.4112149999," LM":5753468.3247560011," Max":10895890.6953410003," T.MTD":6830652.6725607514," A.MTD":6409117.9944920009," Gap MTD":-421534.6780687503," Ach":0.9382877891," vs LY":-0.1553646395," vs 3LM":0.0590760873," vs LM":0.113957292}
{"szEmployeeId":17210037897,"szname":"Hindra","Channel Group":"Retail"," LY":62963908.1377580017," 3LM":100790564.8137456328," LM":101572935.1203989387," Max":196484976.2470810413," T.MTD":112510874.242122069," A.MTD":91799730.5079220086," Gap MTD":-20711143.7342001274," Ach":0.8159187379," vs LY":0.4579738333," vs 3LM":-0.0892031345," vs LM":-0.0962185901}
{"szEmployeeId":17210037897,"szname":"Hindra","Channel Group":"Wholesaler"," LY":357504065.0528529882," 3LM":325573752.1782882214," LM":283723622.1950179935," Max":558972694.0547338724," T.MTD":366450542.3777638078," A.MTD":214755113.9174460471," Gap MTD":-151695428.4603178799," Ach":0.5860411954," vs LY":-0.3992932251," vs 3LM":-0.3403795224," vs LM":-0.2430834195}
{"szEmployeeId":17210037897,"szname":"Hindra","Channel Group":"FS"," LY":0.0," 3LM":492069.6636333333," LM":1476208.9909000001," Max":1476208.9909000001," T.MTD":537930.707553309," A.MTD":1724350.4499999997," Gap MTD":1186419.7424466908," Ach":3.2055252206," vs LY":0.0," vs 3LM":2.5042811566," vs LM":0.1680937189}
{"szEmployeeId":17210041467,"szname":"Doli Purnama Sari","Channel Group":"MTI"," LY":20795616.6151109971," 3LM":32442170.5368869975," LM":18929425.7251229994," Max":64644647.3440150172," T.MTD":29360766.6658727378," A.MTD":25514647.0166459978," Gap MTD":-3846119.6492267419," Ach":0.869004795," vs LY":0.2269242836," vs 3LM":-0.2135345264," vs LM":0.3478827825}
{"szEmployeeId":17210041467,"szname":"Doli Purnama Sari","Channel Group":"Retail"," LY":129038581.6388789713," 3LM":204483626.5903009772," LM":232980114.665694952," Max":375643263.379744947," T.MTD":195639233.3341272473," A.MTD":163288674.4555600882," Gap MTD":-32350558.8785672113," Ach":0.8346417621," vs LY":0.2654252114," vs 3LM":-0.2014584386," vs LM":-0.2991304228}
{"szEmployeeId":17210041960,"szname":"Bahrudin Rahman","Channel Group":"MTI"," LY":16416485.9758860003," 3LM":18147988.1206676625," LM":22254788.8848839961," Max":36797306.0072410032," T.MTD":18893330.0332454443," A.MTD":10659591.8456410002," Gap MTD":-8233738.1876044441," Ach":0.5641986789," vs LY":-0.3506776139," vs 3LM":-0.4126295557," vs LM":-0.5210203116}
{"szEmployeeId":17210041960,"szname":"Bahrudin Rahman","Channel Group":"Retail"," LY":57610458.2064299956," 3LM":96065066.2806572914," LM":108425614.9278570414," Max":203912216.9282430708," T.MTD":104040305.5690749288," A.MTD":109249810.5720570385," Gap MTD":5209505.0029820492," Ach":1.0500719887," vs LY":0.8963537867," vs 3LM":0.1372480632," vs LM":0.0076014846}
{"szEmployeeId":17210041960,"szname":"Bahrudin Rahman","Channel Group":"Wholesaler"," LY":537653065.8383328915," 3LM":564645516.4040706158," LM":622579099.9468852282," Max":1012718927.028873086," T.MTD":637816364.397679925," A.MTD":375287351.2151749134," Gap MTD":-262529013.1825047433," Ach":0.5883940459," vs LY":-0.3019897494," vs 3LM":-0.3353575999," vs LM":-0.3972053491}
