{"szEmployeeId":17210032876,"szname":"Asman","Channel Group":"Wholesaler","Project":"SMALL"," LY":113154712.5523940027," 3LM":96575116.4175313413," LM":128251428.3331319839," T.MTD":104003451.6486701071," A.MTD":19172632.7732109986," Gap MTD":-84830818.8754591197,"CR":84,"CA":36}
{"szEmployeeId":17210032876,"szname":"Asman","Channel Group":"Wholesaler","Project":"BIG"," LY":179819457.5685679913," 3LM":182259048.0845439434," LM":237749828.7624719739," T.MTD":195513165.0019548535," A.MTD":10506135.1725849994," Gap MTD":-185007029.829369843,"CR":6,"CA":1}
{"szEmployeeId":17210032876,"szname":"Asman","Channel Group":"Wholesaler","Project":"MEDIUM"," LY":308421208.691083014," 3LM":284613881.171980381," LM":308918108.8650540113," T.MTD":304153102.9825348258," A.MTD":90630233.3728000075," Gap MTD":-213522869.6097347438,"CR":38,"CA":26}
{"szEmployeeId":17210032876,"szname":"Asman","Channel Group":"MTI","Project":"SMALL"," LY":34048485.336887002," 3LM":32043444.3307293281," LM":32516065.1205199994," T.MTD":34095595.7538453043," A.MTD":12906662.2307090014," Gap MTD":-21188933.5231362991,"CR":12,"CA":7}
{"szEmployeeId":17210032876,"szname":"Asman","Channel Group":"MTI","Project":"MEDIUM"," LY":5347152.8199999994," 3LM":2089511.7266666666," LM":1288976.6000000001," T.MTD":2234684.6129952064," A.MTD":1630180.1999999995," Gap MTD":-604504.4129952069,"CR":1,"CA":1}
{"szEmployeeId":17210041467,"szname":"Doli Purnama Sari","Channel Group":"Retail","Project":"SMALL"," LY":23827841.9374160059," 3LM":41149611.3928150088," LM":46379662.274029009," T.MTD":47113074.3543943688," A.MTD":10530129.0004489999," Gap MTD":-36582945.3539453596,"CR":192,"CA":59}
{"szEmployeeId":17210041467,"szname":"Doli Purnama Sari","Channel Group":"Retail","Project":"BIG"," LY":20685303.5999390036," 3LM":34991672.9088049904," LM":45328892.4202049971," T.MTD":39718860.4844924808," A.MTD":8197477.6442749994," Gap MTD":-31521382.840217486,"CR":37,"CA":14}
{"szEmployeeId":17210041467,"szname":"Doli Purnama Sari","Channel Group":"Retail","Project":"MEDIUM"," LY":34628965.4289449975," 3LM":51924588.6242276728," LM":58950258.681080021," T.MTD":59064265.5461340845," A.MTD":11074102.2035919987," Gap MTD":-47990163.3425420821,"CR":110,"CA":38}
{"szEmployeeId":17210041467,"szname":"Doli Purnama Sari","Channel Group":"MTI","Project":"SMALL"," LY":21067413.380861003," 3LM":24608924.1904340014," LM":27319349.7488129959," T.MTD":28103799.6149790511," A.MTD":5874333.3481060006," Gap MTD":-22229466.2668730542,"CR":10,"CA":4}
{"szEmployeeId":17210037897,"szname":"Hindra","Channel Group":"Wholesaler","Project":"SMALL"," LY":85532221.5947379917," 3LM":73151755.5975836366," LM":96132246.5938530415," T.MTD":78389588.2534843087," A.MTD":17937861.6929369979," Gap MTD":-60451726.5605472997,"CR":33,"CA":18}
{"szEmployeeId":17210037897,"szname":"Hindra","Channel Group":"Wholesaler","Project":"BIG"," LY":120065088.6087739915," 3LM":89473010.5003866702," LM":96764484.7424820065," T.MTD":92724410.2757464647," A.MTD":3952432.4253919986," Gap MTD":-88771977.8503544629,"CR":3,"CA":1}
{"szEmployeeId":17210037897,"szname":"Hindra","Channel Group":"Wholesaler","Project":"MEDIUM"," LY":276235886.9062010646," 3LM":345264525.082903266," LM":419341882.6884539723," T.MTD":359257313.2637153864," A.MTD":93022220.7065409869," Gap MTD":-266235092.557174474,"CR":25,"CA":17}
{"szEmployeeId":17210037897,"szname":"Hindra","Channel Group":"Wholesaler","Project":"SPRBIG"," LY":0.0," 3LM":63858528.8363039941," LM":87766041.4246240109," T.MTD":69488987.5098728538," A.MTD":0.0," Gap MTD":-69488987.5098728538,"CR":1,"CA":0}
{"szEmployeeId":17210037897,"szname":"Hindra","Channel Group":"Retail","Project":"SMALL"," LY":15152274.0955290012," 3LM":21655803.9267810024," LM":26600128.7295100018," T.MTD":22491839.9497336447," A.MTD":5254143.4183549993," Gap MTD":-17237696.5313786417,"CR":59,"CA":15}
{"szEmployeeId":17210037897,"szname":"Hindra","Channel Group":"Retail","Project":"BIG"," LY":38152293.193547003," 3LM":25199896.6005023345," LM":32238322.1514709964," T.MTD":26660560.1706549414," A.MTD":8477111.0771689992," Gap MTD":-18183449.0934859402,"CR":27,"CA":13}
{"szEmployeeId":17210037897,"szname":"Hindra","Channel Group":"Retail","Project":"MEDIUM"," LY":34221701.1880770102," 3LM":27928147.8612730056," LM":32673887.5338010006," T.MTD":29031827.7654059045," A.MTD":6528850.6937549999," Gap MTD":-22502977.0716509148,"CR":42,"CA":21}
{"szEmployeeId":17210037897,"szname":"Hindra","Channel Group":"MTI","Project":"SMALL"," LY":12336513.0842719991," 3LM":13413728.2438680008," LM":25084787.3637220003," T.MTD":14202212.7465547267," A.MTD":1597837.8405319999," Gap MTD":-12604374.9060227275,"CR":3,"CA":1}
{"szEmployeeId":17210037897,"szname":"Hindra","Channel Group":"MTI","Project":"MEDIUM"," LY":3948288.1514409999," 3LM":4545227.6550033344," LM":5959909.9388120007," T.MTD":4329069.729607312," A.MTD":2650648.6488239998," Gap MTD":-1678421.0807833122,"CR":1,"CA":1}
{"szEmployeeId":17210037897,"szname":"Hindra","Channel Group":"FS","Project":"SMALL"," LY":0.0," 3LM":1098083.4839033331," LM":3294250.4517099997," T.MTD":1424190.335224509," A.MTD":0.0," Gap MTD":-1424190.335224509,"CR":1,"CA":0}
{"szEmployeeId":17210036369,"szname":"Muhammad Tamrin","Channel Group":"Wholesaler","Project":"SMALL"," LY":90456113.9664879888," 3LM":92048305.5614916682," LM":113577553.8412120193," T.MTD":119512027.3224436045," A.MTD":28143869.4973600022," Gap MTD":-91368157.8250836432,"CR":91,"CA":36}
{"szEmployeeId":17210036369,"szname":"Muhammad Tamrin","Channel Group":"Wholesaler","Project":"BIG"," LY":124915563.3332720101," 3LM":137773310.2745220065," LM":204235581.9986810088," T.MTD":194738181.367980957," A.MTD":29495541.4895370007," Gap MTD":-165242639.8784439564,"CR":6,"CA":4}
{"szEmployeeId":17210036369,"szname":"Muhammad Tamrin","Channel Group":"Wholesaler","Project":"MEDIUM"," LY":171835258.7421540022," 3LM":167976013.0804950297," LM":216714096.4413159788," T.MTD":225583152.2688005865," A.MTD":56338369.4328419939," Gap MTD":-169244782.8359585702,"CR":39,"CA":22}
{"szEmployeeId":17210036369,"szname":"Muhammad Tamrin","Channel Group":"MTI","Project":"SMALL"," LY":9220977.0389109999," 3LM":6974813.0117993336," LM":7157107.3343199994," T.MTD":7423582.9039615113," A.MTD":2897023.4399999999," Gap MTD":-4526559.4639615119,"CR":12,"CA":5}
{"szEmployeeId":17210036369,"szname":"Muhammad Tamrin","Channel Group":"MTI","Project":"MEDIUM"," LY":849455.8," 3LM":842946.8487383333," LM":1075381.986215," T.MTD":616783.7312131209," A.MTD":654273.88," Gap MTD":37490.1487868791,"CR":1,"CA":1}
{"szEmployeeId":17210036369,"szname":"Muhammad Tamrin","Channel Group":"FS","Project":"SMALL"," LY":0.0," 3LM":253926.1233333333," LM":139864.86," T.MTD":126272.4056000528," A.MTD":0.0," Gap MTD":-126272.4056000528,"CR":1,"CA":0}
{"szEmployeeId":17210037632,"szname":"Robianor","Channel Group":"Wholesaler","Project":"SMALL"," LY":92566076.1370660067," 3LM":86461542.988659665," LM":103544497.8632769734," T.MTD":95505672.590363577," A.MTD":21252870.3849190027," Gap MTD":-74252802.2054446042,"CR":38,"CA":23}
{"szEmployeeId":17210037632,"szname":"Robianor","Channel Group":"Wholesaler","Project":"BIG"," LY":174758019.7379460335," 3LM":121249835.9633599669," LM":159793967.4430249929," T.MTD":133328132.519942075," A.MTD":16593333.379536001," Gap MTD":-116734799.1404060721,"CR":3,"CA":2}
{"szEmployeeId":17210037632,"szname":"Robianor","Channel Group":"Wholesaler","Project":"MEDIUM"," LY":317994256.6119149923," 3LM":340062662.5307100415," LM":395625709.8037910461," T.MTD":368910034.1494522691," A.MTD":60632095.476688996," Gap MTD":-308277938.672763288,"CR":27,"CA":14}
{"szEmployeeId":17210037632,"szname":"Robianor","Channel Group":"Retail","Project":"SMALL"," LY":16089342.354807999," 3LM":14760253.029908672," LM":18159779.6955210008," T.MTD":15277012.4106036779," A.MTD":9013391.0950199999," Gap MTD":-6263621.3155836854,"CR":44,"CA":14}
{"szEmployeeId":17210037632,"szname":"Robianor","Channel Group":"Retail",