{"szEmployeeId":17210032876,"szname":"Asman","Channel Group":"MTI"," LY":39395638.1568869948," 3LM":34132956.0573959947," LM":33805041.7205200046," Max":55656666.0447459966," T.MTD":36330280.3668405116," A.MTD":19203337.9467409998," Gap MTD":-17126942.420099508," Ach":0.5285766516," vs LY":-0.5125516721," vs 3LM":-0.4373959901," vs LM":-0.4319386408}
{"szEmployeeId":17210032876,"szname":"Asman","Channel Group":"Wholesaler"," LY":601395378.8120449781," 3LM":563448045.6740558147," LM":674919365.960657835," Max":858552703.8697279692," T.MTD":603669719.6331592798," A.MTD":243241505.2144479752," Gap MTD":-360428214.4187120795," Ach":0.4029380592," vs LY":-0.5955381205," vs 3LM":-0.5682982538," vs LM":-0.6395991618}
{"szEmployeeId":17210036369,"szname":"Muhammad Tamrin","Channel Group":"MTI"," LY":10070432.8389110006," 3LM":7817759.8605376668," LM":8232489.3205350004," Max":18345833.4839479998," T.MTD":8040366.6351746321," A.MTD":3826011.75," Gap MTD":-4214354.8851746321," Ach":0.4758504088," vs LY":-0.6200747464," vs 3LM":-0.5105999905," vs LM":-0.5352545748}
{"szEmployeeId":17210036369,"szname":"Muhammad Tamrin","Channel Group":"Wholesaler"," LY":387206936.0419141054," 3LM":397797628.9165087342," LM":534527232.2812090516," Max":703314776.0710184574," T.MTD":539833360.959225297," A.MTD":220017796.6586300135," Gap MTD":-319815564.3005954027," Ach":0.4075661353," vs LY":-0.431782398," vs 3LM":-0.4469102361," vs LM":-0.5883880495}
{"szEmployeeId":17210036369,"szname":"Muhammad Tamrin","Channel Group":"FS"," LY":0.0," 3LM":253926.1233333333," LM":139864.86," Max":1357067.5650450001," T.MTD":126272.4056000528," A.MTD":0.0," Gap MTD":-126272.4056000528," Ach":0.0," vs LY":0.0," vs 3LM":-1.0," vs LM":-1.0}
{"szEmployeeId":17210037632,"szname":"Robianor","Channel Group":"MTI"," LY":1599093.1499999999," 3LM":804269.4133333333," LM":819767.6300000001," Max":1070518.97," T.MTD":931941.9071037346," A.MTD":387443.2700000001," Gap MTD":-544498.6371037345," Ach":0.4157375766," vs LY":-0.7577106312," vs 3LM":-0.5182668101," vs LM":-0.5273742756}
{"szEmployeeId":17210037632,"szname":"Robianor","Channel Group":"Retail"," LY":100779356.5260549337," 3LM":86507131.9244719893," LM":100145693.9363200068," Max":138183536.2444499135," T.MTD":95482593.6588450521," A.MTD":44581614.0775369853," Gap MTD":-50900979.5813080445," Ach":0.4669082853," vs LY":-0.5576314871," vs 3LM":-0.4846481084," vs LM":-0.5548324414}
{"szEmployeeId":17210037632,"szname":"Robianor","Channel Group":"Wholesaler"," LY":585318352.4869269133," 3LM":547774041.4827297926," LM":658964175.1100928783," Max":858148151.4277378321," T.MTD":597743839.259757638," A.MTD":241868343.3251410425," Gap MTD":-355875495.9346168637," Ach":0.4046354432," vs LY":-0.5867747145," vs 3LM":-0.5584523453," vs LM":-0.6329567639}
{"szEmployeeId":17210037632,"szname":"Robianor","Channel Group":"FS"," LY":0.0," 3LM":1108353.75," LM":727272.97," Max":1756055.8500000001," T.MTD":841625.1742933556," A.MTD":815590.99," Gap MTD":-26034.1842933556," Ach":0.9690667709," vs LY":0.0," vs 3LM":-0.2641419854," vs LM":0.121437237}
{"szEmployeeId":17210037897,"szname":"Hindra","Channel Group":"MTI"," LY":16284801.2357129995," 3LM":17958955.8988713324," LM":31044697.3025340028," Max":33023230.6517329998," T.MTD":18531282.4761620387," A.MTD":8322720.7138510011," Gap MTD":-10208561.7623110376," Ach":0.4491173627," vs LY":-0.4889270926," vs 3LM":-0.5365699008," vs LM":-0.731911681}
{"szEmployeeId":17210037897,"szname":"Hindra","Channel Group":"Retail"," LY":87526268.4771529436," 3LM":74783848.3885563612," LM":91512338.4147820473," Max":124760064.5709160417," T.MTD":78184227.8857945204," A.MTD":35879651.6143190041," Gap MTD":-42304576.271475479," Ach":0.458911632," vs LY":-0.5900699043," vs 3LM":-0.5202219144," vs LM":-0.6079255297}
{"szEmployeeId":17210037897,"szname":"Hindra","Channel Group":"Wholesaler"," LY":481833197.1097130179," 3LM":571747820.0171774626," LM":700004655.4494132996," Max":904702471.2801464796," T.MTD":599860299.3028187752," A.MTD":271883506.8095369339," Gap MTD":-327976792.4932821393," Ach":0.453244709," vs LY":-0.4357310612," vs 3LM":-0.5244695348," vs LM":-0.6115975734}
{"szEmployeeId":17210037897,"szname":"Hindra","Channel Group":"FS"," LY":0.0," 3LM":1098083.4839033333," LM":3294250.4517100002," Max":3294250.4517099997," T.MTD":1424190.3352245092," A.MTD":0.0," Gap MTD":-1424190.3352245092," Ach":0.0," vs LY":0.0," vs 3LM":-1.0," vs LM":-1.0}
{"szEmployeeId":17210041467,"szname":"Doli Purnama Sari","Channel Group":"MTI"," LY":21067413.380861003," 3LM":24608924.1904340014," LM":27319349.7488129959," Max":43197915.5670999885," T.MTD":28103799.6149790511," A.MTD":8871991.0245889984," Gap MTD":-19231808.5903900489," Ach":0.3156865316," vs LY":-0.5788761124," vs 3LM":-0.6394807446," vs LM":-0.6752488216}
{"szEmployeeId":17210041467,"szname":"Doli Purnama Sari","Channel Group":"Retail"," LY":79142110.9662999958," 3LM":128065872.9258477539," LM":150658813.3753139675," Max":195110380.9067988992," T.MTD":145896200.3850210607," A.MTD":60213000.1032930166," Gap MTD":-85683200.2817280442," Ach":0.4127112286," vs LY":-0.2391787461," vs 3LM":-0.5298279024," vs LM":-0.600335362}
{"szEmployeeId":17210042412,"szname":"Muhammad Rizky Algifari","Channel Group":"MTI"," LY":5249681.3021439984," 3LM":5743674.1761193331," LM":7236814.4231400006," Max":12749897.274309," T.MTD":7351117.0727906376," A.MTD":3302171.1598160001," Gap MTD":-4048945.9129746375," Ach":0.4492067161," vs LY":-0.3709768327," vs 3LM":-0.4250768657," vs LM":-0.5436982398}
{"szEmployeeId":17210042412,"szname":"Muhammad Rizky Algifari","Channel Group":"Retail"," LY":98509627.5168560296," 3LM":83158485.5483966917," LM":108323141.5915939659," Max":140635363.0192090571," T.MTD":97135368.5770688802," A.MTD":41527577.3800630048," Gap MTD":-55607791.1970059276," Ach":0.4275227241," vs LY":-0.5784414333," vs 3LM":-0.5006212883," vs LM":-0.6166324502}
{"szEmployeeId":17210042412,"szname":"Muhammad Rizky Algifari","Channel Group":"Wholesaler"," LY":324933774.4919099808," 3LM":298947198.8976300955," LM":336816273.2034460306," Max":435541278.1711021066," T.MTD":335131063.9408169985," A.MTD":114846313.9430480152," Gap MTD":-220284749.9977690279," Ach":0.3426907449," vs LY":-0.6465547045," vs 3LM":-0.6158307742," vs LM":-0.6590238564}
{"szEmployeeId":17210042412,"szname":"Muhammad Rizky Algifari","Channel Group":"FS"," LY":0.0," 3LM":1276713.2069366667," LM":2125569.3600000003," Max":2445550.4408100001," T.MTD":2382450.4093234362," A.MTD":947208.1099999999," Gap MTD":-1435242.2993234361," Ach":0.3975772618," vs LY":0.0," vs 3LM":-0.2580885787," vs LM":-0.5543744054}
{"szEmployeeId":17210042423,"szname":"Siti Fatimah Hadijah","Channel Group":"MTI"," LY":5506747.559905," 3LM":6849379.9440783337," LM":9562608.1763009988," Max":18454112.6563790031," T.MTD":7171455.5717896512," A.MTD":2198446.8424299997," Gap MTD":-4973008.7293596519," Ach":0.3065551784," vs LY":-0.6007721766," vs 3LM":-0.6790298012," vs LM":-0.770099663}
{"szEmployeeId":17210042423,"szname":"Siti Fatimah Hadijah","Channel Group":"Retail"," LY":52099373.2002809942," 3LM":76740720.532108292," LM":96311688.3442340344," Max":135910110.5953749716," T.MTD":85828544.4282102138," A.MTD":44478619.82221701," Gap MTD":-41349924.6059933677," Ach":0.5182264259," vs LY":-0.1462734177," vs 3LM":-0.4204039327," vs LM":-0.5381804578}
