{"szEmployeeId":17210032876,"szname":"Asman","Channel Group":"Wholesaler","Project":"SMALL"," LY":113154712.5523940027," 3LM":96575116.4175313413," LM":128251428.3331319839," T.MTD":104003451.6486701369," A.MTD":57040675.7294919863," Gap MTD":-46962775.9191781431,"CR":84,"CA":67}
{"szEmployeeId":17210032876,"szname":"Asman","Channel Group":"Wholesaler","Project":"BIG"," LY":179819457.5685679913," 3LM":182259048.084544003," LM":237749828.7624719739," T.MTD":195513165.0019548833," A.MTD":30857801.798837997," Gap MTD":-164655363.2031168938,"CR":6,"CA":2}
{"szEmployeeId":17210032876,"szname":"Asman","Channel Group":"Wholesaler","Project":"MEDIUM"," LY":308421208.691083014," 3LM":284613881.1719802618," LM":308918108.8650540113," T.MTD":304153102.9825348854," A.MTD":192429244.1539699435," Gap MTD":-111723858.8285647631,"CR":38,"CA":35}
{"szEmployeeId":17210032876,"szname":"Asman","Channel Group":"MTI","Project":"SMALL"," LY":34048485.336887002," 3LM":32043444.3307293281," LM":32516065.1205200031," T.MTD":34095595.7538453043," A.MTD":18472527.1167410053," Gap MTD":-15623068.6371043026,"CR":12,"CA":9}
{"szEmployeeId":17210032876,"szname":"Asman","Channel Group":"MTI","Project":"MEDIUM"," LY":5347152.8199999994," 3LM":2089511.7266666666," LM":1288976.6000000003," T.MTD":2234684.6129952064," A.MTD":4021804.5680139991," Gap MTD":1787119.9550187928,"CR":1,"CA":1}
{"szEmployeeId":17210041467,"szname":"Doli Purnama Sari","Channel Group":"Retail","Project":"SMALL"," LY":23827841.9374160059," 3LM":41149611.3928150013," LM":46379662.2740290165," T.MTD":47113074.3543943837," A.MTD":27711859.420222003," Gap MTD":-19401214.934172377,"CR":192,"CA":128}
{"szEmployeeId":17210041467,"szname":"Doli Purnama Sari","Channel Group":"Retail","Project":"BIG"," LY":20685303.5999390036," 3LM":34991672.9088049904," LM":45328892.4202049971," T.MTD":39718860.4844924808," A.MTD":19218288.7264430039," Gap MTD":-20500571.7580494843,"CR":37,"CA":30}
{"szEmployeeId":17210041467,"szname":"Doli Purnama Sari","Channel Group":"Retail","Project":"MEDIUM"," LY":34628965.4289449975," 3LM":51924588.6242276654," LM":58950258.681080021," T.MTD":59064265.5461340845," A.MTD":29206818.3749570101," Gap MTD":-29857447.1711770706,"CR":110,"CA":89}
{"szEmployeeId":17210041467,"szname":"Doli Purnama Sari","Channel Group":"MTI","Project":"SMALL"," LY":21067413.380861003," 3LM":24608924.1904340014," LM":27319349.7488129959," T.MTD":28103799.6149790511," A.MTD":10594587.4645890016," Gap MTD":-17509212.1503900439,"CR":10,"CA":6}
{"szEmployeeId":17210037897,"szname":"Hindra","Channel Group":"Wholesaler","Project":"SMALL"," LY":85532221.5947379917," 3LM":73151755.5975836515," LM":96132246.5938530415," T.MTD":78389588.2534843087," A.MTD":44235086.2302860096," Gap MTD":-34154502.0231983066,"CR":33,"CA":28}
{"szEmployeeId":17210037897,"szname":"Hindra","Channel Group":"Wholesaler","Project":"BIG"," LY":120065088.6087739915," 3LM":89473010.5003866702," LM":96764484.7424820065," T.MTD":92724410.2757464647," A.MTD":13269189.170494996," Gap MTD":-79455221.1052514762,"CR":3,"CA":2}
{"szEmployeeId":17210037897,"szname":"Hindra","Channel Group":"Wholesaler","Project":"MEDIUM"," LY":276235886.9062010646," 3LM":345264525.082903266," LM":419341882.6884539723," T.MTD":359257313.263715446," A.MTD":214193486.5957330167," Gap MTD":-145063826.6679823995,"CR":25,"CA":25}
{"szEmployeeId":17210037897,"szname":"Hindra","Channel Group":"Wholesaler","Project":"SPRBIG"," LY":0.0," 3LM":63858528.8363039792," LM":87766041.4246239811," T.MTD":69488987.5098728389," A.MTD":30047387.3724110015," Gap MTD":-39441600.1374618411,"CR":1,"CA":1}
{"szEmployeeId":17210037897,"szname":"Hindra","Channel Group":"Retail","Project":"SMALL"," LY":15152274.0955290012," 3LM":21655803.9267810024," LM":26600128.7295100018," T.MTD":22491839.9497336447," A.MTD":12352761.8344179988," Gap MTD":-10139078.1153156385,"CR":59,"CA":38}
{"szEmployeeId":17210037897,"szname":"Hindra","Channel Group":"Retail","Project":"BIG"," LY":38152293.193547003," 3LM":25199896.6005023345," LM":32238322.1514709964," T.MTD":26660560.1706549488," A.MTD":19730429.2255819961," Gap MTD":-6930130.9450729471,"CR":27,"CA":21}
{"szEmployeeId":17210037897,"szname":"Hindra","Channel Group":"Retail","Project":"MEDIUM"," LY":34221701.1880770102," 3LM":27928147.8612730056," LM":32673887.5338010006," T.MTD":29031827.7654059082," A.MTD":16255931.1632610019," Gap MTD":-12775896.6021449082,"CR":42,"CA":32}
{"szEmployeeId":17210037897,"szname":"Hindra","Channel Group":"MTI","Project":"SMALL"," LY":12336513.0842719991," 3LM":13413728.2438679971," LM":25084787.3637220003," T.MTD":14202212.7465547249," A.MTD":12543801.7946560029," Gap MTD":-1658410.951898722,"CR":3,"CA":3}
{"szEmployeeId":17210037897,"szname":"Hindra","Channel Group":"MTI","Project":"MEDIUM"," LY":3948288.1514409995," 3LM":4545227.6550033335," LM":5959909.9388119988," T.MTD":4329069.729607312," A.MTD":3549027.0288240002," Gap MTD":-780042.7007833119,"CR":1,"CA":1}
{"szEmployeeId":17210037897,"szname":"Hindra","Channel Group":"FS","Project":"SMALL"," LY":0.0," 3LM":1098083.4839033331," LM":3294250.4517099997," T.MTD":1424190.3352245088," A.MTD":0.0," Gap MTD":-1424190.3352245088,"CR":1,"CA":0}
{"szEmployeeId":17210036369,"szname":"Muhammad Tamrin","Channel Group":"Wholesaler","Project":"SMALL"," LY":90456113.9664879888," 3LM":92048305.5614916682," LM":113577553.8412120193," T.MTD":119512027.3224436045," A.MTD":70132858.7124999911," Gap MTD":-49379168.6099436432,"CR":91,"CA":75}
{"szEmployeeId":17210036369,"szname":"Muhammad Tamrin","Channel Group":"Wholesaler","Project":"BIG"," LY":124915563.3332720101," 3LM":137773310.2745220065," LM":204235581.9986810088," T.MTD":194738181.367980957," A.MTD":68493700.9206909984," Gap MTD":-126244480.4472899735,"CR":6,"CA":5}
{"szEmployeeId":17210036369,"szname":"Muhammad Tamrin","Channel Group":"Wholesaler","Project":"MEDIUM"," LY":171835258.7421540022," 3LM":167976013.0804950297," LM":216714096.4413159788," T.MTD":225583152.2688005865," A.MTD":108932622.6288079768," Gap MTD":-116650529.6399925798,"CR":39,"CA":33}
{"szEmployeeId":17210036369,"szname":"Muhammad Tamrin","Channel Group":"MTI","Project":"SMALL"," LY":9220977.0389109999," 3LM":6974813.0117993327," LM":7157107.3343199994," T.MTD":7423582.9039615113," A.MTD":3935814.4432420004," Gap MTD":-3487768.4607195114,"CR":12,"CA":8}
{"szEmployeeId":17210036369,"szname":"Muhammad Tamrin","Channel Group":"MTI","Project":"MEDIUM"," LY":849455.8," 3LM":842946.8487383333," LM":1075381.986215," T.MTD":616783.7312131207," A.MTD":2312654.9526999998," Gap MTD":1695871.221486879,"CR":1,"CA":1}
{"szEmployeeId":17210036369,"szname":"Muhammad Tamrin","Channel Group":"FS","Project":"SMALL"," LY":0.0," 3LM":253926.1233333333," LM":139864.86," T.MTD":126272.4056000527," A.MTD":0.0," Gap MTD":-126272.4056000527,"CR":1,"CA":0}
{"szEmployeeId":17210037632,"szname":"Robianor","Channel Group":"Wholesaler","Project":"SMALL"," LY":92566076.1370660067," 3LM":86461542.988659665," LM":103544497.8632770032," T.MTD":95505672.590363577," A.MTD":50413840.8185599968," Gap MTD":-45091831.7718035951,"CR":38,"CA":29}
{"szEmployeeId":17210037632,"szname":"Robianor","Channel Group":"Wholesaler","Project":"BIG"," LY":174758019.7379460335," 3LM":121249835.9633599818," LM":159793967.4430249929," T.MTD":133328132.519942075," A.MTD":47958790.9959959984," Gap MTD":-85369341.5239460766,"CR":3,"CA":2}
{"szEmployeeId":17210037632,"szname":"Robianor","Channel Group":"Wholesaler","Project":"MEDIUM"," LY":317994256.6119149923," 3LM":340062662.5307099819," LM":395625709.8037911057," T.MTD":368910034.1494522095," A.MTD":169275454.8503220379," Gap MTD":-199634579.2991302311,"CR":27,"CA":20}
{"szEmployeeId":17210037632,"szname":"Robianor","Channel Group":"Retail","Project":"SMALL"," LY":16089342.354807999," 3LM":14760253.0299086701," LM":18159779.6955210008," T.MTD":15277012.4106036779," A.MTD":13279146.2716540005," Gap MTD":-1997866.1389496834,"CR":44,"CA":28}
{"szEmployeeId":17210037632,