{"szEmployeeId":17210032876,"szname":"Asman","Channel Group":"MTI"," LY":28607238.2021470033," 3LM":40082884.3993866667," LM":43700059.7216810063," Max":76308230.6594269872," T.MTD":32640473.7932620645," A.MTD":12136954.4382800013," Gap MTD":-20503519.3549820669," Ach":0.3718375694," vs LY":-0.5757383375," vs 3LM":-0.6972035666," vs LM":-0.7222668684}
{"szEmployeeId":17210032876,"szname":"Asman","Channel Group":"RETAIL"," LY":52152479.62882898," 3LM":60794002.642523326," LM":66065100.8013050109," Max":97872143.6076830178," T.MTD":49962077.7097921744," A.MTD":23295384.1157889962," Gap MTD":-26666693.5940031782," Ach":0.4662613163," vs LY":-0.5533216391," vs 3LM":-0.6168144372," vs LM":-0.6473874431}
{"szEmployeeId":17210032876,"szname":"Asman","Channel Group":"WHOLESALER"," LY":472826917.8457499743," 3LM":533563168.2646300793," LM":538769662.1503288746," Max":861677560.0384292603," T.MTD":438259448.4969456792," A.MTD":110917609.2392669916," Gap MTD":-327341839.257678628," Ach":0.2530866354," vs LY":-0.7654160433," vs 3LM":-0.792119067," vs LM":-0.7941279604}
{"szEmployeeId":17210036369,"szname":"Muhammad Tamrin","Channel Group":"MTI"," LY":5581441.2134959986," 3LM":13689150.8979050033," LM":11569001.4205189999," Max":24320318.9897760041," T.MTD":13578002.9324641377," A.MTD":616216.1899999999," Gap MTD":-12961786.7424641363," Ach":0.0453834185," vs LY":-0.8895955065," vs 3LM":-0.9549850685," vs LM":-0.9467355766}
{"szEmployeeId":17210036369,"szname":"Muhammad Tamrin","Channel Group":"RETAIL"," LY":59251231.8817439973," 3LM":104238579.0105206221," LM":108601581.1255180389," Max":176924333.2202210426," T.MTD":109238633.6979247481," A.MTD":40268380.5714260042," Gap MTD":-68970253.1264987588," Ach":0.3686276476," vs LY":-0.320379015," vs 3LM":-0.6136902387," vs LM":-0.6292099972}
{"szEmployeeId":17210036369,"szname":"Muhammad Tamrin","Channel Group":"WHOLESALER"," LY":262329979.6739919782," 3LM":394550703.5809459686," LM":416950553.7854651213," Max":661117706.2945817709," T.MTD":420411363.3696110845," A.MTD":45479559.8214379996," Gap MTD":-374931803.5481731296," Ach":0.1081787121," vs LY":-0.8266322443," vs 3LM":-0.8847307598," vs LM":-0.8909233735}
{"szEmployeeId":17210037632,"szname":"Robianor","Channel Group":"MTI"," LY":1628232.9407929999," 3LM":1336728.6566666667," LM":1162738.3300000005," Max":1915342.6400000004," T.MTD":1612544.4969756363," A.MTD":624874.58," Gap MTD":-987669.9169756364," Ach":0.3875084261," vs LY":-0.6162253174," vs 3LM":-0.5325344625," vs LM":-0.462583658}
{"szEmployeeId":17210037632,"szname":"Robianor","Channel Group":"RETAIL"," LY":54785141.7304430157," 3LM":92937801.3363479823," LM":97869396.3877089918," Max":162642407.9283659756," T.MTD":89403536.1895045638," A.MTD":33259908.2085580043," Gap MTD":-56143627.9809465557," Ach":0.3720200523," vs LY":-0.3929027624," vs 3LM":-0.6421272321," vs LM":-0.6601602806}
{"szEmployeeId":17210037632,"szname":"Robianor","Channel Group":"WHOLESALER"," LY":272899527.2779770494," 3LM":420158164.716463685," LM":419829212.6304269433," Max":617015360.9522960186," T.MTD":422178919.3135200143," A.MTD":129507673.6914589703," Gap MTD":-292671245.6220610738," Ach":0.306760162," vs LY":-0.525438263," vs 3LM":-0.6917644721," vs LM":-0.6915229579}
{"szEmployeeId":17210037713,"szname":"Rahmani","Channel Group":"MTI"," LY":5823242.981013," 3LM":7844686.084682663," LM":8293981.6773719992," Max":10895890.6953409966," T.MTD":8333466.9162536571," A.MTD":2318738.6563880001," Gap MTD":-6014728.2598656574," Ach":0.2782441785," vs LY":-0.6018131711," vs 3LM":-0.7044191914," vs LM":-0.7204311817}
{"szEmployeeId":17210037713,"szname":"Rahmani","Channel Group":"RETAIL"," LY":74731589.3065839708," 3LM":110139527.1131236553," LM":109397041.5722130239," Max":178937638.6832519472," T.MTD":122557768.7087263614," A.MTD":37771927.266406998," Gap MTD":-84785841.4423193783," Ach":0.3081969235," vs LY":-0.4945654493," vs 3LM":-0.6570538456," vs LM":-0.6547262456}
{"szEmployeeId":17210037713,"szname":"Rahmani","Channel Group":"WHOLESALER"," LY":344526350.095918119," 3LM":336841316.5305137038," LM":367536456.3346239924," Max":523886368.0154518485," T.MTD":386186764.3750201464," A.MTD":87135710.5383380055," Gap MTD":-299051053.8366820812," Ach":0.2256310122," vs LY":-0.7470854972," vs 3LM":-0.7413152536," vs LM":-0.7629195443}
{"szEmployeeId":17210037897,"szname":"Hindra","Channel Group":"MTI"," LY":10904864.4951919951," 3LM":6530744.5011319993," LM":7930624.929523997," Max":12031441.0004390012," T.MTD":6240446.5484000444," A.MTD":2328288.2054870003," Gap MTD":-3912158.3429130442," Ach":0.3730964102," vs LY":-0.7864908632," vs 3LM":-0.6434880885," vs LM":-0.7064180659}
{"szEmployeeId":17210037897,"szname":"Hindra","Channel Group":"RETAIL"," LY":46534157.2463649809," 3LM":111343167.9902253151," LM":123068371.9248490483," Max":184889929.0086510479," T.MTD":122103784.5721559823," A.MTD":48179753.9060060009," Gap MTD":-73924030.666149959," Ach":0.3945803488," vs LY":0.0353631989," vs 3LM":-0.5672859433," vs LM":-0.6085122997}
{"szEmployeeId":17210037897,"szname":"Hindra","Channel Group":"WHOLESALER"," LY":216026934.969769001," 3LM":233878169.2137989998," LM":224482318.3666059375," Max":398674664.1806919575," T.MTD":264204768.8794440329," A.MTD":93564862.2464669943," Gap MTD":-170639906.6329769194," Ach":0.3541376738," vs LY":-0.5668833506," vs 3LM":-0.5999418733," vs LM":-0.5831971849}
{"szEmployeeId":17210038077,"szname":"Sopian Sauri","Channel Group":"MTI"," LY":5046365.4516129987," 3LM":8635348.8267783336," LM":6981369.9660320012," Max":17872601.96844," T.MTD":9300100.095322568," A.MTD":6160377.2733310005," Gap MTD":-3139722.8219915689," Ach":0.6623990291," vs LY":0.2207552807," vs 3LM":-0.2866093314," vs LM":-0.1175976487}
{"szEmployeeId":17210038077,"szname":"Sopian Sauri","Channel Group":"RETAIL"," LY":47293044.5664059892," 3LM":48671845.6314846724," LM":45911569.5835059956," Max":85367310.4183480144," T.MTD":53490568.4814396575," A.MTD":17973414.1195829995," Gap MTD":-35517154.3618566543," Ach":0.3360109012," vs LY":-0.6199565013," vs 3LM":-0.6307225689," vs LM":-0.6085210268}
{"szEmployeeId":17210038077,"szname":"Sopian Sauri","Channel Group":"WHOLESALER"," LY":303250402.1006580591," 3LM":338466712.6764416099," LM":333699162.2872999907," Max":523638330.9701330662," T.MTD":386275816.0387170315," A.MTD":63119128.7525139898," Gap MTD":-323156687.2862030268," Ach":0.1634042985," vs LY":-0.7918580542," vs 3LM":-0.8135145159," vs LM":-0.8108502032}
{"szEmployeeId":17210041467,"szname":"Doli Purnama Sari","Channel Group":"MTI"," LY":51773478.3808959946," 3LM":28496197.2366100103," LM":45922953.8249380141," Max":51057061.6994400322," T.MTD":30584522.4617818706," A.MTD":3089432.0800000001," Gap MTD":-27495090.3817818686," Ach":0.1010129252," vs LY":-0.9403279019," vs 3LM":-0.8915844085," vs LM":-0.9327257543}
{"szEmployeeId":17210041467,"szname":"Doli Purnama Sari","Channel Group":"RETAIL"," LY":96807650.7383468747," 3LM":104068463.9067087173," LM":141336358.8887028694," Max":204552296.8689899147," T.MTD":115016208.7530740947," A.MTD":38478424.623488985," Gap MTD":-76537784.1295850724," Ach":0.3345478437," vs LY":-0.6025270283," vs 3LM":-0.6302585512," vs LM":-0.7277528236}
{"szEmployeeId":17210041467,"szname":"Doli Purnama Sari","Channel Group":"WHOLESALER"," LY":1114594.5462090001," 3LM":1703453.3723953334," LM":686486.412702," Max":6782207.0150159998," T.MTD":1946268.7851440457," A.MTD":1185135.1000000001," Gap MTD":-761133.6851440456," Ach":0.6089267367," vs LY":0.0632880845," vs 3LM":-0.3042749985," vs LM":0.7263780871}
{"szEmployeeId":17210041719,"szname":"Muhammad Iqbal Purwa Atmaja","Channel Group":"MTI"," LY":1227163.7893669999," 3LM":3304966.4739626665," LM":2289980.0308099999," Max":6849259.1308100009," T.MTD":2492260.297995402," A.MTD":22145233.1494560018," Gap MTD":19652972.8514605984," Ach":8.8856020245," vs LY":17.0458658749," vs 3LM":5.7005923733," vs LM":8.6704918172}
{"szEmployeeId":17210041719,