{"szEmployeeId":17210032876,"szname":"Asman","Channel Group":"MTI"," LY":39395638.1568870023," 3LM":34132956.0573959947," LM":33805041.7205199972," Max":55656666.0447459966," T.MTD":35882606.7619086504," A.MTD":4195199.1399999997," Gap MTD":-31687407.6219086424," Ach":0.1169145589," vs LY":-0.8935110754," vs 3LM":-0.8770924167," vs LM":-0.8759001934}
{"szEmployeeId":17210032876,"szname":"Asman","Channel Group":"Wholesaler"," LY":606691234.4010620117," 3LM":570896814.4236087799," LM":693531798.3740187883," Max":877165136.2830889225," T.MTD":604117393.2380919456," A.MTD":33372693.8304619975," Gap MTD":-570744699.4076299667," Ach":0.0552420675," vs LY":-0.9449922927," vs 3LM":-0.9415433875," vs LM":-0.9518800812}
{"szEmployeeId":17210036369,"szname":"Muhammad Tamrin","Channel Group":"MTI"," LY":10070432.8389110006," 3LM":7817759.8605376668," LM":8232489.3205350004," Max":18345833.4839479961," T.MTD":7859958.1537912181," A.MTD":860400.0099999999," Gap MTD":-6999558.1437912183," Ach":0.1094662329," vs LY":-0.9145617647," vs 3LM":-0.889942896," vs LM":-0.8954872607}
{"szEmployeeId":17210036369,"szname":"Muhammad Tamrin","Channel Group":"Wholesaler"," LY":402180359.2639681101," 3LM":403416978.1786003709," LM":567243453.9133499861," Max":718148170.2953885794," T.MTD":535748562.965898335," A.MTD":45194968.5672639981," Gap MTD":-490553594.3986343145," Ach":0.0843585437," vs LY":-0.8876251226," vs 3LM":-0.8879695922," vs LM":-0.9203252708}
{"szEmployeeId":17210036369,"szname":"Muhammad Tamrin","Channel Group":"FS"," LY":0.0," 3LM":253926.1233333334," LM":139864.86," Max":1357067.5650450001," T.MTD":126272.4056000528," A.MTD":0.0," Gap MTD":-126272.4056000528," Ach":0.0," vs LY":0.0," vs 3LM":-1.0," vs LM":-1.0}
{"szEmployeeId":17210036369,"szname":"Muhammad Tamrin","Channel Group":null," LY":0.0," 3LM":8477537.2385876663," LM":0.0," Max":18796494.9865939952," T.MTD":4265206.4747101823," A.MTD":0.0," Gap MTD":-4265206.4747101823," Ach":0.0," vs LY":0.0," vs 3LM":-1.0," vs LM":0.0}
{"szEmployeeId":17210037632,"szname":"Robianor","Channel Group":"MTI"," LY":1599093.1499999999," 3LM":804269.4133333333," LM":819767.63," Max":1070518.97," T.MTD":932589.0439484161," A.MTD":192702.72," Gap MTD":-739886.3239484162," Ach":0.2066319793," vs LY":-0.8794924986," vs 3LM":-0.7604002878," vs LM":-0.7649300693}
{"szEmployeeId":17210037632,"szname":"Robianor","Channel Group":"Retail"," LY":101108410.4077649564," 3LM":80502067.3707563281," LM":91423875.0567010194," Max":127985818.7021439523," T.MTD":90023078.6756365448," A.MTD":12715477.9110270012," Gap MTD":-77307600.7646095455," Ach":0.141246868," vs LY":-0.8742391671," vs 3LM":-0.8420478091," vs LM":-0.8609173161}
{"szEmployeeId":17210037632,"szname":"Robianor","Channel Group":"Wholesaler"," LY":585318352.4869270325," 3LM":547774041.4827296734," LM":658964175.1100929976," Max":858148151.4277380705," T.MTD":598275781.0259395838," A.MTD":31605621.6528120004," Gap MTD":-566670159.3731273413," Ach":0.0528278474," vs LY":-0.9460026812," vs 3LM":-0.942301717," vs LM":-0.9520374205}
{"szEmployeeId":17210037632,"szname":"Robianor","Channel Group":"FS"," LY":0.0," 3LM":1108353.75," LM":727272.97," Max":1756055.8500000001," T.MTD":842075.9048308582," A.MTD":0.0," Gap MTD":-842075.9048308582," Ach":0.0," vs LY":0.0," vs 3LM":-1.0," vs LM":-1.0}
{"szEmployeeId":17210037632,"szname":"Robianor","Channel Group":null," LY":0.0," 3LM":5468037.8354303334," LM":7110738.7247630004," Max":8586637.3874500003," T.MTD":4926475.3496449487," A.MTD":0.0," Gap MTD":-4926475.3496449487," Ach":0.0," vs LY":0.0," vs 3LM":-1.0," vs LM":-1.0}
{"szEmployeeId":17210037897,"szname":"Hindra","Channel Group":"MTI"," LY":16284801.2357129976," 3LM":17958955.8988713399," LM":31044697.3025339991," Max":33023230.6517330036," T.MTD":18583643.7089618221," A.MTD":0.0," Gap MTD":-18583643.7089618221," Ach":0.0," vs LY":-1.0," vs 3LM":-1.0," vs LM":-1.0}
{"szEmployeeId":17210037897,"szname":"Hindra","Channel Group":"Retail"," LY":90070257.1928999871," 3LM":67583980.6933810115," LM":82023403.2401340455," Max":113914524.8267230392," T.MTD":70518094.901321277," A.MTD":3553767.710975999," Gap MTD":-66964327.1903452873," Ach":0.050395118," vs LY":-0.9605444925," vs 3LM":-0.947417011," vs LM":-0.9566737349}
{"szEmployeeId":17210037897,"szname":"Hindra","Channel Group":"Wholesaler"," LY":488349640.0426350236," 3LM":571747820.0171773434," LM":700004655.4494132996," Max":904702471.2801462412," T.MTD":601105035.3269333839," A.MTD":32770611.076801002," Gap MTD":-568334424.2501325607," Ach":0.0545172793," vs LY":-0.9328951874," vs 3LM":-0.9426834525," vs LM":-0.9531851527}
{"szEmployeeId":17210037897,"szname":"Hindra","Channel Group":null," LY":0.0," 3LM":7137220.5485086665," LM":9300993.7346480004," Max":10657598.3041929994," T.MTD":7793226.0627835626," A.MTD":593579.302251," Gap MTD":-7199646.7605325626," Ach":0.0761660572," vs LY":0.0," vs 3LM":-0.9168332689," vs LM":-0.9361810878}
{"szEmployeeId":17210041467,"szname":"Doli Purnama Sari","Channel Group":"MTI"," LY":21067413.3808609992," 3LM":24608924.1904339977," LM":27319349.7488129959," Max":43197915.5670999885," T.MTD":28127651.8698370345," A.MTD":0.0," Gap MTD":-28127651.8698370345," Ach":0.0," vs LY":-1.0," vs 3LM":-1.0," vs LM":-1.0}
{"szEmployeeId":17210041467,"szname":"Doli Purnama Sari","Channel Group":"Retail"," LY":79549723.4998100251," 3LM":126685842.3066342771," LM":149947991.782804966," Max":191297586.3777059913," T.MTD":144405527.4300343096," A.MTD":6518542.5639910009," Gap MTD":-137886984.8660432994," Ach":0.0451405336," vs LY":-0.9180570054," vs 3LM":-0.9485456114," vs LM":-0.9565279769}
{"szEmployeeId":17210041467,"szname":"Doli Purnama Sari","Channel Group":null," LY":0.0," 3LM":1252189.1978926666," LM":327297.328547," Max":3429270.265131," T.MTD":1466820.7001287369," A.MTD":0.0," Gap MTD":-1466820.7001287369," Ach":0.0," vs LY":0.0," vs 3LM":-1.0," vs LM":-1.0}
{"szEmployeeId":17210042412,"szname":"Muhammad Rizky Algifari","Channel Group":"MTI"," LY":5249681.3021439984," 3LM":1612351.9563636663," LM":3718902.6990910005," Max":3718902.699091," T.MTD":1849932.6671342775," A.MTD":0.0," Gap MTD":-1849932.6671342775," Ach":0.0," vs LY":-1.0," vs 3LM":-1.0," vs LM":-1.0}
{"szEmployeeId":17210042412,"szname":"Muhammad Rizky Algifari","Channel Group":"Retail"," LY":101828726.3181080371," 3LM":81575017.3769599944," LM":105541326.2623269856," Max":136712696.3118350804," T.MTD":95496422.5368493497," A.MTD":7928658.0741050001," Gap MTD":-87567764.462744385," Ach":0.0830257078," vs LY":-0.9221373147," vs 3LM":-0.9028053155," vs LM":-0.9248762702}
{"szEmployeeId":17210042412,"szname":"Muhammad Rizky Algifari","Channel Group":"Wholesaler"," LY":329884044.626856029," 3LM":298947198.8976300955," LM":336816273.2034460902," Max":435541278.171102047," T.MTD":335655144.968336463," A.MTD":21967319.982532002," Gap MTD":-313687824.9858044386," Ach":0.0654460994," vs LY":-0.9334089649," vs 3LM":-0.926517726," vs LM":-0.9347795171}
{"szEmployeeId":17210042412,"szname":"Muhammad Rizky Algifari","Channel Group":"FS"," LY":0.0," 3LM":1276713.2069366667," LM":2125569.3600000003," Max":2445550.4408100001," T.MTD":2383014.0564667434," A.MTD":69932.43," Gap MTD":-2313081.6264667436," Ach":0.0293462096," vs LY":0.0," vs 3LM":-0.9452246365," vs LM":-0.9670994364}
{"szEmployeeId":17210042412,"szname":"Muhammad Rizky Algifari","Channel Group":null," LY":0.0," 3LM":5110297.5943486663," LM":4486248.6627850011," Max":11122615.3211610001," T.MTD":6615485.77121301," A.MTD":141945.95," Gap MTD":-6473539.8212130107," Ach":0.0214566178," vs LY":0.0," vs 3LM":-0.9722235452," vs LM":-0.9683597677}
{"szEmployeeId":17210042423,"szname":"Siti Fatimah Hadijah","Channel Group":"MTI"," LY":5506747.559905," 3LM":6849379.9440783337," LM":9562608.1763009988," Max":18454112.6563790031," T.MTD":7221691.4334078683," A.MTD":117425.22," Gap MTD":-7104266.2134078685," Ach":0.0162600716," vs LY":-0.9786761208," vs 3LM":-0.9828560803,