{"szEmployeeId":17210032876,"szname":"Asman","Channel Group":"MTI"," LY":39106913.5547939986," 3LM":36119787.243042998," LM":38431989.4380870014," Max":63075717.2735720053," T.MTD":37542262.4466931894," A.MTD":32597699.3761060014," Gap MTD":-4944563.0705871806," Ach":0.8682934179," vs LY":-0.1664466353," vs 3LM":-0.0975113127," vs LM":-0.151808172}
{"szEmployeeId":17210032876,"szname":"Asman","Channel Group":"Wholesaler"," LY":628664289.5748058558," 3LM":573947178.1059947014," LM":663411158.5221298933," Max":867587860.1558200121," T.MTD":599157737.553306818," A.MTD":508637137.9137118459," Gap MTD":-90520599.6395947039," Ach":0.8489202526," vs LY":-0.1909240809," vs 3LM":-0.1137910294," vs LM":-0.2333002974}
{"szEmployeeId":17210036369,"szname":"Muhammad Tamrin","Channel Group":"MTI"," LY":7732869.7825000007," 3LM":8129104.9005973339," LM":7435160.4140520003," Max":24433837.9399179965," T.MTD":9188163.3720141593," A.MTD":6786478.5172929997," Gap MTD":-2401684.8547211583," Ach":0.7386109979," vs LY":-0.1223855169," vs 3LM":-0.1651628808," vs LM":-0.0872451784}
{"szEmployeeId":17210036369,"szname":"Muhammad Tamrin","Channel Group":"Wholesaler"," LY":408870048.9055979252," 3LM":336496140.6378003955," LM":349902622.8541091681," Max":614202457.9243078232," T.MTD":531066712.611710012," A.MTD":421471533.8805609345," Gap MTD":-109595178.7311489135," Ach":0.7936319936," vs LY":0.0308202692," vs 3LM":0.2525300679," vs LM":0.20453951}
{"szEmployeeId":17210036369,"szname":"Muhammad Tamrin","Channel Group":"FS"," LY":0.0," 3LM":261696.3966666667," LM":559458.5600000001," Max":1357067.5650450001," T.MTD":134156.9895038807," A.MTD":139864.86," Gap MTD":5707.8704961193," Ach":1.0425462029," vs LY":0.0," vs 3LM":-0.465545335," vs LM":-0.7499996068}
{"szEmployeeId":17210036369,"szname":"Muhammad Tamrin","Channel Group":null," LY":0.0," 3LM":8477537.2385876663," LM":10997332.4345939998," Max":18796494.9865939952," T.MTD":4410967.0267720493," A.MTD":0.0," Gap MTD":-4410967.0267720493," Ach":0.0," vs LY":0.0," vs 3LM":-1.0," vs LM":-1.0}
{"szEmployeeId":17210037632,"szname":"Robianor","Channel Group":"MTI"," LY":755967.33," 3LM":895788.0327926665," LM":653851.36," Max":1259422.5983779998," T.MTD":1064800.6437982945," A.MTD":552527.05," Gap MTD":-512273.5937982944," Ach":0.5189018745," vs LY":-0.269112529," vs 3LM":-0.383194428," vs LM":-0.1549653579}
{"szEmployeeId":17210037632,"szname":"Robianor","Channel Group":"Retail"," LY":92432298.2187919915," 3LM":80032354.429581359," LM":77245120.3543159813," Max":126334117.8612870127," T.MTD":93280378.769022882," A.MTD":75770779.9300969839," Gap MTD":-17509598.8389258236," Ach":0.8122906546," vs LY":-0.1802564537," vs 3LM":-0.0532481461," vs LM":-0.0190865186}
{"szEmployeeId":17210037632,"szname":"Robianor","Channel Group":"Wholesaler"," LY":498628610.9390899539," 3LM":523105476.8076730371," LM":591327117.9056618214," Max":791429039.2426971197," T.MTD":590038268.2440171242," A.MTD":471002258.0352399945," Gap MTD":-119036010.2087769806," Ach":0.7982571358," vs LY":-0.0554046685," vs 3LM":-0.0996036575," vs LM":-0.2034827361}
{"szEmployeeId":17210037632,"szname":"Robianor","Channel Group":"FS"," LY":0.0," 3LM":865929.4266666666," LM":882543.24," Max":1756055.8500000001," T.MTD":822451.9346338565," A.MTD":0.0," Gap MTD":-822451.9346338565," Ach":0.0," vs LY":0.0," vs 3LM":-1.0," vs LM":-1.0}
{"szEmployeeId":17210037632,"szname":"Robianor","Channel Group":null," LY":0.0," 3LM":5469595.4916176666," LM":2688431.5286480002," Max":8058924.2074030004," T.MTD":5794100.408527853," A.MTD":7110738.7247630004," Gap MTD":1316638.3162351474," Ach":1.2272377459," vs LY":0.0," vs 3LM":0.3000483739," vs LM":1.6449394932}
{"szEmployeeId":17210037897,"szname":"Hindra","Channel Group":"MTI"," LY":19999098.2859690003," 3LM":14341740.2633229978," LM":9187935.156281," Max":22585637.8516489938," T.MTD":15513870.5988567844," A.MTD":29561273.8784870021," Gap MTD":14047403.2796302196," Ach":1.9054737946," vs LY":0.4781303365," vs 3LM":1.0612054978," vs LM":2.2174012306}
{"szEmployeeId":17210037897,"szname":"Hindra","Channel Group":"Retail"," LY":77094695.80430004," 3LM":67840553.8104903102," LM":60951851.5533570349," Max":114284294.4727860093," T.MTD":74340842.9775812477," A.MTD":69784681.1085600108," Gap MTD":-4556161.869021249," Ach":0.9387125342," vs LY":-0.0948186463," vs 3LM":0.0286573029," vs LM":0.1449148685}
{"szEmployeeId":17210037897,"szname":"Hindra","Channel Group":"Wholesaler"," LY":559987894.8810399771," 3LM":554869293.8171825409," LM":669218487.0075330734," Max":833027815.370888114," T.MTD":599280691.5995817184," A.MTD":456780999.3542789221," Gap MTD":-142499692.245302707," Ach":0.7622154455," vs LY":-0.1843020117," vs 3LM":-0.1767772979," vs LM":-0.3174411523}
{"szEmployeeId":17210037897,"szname":"Hindra","Channel Group":null," LY":0.0," 3LM":4977110.9435006659," LM":5915387.5635060007," Max":7790346.0709719993," T.MTD":5564594.8239803817," A.MTD":9187750.4732070006," Gap MTD":3623155.649226618," Ach":1.6511086187," vs LY":0.0," vs 3LM":0.8460007377," vs LM":0.5531950146}
{"szEmployeeId":17210041467,"szname":"Doli Purnama Sari","Channel Group":"MTI"," LY":18615404.4344820008," 3LM":24348397.4772806689," LM":28675182.1606120095," Max":41639558.7664679885," T.MTD":27284225.7324008383," A.MTD":20978084.8164750002," Gap MTD":-6306140.9159258334," Ach":0.7688722789," vs LY":0.1269207118," vs 3LM":-0.1384203073," vs LM":-0.2684236599}
{"szEmployeeId":17210041467,"szname":"Doli Purnama Sari","Channel Group":"Retail"," LY":70740094.2005720139," 3LM":129386208.9294185936," LM":127744849.1417050213," Max":193817404.5051651001," T.MTD":143996157.2073519826," A.MTD":111397833.7862769216," Gap MTD":-32598323.4210750274," Ach":0.7736167127," vs LY":0.5747481686," vs 3LM":-0.1390285355," vs LM":-0.1279661408}
{"szEmployeeId":17210041467,"szname":"Doli Purnama Sari","Channel Group":null," LY":0.0," 3LM":1143090.0883769998," LM":3429270.265131," Max":3429270.265131," T.MTD":1319617.0602470958," A.MTD":327297.328547," Gap MTD":-992319.7317000958," Ach":0.248024475," vs LY":0.0," vs 3LM":-0.7136731987," vs LM":-0.9045577329}
{"szEmployeeId":17210042412,"szname":"Muhammad Rizky Algifari","Channel Group":"MTI"," LY":3010351.7354910001," 3LM":1925390.3847133331," LM":301621.63," Max":4711216.20414," T.MTD":2416159.3341298411," A.MTD":3510073.8690910004," Gap MTD":1093914.5349611589," Ach":1.4527493363," vs LY":0.1660012442," vs 3LM":0.8230452884," vs LM":10.6373413574}
{"szEmployeeId":17210042412,"szname":"Muhammad Rizky Algifari","Channel Group":"Retail"," LY":97332741.2617969662," 3LM":72444849.7679630071," LM":67736587.0799949914," Max":118443065.114451021," T.MTD":93239790.435525164," A.MTD":88639724.0588109642," Gap MTD":-4600066.3767141402," Ach":0.9506641279," vs LY":-0.0893123639," vs 3LM":0.2235476275," vs LM":0.3085944817}
{"szEmployeeId":17210042412,"szname":"Muhammad Rizky Algifari","Channel Group":"Wholesaler"," LY":380867912.3247701526," 3LM":269942317.0863669515," LM":342616891.7136969566," Max":421462191.4019371867," T.MTD":334389933.3915294409," A.MTD":187091316.2367630601," Gap MTD":-147298617.1547664404," Ach":0.5595004441," vs LY":-0.5087763758," vs 3LM":-0.3069211295," vs LM":-0.4539343484}
{"szEmployeeId":17210042412,"szname":"Muhammad Rizky Algifari","Channel Group":"FS"," LY":0.0," 3LM":1493840.5336033334," LM":485405.4," Max":2776951.3399999999," T.MTD":2792713.5948534049," A.MTD":2125569.3600000003," Gap MTD":-667144.2348534048," Ach":0.761112548," vs LY":0.0," vs 3LM":0.4228890649," vs LM":3.3789569708}
{"szEmployeeId":17210042412,"szname":"Muhammad Rizky Algifari","Channel Group":null," LY":0.0," 3LM":3614881.373420334," LM":10844644.1202610005," Max":10999583.7602610011," T.MTD":5561403.2439622432," A.MTD":3952194.6019750014," Gap MTD":-1609208.641987242," Ach":0.7106470127," vs LY":0.0," vs 3LM":0.0933123922," vs LM":-0.6355625359}
{"szEmployeeId":17210042423,"szname":"Siti Fatimah Hadijah","Channel Group":"MTI",