{"szEmployeeId":17210032876,"szname":"Asman","Channel Group":"MTI"," LY":36899908.9950089976," 3LM":39187071.0200353265," LM":39765535.2774610147," Max":76523261.047931999," T.MTD":35292372.2609531432," A.MTD":25549341.5035809986," Gap MTD":-9743030.7573721409," Ach":0.7239338097," vs LY":-0.3076042137," vs 3LM":-0.3480160461," vs LM":-0.357500375}
{"szEmployeeId":17210032876,"szname":"Asman","Channel Group":"Retail"," LY":0.0," 3LM":2163243.2213043324," LM":3578918.8776199981," Max":3578918.8776199981," T.MTD":1985967.0517802769," A.MTD":0.0," Gap MTD":-1985967.0517802769," Ach":0.0," vs LY":"0x7"," vs 3LM":-1.0," vs LM":-1}
{"szEmployeeId":17210032876,"szname":"Asman","Channel Group":"Wholesaler"," LY":586424964.4511777163," 3LM":631175203.8921852112," LM":686231808.3366229534," Max":1023553779.4828531742," T.MTD":568121660.6872663498," A.MTD":314433729.5279211402," Gap MTD":-253687931.1593455076," Ach":0.553461963," vs LY":-0.4638125104," vs 3LM":-0.5018281333," vs LM":-0.5417966266}
{"szEmployeeId":17210036369,"szname":"Muhammad Tamrin","Channel Group":"MTI"," LY":6670057.16603," 3LM":8050467.6715880008," LM":8335378.5007140003," Max":18904013.8446520045," T.MTD":9875377.9955497757," A.MTD":7685956.8470259998," Gap MTD":-2189421.1485237759," Ach":0.7782949524," vs LY":0.1523074924," vs 3LM":-0.0452782173," vs LM":-0.0779114774}
{"szEmployeeId":17210036369,"szname":"Muhammad Tamrin","Channel Group":"Retail"," LY":0.0," 3LM":1832672.6611370002," LM":1852792.776209," Max":4333153.0708910003," T.MTD":2291924.8148853169," A.MTD":0.0," Gap MTD":-2291924.8148853169," Ach":0.0," vs LY":"0x7"," vs 3LM":-1.0," vs LM":-1}
{"szEmployeeId":17210036369,"szname":"Muhammad Tamrin","Channel Group":"Wholesaler"," LY":292659644.2863691449," 3LM":408821530.188229382," LM":360537337.6859102249," Max":764215217.8025087118," T.MTD":513400707.8068329096," A.MTD":218152104.4354149997," Gap MTD":-295248603.3714178801," Ach":0.4249158622," vs LY":-0.2545876799," vs 3LM":-0.4663879265," vs LM":-0.3949250698}
{"szEmployeeId":17210036369,"szname":"Muhammad Tamrin","Channel Group":"FS"," LY":0.0," 3LM":566159.4633333333," LM":163175.68," Max":1145008.1100000001," T.MTD":431989.3827320291," A.MTD":62454.95," Gap MTD":-369534.4327320291," Ach":0.1445751967," vs LY":"0x7"," vs 3LM":-0.8896866448," vs LM":-0.6172533186}
{"szEmployeeId":17210037632,"szname":"Robianor","Channel Group":"MTI"," LY":1192624.78," 3LM":1011354.4018016666," LM":1094323.488378," Max":1825953.4599999997," T.MTD":1213468.5862879425," A.MTD":685851.3999999999," Gap MTD":-527617.1862879426," Ach":0.5651991389," vs LY":-0.4249227322," vs 3LM":-0.3218486034," vs LM":-0.3732644805}
{"szEmployeeId":17210037632,"szname":"Robianor","Channel Group":"Retail"," LY":61080032.9120309949," 3LM":87314940.2403180152," LM":90014736.2331759781," Max":197962481.9720881581," T.MTD":97302065.7352973819," A.MTD":64305589.1437020078," Gap MTD":-32996476.5915954039," Ach":0.6608861658," vs LY":0.0528086852," vs 3LM":-0.2635213519," vs LM":-0.2856104252}
{"szEmployeeId":17210037632,"szname":"Robianor","Channel Group":"Wholesaler"," LY":488855975.2166098356," 3LM":549703534.6129604578," LM":584958481.0849229097," Max":929575179.3812482357," T.MTD":573346061.8313372135," A.MTD":301833313.2786849141," Gap MTD":-271512748.5526520014," Ach":0.5264417659," vs LY":-0.38257211," vs 3LM":-0.4509161861," vs LM":-0.4840089972}
{"szEmployeeId":17210037632,"szname":"Robianor","Channel Group":"FS"," LY":0.0," 3LM":1201366.063333333," LM":0.0," Max":2645171.1699999999," T.MTD":1238403.8470775897," A.MTD":1715245.04," Gap MTD":476841.1929224103," Ach":1.3850449868," vs LY":"0x7"," vs 3LM":0.427745541," vs LM":"0x7"}
{"szEmployeeId":17210037897,"szname":"Hindra","Channel Group":"MTI"," LY":13796530.9525949992," 3LM":19043122.214869," LM":20193050.3958889917," Max":38566090.908326," T.MTD":20316379.7911779135," A.MTD":12191982.9753680024," Gap MTD":-8124396.815809912," Ach":0.600106077," vs LY":-0.1163008283," vs 3LM":-0.3597697459," vs LM":-0.396228765}
{"szEmployeeId":17210037897,"szname":"Hindra","Channel Group":"Retail"," LY":55356493.337560989," 3LM":70498310.4392386526," LM":85613787.5110859573," Max":185493880.0106929839," T.MTD":75742895.2751395106," A.MTD":52393802.2345870137," Gap MTD":-23349093.0405525155," Ach":0.691732235," vs LY":-0.0535202092," vs 3LM":-0.2568076893," vs LM":-0.3880214419}
{"szEmployeeId":17210037897,"szname":"Hindra","Channel Group":"Wholesaler"," LY":594029107.9422969818," 3LM":562943268.3548140526," LM":649369076.8494281769," Max":1044961856.3436578512," T.MTD":578140724.9336825609," A.MTD":298051736.3265738487," Gap MTD":-280088988.6071084142," Ach":0.5155349268," vs LY":-0.4982539873," vs 3LM":-0.4705474724," vs LM":-0.5410133513}
{"szEmployeeId":17210041467,"szname":"Doli Purnama Sari","Channel Group":"MTI"," LY":26609187.8993450068," 3LM":23391375.8613030016," LM":26422679.5193529911," Max":57243118.0438439921," T.MTD":25567014.8283379711," A.MTD":16587339.7518770006," Gap MTD":-8979675.0764609687," Ach":0.6487788998," vs LY":-0.3766311165," vs 3LM":-0.2908779778," vs LM":-0.3722309753}
{"szEmployeeId":17210041467,"szname":"Doli Purnama Sari","Channel Group":"Retail"," LY":95528774.5598290265," 3LM":130755766.6374123693," LM":157532091.6797178984," Max":238904102.3174289465," T.MTD":143532985.1716619134," A.MTD":90447844.524020046," Gap MTD":-53085140.6476419866," Ach":0.6301537198," vs LY":-0.0531874303," vs 3LM":-0.3082687911," vs LM":-0.4258449592}
{"szEmployeeId":17210042412,"szname":"Muhammad Rizky Algifari","Channel Group":"MTI"," LY":2613267.3227010001," 3LM":5168536.0054560006," LM":4658017.9841400012," Max":10895890.6953409985," T.MTD":6185800.2687237225," A.MTD":694774.78," Gap MTD":-5491025.4887237223," Ach":0.1123176873," vs LY":-0.7341355881," vs 3LM":-0.8655760975," vs LM":-0.8508432594}
{"szEmployeeId":17210042412,"szname":"Muhammad Rizky Algifari","Channel Group":"Retail"," LY":54039068.2137760073," 3LM":94137356.6079166681," LM":78150823.4353360087," Max":216629546.1530410051," T.MTD":111857988.3604509234," A.MTD":65316824.9265039861," Gap MTD":-46541163.4339469448," Ach":0.5839263327," vs LY":0.2086963578," vs 3LM":-0.3061540362," vs LM":-0.1642208993}
{"szEmployeeId":17210042412,"szname":"Muhammad Rizky Algifari","Channel Group":"Wholesaler"," LY":303278845.601195991," 3LM":268787701.5097696781," LM":249801627.7696570158," Max":572582683.1916021109," T.MTD":313318299.0191618204," A.MTD":201184242.4815490544," Gap MTD":-112134056.5376128256," Ach":0.6421081792," vs LY":-0.3366360846," vs 3LM":-0.2515124712," vs LM":-0.1946239731}
{"szEmployeeId":17210042412,"szname":"Muhammad Rizky Algifari","Channel Group":"FS"," LY":0.0," 3LM":2643380.1833333336," LM":2776951.3399999999," Max":6250214.4108999986," T.MTD":2337912.3516634959," A.MTD":1078624.323603," Gap MTD":-1259288.0280604959," Ach":0.4613621733," vs LY":"0x7"," vs 3LM":-0.5919526331," vs LM":-0.6115796816}
{"szEmployeeId":17210042423,"szname":"Siti Fatimah Hadijah","Channel Group":"MTI"," LY":5340895.2104470003," 3LM":4424098.8493633335," LM":6710822.6524219997," Max":9947081.7072819993," T.MTD":5422490.0810869038," A.MTD":6770588.345671," Gap MTD":1348098.2645840968," Ach":1.2486123984," vs LY":0.267687921," vs 3LM":0.5303881256," vs LM":0.0089058669}
{"szEmployeeId":17210042423,"szname":"Siti Fatimah Hadijah","Channel Group":"Retail"," LY":50353795.9557820037," 3LM":70056196.4472176582," LM":85356076.5955079943," Max":177062526.2492409348," T.MTD":84677509.9189131111," A.MTD":56903949.6822450012," Gap MTD":-27773560.2366680838," Ach":0.6720078299," vs LY":0.1300826204," vs 3LM":-0.1877385218," vs LM":-0.3333345211}
