{"szEmployeeId":17210032876,"szname":"Asman","Channel Group":"MTI"," LY":21169006.9265009984," 3LM":42310684.816147998," LM":47266336.974120006," Max":88561193.1919359863," T.MTD":40934722.5314864218," A.MTD":22221404.580072999," Gap MTD":-18713317.9514134303," Ach":0.5428497668," vs LY":0.0497140776," vs 3LM":-0.474803949," vs LM":-0.5298682741}
{"szEmployeeId":17210032876,"szname":"Asman","Channel Group":"Retail"," LY":76811157.4896030128," 3LM":96941305.5763410181," LM":101640019.3369370103," Max":160112694.7564559281," T.MTD":105473277.3260157406," A.MTD":46224107.5828930065," Gap MTD":-59249169.7431227714," Ach":0.4382542077," vs LY":-0.398211027," vs 3LM":-0.5231742825," vs LM":-0.545217446}
{"szEmployeeId":17210032876,"szname":"Asman","Channel Group":"Wholesaler"," LY":788882644.0373419523," 3LM":837612370.3809401989," LM":749459325.3251788616," Max":1396160070.8720417023," T.MTD":957018000.1424978971," A.MTD":337799949.8952550292," Gap MTD":-619218050.2472428083," Ach":0.3529713651," vs LY":-0.5717994908," vs 3LM":-0.596710887," vs LM":-0.5492751394}
{"szEmployeeId":17210036369,"szname":"Muhammad Tamrin","Channel Group":"MTI"," LY":12658314.9492359962," 3LM":19021478.0294913314," LM":12689549.1270759981," Max":36351759.9902150035," T.MTD":18928587.5794137307," A.MTD":5537026.7768209986," Gap MTD":-13391560.8025927339," Ach":0.2925219197," vs LY":-0.5625778945," vs 3LM":-0.7089065966," vs LM":-0.5636545695}
{"szEmployeeId":17210036369,"szname":"Muhammad Tamrin","Channel Group":"Retail"," LY":79954838.9530020207," 3LM":124962900.3111244291," LM":120178051.4413520694," Max":214122703.0848500431," T.MTD":134196862.5680801868," A.MTD":63472056.0954749659," Gap MTD":-70724806.4726050943," Ach":0.4729771984," vs LY":-0.2061511607," vs 3LM":-0.4920727997," vs LM":-0.4718498483}
{"szEmployeeId":17210036369,"szname":"Muhammad Tamrin","Channel Group":"Wholesaler"," LY":598965872.683431983," 3LM":517196527.5025513768," LM":403397571.6281709075," Max":909368520.461329937," T.MTD":585100549.8525060415," A.MTD":181936773.7495300174," Gap MTD":-403163776.1029760242," Ach":0.310949586," vs LY":-0.6962485142," vs 3LM":-0.6482250671," vs LM":-0.5489889217}
{"szEmployeeId":17210037632,"szname":"Robianor","Channel Group":"MTI"," LY":899858.2500000001," 3LM":1199299.8566666665," LM":1186806.75," Max":1915342.6400000001," T.MTD":1270189.502914102," A.MTD":288064.72," Gap MTD":-982124.7829141021," Ach":0.2267887739," vs LY":-0.6798776696," vs 3LM":-0.7598059248," vs LM":-0.7572774843}
{"szEmployeeId":17210037632,"szname":"Robianor","Channel Group":"Retail"," LY":79473398.4938799739," 3LM":129707692.1635050476," LM":122043145.1791870296," Max":238166290.7430850267," T.MTD":136634394.0787500739," A.MTD":56458318.2399990037," Gap MTD":-80176075.8387509733," Ach":0.4132072208," vs LY":-0.2895947662," vs 3LM":-0.5647265224," vs LM":-0.5373905011}
{"szEmployeeId":17210037632,"szname":"Robianor","Channel Group":"Wholesaler"," LY":490055394.1643771529," 3LM":525167979.1844925284," LM":496794036.5263890028," Max":820406468.4815602303," T.MTD":577272057.6865719557," A.MTD":157970730.5415149629," Gap MTD":-419301327.1450567842," Ach":0.2736504018," vs LY":-0.6776471958," vs 3LM":-0.6991996146," vs LM":-0.6820196723}
{"szEmployeeId":17210037632,"szname":"Robianor","Channel Group":"FS"," LY":0.0," 3LM":373272.67," LM":1119818.01," Max":0.0," T.MTD":348358.7317645268," A.MTD":0.0," Gap MTD":-348358.7317645268," Ach":0.0," vs LY":0.0," vs 3LM":-1.0," vs LM":-1.0}
{"szEmployeeId":17210037897,"szname":"Hindra","Channel Group":"MTI"," LY":7395224.9923719987," 3LM":7463921.3944736663," LM":4107387.2315170001," Max":10895890.6953409966," T.MTD":7958121.143160658," A.MTD":4365360.1728699999," Gap MTD":-3592760.9702906576," Ach":0.5485415583," vs LY":-0.4097055631," vs 3LM":-0.415138512," vs LM":0.0628070661}
{"szEmployeeId":17210037897,"szname":"Hindra","Channel Group":"Retail"," LY":78565132.5062869638," 3LM":148258812.6078156233," LM":140818250.0088180006," Max":252082404.5198529661," T.MTD":160695544.6958367825," A.MTD":57660129.5282090008," Gap MTD":-103035415.1676277518," Ach":0.3588159811," vs LY":-0.2660849961," vs 3LM":-0.6110846397," vs LM":-0.590535108}
{"szEmployeeId":17210037897,"szname":"Hindra","Channel Group":"Wholesaler"," LY":254276764.8537220657," 3LM":275454833.9924893975," LM":313040827.5213649869," Max":435767892.7778610587," T.MTD":307662334.161002636," A.MTD":62358996.5905020013," Gap MTD":-245303337.5705005229," Ach":0.2026864834," vs LY":-0.7547593598," vs 3LM":-0.7736144409," vs LM":-0.800795963}
{"szEmployeeId":17210037897,"szname":"Hindra","Channel Group":null," LY":0.0," 3LM":0.0," LM":0.0," Max":0.0," T.MTD":0.0," A.MTD":1188108.1000000001," Gap MTD":1188108.1000000001," Ach":null," vs LY":0.0," vs 3LM":0.0," vs LM":0.0}
{"szEmployeeId":17210041467,"szname":"Doli Purnama Sari","Channel Group":"MTI"," LY":20755651.357928995," 3LM":29890563.3735846728," LM":39858908.5274609923," Max":52517061.5682560205," T.MTD":31383057.0891272351," A.MTD":7734251.6764810001," Gap MTD":-23648805.4126462415," Ach":0.2464467262," vs LY":-0.6273664679," vs 3LM":-0.7412477115," vs LM":-0.8059592708}
{"szEmployeeId":17210041467,"szname":"Doli Purnama Sari","Channel Group":"Retail"," LY":74617839.2979770154," 3LM":120443896.6219210476," LM":139721972.8149389625," Max":207284657.8560560346," T.MTD":127856766.9522855282," A.MTD":63965499.2164420038," Gap MTD":-63891267.7358433828," Ach":0.5002902916," vs LY":-0.1427586242," vs 3LM":-0.4689187164," vs LM":-0.542194417}
{"szEmployeeId":17210041467,"szname":"Doli Purnama Sari","Channel Group":"Wholesaler"," LY":374252.23," 3LM":823363.3166666667," LM":1080450.3999999999," Max":4185405.3326920001," T.MTD":902175.9585874171," A.MTD":0.0," Gap MTD":-902175.9585874171," Ach":0.0," vs LY":-1.0," vs 3LM":-1.0," vs LM":-1.0}
{"szEmployeeId":17210041719,"szname":"Muhammad Iqbal Purwa Atmaja","Channel Group":"MTI"," LY":4148539.3897130005," 3LM":4871699.4093350004," LM":6176315.8119729999," Max":9287457.2679249998," T.MTD":5241325.1916284403," A.MTD":1569926.8310809997," Gap MTD":-3671398.3605474406," Ach":0.2995286065," vs LY":-0.6215711884," vs 3LM":-0.6777455464," vs LM":-0.7458150006}
{"szEmployeeId":17210041719,"szname":"Muhammad Iqbal Purwa Atmaja","Channel Group":"Retail"," LY":56131270.331341967," 3LM":86453907.0363640487," LM":107969826.4296259582," Max":144011173.0101059079," T.MTD":94331890.8888130635," A.MTD":41957733.381840013," Gap MTD":-52374157.5069730729," Ach":0.4447884272," vs LY":-0.2525069692," vs 3LM":-0.5146808881," vs LM":-0.611393898}
{"szEmployeeId":17210041719,"szname":"Muhammad Iqbal Purwa Atmaja","Channel Group":"Wholesaler"," LY":925968.336214," 3LM":2313251.2799043334," LM":3061342.2485499997," Max":3831685.4831439997," T.MTD":2468783.9195584627," A.MTD":1014126.993242," Gap MTD":-1454656.9263164625," Ach":0.4107799736," vs LY":0.0952069888," vs 3LM":-0.5616010236," vs LM":-0.6687312587}
