{"szEmployeeId":17210032876,"szname":"Asman","Channel Group":"WHOLESALER","Project":"SMALL"," LY":54808564.1830870062," 3LM":78280345.8151943237," LM":98112213.1256940216," T.MTD":65611491.9159144163," A.MTD":60782177.8504219949," Gap MTD":-4829314.0654924177}
{"szEmployeeId":17210032876,"szname":"Asman","Channel Group":"WHOLESALER","Project":"BIG"," LY":73817868.0867169946," 3LM":87889879.5102043152," LM":46529459.1832880005," T.MTD":72144070.7081883848," A.MTD":-191351.35," Gap MTD":-72335422.0581883788}
{"szEmployeeId":17210032876,"szname":"Asman","Channel Group":"WHOLESALER","Project":"MEDIUM"," LY":344200485.5759459138," 3LM":368224264.2312974334," LM":393615106.9732410908," T.MTD":300616558.7390593886," A.MTD":227557786.454738915," Gap MTD":-73058772.2843204588}
{"szEmployeeId":17210032876,"szname":"Asman","Channel Group":"RETAIL","Project":"SMALL"," LY":1214294.4334089998," 3LM":3559593.9233250003," LM":4176666.0011610002," T.MTD":3024529.3956273459," A.MTD":4089954.0524220001," Gap MTD":1065424.6567946544}
{"szEmployeeId":17210032876,"szname":"Asman","Channel Group":"RETAIL","Project":"BIG"," LY":42810634.0287959948," 3LM":47088716.4325166717," LM":49539148.4029560015," T.MTD":38577281.8043579608," A.MTD":40348058.4057490006," Gap MTD":1770776.601391037}
{"szEmployeeId":17210032876,"szname":"Asman","Channel Group":"RETAIL","Project":"MEDIUM"," LY":8127551.1666240003," 3LM":10145692.2866816651," LM":12176313.4808869995," T.MTD":8290048.4098564405," A.MTD":8209295.8412469989," Gap MTD":-80752.5686094417}
{"szEmployeeId":17210032876,"szname":"Asman","Channel Group":"MTI","Project":"SMALL"," LY":23759941.1714939997," 3LM":36928938.6270763278," LM":39502747.3047500029," T.MTD":30044024.2969389632," A.MTD":26023890.7678209953," Gap MTD":-4020133.5291179647}
{"szEmployeeId":17210032876,"szname":"Asman","Channel Group":"MTI","Project":"MEDIUM"," LY":4847297.0306529999," 3LM":3153945.7723103324," LM":4076231.3469309993," T.MTD":2553994.7300569382," A.MTD":2152972.8554929998," Gap MTD":-401021.8745639385}
{"szEmployeeId":17210036369,"szname":"Muhammad Tamrin","Channel Group":"WHOLESALER","Project":"SMALL"," LY":41587049.8382890075," 3LM":115723087.495050326," LM":114889870.7194749713," T.MTD":118459984.4143528789," A.MTD":70882949.1881749928," Gap MTD":-47577035.2261778563}
{"szEmployeeId":17210036369,"szname":"Muhammad Tamrin","Channel Group":"WHOLESALER","Project":"BIG"," LY":171319782.0745120049," 3LM":179142588.7861843407," LM":225456794.5658300519," T.MTD":197074639.9380184412," A.MTD":14479189.0360209979," Gap MTD":-182595450.901997447}
{"szEmployeeId":17210036369,"szname":"Muhammad Tamrin","Channel Group":"WHOLESALER","Project":"MEDIUM"," LY":223502520.5950840414," 3LM":274202458.5185409784," LM":285356120.9261830449," T.MTD":280628160.6822211146," A.MTD":197307036.3812640011," Gap MTD":-83321124.3009571433}
{"szEmployeeId":17210036369,"szname":"Muhammad Tamrin","Channel Group":"RETAIL","Project":"SMALL"," LY":11250343.1610889994," 3LM":49112500.2657736912," LM":51480690.9443650097," T.MTD":50033089.3873551637," A.MTD":31519968.2648659945," Gap MTD":-18513121.1224891953}
{"szEmployeeId":17210036369,"szname":"Muhammad Tamrin","Channel Group":"RETAIL","Project":"BIG"," LY":44674190.426737994," 3LM":48802692.4229463339," LM":54040208.229636021," T.MTD":50504666.6897048727," A.MTD":35116217.6372249946," Gap MTD":-15388449.0524798818}
{"szEmployeeId":17210036369,"szname":"Muhammad Tamrin","Channel Group":"RETAIL","Project":"MEDIUM"," LY":19599582.3944259956," 3LM":26790729.5368180051," LM":27317505.9988579974," T.MTD":28243321.0050049052," A.MTD":25267272.8534570038," Gap MTD":-2976048.1515479139}
{"szEmployeeId":17210036369,"szname":"Muhammad Tamrin","Channel Group":"MTI","Project":"SMALL"," LY":11028242.8616769947," 3LM":16537637.2660366688," LM":15333932.8149149939," T.MTD":15796589.0675501898," A.MTD":6347026.8031309992," Gap MTD":-9449562.2644191906}
{"szEmployeeId":17210036369,"szname":"Muhammad Tamrin","Channel Group":"MTI","Project":"MEDIUM"," LY":5458062.847010999," 3LM":3682258.1330003329," LM":4165693.5351279997," T.MTD":3847048.8157923762," A.MTD":2907207.130806," Gap MTD":-939841.6849863762}
{"szEmployeeId":17210037632,"szname":"Robianor","Channel Group":"WHOLESALER","Project":"SMALL"," LY":66964895.0740030035," 3LM":128983921.8287753761," LM":126265793.9363389909," T.MTD":115550835.8100306988," A.MTD":83238355.8155280054," Gap MTD":-32312479.9945027083}
{"szEmployeeId":17210037632,"szname":"Robianor","Channel Group":"WHOLESALER","Project":"BIG"," LY":33541260.9837170057," 3LM":41553543.0859490037," LM":44699098.5732769966," T.MTD":40358336.1278793514," A.MTD":25946576.2273470052," Gap MTD":-14411759.9005323462}
{"szEmployeeId":17210037632,"szname":"Robianor","Channel Group":"WHOLESALER","Project":"MEDIUM"," LY":300306638.9287769198," 3LM":374305923.062212348," LM":374804474.6799609661," T.MTD":352111782.0898308754," A.MTD":172737037.6579599679," Gap MTD":-179374744.4318709075}
{"szEmployeeId":17210037632,"szname":"Robianor","Channel Group":"RETAIL","Project":"SMALL"," LY":15244406.1717050001," 3LM":63747751.5118083432," LM":65949587.5830940157," T.MTD":56732659.6141601503," A.MTD":42073364.3999039903," Gap MTD":-14659295.2142561469}
{"szEmployeeId":17210037632,"szname":"Robianor","Channel Group":"RETAIL","Project":"BIG"," LY":36392781.9723910019," 3LM":47385202.3227143213," LM":50226906.6824929863," T.MTD":42719839.1047423631," A.MTD":32380530.7340670079," Gap MTD":-10339308.3706753589}
{"szEmployeeId":17210037632,"szname":"Robianor","Channel Group":"RETAIL","Project":"MEDIUM"," LY":29077033.8064849935," 3LM":29488886.6729876697," LM":28930722.5715559982," T.MTD":26509385.0159322917," A.MTD":21191604.6368860044," Gap MTD":-5317780.379046279}
{"szEmployeeId":17210037632,"szname":"Robianor","Channel Group":"MTI","Project":"SMALL"," LY":1628232.9407929999," 3LM":1336728.656666667," LM":1162738.3300000003," T.MTD":1239662.2374241473," A.MTD":1186806.75," Gap MTD":-52855.4874241473}
{"szEmployeeId":17210037897,"szname":"Hindra","Channel Group":"WHOLESALER","Project":"SMALL"," LY":35034722.3903269917," 3LM":58454096.0290676579," LM":62181173.7716270015," T.MTD":76987185.0444596857," A.MTD":43305076.9888659939," Gap MTD":-33682108.0555936843}
{"szEmployeeId":17210037897,"szname":"Hindra","Channel Group":"WHOLESALER","Project":"BIG"," LY":70440186.0384660065," 3LM":27422898.3331633247," LM":0.0," T.MTD":39543270.0497442633," A.MTD":30148288.0600499958," Gap MTD":-9394981.9896942675}
{"szEmployeeId":17210037897,"szname":"Hindra","Channel Group":"WHOLESALER","Project":"MEDIUM"," LY":153085736.0944810212," 3LM":185639836.9027789831," LM":195145213.9444300234," T.MTD":258311941.6989652812," A.MTD":122331715.7885579914," Gap MTD":-135980225.910407275}
{"szEmployeeId":17210037897,"szname":"Hindra","Channel Group":"RETAIL","Project":"SMALL"," LY":14156029.3516070023," 3LM":78522032.7376626581," LM":88357846.4493500441," T.MTD":102982090.2764118612," A.MTD":54925020.6983280182," Gap MTD":-48057069.578083843}
{"szEmployeeId":17210037897,"szname":"Hindra","Channel Group":"RETAIL","Project":"BIG"," LY":50828707.0935060084," 3LM":55530497.0033069924," LM":54872940.2440410033," T.MTD":73927751.0982164741," A.MTD":39634068.414512001," Gap MTD":-34293682.6837044731}
{"szEmployeeId":17210037897,"szname":"Hindra","Channel Group":"RETAIL","Project":"MEDIUM"," LY":14079045.7871889994," 3LM":19278782.9761996642," LM":17759982.3068960011," T.MTD":24797678.7955734506," A.MTD":15876722.5909630023," Gap MTD":-8920956.2046104558}
{"szEmployeeId":17210037897,"szname":"Hindra","Channel Group":"MTI","Project":"SMALL"," LY":5823242.981013," 3LM":7844686.0846826648," LM":8293981.6773719992," T.MTD":9690083.0366290808," A.MTD":3071711.5993590001," Gap MTD":-6618371.4372700816}
{"szEmployeeId":17210038077,"szname":"Sopian Sauri","Channel Group":"WHOLESALER","Project":"SMALL"," LY":37565484.6664199978," 3LM":44884545.708579652," LM":36137824.3408270031,