{"szEmployeeId":17210032876,"szname":"Asman","Channel Group":"MTI"," LY":28607238.2021470033," 3LM":40123244.7560533285," LM":43700059.7216809988," Max":76308230.6594270021," T.MTD":32656135.2088904977," A.MTD":11616531.0582800005," Gap MTD":-21039604.1506104954," Ach":0.3557227756," vs LY":-0.5939303551," vs 3LM":-0.7104787729," vs LM":-0.7341758539}
{"szEmployeeId":17210032876,"szname":"Asman","Channel Group":"RETAIL"," LY":52152479.62882898," 3LM":60851660.2812903225," LM":66065100.8013050109," Max":97872143.6076830178," T.MTD":49983796.4760152549," A.MTD":21497456.4207420051," Gap MTD":-28486340.0552732497," Ach":0.4300885074," vs LY":-0.5877960823," vs 3LM":-0.6467235845," vs LM":-0.6746019281}
{"szEmployeeId":17210032876,"szname":"Asman","Channel Group":"WHOLESALER"," LY":472826917.8457499743," 3LM":533782267.3539987803," LM":538769662.1503288746," Max":861677560.038429141," T.MTD":438222068.3150940537," A.MTD":82307159.4416779876," Gap MTD":-355914908.8734161854," Ach":0.1878206631," vs LY":-0.825925394," vs 3LM":-0.8458038708," vs LM":-0.8472312656}
{"szEmployeeId":17210036369,"szname":"Muhammad Tamrin","Channel Group":"MTI"," LY":5581441.2134959986," 3LM":13689150.8979050033," LM":11569001.4205189999," Max":24320318.9897760041," T.MTD":13578002.9324641339," A.MTD":616216.1899999999," Gap MTD":-12961786.7424641326," Ach":0.0453834185," vs LY":-0.8895955065," vs 3LM":-0.9549850685," vs LM":-0.9467355766}
{"szEmployeeId":17210036369,"szname":"Muhammad Tamrin","Channel Group":"RETAIL"," LY":59251231.8817439973," 3LM":104238579.0105206221," LM":108601581.1255180389," Max":176924333.2202210426," T.MTD":109238633.6979247183," A.MTD":35947483.7414359972," Gap MTD":-73291149.9564887136," Ach":0.3290729893," vs LY":-0.3933040276," vs 3LM":-0.6551422316," vs LM":-0.6689966816}
{"szEmployeeId":17210036369,"szname":"Muhammad Tamrin","Channel Group":"WHOLESALER"," LY":262329979.6739919782," 3LM":394550703.5809460282," LM":416950553.7854651213," Max":661117706.2945817709," T.MTD":420411363.3696110845," A.MTD":35800956.4872279987," Gap MTD":-384610406.8823830485," Ach":0.0851569667," vs LY":-0.8635270108," vs 3LM":-0.9092614557," vs LM":-0.9141362059}
{"szEmployeeId":17210037632,"szname":"Robianor","Channel Group":"MTI"," LY":1628232.9407929999," 3LM":1336728.6566666663," LM":1162738.3300000001," Max":1915342.6400000001," T.MTD":1612544.4969756359," A.MTD":624874.58," Gap MTD":-987669.9169756359," Ach":0.3875084261," vs LY":-0.6162253174," vs 3LM":-0.5325344625," vs LM":-0.462583658}
{"szEmployeeId":17210037632,"szname":"Robianor","Channel Group":"RETAIL"," LY":54785141.7304430157," 3LM":92937801.3363479823," LM":97869396.3877089918," Max":162642407.9283659756," T.MTD":89403536.1895045638," A.MTD":32577676.7154980078," Gap MTD":-56825859.4740065485," Ach":0.3643891294," vs LY":-0.4053556186," vs 3LM":-0.6494679641," vs LM":-0.6671311164}
{"szEmployeeId":17210037632,"szname":"Robianor","Channel Group":"WHOLESALER"," LY":272899527.2779770494," 3LM":420158164.716463685," LM":419829212.6304269433," Max":617015360.9522960186," T.MTD":422178919.3135200143," A.MTD":81187593.3926189989," Gap MTD":-340991325.9209010601," Ach":0.1923061282," vs LY":-0.7025000585," vs 3LM":-0.8067689737," vs LM":-0.8066175698}
{"szEmployeeId":17210037713,"szname":"Rahmani","Channel Group":"MTI"," LY":5823242.981013," 3LM":7844686.0846826648," LM":8293981.6773719992," Max":10895890.6953409966," T.MTD":8333466.9162536589," A.MTD":2318738.6563880001," Gap MTD":-6014728.2598656593," Ach":0.2782441785," vs LY":-0.6018131711," vs 3LM":-0.7044191914," vs LM":-0.7204311817}
{"szEmployeeId":17210037713,"szname":"Rahmani","Channel Group":"RETAIL"," LY":74731589.3065839708," 3LM":110139527.1131236702," LM":109397041.5722130239," Max":178937638.6832519472," T.MTD":122557768.7087263763," A.MTD":32836210.9048830047," Gap MTD":-89721557.803843379," Ach":0.2679243532," vs LY":-0.5606113665," vs 3LM":-0.7018671519," vs LM":-0.699843703}
{"szEmployeeId":17210037713,"szname":"Rahmani","Channel Group":"WHOLESALER"," LY":344526350.095918119," 3LM":336841316.5305136442," LM":367536456.3346239924," Max":523886368.0154518485," T.MTD":386186764.3750200868," A.MTD":63625938.8922419995," Gap MTD":-322560825.4827781916," Ach":0.1647543229," vs LY":-0.8153234466," vs 3LM":-0.8111100516," vs LM":-0.8268853666}
{"szEmployeeId":17210037897,"szname":"Hindra","Channel Group":"MTI"," LY":10904864.4951919951," 3LM":6530744.5011319984," LM":7930624.929523997," Max":12031441.0004390012," T.MTD":6240446.5484000444," A.MTD":2328288.2054870003," Gap MTD":-3912158.3429130442," Ach":0.3730964102," vs LY":-0.7864908632," vs 3LM":-0.6434880885," vs LM":-0.7064180659}
{"szEmployeeId":17210037897,"szname":"Hindra","Channel Group":"RETAIL"," LY":46534157.2463649809," 3LM":111343167.9902252853," LM":123068371.9248490483," Max":184889929.0086510479," T.MTD":122103784.5721559972," A.MTD":44903680.5416860133," Gap MTD":-77200104.0304699838," Ach":0.3677501127," vs LY":-0.0350382773," vs 3LM":-0.5967091529," vs LM":-0.6351322453}
{"szEmployeeId":17210037897,"szname":"Hindra","Channel Group":"WHOLESALER"," LY":216026934.969769001," 3LM":233878169.21379897," LM":224482318.3666059375," Max":398674664.1806919575," T.MTD":264204768.8794440031," A.MTD":85120484.1642390043," Gap MTD":-179084284.7152050138," Ach":0.3221761837," vs LY":-0.6059728192," vs 3LM":-0.6360477575," vs LM":-0.6208143038}
{"szEmployeeId":17210038077,"szname":"Sopian Sauri","Channel Group":"MTI"," LY":5046365.4516129987," 3LM":8594988.4701116662," LM":6981369.9660320012," Max":17872601.96844," T.MTD":9270089.5671439786," A.MTD":6125782.6833310006," Gap MTD":-3144306.8838129793," Ach":0.6608115962," vs LY":0.2138999329," vs 3LM":-0.2872843629," vs LM":-0.1225529211}
{"szEmployeeId":17210038077,"szname":"Sopian Sauri","Channel Group":"RETAIL"," LY":47293044.5664059892," 3LM":48614187.9927176684," LM":45911569.5835059956," Max":85367310.4183480144," T.MTD":53495840.438263692," A.MTD":15652868.5153599996," Gap MTD":-37842971.9229037017," Ach":0.2925997309," vs LY":-0.6690238774," vs 3LM":-0.6780185135," vs LM":-0.6590648358}
{"szEmployeeId":17210038077,"szname":"Sopian Sauri","Channel Group":"WHOLESALER"," LY":303250402.1006580591," 3LM":338247613.5870729089," LM":333699162.2872999907," Max":523638330.9701330662," T.MTD":386294018.7259760499," A.MTD":53779280.3150529787," Gap MTD":-332514738.4109231234," Ach":0.1392185167," vs LY":-0.8226571838," vs 3LM":-0.8410061796," vs LM":-0.8388390311}
{"szEmployeeId":17210041467,"szname":"Doli Purnama Sari","Channel Group":"MTI"," LY":51773478.3808959946," 3LM":28519260.2899433374," LM":45922953.8249380141," Max":51057061.6994400322," T.MTD":30276544.967554301," A.MTD":3141323.9699999997," Gap MTD":-27135220.9975543022," Ach":0.103754374," vs LY":-0.9393256148," vs 3LM":-0.8898525439," vs LM":-0.9315957771}
{"szEmployeeId":17210041467,"szname":"Doli Purnama Sari","Channel Group":"RETAIL"," LY":96807650.7383468747," 3LM":105383058.0379249901," LM":141336358.8887028694," Max":204552296.8689899147," T.MTD":115268524.8874157816," A.MTD":35918290.0813300014," Gap MTD":-79350234.8060858548," Ach":0.311605359," vs LY":-0.628972609," vs 3LM":-0.6591644734," vs LM":-0.7458665954}
{"szEmployeeId":17210041467,"szname":"Doli Purnama Sari","Channel Group":"WHOLESALER"," LY":1114594.5462090001," 3LM":1772642.5599626668," LM":686486.412702," Max":6782207.0150159998," T.MTD":2001930.1450298158," A.MTD":1185135.1000000001," Gap MTD":-816795.0450298159," Ach":0.5919962307," vs LY":0.0632880845," vs 3LM":-0.3314303026," vs LM":0.7263780871}
{"szEmployeeId":17210041719,"szname":"Muhammad Iqbal Purwa Atmaja","Channel Group":"MTI"," LY":1227163.7893669999," 3LM":3281903.4206293332," LM":2289980.0308099999," Max":6849259.13081," T.MTD":2563848.7880619625," A.MTD":22093341.2594560012," Gap MTD":19529492.471394036," Ach":8.6172559639," vs LY":17.0035798407," vs 3LM":5.7318681959," vs LM":8.6478314056}
{"szEmployeeId":17210041719,