{"szEmployeeId":17210032876,"szname":"Asman","Channel Group":"MTI"," LY":17775222.5837199986," 3LM":37491637.1107836589," LM":41638760.7152059823," Max":77577580.3750360012," T.MTD":39128972.1084266752," A.MTD":9553414.5074719992," Gap MTD":-29575557.6009546779," Ach":0.2441519415," vs LY":-0.4625431855," vs 3LM":-0.7451854535," vs LM":-0.770564389}
{"szEmployeeId":17210032876,"szname":"Asman","Channel Group":"Retail"," LY":44236926.798010014," 3LM":84855619.9186596423," LM":85584277.9731350094," Max":129269385.4036040306," T.MTD":88354284.2041139156," A.MTD":30089477.9950559959," Gap MTD":-58264806.2090579346," Ach":0.3405548273," vs LY":-0.3198108419," vs 3LM":-0.645403828," vs LM":-0.6484228329}
{"szEmployeeId":17210032876,"szname":"Asman","Channel Group":"Wholesaler"," LY":434398075.0834299922," 3LM":534075825.2977175713," LM":491222618.5454179645," Max":922574121.2757374048," T.MTD":549766743.6874598265," A.MTD":110417985.4643840343," Gap MTD":-439348758.2230756879," Ach":0.2008451525," vs LY":-0.7458138242," vs 3LM":-0.7932541032," vs LM":-0.775218035}
{"szEmployeeId":17210036369,"szname":"Muhammad Tamrin","Channel Group":"MTI"," LY":3393784.3427809998," 3LM":6355806.9984040009," LM":5627576.2589140013," Max":16933325.5057350025," T.MTD":5815012.2708962476," A.MTD":3757947.7835109993," Gap MTD":-2057064.487385246," Ach":0.6462493299," vs LY":0.1073030588," vs 3LM":-0.4087379015," vs LM":-0.3322262355}
{"szEmployeeId":17210036369,"szname":"Muhammad Tamrin","Channel Group":"Retail"," LY":47862803.7486310005," 3LM":60822311.4461973533," LM":65872572.0107280016," Max":115874181.6981979907," T.MTD":74260328.4783101678," A.MTD":24411033.7305699959," Gap MTD":-49849294.7477401644," Ach":0.3287224044," vs LY":-0.4899790272," vs 3LM":-0.5986500159," vs LM":-0.6294203644}
{"szEmployeeId":17210036369,"szname":"Muhammad Tamrin","Channel Group":"Wholesaler"," LY":352224404.1217529774," 3LM":296418623.4081286192," LM":250685406.1651930511," Max":591390931.276309967," T.MTD":400594659.2507935166," A.MTD":85503965.8730279803," Gap MTD":-315090693.3777654171," Ach":0.2134426006," vs LY":-0.7572457647," vs 3LM":-0.7115432057," vs LM":-0.6589192519}
{"szEmployeeId":17210037632,"szname":"Robianor","Channel Group":"MTI"," LY":899858.2500000001," 3LM":1074006.6133333337," LM":1186806.75," Max":1915342.6400000001," T.MTD":1089476.0378296834," A.MTD":282217.1," Gap MTD":-807258.9378296833," Ach":0.2590392906," vs LY":-0.6863760487," vs 3LM":-0.7372296441," vs LM":-0.7622046723}
{"szEmployeeId":17210037632,"szname":"Robianor","Channel Group":"Retail"," LY":78539819.5742040128," 3LM":135456645.4329266548," LM":120891325.5708090365," Max":257263986.1759751439," T.MTD":148538941.4190567434," A.MTD":49859282.9343200102," Gap MTD":-98679658.4847367257," Ach":0.3356647251," vs LY":-0.3651719191," vs 3LM":-0.6319170405," vs LM":-0.5875693918}
{"szEmployeeId":17210037632,"szname":"Robianor","Channel Group":"Wholesaler"," LY":487853016.8497940898," 3LM":511776904.0971426368," LM":491593316.0215368271," Max":837605964.9289460182," T.MTD":582516504.2847385406," A.MTD":132783588.3682910055," Gap MTD":-449732915.9164475799," Ach":0.2279481996," vs LY":-0.7278205038," vs 3LM":-0.7405440001," vs LM":-0.7298913878}
{"szEmployeeId":17210037632,"szname":"Robianor","Channel Group":"FS"," LY":0.0," 3LM":644272.6699999999," LM":1119818.01," Max":1932818.01," T.MTD":495078.2583747623," A.MTD":0.0," Gap MTD":-495078.2583747623," Ach":0.0," vs LY":0.0," vs 3LM":-1.0," vs LM":-1.0}
{"szEmployeeId":17210037897,"szname":"Hindra","Channel Group":"MTI"," LY":7395224.9923719987," 3LM":6051612.4112149999," LM":4107387.2315170001," Max":10895890.6953410003," T.MTD":6830652.6725607514," A.MTD":2286317.1377450004," Gap MTD":-4544335.534815751," Ach":0.3347143015," vs LY":-0.6908387317," vs 3LM":-0.6221970307," vs LM":-0.4433645992}
{"szEmployeeId":17210037897,"szname":"Hindra","Channel Group":"Retail"," LY":76006031.0910759866," 3LM":143576758.1411723495," LM":136080875.2267550528," Max":265322843.7487059832," T.MTD":159296298.9524737597," A.MTD":55817576.9711099938," Gap MTD":-103478721.9813638628," Ach":0.3504009656," vs LY":-0.2656164758," vs 3LM":-0.6112352884," vs LM":-0.5898205616}
{"szEmployeeId":17210037897,"szname":"Hindra","Channel Group":"Wholesaler"," LY":270565878.8302170634," 3LM":282787558.850861609," LM":309249816.0085448623," Max":489829922.7456369996," T.MTD":319665117.6674122214," A.MTD":56772460.4867569953," Gap MTD":-262892657.1806551814," Ach":0.1775997985," vs LY":-0.7901713966," vs 3LM":-0.7992398933," vs LM":-0.8164187736}
{"szEmployeeId":17210037897,"szname":"Hindra","Channel Group":"FS"," LY":0.0," 3LM":492069.6636333333," LM":0.0," Max":1476208.9909000001," T.MTD":537930.7075533093," A.MTD":702702.7," Gap MTD":164771.9924466907," Ach":1.3063070952," vs LY":0.0," vs 3LM":0.428055318," vs LM":0.0}
{"szEmployeeId":17210041467,"szname":"Doli Purnama Sari","Channel Group":"MTI"," LY":24904190.7476419955," 3LM":31647711.1371576637," LM":46035224.3394340053," Max":63410998.7456369996," T.MTD":28663172.2758262008," A.MTD":11893491.085665999," Gap MTD":-16769681.1901602," Ach":0.414939804," vs LY":-0.5224301321," vs 3LM":-0.6241911134," vs LM":-0.7416436814}
{"szEmployeeId":17210041467,"szname":"Doli Purnama Sari","Channel Group":"Retail"," LY":118196837.1742520034," 3LM":204869812.7566969991," LM":198618166.6688990593," Max":369202120.5221319199," T.MTD":195972187.2904618382," A.MTD":49256712.3077120036," Gap MTD":-146715474.9827497602," Ach":0.251345423," vs LY":-0.5832653945," vs 3LM":-0.7595706676," vs LM":-0.7520029858}
{"szEmployeeId":17210041467,"szname":"Doli Purnama Sari","Channel Group":"Wholesaler"," LY":3560385.3983729999," 3LM":408273.2333333334," LM":161261.24," Max":3299098.9896339998," T.MTD":364640.4337119833," A.MTD":284165.78," Gap MTD":-80474.6537119832," Ach":0.7793040862," vs LY":-0.9201867921," vs 3LM":-0.3039813615," vs LM":0.762145572}
{"szEmployeeId":17210041960,"szname":"Bahrudin Rahman","Channel Group":"MTI"," LY":12658314.9492359962," 3LM":18147988.1206676662," LM":12689549.127076," Max":36669817.7172409967," T.MTD":18893330.033245448," A.MTD":3495495.4824200002," Gap MTD":-15397834.5508254487," Ach":0.1850121432," vs LY":-0.723857757," vs 3LM":-0.8073893668," vs LM":-0.7245374562}
{"szEmployeeId":17210041960,"szname":"Bahrudin Rahman","Channel Group":"Retail"," LY":82966189.6560089737," 3LM":134843304.4553656578," LM":124951119.8709830046," Max":272972243.4749939442," T.MTD":146040104.2426394522," A.MTD":58879991.1766720042," Gap MTD":-87160113.0659674853," Ach":0.4031768635," vs LY":-0.2903134226," vs 3LM":-0.5633450885," vs LM":-0.5287758026}
{"szEmployeeId":17210041960,"szname":"Bahrudin Rahman","Channel Group":"Wholesaler"," LY":584879136.0215201378," 3LM":525867278.229362309," LM":412389303.645843029," Max":941924612.0171718597," T.MTD":595816565.7241154909," A.MTD":131154088.0332410038," Gap MTD":-464662477.6908742785," Ach":0.2201249438," vs LY":-0.7757586483," vs 3LM":-0.7505946967," vs LM":-0.6819653496}
