{"szEmployeeId":17210032876,"szname":"Asman","Channel Group":"MTI"," LY":36899908.9950089976," 3LM":39187071.0200353265," LM":39765535.2774610147," Max":76523261.047931999," T.MTD":35292372.2609531432," A.MTD":24949954.1235809997," Gap MTD":-10342418.1373721417," Ach":0.7069503274," vs LY":-0.3238478142," vs 3LM":-0.3633115853," vs LM":-0.3725734119}
{"szEmployeeId":17210032876,"szname":"Asman","Channel Group":"Retail"," LY":0.0," 3LM":2163243.2213043324," LM":3578918.8776199981," Max":3578918.8776199976," T.MTD":1985967.0517802769," A.MTD":0.0," Gap MTD":-1985967.0517802769," Ach":0.0," vs LY":"0x7"," vs 3LM":-1.0," vs LM":-1}
{"szEmployeeId":17210032876,"szname":"Asman","Channel Group":"Wholesaler"," LY":586424964.4511777163," 3LM":631175203.8921852112," LM":686231808.3366229534," Max":1023553779.4828531742," T.MTD":568121660.6872663498," A.MTD":297069630.4370571375," Gap MTD":-271052030.2502095103," Ach":0.5228979125," vs LY":-0.4934226057," vs 3LM":-0.5293388767," vs LM":-0.567100174}
{"szEmployeeId":17210036369,"szname":"Muhammad Tamrin","Channel Group":"MTI"," LY":6670057.16603," 3LM":8050467.6715879999," LM":8335378.5007140003," Max":18904013.8446520045," T.MTD":9875377.9955497757," A.MTD":7419335.2170260008," Gap MTD":-2456042.7785237748," Ach":0.7512963271," vs LY":0.1123345771," vs 3LM":-0.0783969926," vs LM":-0.1098982228}
{"szEmployeeId":17210036369,"szname":"Muhammad Tamrin","Channel Group":"Retail"," LY":0.0," 3LM":1832672.6611370002," LM":1852792.776209," Max":4333153.0708910003," T.MTD":2291924.8148853164," A.MTD":0.0," Gap MTD":-2291924.8148853164," Ach":0.0," vs LY":"0x7"," vs 3LM":-1.0," vs LM":-1}
{"szEmployeeId":17210036369,"szname":"Muhammad Tamrin","Channel Group":"Wholesaler"," LY":292659644.2863691449," 3LM":408821530.188229382," LM":360537337.6859102249," Max":764215217.8025087118," T.MTD":513400707.8068329096," A.MTD":197808691.8204809725," Gap MTD":-315592015.9863518476," Ach":0.3852910384," vs LY":-0.3240998693," vs 3LM":-0.5161490352," vs LM":-0.4513503287}
{"szEmployeeId":17210036369,"szname":"Muhammad Tamrin","Channel Group":"FS"," LY":0.0," 3LM":566159.4633333333," LM":163175.68," Max":1145008.1100000001," T.MTD":431989.3827320291," A.MTD":62454.95," Gap MTD":-369534.4327320291," Ach":0.1445751967," vs LY":"0x7"," vs 3LM":-0.8896866448," vs LM":-0.6172533186}
{"szEmployeeId":17210037632,"szname":"Robianor","Channel Group":"MTI"," LY":1192624.78," 3LM":1011354.4018016666," LM":1094323.488378," Max":1825953.46," T.MTD":1213468.5862879425," A.MTD":685851.4," Gap MTD":-527617.1862879425," Ach":0.5651991389," vs LY":-0.4249227322," vs 3LM":-0.3218486034," vs LM":-0.3732644805}
{"szEmployeeId":17210037632,"szname":"Robianor","Channel Group":"Retail"," LY":61080032.9120309949," 3LM":87314940.2403179854," LM":90014736.233175993," Max":197962481.9720881581," T.MTD":97302065.7352973819," A.MTD":63404015.2220840082," Gap MTD":-33898050.513213411," Ach":0.6516204434," vs LY":0.0380481509," vs 3LM":-0.2738468921," vs LM":-0.2956262733}
{"szEmployeeId":17210037632,"szname":"Robianor","Channel Group":"Wholesaler"," LY":488855975.2166098356," 3LM":549703534.6129604578," LM":584958481.0849229097," Max":929575179.3812482357," T.MTD":573346061.8313372135," A.MTD":295663268.1738299131," Gap MTD":-277682793.6575070024," Ach":0.5156802983," vs LY":-0.3951935065," vs 3LM":-0.4621405002," vs LM":-0.4945568314}
{"szEmployeeId":17210037632,"szname":"Robianor","Channel Group":"FS"," LY":0.0," 3LM":1201366.0633333332," LM":0.0," Max":2645171.1699999999," T.MTD":1238403.8470775899," A.MTD":1715245.04," Gap MTD":476841.1929224101," Ach":1.3850449868," vs LY":"0x7"," vs 3LM":0.427745541," vs LM":"0x7"}
{"szEmployeeId":17210037897,"szname":"Hindra","Channel Group":"MTI"," LY":13796530.9525949992," 3LM":19043122.214869," LM":20193050.3958889917," Max":38566090.908326," T.MTD":20316379.7911779135," A.MTD":11301172.1545580029," Gap MTD":-9015207.6366199143," Ach":0.55625915," vs LY":-0.1808685681," vs 3LM":-0.4065483576," vs LM":-0.4403434878}
{"szEmployeeId":17210037897,"szname":"Hindra","Channel Group":"Retail"," LY":55356493.337560989," 3LM":70498310.4392386526," LM":85613787.5110859573," Max":185493880.0106929839," T.MTD":75742895.2751395404," A.MTD":51074522.9259410053," Gap MTD":-24668372.3491985127," Ach":0.6743143729," vs LY":-0.0773526312," vs 3LM":-0.2755213195," vs LM":-0.4034311013}
{"szEmployeeId":17210037897,"szname":"Hindra","Channel Group":"Wholesaler"," LY":594029107.942297101," 3LM":562943268.3548140526," LM":649369076.8494281769," Max":1044961856.3436578512," T.MTD":578140724.9336826801," A.MTD":291533538.2055239081," Gap MTD":-286607186.7281585336," Ach":0.5042605124," vs LY":-0.5092268471," vs 3LM":-0.4821262557," vs LM":-0.5510510916}
{"szEmployeeId":17210041467,"szname":"Doli Purnama Sari","Channel Group":"MTI"," LY":26609187.8993450068," 3LM":23391375.8613029979," LM":26422679.5193529911," Max":57243118.0438439921," T.MTD":25567014.8283379748," A.MTD":13642042.4637729991," Gap MTD":-11924972.3645649739," Ach":0.5335797924," vs LY":-0.487318346," vs 3LM":-0.4167917892," vs LM":-0.4836995069}
{"szEmployeeId":17210041467,"szname":"Doli Purnama Sari","Channel Group":"Retail"," LY":95528774.5598290265," 3LM":130755766.6374123693," LM":157532091.6797178984," Max":238904102.3174289465," T.MTD":143532985.1716619432," A.MTD":87779330.9247500151," Gap MTD":-55753654.2469120324," Ach":0.6115620798," vs LY":-0.0811215644," vs 3LM":-0.3286771729," vs LM":-0.4427844512}
{"szEmployeeId":17210042412,"szname":"Muhammad Rizky Algifari","Channel Group":"MTI"," LY":2613267.3227010001," 3LM":5168536.0054560006," LM":4658017.9841400012," Max":10895890.6953409985," T.MTD":6185800.2687237225," A.MTD":694774.78," Gap MTD":-5491025.4887237223," Ach":0.1123176873," vs LY":-0.7341355881," vs 3LM":-0.8655760975," vs LM":-0.8508432594}
{"szEmployeeId":17210042412,"szname":"Muhammad Rizky Algifari","Channel Group":"Retail"," LY":54039068.2137760073," 3LM":94137356.6079166681," LM":78150823.4353360087," Max":216629546.1530410051," T.MTD":111857988.3604509085," A.MTD":62810640.158856988," Gap MTD":-49047348.201593928," Ach":0.5615212742," vs LY":0.162319082," vs 3LM":-0.3327766742," vs LM":-0.1962894644}
{"szEmployeeId":17210042412,"szname":"Muhammad Rizky Algifari","Channel Group":"Wholesaler"," LY":303278845.601195991," 3LM":268787701.5097696781," LM":249801627.7696570158," Max":572582683.1916021109," T.MTD":313318299.01916188," A.MTD":197901157.6490340233," Gap MTD":-115417141.3701278567," Ach":0.6316297461," vs LY":-0.3474613857," vs 3LM":-0.2637268873," vs LM":-0.2077667411}
{"szEmployeeId":17210042412,"szname":"Muhammad Rizky Algifari","Channel Group":"FS"," LY":0.0," 3LM":2643380.1833333327," LM":2776951.3399999999," Max":6250214.4108999986," T.MTD":2337912.3516634954," A.MTD":1078624.323603," Gap MTD":-1259288.0280604954," Ach":0.4613621733," vs LY":"0x7"," vs 3LM":-0.5919526331," vs LM":-0.6115796816}
{"szEmployeeId":17210042423,"szname":"Siti Fatimah Hadijah","Channel Group":"MTI"," LY":5340895.2104470003," 3LM":4424098.8493633335," LM":6710822.6524219997," Max":9947081.7072819993," T.MTD":5422490.0810869038," A.MTD":5080696.4426990002," Gap MTD":-341793.6383879031," Ach":0.9369674018," vs LY":-0.0487181938," vs 3LM":0.1484138614," vs LM":-0.2429100416}
{"szEmployeeId":17210042423,"szname":"Siti Fatimah Hadijah","Channel Group":"Retail"," LY":50353795.9557820037," 3LM":70056196.4472176582," LM":85356076.5955080241," Max":177062526.2492409348," T.MTD":84677509.9189131111," A.MTD":55874266.6582820043," Gap MTD":-28803243.2606310844," Ach":0.6598477767," vs LY":0.1096336552," vs 3LM":-0.2024364797," vs LM":-0.3453979039}
