{"szEmployeeId":17210032876,"szname":"Asman","Channel Group":"Wholesaler","Project":"SMALL"," LY":125983189.2822459936," 3LM":120829854.4632547051," LM":111535044.6582729816," T.MTD":137222901.2916999757," A.MTD":16679099.182501005," Gap MTD":-120543802.1091989875,"CR":88,"CA":35}
{"szEmployeeId":17210032876,"szname":"Asman","Channel Group":"Wholesaler","Project":"BIG"," LY":170709637.7590119839," 3LM":184487849.2866586447," LM":159232347.8204019666," T.MTD":207281447.4957223237," A.MTD":13950126.1725019999," Gap MTD":-193331321.3232203126,"CR":6,"CA":2}
{"szEmployeeId":17210032876,"szname":"Asman","Channel Group":"Wholesaler","Project":"MEDIUM"," LY":295562063.95212394," 3LM":306133671.7976176143," LM":311105738.189383924," T.MTD":346528560.5409649014," A.MTD":37823153.0643529966," Gap MTD":-308705407.4766117334,"CR":36,"CA":16}
{"szEmployeeId":17210032876,"szname":"Asman","Channel Group":"MTI","Project":"SMALL"," LY":24753422.0440990031," 3LM":34936984.8610823378," LM":38923299.1973519996," T.MTD":40178430.619749777," A.MTD":3687522.490985," Gap MTD":-36490908.1287647784,"CR":13,"CA":3}
{"szEmployeeId":17210032876,"szname":"Asman","Channel Group":"MTI","Project":"MEDIUM"," LY":3280675.5262150001," 3LM":3407015.9433333329," LM":3218108.1199999996," T.MTD":3788660.0518633146," A.MTD":0.0," Gap MTD":-3788660.0518633146,"CR":1,"CA":0}
{"szEmployeeId":17210041467,"szname":"Doli Purnama Sari","Channel Group":"Retail","Project":"SMALL"," LY":52898532.5368859768," 3LM":100931389.1398183107," LM":98793376.861599043," T.MTD":140085503.5101427436," A.MTD":19915832.8823619969," Gap MTD":-120169670.627780661,"CR":229,"CA":57}
{"szEmployeeId":17210041467,"szname":"Doli Purnama Sari","Channel Group":"Retail","Project":"BIG"," LY":43871641.4147790074," 3LM":29585037.3964626715," LM":24285873.5926999971," T.MTD":40648816.9221908376," A.MTD":5869148.7753910003," Gap MTD":-34779668.14679984,"CR":31,"CA":8}
{"szEmployeeId":17210041467,"szname":"Doli Purnama Sari","Channel Group":"Retail","Project":"MEDIUM"," LY":47997286.2188680097," 3LM":55666295.9275456741," LM":49619648.370623," T.MTD":76416576.7675860822," A.MTD":12619366.2128379997," Gap MTD":-63797210.5547480956,"CR":81,"CA":30}
{"szEmployeeId":17210041467,"szname":"Doli Purnama Sari","Channel Group":"MTI","Project":"SMALL"," LY":31726303.1074679941," 3LM":26648138.6066133305," LM":27897083.0443830006," T.MTD":37849102.8000803739," A.MTD":2006626.1699999999," Gap MTD":-35842476.6300803646,"CR":10,"CA":3}
{"szEmployeeId":17210037897,"szname":"Hindra","Channel Group":"Wholesaler","Project":"SMALL"," LY":84227490.9462799877," 3LM":92425486.1364959925," LM":89498387.9231980145," T.MTD":110203829.9382680207," A.MTD":14547736.9788850024," Gap MTD":-95656092.9593830258,"CR":37,"CA":9}
{"szEmployeeId":17210037897,"szname":"Hindra","Channel Group":"Wholesaler","Project":"BIG"," LY":87960277.8117870092," 3LM":133444769.2766159773," LM":94162501.7072069943," T.MTD":154217771.1698027253," A.MTD":1414414.414143," Gap MTD":-152803356.7556596994,"CR":4,"CA":1}
{"szEmployeeId":17210037897,"szname":"Hindra","Channel Group":"Wholesaler","Project":"MEDIUM"," LY":256900255.7018099427," 3LM":298790206.1965466738," LM":277429957.2341089845," T.MTD":368374124.5391870141," A.MTD":71042882.8728100061," Gap MTD":-297331241.6663770676,"CR":24,"CA":16}
{"szEmployeeId":17210037897,"szname":"Hindra","Channel Group":"Retail","Project":"SMALL"," LY":20056721.6573059931," 3LM":31403022.5775683373," LM":31164630.649939999," T.MTD":39994470.7271697149," A.MTD":8457182.2541209999," Gap MTD":-31537288.4730487056,"CR":85,"CA":15}
{"szEmployeeId":17210037897,"szname":"Hindra","Channel Group":"Retail","Project":"BIG"," LY":18858206.9844480008," 3LM":14289088.0081366673," LM":12111389.5239299983," T.MTD":18354829.3422800377," A.MTD":1612144.1863060002," Gap MTD":-16742685.1559740305,"CR":16,"CA":3}
{"szEmployeeId":17210037897,"szname":"Hindra","Channel Group":"Retail","Project":"MEDIUM"," LY":28880761.3409040049," 3LM":20178079.6796109974," LM":18168510.3493099995," T.MTD":25362547.6154378764," A.MTD":2416118.9748520004," Gap MTD":-22946428.640585877,"CR":38,"CA":7}
{"szEmployeeId":17210037897,"szname":"Hindra","Channel Group":"MTI","Project":"SMALL"," LY":13259989.5579969995," 3LM":12343972.3459630013," LM":20600616.2517430037," T.MTD":16165452.6272053793," A.MTD":3066261.2410680004," Gap MTD":-13099191.3861373812,"CR":3,"CA":1}
{"szEmployeeId":17210037897,"szname":"Hindra","Channel Group":"MTI","Project":"MEDIUM"," LY":5440900.6962089986," 3LM":4271480.5053980006," LM":4831555.0072840005," T.MTD":5326974.0406490117," A.MTD":1320360.358915," Gap MTD":-4006613.6817340115,"CR":1,"CA":1}
{"szEmployeeId":17210036369,"szname":"Muhammad Tamrin","Channel Group":"Wholesaler","Project":"SMALL"," LY":99650442.1387000382," 3LM":105182920.9870369583," LM":108461007.9264389426," T.MTD":129256561.414865002," A.MTD":8380175.7390899975," Gap MTD":-120876385.6757749915,"CR":93,"CA":26}
{"szEmployeeId":17210036369,"szname":"Muhammad Tamrin","Channel Group":"Wholesaler","Project":"BIG"," LY":62207430.2440779954," 3LM":173363170.2561996579," LM":169003700.9246360064," T.MTD":207929624.8088996112," A.MTD":1363631.5192750001," Gap MTD":-206565993.2896246314,"CR":6,"CA":2}
{"szEmployeeId":17210036369,"szname":"Muhammad Tamrin","Channel Group":"Wholesaler","Project":"MEDIUM"," LY":89919268.4157639891," 3LM":165621718.6456516981," LM":161515894.5053810179," T.MTD":202728283.08530128," A.MTD":16267913.5295149982," Gap MTD":-186460369.5557863116,"CR":38,"CA":16}
{"szEmployeeId":17210036369,"szname":"Muhammad Tamrin","Channel Group":"MTI","Project":"SMALL"," LY":3897837.5951339998," 3LM":7308200.3978346661," LM":8588039.7448619995," T.MTD":9201918.4290654864," A.MTD":307477.48," Gap MTD":-8894440.9490654878,"CR":13,"CA":1}
{"szEmployeeId":17210036369,"szname":"Muhammad Tamrin","Channel Group":"MTI","Project":"MEDIUM"," LY":448648.639636," 3LM":820357.6523423333," LM":890244.14," T.MTD":571023.4771637183," A.MTD":0.0," Gap MTD":-571023.4771637183,"CR":1,"CA":0}
{"szEmployeeId":17210036369,"szname":"Muhammad Tamrin","Channel Group":"FS","Project":"SMALL"," LY":0.0," 3LM":583727.0299999999," LM":390294.6," T.MTD":312588.7847048221," A.MTD":0.0," Gap MTD":-312588.7847048221,"CR":1,"CA":0}
{"szEmployeeId":17210037632,"szname":"Robianor","Channel Group":"Wholesaler","Project":"SMALL"," LY":82374615.0460359901," 3LM":95519568.8906086683," LM":83920245.6189439893," T.MTD":110668772.0992992073," A.MTD":17845270.3136429936," Gap MTD":-92823501.785656184,"CR":39,"CA":21}
{"szEmployeeId":17210037632,"szname":"Robianor","Channel Group":"Wholesaler","Project":"BIG"," LY":129298351.9612390101," 3LM":122185345.2467883378," LM":124182162.1250299811," T.MTD":140230480.9346803725," A.MTD":18529099.0879100002," Gap MTD":-121701381.8467703611,"CR":3,"CA":2}
{"szEmployeeId":17210037632,"szname":"Robianor","Channel Group":"Wholesaler","Project":"MEDIUM"," LY":286701770.0766769648," 3LM":327574650.4983523488," LM":333511875.4352959394," T.MTD":378357365.1765553355," A.MTD":70504407.0310990065," Gap MTD":-307852958.1454564333,"CR":28,"CA":19}
{"szEmployeeId":17210037632,"szname":"Robianor","Channel Group":"Retail","Project":"SMALL"," LY":21556519.7612780035," 3LM":41384526.950774312," LM":39216245.8530700132," T.MTD":48999302.305713512," A.MTD":4237369.4879949996," Gap MTD":-44761932.8177185059,"CR":79,"CA":15}
{"szEmployeeId":17210037632,"szname":"Robianor","Channel Group":"Retail","Project":"BIG"," LY":27158870.6086120047," 3LM":26306779.6797720008," LM":26416831.8131430037," T.MTD":31959151.6048737317," A.MTD":9282630.719881," Gap MTD":-22676520.8849927336,"CR":21,"CA":16}
{"szEmployeeId":17210037632,"szname":"Robianor","Channel Group":"Retail","Project":"MEDIUM"," LY":21699836.2390189916," 3LM":24174354.3484819941," LM":24460016.2810900025," T.MTD":27514144.1729873717," A.MTD":3017238.8506129999," Gap MTD":-24496905.3223743662,"CR":32,"CA":12}
{"szEmployeeId":17210037632,"szname":"Robianor",