{"szEmployeeId":17210032876,"szname":"Asman","Channel Group":"Wholesaler","Project":"SMALL"," LY":97593847.7534279674," 3LM":119569079.9622372836," LM":125017718.5398010015," T.MTD":107604486.997683391," A.MTD":41706680.5887750089," Gap MTD":-65897806.4089083821,"CR":87,"CA":71}
{"szEmployeeId":17210032876,"szname":"Asman","Channel Group":"Wholesaler","Project":"BIG"," LY":142989728.0359309912," 3LM":195367735.7855269909," LM":220282603.6138119996," T.MTD":175987253.6550641656," A.MTD":48152081.2129869983," Gap MTD":-127835172.4420771599,"CR":6,"CA":3}
{"szEmployeeId":17210032876,"szname":"Asman","Channel Group":"Wholesaler","Project":"MEDIUM"," LY":345841388.6618189812," 3LM":316238388.1444203258," LM":340931486.1830099821," T.MTD":284529920.0345188975," A.MTD":84871351.2999980301," Gap MTD":-199658568.7345209122,"CR":36,"CA":29}
{"szEmployeeId":17210032876,"szname":"Asman","Channel Group":"Retail","Project":"BIG"," LY":0.0," 3LM":2163243.2213043324," LM":3578918.8776199981," T.MTD":1985967.0517802769," A.MTD":0.0," Gap MTD":-1985967.0517802769,"CR":1,"CA":0}
{"szEmployeeId":17210032876,"szname":"Asman","Channel Group":"MTI","Project":"SMALL"," LY":29713377.7550089993," 3LM":35323005.5100353286," LM":34660041.5074609965," T.MTD":31853302.3390525058," A.MTD":12305538.7655740026," Gap MTD":-19547763.5734785013,"CR":13,"CA":11}
{"szEmployeeId":17210032876,"szname":"Asman","Channel Group":"MTI","Project":"MEDIUM"," LY":7186531.2399999993," 3LM":3864065.5099999993," LM":5105493.7699999996," T.MTD":3439069.9219006398," A.MTD":648108.11," Gap MTD":-2790961.8119006399,"CR":1,"CA":1}
{"szEmployeeId":17210041467,"szname":"Doli Purnama Sari","Channel Group":"Retail","Project":"SMALL"," LY":36626218.7017110214," 3LM":73233781.0019747019," LM":86415484.1854349971," T.MTD":80366301.9462893605," A.MTD":27831088.5153300017," Gap MTD":-52535213.4309593365,"CR":225,"CA":141}
{"szEmployeeId":17210041467,"szname":"Doli Purnama Sari","Channel Group":"Retail","Project":"BIG"," LY":27313374.1346559972," 3LM":19957161.6875966638," LM":24842333.846955996," T.MTD":21973036.2158095203," A.MTD":7683018.2752080001," Gap MTD":-14290017.9406015184,"CR":31,"CA":22}
{"szEmployeeId":17210041467,"szname":"Doli Purnama Sari","Channel Group":"Retail","Project":"MEDIUM"," LY":31589181.723461993," 3LM":37564823.9478409961," LM":46274273.6473270059," T.MTD":41193647.0095632002," A.MTD":14637289.7207759973," Gap MTD":-26556357.2887871936,"CR":81,"CA":58}
{"szEmployeeId":17210041467,"szname":"Doli Purnama Sari","Channel Group":"MTI","Project":"SMALL"," LY":26609187.8993450068," 3LM":23391375.8613030016," LM":26422679.5193530023," T.MTD":25567014.8283379748," A.MTD":9437259.5478290003," Gap MTD":-16129755.2805089764,"CR":10,"CA":8}
{"szEmployeeId":17210037897,"szname":"Hindra","Channel Group":"Wholesaler","Project":"SMALL"," LY":81404129.1998069882," 3LM":87959912.9457263201," LM":90568579.1126619875," T.MTD":91230572.0127491355," A.MTD":39887000.3686860055," Gap MTD":-51343571.6440631449,"CR":36,"CA":27}
{"szEmployeeId":17210037897,"szname":"Hindra","Channel Group":"Wholesaler","Project":"BIG"," LY":296714010.0475310087," 3LM":177705605.0186806917," LM":231215834.1577680409," T.MTD":179945580.5445289016," A.MTD":14276396.3657559995," Gap MTD":-165669184.1787728965,"CR":4,"CA":2}
{"szEmployeeId":17210037897,"szname":"Hindra","Channel Group":"Wholesaler","Project":"MEDIUM"," LY":215910968.6949590147," 3LM":297277750.3904069662," LM":327584663.5789979696," T.MTD":306964572.3764045238," A.MTD":113946154.1064520031," Gap MTD":-193018418.2699524462,"CR":24,"CA":20}
{"szEmployeeId":17210037897,"szname":"Hindra","Channel Group":"Retail","Project":"SMALL"," LY":18921636.1745150015," 3LM":33462963.9843146726," LM":41191243.7673339918," T.MTD":35870218.3334525749," A.MTD":17242133.2993340008," Gap MTD":-18628085.0341185778,"CR":87,"CA":46}
{"szEmployeeId":17210037897,"szname":"Hindra","Channel Group":"Retail","Project":"BIG"," LY":17717562.6073370054," 3LM":15623033.1589473318," LM":18142140.2790610008," T.MTD":16796918.2002913356," A.MTD":6661102.858728," Gap MTD":-10135815.3415633384,"CR":16,"CA":13}
{"szEmployeeId":17210037897,"szname":"Hindra","Channel Group":"Retail","Project":"MEDIUM"," LY":18717294.5557090044," 3LM":21412313.2959766686," LM":26280403.4646910019," T.MTD":23075758.7413955964," A.MTD":7943023.0333160013," Gap MTD":-15132735.7080795914,"CR":38,"CA":26}
{"szEmployeeId":17210037897,"szname":"Hindra","Channel Group":"MTI","Project":"SMALL"," LY":11366846.342594998," 3LM":14514285.2598326635," LM":15998906.2661639955," T.MTD":15711734.887450438," A.MTD":7004055.0201639999," Gap MTD":-8707679.8672864381,"CR":3,"CA":2}
{"szEmployeeId":17210037897,"szname":"Hindra","Channel Group":"MTI","Project":"MEDIUM"," LY":2429684.6100000003," 3LM":4528836.9550363338," LM":4194144.1297250008," T.MTD":4604644.9037274765," A.MTD":2245225.249541," Gap MTD":-2359419.6541864765,"CR":1,"CA":1}
{"szEmployeeId":17210036369,"szname":"Muhammad Tamrin","Channel Group":"Wholesaler","Project":"SMALL"," LY":81029498.646145016," 3LM":91904385.7300283313," LM":72449243.0896920115," T.MTD":115582804.8198209852," A.MTD":46586003.145329006," Gap MTD":-68996801.6744920164,"CR":93,"CA":68}
{"szEmployeeId":17210036369,"szname":"Muhammad Tamrin","Channel Group":"Wholesaler","Project":"BIG"," LY":97097351.0330250114," 3LM":150069779.5960806608," LM":106986152.2844519913," T.MTD":191607543.4067574143," A.MTD":29518025.2539529949," Gap MTD":-162089518.1528044343,"CR":6,"CA":4}
{"szEmployeeId":17210036369,"szname":"Muhammad Tamrin","Channel Group":"Wholesaler","Project":"MEDIUM"," LY":114532794.6071989983," 3LM":166847364.8621203303," LM":181101942.3117659986," T.MTD":206210359.5802543759," A.MTD":46147157.7784870043," Gap MTD":-160063201.8017673194,"CR":37,"CA":30}
{"szEmployeeId":17210036369,"szname":"Muhammad Tamrin","Channel Group":"Retail","Project":"BIG"," LY":0.0," 3LM":1832672.6611370002," LM":1852792.776209," T.MTD":2291924.8148853169," A.MTD":0.0," Gap MTD":-2291924.8148853169,"CR":1,"CA":0}
{"szEmployeeId":17210036369,"szname":"Muhammad Tamrin","Channel Group":"MTI","Project":"SMALL"," LY":5884140.9760299986," 3LM":7355829.8359123338," LM":7919568.5907140002," T.MTD":9305252.7676639482," A.MTD":6056350.5070259999," Gap MTD":-3248902.2606379483,"CR":13,"CA":11}
{"szEmployeeId":17210036369,"szname":"Muhammad Tamrin","Channel Group":"MTI","Project":"MEDIUM"," LY":785916.1900000001," 3LM":694637.8356756666," LM":415809.91," T.MTD":570125.2278858268," A.MTD":537207.21," Gap MTD":-32918.0178858269,"CR":1,"CA":1}
{"szEmployeeId":17210036369,"szname":"Muhammad Tamrin","Channel Group":"FS","Project":"SMALL"," LY":0.0," 3LM":566159.4633333333," LM":163175.68," T.MTD":431989.3827320291," A.MTD":62454.95," Gap MTD":-369534.4327320291,"CR":1,"CA":1}
{"szEmployeeId":17210037632,"szname":"Robianor","Channel Group":"Wholesaler","Project":"SMALL"," LY":78714818.035717994," 3LM":91212913.415724352," LM":96038461.737789005," T.MTD":97430829.1359182596," A.MTD":27238404.6986850053," Gap MTD":-70192424.4372332543,"CR":39,"CA":30}
{"szEmployeeId":17210037632,"szname":"Robianor","Channel Group":"Wholesaler","Project":"BIG"," LY":126376849.8008259833," 3LM":136753198.1048356593," LM":153423558.4816830158," T.MTD":142085614.9925951362," A.MTD":28317297.2954730019," Gap MTD":-113768317.6971221417,"CR":3,"CA":2}
{"szEmployeeId":17210037632,"szname":"Robianor","Channel Group":"Wholesaler","Project":"MEDIUM"," LY":283764307.3800660372," 3LM":321737423.092400372," LM":335496460.8654510379," T.MTD":333829617.7028235793," A.MTD":93870348.6731129885," Gap MTD":-239959269.0297105908,"CR":27,"CA":19}
{"szEmployeeId":17210037632,"szname":"Robianor","Channel Group":"Retail","Project":"SMALL"," LY":16393533.5301939975," 3LM":37847360.9861340076," LM":39775958.402463004," T.MTD":42091194.6346436292," A.MTD":12719312.9751900025," Gap MTD":-29371881.6594536379,"CR":75,"CA":35}
{"szEmployeeId":17210037632,"szname":"Robianor","Channel Group":"Retail",