{"szEmployeeId":17210032876,"szname":"Asman","Channel Group":"MTI"," LY":36899908.9950089976," 3LM":39187071.020035319," LM":39765535.2774609998," Max":76523261.047931999," T.MTD":35292372.2609531432," A.MTD":-238048.6500000001," Gap MTD":-35530420.9109531417," Ach":-0.0067450453," vs LY":-1.0064511988," vs 3LM":-1.0060746732," vs LM":-1.0059863057}
{"szEmployeeId":17210032876,"szname":"Asman","Channel Group":"Retail"," LY":0.0," 3LM":2163243.2213043324," LM":3578918.8776199981," Max":3578918.8776199985," T.MTD":1985967.0517802769," A.MTD":0.0," Gap MTD":-1985967.0517802769," Ach":0.0," vs LY":"0x7"," vs 3LM":-1.0," vs LM":-1}
{"szEmployeeId":17210032876,"szname":"Asman","Channel Group":"Wholesaler"," LY":586424964.4511777163," 3LM":631175203.8921852112," LM":686231808.3366228342," Max":1029413505.5630364418," T.MTD":568121660.6872663498," A.MTD":24061632.4074069932," Gap MTD":-544060028.2798594236," Ach":0.0423529572," vs LY":-0.9589689494," vs 3LM":-0.9618780455," vs LM":-0.9649365825}
{"szEmployeeId":17210036369,"szname":"Muhammad Tamrin","Channel Group":"MTI"," LY":6670057.16603," 3LM":8050467.6715880008," LM":8335378.5007140003," Max":18904013.8446520045," T.MTD":9875377.9955497757," A.MTD":754189.1899999999," Gap MTD":-9121188.8055497762," Ach":0.0763706655," vs LY":-0.8869291265," vs 3LM":-0.9063173444," vs LM":-0.9095195029}
{"szEmployeeId":17210036369,"szname":"Muhammad Tamrin","Channel Group":"Retail"," LY":0.0," 3LM":1832672.6611370002," LM":1852792.776209," Max":4333153.0708910003," T.MTD":2291924.8148853164," A.MTD":0.0," Gap MTD":-2291924.8148853164," Ach":0.0," vs LY":"0x7"," vs 3LM":-1.0," vs LM":-1}
{"szEmployeeId":17210036369,"szname":"Muhammad Tamrin","Channel Group":"Wholesaler"," LY":292659644.2863690853," 3LM":408821530.1882294416," LM":360537337.6859101653," Max":764215217.802508831," T.MTD":513400707.8068329096," A.MTD":23997540.5897949971," Gap MTD":-489403167.2170377374," Ach":0.0467423208," vs LY":-0.9180018801," vs 3LM":-0.9413006928," vs LM":-0.9334395135}
{"szEmployeeId":17210036369,"szname":"Muhammad Tamrin","Channel Group":"FS"," LY":0.0," 3LM":566159.4633333333," LM":163175.68," Max":1145008.1100000001," T.MTD":431989.3827320291," A.MTD":0.0," Gap MTD":-431989.3827320291," Ach":0.0," vs LY":"0x7"," vs 3LM":-1.0," vs LM":-1}
{"szEmployeeId":17210037632,"szname":"Robianor","Channel Group":"MTI"," LY":1192624.78," 3LM":1011354.4018016666," LM":1094323.488378," Max":1825953.4599999997," T.MTD":1214446.1404174305," A.MTD":0.0," Gap MTD":-1214446.1404174305," Ach":0.0," vs LY":-1," vs 3LM":-1.0," vs LM":-1}
{"szEmployeeId":17210037632,"szname":"Robianor","Channel Group":"Retail"," LY":61080032.9120309949," 3LM":87314940.2403179705," LM":90014736.233175993," Max":198427437.3384709358," T.MTD":97403485.2943577468," A.MTD":6115420.9165680008," Gap MTD":-91288064.3777897507," Ach":0.0627844158," vs LY":-0.8998785589," vs 3LM":-0.9299613457," vs LM":-0.9320620026}
{"szEmployeeId":17210037632,"szname":"Robianor","Channel Group":"Wholesaler"," LY":488855975.2166099548," 3LM":548860291.3729603291," LM":582428751.3649231195," Max":931507431.8654465675," T.MTD":573243664.7181470394," A.MTD":31494009.036607001," Gap MTD":-541749655.6815401316," Ach":0.0549400037," vs LY":-0.9355760988," vs 3LM":-0.9426192612," vs LM":-0.9459264177}
{"szEmployeeId":17210037632,"szname":"Robianor","Channel Group":"FS"," LY":0.0," 3LM":1201366.063333333," LM":0.0," Max":2645171.1700000004," T.MTD":1238403.8470775897," A.MTD":727272.97," Gap MTD":-511130.8770775897," Ach":0.5872664008," vs LY":"0x7"," vs 3LM":-0.3946283384," vs LM":"0x7"}
{"szEmployeeId":17210037897,"szname":"Hindra","Channel Group":"MTI"," LY":13796530.9525949992," 3LM":19043122.214869," LM":20193050.3958889991," Max":38566090.908326," T.MTD":20316379.7911779135," A.MTD":1106486.4791839998," Gap MTD":-19209893.3119939156," Ach":0.0544627778," vs LY":-0.9197996596," vs 3LM":-0.9418957424," vs LM":-0.9452045898}
{"szEmployeeId":17210037897,"szname":"Hindra","Channel Group":"Retail"," LY":55356493.337560989," 3LM":70498310.4392386377," LM":85613787.5110859573," Max":185742862.0180739462," T.MTD":75742895.2751395106," A.MTD":4088036.2083740002," Gap MTD":-71654859.066765517," Ach":0.0539725369," vs LY":-0.9261507375," vs 3LM":-0.9420122811," vs LM":-0.9522502587}
{"szEmployeeId":17210037897,"szname":"Hindra","Channel Group":"Wholesaler"," LY":594029107.942297101," 3LM":562943268.3548140526," LM":649369076.8494281769," Max":1046674378.9205987453," T.MTD":578140724.9336826801," A.MTD":34906036.0474909991," Gap MTD":-543234688.8861916065," Ach":0.0603763661," vs LY":-0.9412385091," vs 3LM":-0.9379936878," vs LM":-0.9462462299}
{"szEmployeeId":17210041467,"szname":"Doli Purnama Sari","Channel Group":"MTI"," LY":26609187.8993450068," 3LM":23391375.8613030016," LM":26422679.5193530023," Max":57243118.0438439921," T.MTD":25567014.8283379748," A.MTD":3886261.2446779995," Gap MTD":-21680753.5836599693," Ach":0.1520029331," vs LY":-0.8539504002," vs 3LM":-0.833859228," vs LM":-0.8529194875}
{"szEmployeeId":17210041467,"szname":"Doli Purnama Sari","Channel Group":"Retail"," LY":95528774.5598290265," 3LM":130755766.6374123693," LM":157532091.6797178984," Max":240042210.6157718599," T.MTD":143532985.1716619134," A.MTD":10532325.9212580007," Gap MTD":-133000659.2504039705," Ach":0.0733791324," vs LY":-0.8897470844," vs 3LM":-0.9194503907," vs LM":-0.9331417122}
