{"szEmployeeId":17210032876,"szname":"Asman","Channel Group":"MTI"," LY":27975413.0843050033," 3LM":38267217.7918653265," LM":40465607.5206019953," Max":81878239.7002599984," T.MTD":41381650.4967527837," A.MTD":27929450.6161979996," Gap MTD":-13452199.8805547841," Ach":0.6749235538," vs LY":-0.0016429594," vs 3LM":-0.2701468194," vs LM":-0.3097978178}
{"szEmployeeId":17210032876,"szname":"Asman","Channel Group":"Retail"," LY":1354807.8649249999," 3LM":2176288.0467233332," LM":1167927.9881000002," Max":3383891.6584599996," T.MTD":2281498.1407333938," A.MTD":1005900.9136010001," Gap MTD":-1275597.2271323935," Ach":0.4408949083," vs LY":-0.2575324224," vs 3LM":-0.5377905443," vs LM":-0.1387303636}
{"szEmployeeId":17210032876,"szname":"Asman","Channel Group":"Wholesaler"," LY":561542360.1163179874," 3LM":630747653.4966934919," LM":636097620.6459721327," Max":1065489328.2886450291," T.MTD":669236851.362513423," A.MTD":410666393.3643199205," Gap MTD":-258570457.9981938899," Ach":0.6136338615," vs LY":-0.2686813631," vs 3LM":-0.3489212507," vs LM":-0.3543972182}
{"szEmployeeId":17210036369,"szname":"Muhammad Tamrin","Channel Group":"MTI"," LY":4051490.6214339999," 3LM":7475915.5236276658," LM":8569649.636481002," Max":18423934.5146520026," T.MTD":5501918.9981395742," A.MTD":5598154.127026001," Gap MTD":96235.1288864261," Ach":1.0174911933," vs LY":0.3817517181," vs 3LM":-0.2511747746," vs LM":-0.3467464407}
{"szEmployeeId":17210036369,"szname":"Muhammad Tamrin","Channel Group":"Retail"," LY":1454083.6365660001," 3LM":1511796.8920053334," LM":859459.49378," Max":3336359.2008009991," T.MTD":1938355.9931302597," A.MTD":607064.907387," Gap MTD":-1331291.0857432596," Ach":0.3131854569," vs LY":-0.5825103233," vs 3LM":-0.5984481046," vs LM":-0.2936666454}
{"szEmployeeId":17210036369,"szname":"Muhammad Tamrin","Channel Group":"Wholesaler"," LY":425546218.9716850519," 3LM":393809991.5582049489," LM":475326356.9560739398," Max":753613942.1041687727," T.MTD":503509793.3799513578," A.MTD":272800709.783196032," Gap MTD":-230709083.5967552066," Ach":0.54179822," vs LY":-0.358939881," vs 3LM":-0.3072783433," vs LM":-0.4260770399}
{"szEmployeeId":17210036369,"szname":"Muhammad Tamrin","Channel Group":"FS"," LY":0.0," 3LM":71959.46," LM":215878.38," Max":1145008.1100000001," T.MTD":49931.628778884," A.MTD":1145008.1100000001," Gap MTD":1095076.4812211161," Ach":22.9315193196," vs LY":"0x7"," vs 3LM":14.911849672," vs LM":4.3039498907}
{"szEmployeeId":17210037632,"szname":"Robianor","Channel Group":"MTI"," LY":1481940.9100000001," 3LM":1065648.4966666666," LM":1147795.51," Max":1915342.6400000001," T.MTD":1052577.7004456974," A.MTD":1018423.4870270001," Gap MTD":-34154.2134186974," Ach":0.9675518364," vs LY":-0.3127772638," vs 3LM":-0.0443157474," vs LM":-0.1127134771}
{"szEmployeeId":17210037632,"szname":"Robianor","Channel Group":"Retail"," LY":69472259.6894540191," 3LM":92690008.8855606765," LM":106227218.198205024," Max":209069988.7986390889," T.MTD":104191463.5692726076," A.MTD":69109803.2636199892," Gap MTD":-35081660.3056525961," Ach":0.6632962135," vs LY":-0.0052172828," vs 3LM":-0.254398569," vs LM":-0.3494152964}
{"szEmployeeId":17210037632,"szname":"Robianor","Channel Group":"Wholesaler"," LY":523829741.9887059331," 3LM":551235902.7548080683," LM":569992009.9266369343," Max":931775179.2252881527," T.MTD":638238293.5015950203," A.MTD":384282206.3556869626," Gap MTD":-253956087.1459077895," Ach":0.6020983233," vs LY":-0.2663986491," vs 3LM":-0.3028715937," vs LM":-0.32581124}
{"szEmployeeId":17210037632,"szname":"Robianor","Channel Group":"FS"," LY":0.0," 3LM":916999.9966666667," LM":818181.98," Max":2481995.4900000002," T.MTD":617665.2286867846," A.MTD":1668995.49," Gap MTD":1051330.2613132154," Ach":2.7021036841," vs LY":"0x7"," vs 3LM":0.8200605192," vs LM":1.0398829732}
{"szEmployeeId":17210037897,"szname":"Hindra","Channel Group":"MTI"," LY":5494819.65142," 3LM":6071402.5907940008," LM":8353352.2161089992," Max":10895890.6953409985," T.MTD":6612528.0378743662," A.MTD":4343423.4095389992," Gap MTD":-2269104.628335367," Ach":0.656847636," vs LY":-0.2095421351," vs 3LM":-0.2846095536," vs LM":-0.4800382772}
{"szEmployeeId":17210037897,"szname":"Hindra","Channel Group":"Retail"," LY":61643910.5931729972," 3LM":101032325.012381345," LM":108970309.562155962," Max":211474144.8107870519," T.MTD":114846631.1352065653," A.MTD":77964979.5421610177," Gap MTD":-36881651.5930455998," Ach":0.6788617025," vs LY":0.2647636854," vs 3LM":-0.2283164865," vs LM":-0.2845300719}
{"szEmployeeId":17210037897,"szname":"Hindra","Channel Group":"Wholesaler"," LY":223728861.0929249227," 3LM":320946281.3300529122," LM":326474760.9144300222," Max":572791897.917855978," T.MTD":374305786.8308278322," A.MTD":179511848.6890209913," Gap MTD":-194793938.1418068409," Ach":0.4795860898," vs LY":-0.1976366044," vs 3LM":-0.4406794559," vs LM":-0.4501509146}
{"szEmployeeId":17210037897,"szname":"Hindra","Channel Group":"FS"," LY":0.0," 3LM":1215217.1103000001," LM":2169442.3399999999," Max":2465118.0008999999," T.MTD":1135053.9960910971," A.MTD":681542.37," Gap MTD":-453511.626091097," Ach":0.6004492935," vs LY":"0x7"," vs 3LM":-0.4391599952," vs LM":-0.6858444415}
{"szEmployeeId":17210041467,"szname":"Doli Purnama Sari","Channel Group":"MTI"," LY":22649609.6816240065," 3LM":24544996.9213909991," LM":54614665.9296160117," Max":67141367.762936011," T.MTD":23045194.1623338945," A.MTD":19101316.3658409975," Gap MTD":-3943877.7964928974," Ach":0.8288633297," vs LY":-0.1566602412," vs 3LM":-0.2217837131," vs LM":-0.6502529853}
{"szEmployeeId":17210041467,"szname":"Doli Purnama Sari","Channel Group":"Retail"," LY":125373823.757812053," 3LM":207130859.0818433464," LM":199039353.5209361613," Max":407466683.9469171166," T.MTD":206454805.8376660347," A.MTD":152883463.1991259158," Gap MTD":-53571342.6385400966," Ach":0.7405178222," vs LY":0.2194209175," vs 3LM":-0.2618991498," vs LM":-0.231893289}
{"szEmployeeId":17210041960,"szname":"Bahrudin Rahman","Channel Group":"MTI"," LY":11153423.0593019985," 3LM":15951460.1057749987," LM":12910042.3053649999," Max":36863379.9103989974," T.MTD":16514132.9940343369," A.MTD":8962253.1204209998," Gap MTD":-7551879.8736133361," Ach":0.542702007," vs LY":-0.1964571708," vs 3LM":-0.4381546855," vs LM":-0.3057921184}
{"szEmployeeId":17210041960,"szname":"Bahrudin Rahman","Channel Group":"Retail"," LY":56648560.7236890048," 3LM":102954475.9171720147," LM":114644117.0407760441," Max":230034475.0934950411," T.MTD":120275562.7091500461," A.MTD":73051074.1244569719," Gap MTD":-47224488.5846930295," Ach":0.6073642266," vs LY":0.2895486344," vs 3LM":-0.2904526639," vs LM":-0.3628013717}
{"szEmployeeId":17210041960,"szname":"Bahrudin Rahman","Channel Group":"Wholesaler"," LY":561107257.2989549637," 3LM":521409580.3581076264," LM":490102913.3934949636," Max":1047395018.1231479645," T.MTD":632710304.2968158722," A.MTD":350387141.5809391737," Gap MTD":-282323162.7158766389," Ach":0.5537876327," vs LY":-0.3755433796," vs 3LM":-0.3280001849," vs LM":-0.2850743548}
