{"szEmployeeId":17210032876,"szname":"Asman","Channel Group":"MTI"," LY":27975413.0843050033," 3LM":38267217.7918653265," LM":40465607.5206019953," Max":81878239.7002599984," T.MTD":41381650.4967527762," A.MTD":836486.4924319999," Gap MTD":-40545164.004320778," Ach":0.0202139471," vs LY":-0.9700992264," vs 3LM":-0.9781409117," vs LM":-0.9793284583}
{"szEmployeeId":17210032876,"szname":"Asman","Channel Group":"Retail"," LY":1354807.8649249999," 3LM":2176288.0467233327," LM":1167927.9881000002," Max":3383891.6584599987," T.MTD":2281498.1407333934," A.MTD":0.0," Gap MTD":-2281498.1407333934," Ach":0.0," vs LY":-1.0," vs 3LM":-1.0," vs LM":-1.0}
{"szEmployeeId":17210032876,"szname":"Asman","Channel Group":"Wholesaler"," LY":561542360.1163179874," 3LM":630747653.4966934919," LM":636097620.6459721327," Max":1058530138.2770313025," T.MTD":669236851.362513423," A.MTD":873603.62," Gap MTD":-668363247.7425135374," Ach":0.0013053729," vs LY":-0.9984442783," vs 3LM":-0.9986149713," vs LM":-0.9986266202}
{"szEmployeeId":17210036369,"szname":"Muhammad Tamrin","Channel Group":"MTI"," LY":4051490.6214339999," 3LM":7475915.5236276668," LM":8569649.636481002," Max":18423934.5146520026," T.MTD":5501918.9981395742," A.MTD":443243.24081," Gap MTD":-5058675.7573295748," Ach":0.0805615715," vs LY":-0.8905974906," vs 3LM":-0.940710507," vs LM":-0.948277554}
{"szEmployeeId":17210036369,"szname":"Muhammad Tamrin","Channel Group":"Retail"," LY":1454083.6365660001," 3LM":1511796.8920053334," LM":859459.4937799999," Max":3336359.2008009991," T.MTD":1938355.9931302597," A.MTD":0.0," Gap MTD":-1938355.9931302597," Ach":0.0," vs LY":-1.0," vs 3LM":-1.0," vs LM":-1.0}
{"szEmployeeId":17210036369,"szname":"Muhammad Tamrin","Channel Group":"Wholesaler"," LY":425546218.9716850519," 3LM":393809991.5582050085," LM":475326356.9560739398," Max":750172625.4179499149," T.MTD":503509793.3799512982," A.MTD":5893841.449174," Gap MTD":-497615951.9307773113," Ach":0.011705515," vs LY":-0.9861499382," vs 3LM":-0.985033794," vs LM":-0.9876004321}
{"szEmployeeId":17210036369,"szname":"Muhammad Tamrin","Channel Group":"FS"," LY":0.0," 3LM":71959.46," LM":215878.38," Max":215878.38," T.MTD":49931.628778884," A.MTD":0.0," Gap MTD":-49931.628778884," Ach":0.0," vs LY":0.0," vs 3LM":-1.0," vs LM":-1.0}
{"szEmployeeId":17210037632,"szname":"Robianor","Channel Group":"MTI"," LY":1481940.9100000001," 3LM":1065648.4966666668," LM":1147795.51," Max":1915342.6400000001," T.MTD":1052577.7004456974," A.MTD":259158.58," Gap MTD":-793419.1204456973," Ach":0.2462132533," vs LY":-0.8251221906," vs 3LM":-0.7568066949," vs LM":-0.774211889}
{"szEmployeeId":17210037632,"szname":"Robianor","Channel Group":"Retail"," LY":69472259.6894540191," 3LM":92690008.8855606765," LM":106227218.1982050091," Max":200523056.6967850924," T.MTD":104191463.5692725927," A.MTD":2680135.2911649998," Gap MTD":-101511328.2781075835," Ach":0.0257231754," vs LY":-0.961421504," vs 3LM":-0.9710849603," vs LM":-0.9747697875}
{"szEmployeeId":17210037632,"szname":"Robianor","Channel Group":"Wholesaler"," LY":523829741.9887059331," 3LM":551235902.7548081875," LM":569992009.9266369343," Max":925383268.2553801537," T.MTD":638238293.5015950203," A.MTD":3281951.3337820005," Gap MTD":-634956342.1678130627," Ach":0.0051422037," vs LY":-0.9937346984," vs 3LM":-0.9940461945," vs LM":-0.9942421099}
{"szEmployeeId":17210037632,"szname":"Robianor","Channel Group":"FS"," LY":0.0," 3LM":916999.9966666667," LM":818181.98," Max":1932818.01," T.MTD":617665.2286867846," A.MTD":0.0," Gap MTD":-617665.2286867846," Ach":0.0," vs LY":0.0," vs 3LM":-1.0," vs LM":-1.0}
{"szEmployeeId":17210037897,"szname":"Hindra","Channel Group":"MTI"," LY":5494819.65142," 3LM":6071402.5907939998," LM":8353352.2161090001," Max":10895890.6953410022," T.MTD":6612528.0378743652," A.MTD":0.0," Gap MTD":-6612528.0378743652," Ach":0.0," vs LY":-1.0," vs 3LM":-1.0," vs LM":-1.0}
{"szEmployeeId":17210037897,"szname":"Hindra","Channel Group":"Retail"," LY":61643910.5931729972," 3LM":101032325.012381345," LM":108970309.5621559471," Max":207166204.3465620577," T.MTD":114846631.1352065653," A.MTD":2605317.1958480002," Gap MTD":-112241313.9393585622," Ach":0.0226851861," vs LY":-0.9577360169," vs 3LM":-0.9742130333," vs LM":-0.976091495}
{"szEmployeeId":17210037897,"szname":"Hindra","Channel Group":"Wholesaler"," LY":223728861.0929249227," 3LM":320946281.3300529122," LM":326474760.9144300222," Max":565501978.1834440231," T.MTD":374305786.8308278322," A.MTD":6214870.3555620005," Gap MTD":-368090916.4752658606," Ach":0.016603725," vs LY":-0.9722214187," vs 3LM":-0.9806357926," vs LM":-0.9809637035}
{"szEmployeeId":17210037897,"szname":"Hindra","Channel Group":"FS"," LY":0.0," 3LM":1215217.1103000001," LM":2169442.3399999999," Max":2447145.0309000001," T.MTD":1135053.9960910974," A.MTD":303716.22," Gap MTD":-831337.7760910974," Ach":0.2675786536," vs LY":0.0," vs 3LM":-0.7500724624," vs LM":-0.8600026309}
{"szEmployeeId":17210041467,"szname":"Doli Purnama Sari","Channel Group":"MTI"," LY":22649609.6816240065," 3LM":24544996.9213910028," LM":54614665.9296160117," Max":67141367.7629359961," T.MTD":23045194.1623338982," A.MTD":1029027.0599999999," Gap MTD":-22016167.1023338959," Ach":0.0446525663," vs LY":-0.9545675588," vs 3LM":-0.9580758937," vs LM":-0.9811584115}
{"szEmployeeId":17210041467,"szname":"Doli Purnama Sari","Channel Group":"Retail"," LY":125373823.757812053," 3LM":207130859.0818433464," LM":199039353.5209361613," Max":397785445.6296230555," T.MTD":206454805.8376660347," A.MTD":3531031.7592699998," Gap MTD":-202923774.0783960223," Ach":0.0171031706," vs LY":-0.971835973," vs 3LM":-0.9829526524," vs LM":-0.9822596301}
{"szEmployeeId":17210041960,"szname":"Bahrudin Rahman","Channel Group":"MTI"," LY":11153423.0593019985," 3LM":15951460.1057749968," LM":12910042.3053649999," Max":36797306.0072409958," T.MTD":16514132.9940343332," A.MTD":0.0," Gap MTD":-16514132.9940343332," Ach":0.0," vs LY":-1.0," vs 3LM":-1.0," vs LM":-1.0}
{"szEmployeeId":17210041960,"szname":"Bahrudin Rahman","Channel Group":"Retail"," LY":56648560.7236890048," 3LM":102954475.9171720147," LM":114644117.0407760441," Max":223935050.2425219715," T.MTD":120275562.7091500312," A.MTD":2191756.8096360001," Gap MTD":-118083805.8995140344," Ach":0.0182227941," vs LY":-0.9613095764," vs 3LM":-0.9787113985," vs LM":-0.9808820822}
{"szEmployeeId":17210041960,"szname":"Bahrudin Rahman","Channel Group":"Wholesaler"," LY":561107257.2989549637," 3LM":521409580.3581076264," LM":490102913.3934950829," Max":1045367575.7397710085," T.MTD":632710304.2968158722," A.MTD":8743243.2600649986," Gap MTD":-623967061.0367507935," Ach":0.0138187148," vs LY":-0.9844178753," vs 3LM":-0.9832315255," vs LM":-0.9821603932}
