{"szEmployeeId":17210032876,"szname":"Asman","Channel Group":"MTI"," LY":28034097.570314005," 3LM":38344000.8044156656," LM":42141407.3173520043," Max":76523261.047931999," T.MTD":43967090.6716130972," A.MTD":16181004.5016120002," Gap MTD":-27786086.170001097," Ach":0.3680253629," vs LY":-0.4228098671," vs 3LM":-0.5780042728," vs LM":-0.6160307514}
{"szEmployeeId":17210032876,"szname":"Asman","Channel Group":"Wholesaler"," LY":592254890.9933822155," 3LM":611451375.5475311279," LM":581873130.6680589914," Max":1012490919.0555074215," T.MTD":691032909.3283873796," A.MTD":143089261.3072330654," Gap MTD":-547943648.0211542845," Ach":0.2070657698," vs LY":-0.7583991901," vs 3LM":-0.7659842352," vs LM":-0.7540885568}
{"szEmployeeId":17210036369,"szname":"Muhammad Tamrin","Channel Group":"MTI"," LY":4346486.23477," 3LM":8128558.0501770005," LM":9478283.8848619983," Max":18904013.8446520045," T.MTD":9772941.9062292054," A.MTD":2625808.1634220001," Gap MTD":-7147133.7428072048," Ach":0.268681446," vs LY":-0.3958779525," vs 3LM":-0.6769650721," vs LM":-0.7229658665}
{"szEmployeeId":17210036369,"szname":"Muhammad Tamrin","Channel Group":"Wholesaler"," LY":251777140.7985420525," 3LM":444167809.8888882399," LM":438980603.3564561009," Max":740496212.8219590187," T.MTD":539914469.3090658188," A.MTD":50170682.1219880134," Gap MTD":-489743787.1870777607," Ach":0.0929233887," vs LY":-0.8007337681," vs 3LM":-0.8870456593," vs LM":-0.8857109363}
{"szEmployeeId":17210036369,"szname":"Muhammad Tamrin","Channel Group":"FS"," LY":0.0," 3LM":583727.0299999999," LM":390294.6," Max":1145008.1100000001," T.MTD":312588.7847048221," A.MTD":0.0," Gap MTD":-312588.7847048221," Ach":0.0," vs LY":"0x7"," vs 3LM":-1.0," vs LM":-1.0}
{"szEmployeeId":17210037632,"szname":"Robianor","Channel Group":"MTI"," LY":1526369.8429720001," 3LM":1025801.2323423335," LM":677855.8600000001," Max":1825953.4599999997," T.MTD":1302729.3206400387," A.MTD":316721.62," Gap MTD":-986007.7006400387," Ach":0.2431215871," vs LY":-0.7925000802," vs 3LM":-0.6912446486," vs LM":-0.5327596342}
{"szEmployeeId":17210037632,"szname":"Robianor","Channel Group":"Retail"," LY":69138830.341255039," 3LM":91865660.9790283442," LM":90093093.9473030269," Max":194837462.1347929835," T.MTD":108472598.0835746527," A.MTD":28458151.0751120076," Gap MTD":-80014447.0084626228," Ach":0.2623533646," vs LY":-0.5883911988," vs 3LM":-0.690219928," vs LM":-0.6841250552}
{"szEmployeeId":17210037632,"szname":"Robianor","Channel Group":"Wholesaler"," LY":498374737.0839520693," 3LM":545279564.6357492208," LM":541614283.1792700291," Max":920250186.6320858002," T.MTD":629256618.2105350494," A.MTD":130942898.0583329946," Gap MTD":-498313720.1522021294," Ach":0.2080914118," vs LY":-0.7372601613," vs 3LM":-0.7598609841," vs LM":-0.7582358846}
{"szEmployeeId":17210037632,"szname":"Robianor","Channel Group":"FS"," LY":0.0," 3LM":1474093.3899999999," LM":1935102.7," Max":2645171.1700000004," T.MTD":968054.385250302," A.MTD":0.0," Gap MTD":-968054.385250302," Ach":0.0," vs LY":"0x7"," vs 3LM":-1.0," vs LM":-1.0}
{"szEmployeeId":17210037897,"szname":"Hindra","Channel Group":"MTI"," LY":18700890.254205998," 3LM":16615452.851360999," LM":25432171.2590270042," Max":38566090.908326," T.MTD":21492426.6678543873," A.MTD":4948423.4007930001," Gap MTD":-16544003.2670613863," Ach":0.2302403296," vs LY":-0.7353910251," vs 3LM":-0.7021794443," vs LM":-0.8054266248}
{"szEmployeeId":17210037897,"szname":"Hindra","Channel Group":"Retail"," LY":67795689.9826579988," 3LM":65870190.2653159723," LM":61444530.5231800154," Max":179433850.6952230334," T.MTD":83711847.6848875582," A.MTD":28636852.2870320007," Gap MTD":-55074995.3978556171," Ach":0.342088403," vs LY":-0.5776006956," vs 3LM":-0.5652532326," vs LM":-0.5339397658}
{"szEmployeeId":17210037897,"szname":"Hindra","Channel Group":"Wholesaler"," LY":429088024.4598770738," 3LM":524660461.6096587777," LM":461090846.8645141125," Max":1033214260.4910138845," T.MTD":632795725.6472574472," A.MTD":131628447.0336710066," Gap MTD":-501167278.6135867834," Ach":0.208010961," vs LY":-0.6932367264," vs 3LM":-0.7491168924," vs LM":-0.7145281718}
{"szEmployeeId":17210041467,"szname":"Doli Purnama Sari","Channel Group":"MTI"," LY":25401485.4222429991," 3LM":22925032.878569331," LM":24775320.8575410023," Max":56303815.3238439932," T.MTD":33092391.4637564197," A.MTD":5917162.25," Gap MTD":-27175229.2137564197," Ach":0.1788073327," vs LY":-0.7670544792," vs 3LM":-0.7418907846," vs LM":-0.761167079}
{"szEmployeeId":17210041467,"szname":"Doli Purnama Sari","Channel Group":"Retail"," LY":92117233.1206629574," 3LM":119031203.6101676077," LM":116397459.1662090421," Max":231515348.6839449108," T.MTD":171607608.5362436473," A.MTD":42331077.8971290141," Gap MTD":-129276530.6391145885," Ach":0.2466736659," vs LY":-0.5404651609," vs 3LM":-0.6443699079," vs LM":-0.6363230074}
