{"szEmployeeId":17210032876,"szname":"Asman","Channel Group":"MTI"," LY":39106913.5547939986," 3LM":35999967.4218723327," LM":38072529.9745750055," Max":63075717.2735719979," T.MTD":37680024.4013079852," A.MTD":2789845.0944140004," Gap MTD":-34890179.3068939894," Ach":0.074040427," vs LY":-0.928661077," vs 3LM":-0.9225042328," vs LM":-0.9267228867}
{"szEmployeeId":17210032876,"szname":"Asman","Channel Group":"Wholesaler"," LY":628664289.5748058558," 3LM":569843552.5811034441," LM":651100281.9474557638," Max":859958995.2013970613," T.MTD":599019975.5986917019," A.MTD":78139800.3751620203," Gap MTD":-520880175.2235301733," Ach":0.1304460678," vs LY":-0.8757050437," vs 3LM":-0.8628749943," vs LM":-0.8799880717}
{"szEmployeeId":17210036369,"szname":"Muhammad Tamrin","Channel Group":"MTI"," LY":7732869.7825000007," 3LM":8129104.9005973339," LM":7435160.4140520003," Max":24433837.9399179965," T.MTD":10009472.5010655504," A.MTD":921436.047025," Gap MTD":-9088036.4540405516," Ach":0.0920564043," vs LY":-0.8808416444," vs 3LM":-0.8866497532," vs LM":-0.876070455}
{"szEmployeeId":17210036369,"szname":"Muhammad Tamrin","Channel Group":"Wholesaler"," LY":408870048.9055979252," 3LM":334636336.3544669747," LM":344323210.0041091442," Max":612372202.0481318235," T.MTD":530240345.4756395221," A.MTD":64744258.5882019997," Gap MTD":-465496086.887437582," Ach":0.1221036067," vs LY":-0.8416507671," vs 3LM":-0.8065235255," vs LM":-0.8119666154}
{"szEmployeeId":17210036369,"szname":"Muhammad Tamrin","Channel Group":"FS"," LY":0.0," 3LM":261696.3966666666," LM":559458.5600000001," Max":1357067.5650450001," T.MTD":134156.9895038807," A.MTD":0.0," Gap MTD":-134156.9895038807," Ach":0.0," vs LY":"0x7"," vs 3LM":-1.0," vs LM":-1.0}
{"szEmployeeId":17210036369,"szname":"Muhammad Tamrin","Channel Group":null," LY":0.0," 3LM":8477537.2385876663," LM":10997332.4345939998," Max":18796494.9865939952," T.MTD":4416025.0337911015," A.MTD":0.0," Gap MTD":-4416025.0337911015," Ach":0.0," vs LY":"0x7"," vs 3LM":-1.0," vs LM":-1.0}
{"szEmployeeId":17210037632,"szname":"Robianor","Channel Group":"MTI"," LY":755967.33," 3LM":895788.0327926668," LM":653851.3600000001," Max":1259422.5983779998," T.MTD":1068415.6812573364," A.MTD":146126.12," Gap MTD":-922289.5612573364," Ach":0.1367689772," vs LY":-0.8067031283," vs 3LM":-0.8368742217," vs LM":-0.7765147724}
{"szEmployeeId":17210037632,"szname":"Robianor","Channel Group":"Retail"," LY":92432298.2187919915," 3LM":79816618.9869690537," LM":75503747.176478982," Max":125812285.3524600118," T.MTD":93353388.012135908," A.MTD":16138969.3146870006," Gap MTD":-77214418.6974489391," Ach":0.1728803813," vs LY":-0.8253968621," vs 3LM":-0.7977993867," vs LM":-0.7862494258}
{"szEmployeeId":17210037632,"szname":"Robianor","Channel Group":"Wholesaler"," LY":498628610.9390899539," 3LM":521165025.1534135938," LM":584381159.2728838921," Max":787233263.5282902718," T.MTD":589954792.4918373823," A.MTD":47245837.8759899959," Gap MTD":-542708954.6158473492," Ach":0.0800838276," vs LY":-0.9052484417," vs 3LM":-0.9093457243," vs LM":-0.9191523595}
{"szEmployeeId":17210037632,"szname":"Robianor","Channel Group":"FS"," LY":0.0," 3LM":865929.4266666666," LM":882543.24," Max":1756055.8500000001," T.MTD":822451.9346338565," A.MTD":0.0," Gap MTD":-822451.9346338565," Ach":0.0," vs LY":"0x7"," vs 3LM":-1.0," vs LM":-1.0}
{"szEmployeeId":17210037632,"szname":"Robianor","Channel Group":null," LY":0.0," 3LM":5469595.4916176666," LM":2688431.5286480002," Max":8058924.2074030004," T.MTD":5800951.8801354393," A.MTD":0.0," Gap MTD":-5800951.8801354393," Ach":0.0," vs LY":"0x7"," vs 3LM":-1.0," vs LM":-1.0}
{"szEmployeeId":17210037897,"szname":"Hindra","Channel Group":"MTI"," LY":19999098.2859690003," 3LM":14341740.2633230016," LM":9187935.1562810019," Max":22585637.8516490012," T.MTD":15577334.0784557704," A.MTD":7291981.9677229999," Gap MTD":-8285352.1107327705," Ach":0.4681148861," vs LY":-0.6353844627," vs 3LM":-0.4915552901," vs LM":-0.2063524781}
{"szEmployeeId":17210037897,"szname":"Hindra","Channel Group":"Retail"," LY":77094695.80430004," 3LM":67576950.2045446485," LM":60049767.7655200362," Max":114005420.5944059938," T.MTD":74362272.2409214675," A.MTD":10325251.6515310034," Gap MTD":-64037020.5893904641," Ach":0.1388506744," vs LY":-0.8660705313," vs 3LM":-0.8472074928," vs LM":-0.8280550944}
{"szEmployeeId":17210037897,"szname":"Hindra","Channel Group":"Wholesaler"," LY":559987894.8810399771," 3LM":552862311.8432809114," LM":663197541.0858278275," Max":829984977.5554839373," T.MTD":599178225.589333415," A.MTD":87356023.5781570077," Gap MTD":-511822202.0111764669," Ach":0.1457930543," vs LY":-0.8440037287," vs 3LM":-0.8419931659," vs LM":-0.8682805376}
{"szEmployeeId":17210037897,"szname":"Hindra","Channel Group":null," LY":0.0," 3LM":4977110.9435006659," LM":5915387.5635060007," Max":7790346.0709719993," T.MTD":5582168.0912894253," A.MTD":1905327.0283639999," Gap MTD":-3676841.0629254254," Ach":0.3413238364," vs LY":"0x7"," vs 3LM":-0.6171821263," vs LM":-0.6779032637}
{"szEmployeeId":17210041467,"szname":"Doli Purnama Sari","Channel Group":"MTI"," LY":18615404.4344820008," 3LM":24312451.5306140035," LM":28567344.3206120059," Max":41639558.7664679885," T.MTD":27363537.1343054324," A.MTD":2074639.6599999997," Gap MTD":-25288897.4743054286," Ach":0.0758176712," vs LY":-0.8885525336," vs 3LM":-0.9146676074," vs LM":-0.9273772306}
{"szEmployeeId":17210041467,"szname":"Doli Purnama Sari","Channel Group":"Retail"," LY":70740094.2005720139," 3LM":128775127.8615816236," LM":125911605.9381940216," Max":192805049.4856190681," T.MTD":143910449.4343404472," A.MTD":20017207.5645729937," Gap MTD":-123893241.8697673827," Ach":0.139094886," vs LY":-0.7170316524," vs 3LM":-0.8445568807," vs LM":-0.8410217437}
{"szEmployeeId":17210041467,"szname":"Doli Purnama Sari","Channel Group":null," LY":0.0," 3LM":1143090.0883769998," LM":3429270.265131," Max":3429270.265131," T.MTD":1326013.4313540591," A.MTD":0.0," Gap MTD":-1326013.4313540591," Ach":0.0," vs LY":"0x7"," vs 3LM":-1.0," vs LM":-1.0}
{"szEmployeeId":17210042412,"szname":"Muhammad Rizky Algifari","Channel Group":"MTI"," LY":3010351.7354910001," 3LM":1925390.3847133336," LM":301621.63," Max":4711216.204140001," T.MTD":2436590.0626771664," A.MTD":182702.7," Gap MTD":-2253887.3626771662," Ach":0.0749829456," vs LY":-0.9393085207," vs 3LM":-0.9051087502," vs LM":-0.3942652588}
{"szEmployeeId":17210042412,"szname":"Muhammad Rizky Algifari","Channel Group":"Retail"," LY":97332741.2617969662," 3LM":72289084.0079630017," LM":67195108.7099949867," Max":118148245.3044510186," T.MTD":93568755.6756578237," A.MTD":14282999.5359649993," Gap MTD":-79285756.1396928132," Ach":0.1526471035," vs LY":-0.8532559614," vs 3LM":-0.8024183079," vs LM":-0.7874398924}
{"szEmployeeId":17210042412,"szname":"Muhammad Rizky Algifari","Channel Group":"Wholesaler"," LY":380867912.3247701526," 3LM":268115064.8263689876," LM":337135134.9337029457," Max":416321921.1141940355," T.MTD":334008210.9585790038," A.MTD":33910719.9415949956," Gap MTD":-300097491.0169841647," Ach":0.1015266057," vs LY":-0.9109646183," vs 3LM":-0.8735217659," vs LM":-0.8994150522}
{"szEmployeeId":17210042412,"szname":"Muhammad Rizky Algifari","Channel Group":"FS"," LY":0.0," 3LM":1493840.5336033334," LM":485405.4," Max":2776951.3399999999," T.MTD":2793402.002303693," A.MTD":0.0," Gap MTD":-2793402.002303693," Ach":0.0," vs LY":"0x7"," vs 3LM":-1.0," vs LM":-1.0}
{"szEmployeeId":17210042412,"szname":"Muhammad Rizky Algifari","Channel Group":null," LY":0.0," 3LM":3614881.3734203335," LM":10844644.1202609986," Max":10999583.7602609992," T.MTD":5593041.3007823713," A.MTD":0.0," Gap MTD":-5593041.3007823713," Ach":0.0," vs LY":"0x7"," vs 3LM":-1.0," vs LM":-1.0}
{"szEmployeeId":17210042423,"szname":"Siti Fatimah Hadijah","Channel Group":"MTI"," LY":4713110.5314349998," 3LM":7060529.2127853325," LM":6889452.2902629999," Max":18764490.1678189971," T.MTD":7942222.9061704678," A.MTD":305403.604414,