{"szEmployeeId":17210032876,"szname":"Asman","Channel":"Wholesaler","LY":898722130.6591442823,"3LM":896635803.7528760433,"LM":883818919.2370542288,"Target":940953688.1064606905,"Actual":706388300.6835598946,"Ach":0.7507152686,"Gap":-234565387.4229007959,"vs LY":-0.214008116,"vs 3LM":-0.2121792396,"vs LM":-0.2007544925}
{"szEmployeeId":17210032876,"szname":"Asman","Channel":"Retail","LY":107669660.2792039961,"3LM":101894256.1681349874,"LM":108093719.9781949818,"Target":107210864.5687400699,"Actual":108462166.0470669717,"Ach":1.0116714055,"Gap":1251301.4783269018,"vs LY":0.00736053,"vs 3LM":0.0644580973,"vs LM":0.0034085798}
{"szEmployeeId":17210032876,"szname":"Asman","Channel":"MTI","LY":38788254.4771230072,"3LM":51872087.6668513343,"LM":55419921.5861569867,"Target":51835447.3247993514,"Actual":42344027.2701560035,"Ach":0.8168932546,"Gap":-9491420.0546433479,"vs LY":0.0916713794,"vs 3LM":-0.1836837657,"vs LM":-0.2359421295}
{"szEmployeeId":17210037897,"szname":"Hindra","Channel":"Wholesaler","LY":221611557.7205849886,"3LM":255005732.3093622625,"LM":231056824.0811449587,"Target":278528571.8345968723,"Actual":219900696.8087739646,"Ach":0.7895085785,"Gap":-58627875.0258229077,"vs LY":-0.0077200888,"vs 3LM":-0.1376637113,"vs LM":-0.048283046}
{"szEmployeeId":17210037897,"szname":"Hindra","Channel":"Retail","LY":49388905.5525870025,"3LM":105173636.3534960449,"LM":99838932.3078250736,"Target":114824677.4498896599,"Actual":118161373.230624035,"Ach":1.0290590477,"Gap":3336695.7807343751,"vs LY":1.3924679421,"vs 3LM":0.1234885217,"vs LM":0.1835200007}
{"szEmployeeId":17210037897,"szname":"Hindra","Channel":"MTI","LY":13602522.1347399987,"3LM":6630355.9212406678,"LM":6342221.3869679999,"Target":6646750.7155133002,"Actual":7930624.9295239979,"Ach":1.1931581714,"Gap":1283874.2140106978,"vs LY":-0.4169739368,"vs 3LM":0.196108478,"vs LM":0.2504490849}
{"szEmployeeId":17210036369,"szname":"Muhammad Tamrin","Channel":"Wholesaler","LY":399723263.8197508454,"3LM":374035655.3605103493,"LM":428597411.0705040693,"Target":431346246.019359529,"Actual":398422824.6191211939,"Ach":0.9236728691,"Gap":-32923421.4002383351,"vs LY":-0.0032533488,"vs 3LM":0.0652001191,"vs LM":-0.0704031001}
{"szEmployeeId":17210036369,"szname":"Muhammad Tamrin","Channel":"Retail","LY":75428507.0634240061,"3LM":97096322.5545936376,"LM":98189252.4474350363,"Target":113053670.6900349557,"Actual":103659941.2429130077,"Ach":0.9169091159,"Gap":-9393729.447121948,"vs LY":0.3742806968,"vs 3LM":0.0675990451,"vs LM":0.0557157597}
{"szEmployeeId":17210036369,"szname":"Muhammad Tamrin","Channel":"MTI","LY":3546306.1941300002,"3LM":13756030.1231050044,"LM":18533037.224387005,"Target":15600083.2906054668,"Actual":10585037.4980869982,"Ach":0.678524422,"Gap":-5015045.7925184686,"vs LY":1.9848064207,"vs 3LM":-0.2305165514,"vs LM":-0.428855758}
{"szEmployeeId":17210037713,"szname":"Rahmani","Channel":"Wholesaler","LY":355748177.4265159965,"3LM":337193652.1556536555,"LM":272692214.0989290476,"Target":396031712.9057659507,"Actual":334303663.6434809566,"Ach":0.84413357,"Gap":-61728049.2622849941,"vs LY":-0.0602800384,"vs 3LM":-0.0085707085,"vs LM":0.2259376922}
{"szEmployeeId":17210037713,"szname":"Rahmani","Channel":"Retail","LY":84806217.3757640123,"3LM":110386724.632535696,"LM":104609193.6219879538,"Target":132077869.5096500218,"Actual":105120262.2332110256,"Ach":0.7958961075,"Gap":-26957607.2764389962,"vs LY":0.2395348535,"vs 3LM":-0.0477092007,"vs LM":0.0048855038}
{"szEmployeeId":17210037713,"szname":"Rahmani","Channel":"MTI","LY":3931490.7359239999,"3LM":6083476.1040556673,"LM":9990395.2745320015,"Target":6890417.5845840611,"Actual":8183711.4073719988,"Ach":1.1876945493,"Gap":1293293.8227879377,"vs LY":1.0815797256,"vs 3LM":0.345236057,"vs LM":-0.1808420806}
{"szEmployeeId":17210037632,"szname":"Robianor","Channel":"Wholesaler","LY":261237094.8736329973,"3LM":396033507.5435407162,"LM":420231130.0038800836,"Target":431194329.539802134,"Actual":408566969.8245049119,"Ach":0.9475239859,"Gap":-22627359.7152972221,"vs LY":0.5639699638,"vs 3LM":0.0316474794,"vs LM":-0.0277565353}
{"szEmployeeId":17210037632,"szname":"Robianor","Channel":"Retail","LY":55820717.8160789832,"3LM":90641989.3787840009,"LM":79038981.4457709938,"Target":97567241.2819946557,"Actual":94337373.491765976,"Ach":0.9668959812,"Gap":-3229867.7902286798,"vs LY":0.6900064561,"vs 3LM":0.0407690094,"vs LM":0.1935550252}
{"szEmployeeId":17210037632,"szname":"Robianor","Channel":"MTI","LY":1193015.1293690002,"3LM":1201138.3233333325,"LM":1248354.4900000002,"Target":1238429.1782031835,"Actual":1162738.3300000005,"Ach":0.9388815691,"Gap":-75690.8482031829,"vs LY":-0.0253783868,"vs 3LM":-0.0319696679,"vs LM":-0.0685832115}
{"szEmployeeId":17210038077,"szname":"Sopian Sauri","Channel":"Wholesaler","LY":743635.0952250001,"3LM":2488357.8781326669,"LM":2388090.0252189999,"Target":3606763.7977251527,"Actual":1824826.0159440001,"Ach":0.5059455285,"Gap":-1781937.7817811526,"vs LY":1.453926701,"vs 3LM":-0.2666545146,"vs LM":-0.2358638089}
{"szEmployeeId":17210038077,"szname":"Sopian Sauri","Channel":"Retail","LY":42759595.0815849826,"3LM":60789770.6316626593,"LM":58454462.3203690052,"Target":83028316.3037671298,"Actual":214338056.8861569762,"Ach":2.5815055204,"Gap":131309740.5823898464,"vs LY":4.01263065,"vs 3LM":2.5258902059,"vs LM":2.6667526888}
{"szEmployeeId":17210038077,"szname":"Sopian Sauri","Channel":"MTI","LY":2869762.0734140002,"3LM":3461685.6736310003,"LM":4001234.8900000006,"Target":3429919.8985076416,"Actual":48212933.8557480201,"Ach":14.0565772037,"Gap":44783013.9572403803,"vs LY":15.8003244249,"vs 3LM":12.92758858,"vs LM":11.049513508}
{"szEmployeeId":17210041467,"szname":"Doli Purnama Sari","Channel":"Wholesaler","LY":2001351.3363060001,"3LM":3355900.7860506671,"LM":1336216.164053,"Target":5075035.5658637006,"Actual":1824826.0159440001,"Ach":0.3595691089,"Gap":-3250209.5499197003,"vs LY":-0.0882030642,"vs 3LM":-0.4562336218,"vs LM":0.3656667724}
{"szEmployeeId":17210041467,"szname":"Doli Purnama Sari","Channel":"Retail","LY":90955534.4094910175,"3LM":84578492.17016536,"LM":87262962.205316022,"Target":127607126.5800297111,"Actual":214338056.8861569762,"Ach":1.6796715249,"Gap":86730930.3061272651,"vs LY":1.356514733,"vs 3LM":1.5341910382,"vs LM":1.456231733}
{"szEmployeeId":17210041467,"szname":"Doli Purnama Sari","Channel":"MTI","LY":24855039.8968270011,"3LM":18352254.3935193308,"LM":21618377.4340309985,"Target":27317837.8541066945,"Actual":48212933.8557480201,"Ach":1.7648883529,"Gap":20895096.0016413257,"vs LY":0.939764895,"vs 3LM":1.6270850884,"vs LM":1.2301828157}
