{"szEmployeeId":17210032876,"szname":"Asman","Channel Group":"Wholesaler","Project":"SMALL"," LY":113154712.5523940027," 3LM":96575116.4175313413," LM":128251428.3331319839," T.MTD":104003451.6486701071," A.MTD":47915180.0134790018," Gap MTD":-56088271.6351911575,"CR":84,"CA":64}
{"szEmployeeId":17210032876,"szname":"Asman","Channel Group":"Wholesaler","Project":"BIG"," LY":179819457.5685679913," 3LM":182259048.0845439434," LM":237749828.7624719739," T.MTD":195513165.0019548535," A.MTD":30857801.7988380007," Gap MTD":-164655363.2031168342,"CR":6,"CA":2}
{"szEmployeeId":17210032876,"szname":"Asman","Channel Group":"Wholesaler","Project":"MEDIUM"," LY":308421208.691083014," 3LM":284613881.171980381," LM":308918108.8650539517," T.MTD":304153102.9825348854," A.MTD":164468523.4021309912," Gap MTD":-139684579.5804037452,"CR":38,"CA":33}
{"szEmployeeId":17210032876,"szname":"Asman","Channel Group":"MTI","Project":"SMALL"," LY":34048485.336887002," 3LM":32043444.3307293281," LM":32516065.1205199994," T.MTD":34095595.7538453043," A.MTD":17573157.7467410006," Gap MTD":-16522438.0071043056,"CR":12,"CA":8}
{"szEmployeeId":17210032876,"szname":"Asman","Channel Group":"MTI","Project":"MEDIUM"," LY":5347152.8199999994," 3LM":2089511.7266666666," LM":1288976.6000000003," T.MTD":2234684.6129952064," A.MTD":1630180.2," Gap MTD":-604504.4129952064,"CR":1,"CA":1}
{"szEmployeeId":17210041467,"szname":"Doli Purnama Sari","Channel Group":"Retail","Project":"SMALL"," LY":23827841.9374160059," 3LM":41149611.3928150088," LM":46379662.274029009," T.MTD":47113074.3543943837," A.MTD":20445624.8660460003," Gap MTD":-26667449.488348376,"CR":192,"CA":107}
{"szEmployeeId":17210041467,"szname":"Doli Purnama Sari","Channel Group":"Retail","Project":"BIG"," LY":20685303.5999390036," 3LM":34991672.9088049829," LM":45328892.4202049971," T.MTD":39718860.4844924808," A.MTD":16955495.8969090059," Gap MTD":-22763364.587583486,"CR":37,"CA":29}
{"szEmployeeId":17210041467,"szname":"Doli Purnama Sari","Channel Group":"Retail","Project":"MEDIUM"," LY":34628965.4289449975," 3LM":51924588.6242276728," LM":58950258.681080021," T.MTD":59064265.5461340845," A.MTD":22811879.3403380066," Gap MTD":-36252386.2057960704,"CR":110,"CA":76}
{"szEmployeeId":17210041467,"szname":"Doli Purnama Sari","Channel Group":"MTI","Project":"SMALL"," LY":21067413.380861003," 3LM":24608924.1904340014," LM":27319349.7488129959," T.MTD":28103799.6149790511," A.MTD":8871991.0245889984," Gap MTD":-19231808.5903900489,"CR":10,"CA":5}
{"szEmployeeId":17210037897,"szname":"Hindra","Channel Group":"Wholesaler","Project":"SMALL"," LY":85532221.5947379917," 3LM":73151755.5975836515," LM":96132246.5938530266," T.MTD":78389588.2534843087," A.MTD":32444949.1224700026," Gap MTD":-45944639.1310143247,"CR":33,"CA":27}
{"szEmployeeId":17210037897,"szname":"Hindra","Channel Group":"Wholesaler","Project":"BIG"," LY":120065088.6087739915," 3LM":89473010.5003866553," LM":96764484.7424819916," T.MTD":92724410.2757464498," A.MTD":13269189.170494996," Gap MTD":-79455221.1052514613,"CR":3,"CA":2}
{"szEmployeeId":17210037897,"szname":"Hindra","Channel Group":"Wholesaler","Project":"MEDIUM"," LY":276235886.9062010646," 3LM":345264525.082903266," LM":419341882.6884539723," T.MTD":359257313.263715446," A.MTD":196121981.1441610157," Gap MTD":-163135332.1195544004,"CR":25,"CA":25}
{"szEmployeeId":17210037897,"szname":"Hindra","Channel Group":"Wholesaler","Project":"SPRBIG"," LY":0.0," 3LM":63858528.8363039941," LM":87766041.4246240258," T.MTD":69488987.5098728538," A.MTD":30047387.3724110015," Gap MTD":-39441600.137461856,"CR":1,"CA":1}
{"szEmployeeId":17210037897,"szname":"Hindra","Channel Group":"Retail","Project":"SMALL"," LY":15152274.0955290012," 3LM":21655803.9267810024," LM":26600128.7295100018," T.MTD":22491839.9497336447," A.MTD":9174882.3844409995," Gap MTD":-13316957.5652926397,"CR":59,"CA":34}
{"szEmployeeId":17210037897,"szname":"Hindra","Channel Group":"Retail","Project":"BIG"," LY":38152293.193547003," 3LM":25199896.6005023308," LM":32238322.1514709964," T.MTD":26660560.1706549488," A.MTD":14492031.8904749993," Gap MTD":-12168528.2801799476,"CR":27,"CA":18}
{"szEmployeeId":17210037897,"szname":"Hindra","Channel Group":"Retail","Project":"MEDIUM"," LY":34221701.1880770102," 3LM":27928147.8612729982," LM":32673887.5338010006," T.MTD":29031827.7654059082," A.MTD":12212737.3394029979," Gap MTD":-16819090.4260029085,"CR":42,"CA":28}
{"szEmployeeId":17210037897,"szname":"Hindra","Channel Group":"MTI","Project":"SMALL"," LY":12336513.0842719991," 3LM":13413728.2438679989," LM":25084787.3637220003," T.MTD":14202212.7465547267," A.MTD":4773693.6850270005," Gap MTD":-9428519.0615277272,"CR":3,"CA":2}
{"szEmployeeId":17210037897,"szname":"Hindra","Channel Group":"MTI","Project":"MEDIUM"," LY":3948288.1514409999," 3LM":4545227.6550033335," LM":5959909.9388119988," T.MTD":4329069.729607312," A.MTD":3549027.0288240002," Gap MTD":-780042.7007833119,"CR":1,"CA":1}
{"szEmployeeId":17210037897,"szname":"Hindra","Channel Group":"FS","Project":"SMALL"," LY":0.0," 3LM":1098083.4839033333," LM":3294250.4517100002," T.MTD":1424190.3352245092," A.MTD":0.0," Gap MTD":-1424190.3352245092,"CR":1,"CA":0}
{"szEmployeeId":17210036369,"szname":"Muhammad Tamrin","Channel Group":"Wholesaler","Project":"SMALL"," LY":90456113.9664879888," 3LM":92048305.5614916682," LM":113577553.8412120193," T.MTD":119512027.3224436641," A.MTD":57925971.3188330159," Gap MTD":-61586056.0036106408,"CR":91,"CA":68}
{"szEmployeeId":17210036369,"szname":"Muhammad Tamrin","Channel Group":"Wholesaler","Project":"BIG"," LY":124915563.3332720101," 3LM":137773310.2745220065," LM":204235581.9986810088," T.MTD":194738181.3679809868," A.MTD":68493700.9206909984," Gap MTD":-126244480.4472900033,"CR":6,"CA":5}
{"szEmployeeId":17210036369,"szname":"Muhammad Tamrin","Channel Group":"Wholesaler","Project":"MEDIUM"," LY":171835258.7421540022," 3LM":167976013.0804950297," LM":216714096.4413160384," T.MTD":225583152.2688006163," A.MTD":93598124.4191059768," Gap MTD":-131985027.8496945947,"CR":39,"CA":31}
{"szEmployeeId":17210036369,"szname":"Muhammad Tamrin","Channel Group":"MTI","Project":"SMALL"," LY":9220977.0389109999," 3LM":6974813.0117993336," LM":7157107.3343199994," T.MTD":7423582.9039615113," A.MTD":3171737.8700000001," Gap MTD":-4251845.0339615121,"CR":12,"CA":6}
{"szEmployeeId":17210036369,"szname":"Muhammad Tamrin","Channel Group":"MTI","Project":"MEDIUM"," LY":849455.8," 3LM":842946.8487383333," LM":1075381.986215," T.MTD":616783.7312131209," A.MTD":654273.8799999999," Gap MTD":37490.148786879,"CR":1,"CA":1}
{"szEmployeeId":17210036369,"szname":"Muhammad Tamrin","Channel Group":"FS","Project":"SMALL"," LY":0.0," 3LM":253926.1233333333," LM":139864.86," T.MTD":126272.4056000528," A.MTD":0.0," Gap MTD":-126272.4056000528,"CR":1,"CA":0}
{"szEmployeeId":17210037632,"szname":"Robianor","Channel Group":"Wholesaler","Project":"SMALL"," LY":92566076.1370660067," 3LM":86461542.988659665," LM":103544497.8632769883," T.MTD":95505672.5903635621," A.MTD":36724119.1421829909," Gap MTD":-58781553.4481805861,"CR":38,"CA":29}
{"szEmployeeId":17210037632,"szname":"Robianor","Channel Group":"Wholesaler","Project":"BIG"," LY":174758019.7379460335," 3LM":121249835.9633599818," LM":159793967.4430249929," T.MTD":133328132.5199420601," A.MTD":47958790.9959959984," Gap MTD":-85369341.5239460617,"CR":3,"CA":2}
{"szEmployeeId":17210037632,"szname":"Robianor","Channel Group":"Wholesaler","Project":"MEDIUM"," LY":317994256.6119149923," 3LM":340062662.5307100415," LM":395625709.8037910461," T.MTD":368910034.1494522095," A.MTD":157185433.1869620383," Gap MTD":-211724600.9624902308,"CR":27,"CA":20}
{"szEmployeeId":17210037632,"szname":"Robianor","Channel Group":"Retail","Project":"SMALL"," LY":16089342.354807999," 3LM":14760253.029908672," LM":18159779.6955210008," T.MTD":15277012.4106036797," A.MTD":10327116.3984350022," Gap MTD":-4949896.012168684,"CR":44,"CA":22}
{"szEmployeeId":17210037632,"szname":"Robianor",