{"szEmployeeId":17210032876,"szname":"Asman","Channel Group":"MTI"," LY":33234664.9425650015," 3LM":37356259.8694646657," LM":30161837.0135809965," Max":73218720.4572989941," T.MTD":37766942.7606962547," A.MTD":20590259.6011620015," Gap MTD":-17176683.1595342569," Ach":0.5451926499," vs LY":-0.3804583366," vs 3LM":-0.4488136748," vs LM":-0.3173406649}
{"szEmployeeId":17210032876,"szname":"Asman","Channel Group":"Retail"," LY":0.0," 3LM":2163243.2213043324," LM":0.0," Max":3578918.8776199976," T.MTD":2188073.6350604682," A.MTD":0.0," Gap MTD":-2188073.6350604682," Ach":0.0," vs LY":"0x7"," vs 3LM":-1.0," vs LM":"0x7"}
{"szEmployeeId":17210032876,"szname":"Asman","Channel Group":"Wholesaler"," LY":475650168.3940237164," 3LM":540039517.1813538074," LM":352013612.5393791199," Max":993805787.6647043228," T.MTD":546044983.6042432785," A.MTD":272926354.6175968647," Gap MTD":-273118628.9866462946," Ach":0.4998239391," vs LY":-0.4262035993," vs 3LM":-0.4946178086," vs LM":-0.2246710215}
{"szEmployeeId":17210036369,"szname":"Muhammad Tamrin","Channel Group":"MTI"," LY":5431663.62115," 3LM":8810146.0575339999," LM":8616775.7870260011," Max":18796975.2708690017," T.MTD":11864971.3647018932," A.MTD":4332514.4608100001," Gap MTD":-7532456.9038918912," Ach":0.3651516997," vs LY":-0.2023595784," vs 3LM":-0.5082357963," vs LM":-0.497200047}
{"szEmployeeId":17210036369,"szname":"Muhammad Tamrin","Channel Group":"Retail"," LY":0.0," 3LM":1832672.6611370002," LM":0.0," Max":4333153.0708910003," T.MTD":2597856.7274311492," A.MTD":0.0," Gap MTD":-2597856.7274311492," Ach":0.0," vs LY":"0x7"," vs 3LM":-1.0," vs LM":"0x7"}
{"szEmployeeId":17210036369,"szname":"Muhammad Tamrin","Channel Group":"Wholesaler"," LY":178783498.9397591054," 3LM":361062854.8502703309," LM":283670623.5084448457," Max":751450395.3860816956," T.MTD":479330315.6933181286," A.MTD":137306968.9545440078," Gap MTD":-342023346.7387740016," Ach":0.2864558415," vs LY":-0.2319930543," vs 3LM":-0.6197144982," vs LM":-0.515963383}
{"szEmployeeId":17210036369,"szname":"Muhammad Tamrin","Channel Group":"FS"," LY":0.0," 3LM":205308.41," LM":62454.95," Max":1145008.1100000001," T.MTD":206856.2145487031," A.MTD":559458.5600000001," Gap MTD":352602.3454512969," Ach":2.7045769992," vs LY":"0x7"," vs 3LM":1.7249666002," vs LM":7.9577937377}
{"szEmployeeId":17210037632,"szname":"Robianor","Channel Group":"MTI"," LY":1422998.6700000002," 3LM":903789.5327926668," LM":939189.25," Max":1825953.4599999997," T.MTD":1008560.1854626002," A.MTD":431554.0600000001," Gap MTD":-577006.1254626001," Ach":0.4278912317," vs LY":-0.6967291192," vs 3LM":-0.5225060212," vs LM":-0.5405036205}
{"szEmployeeId":17210037632,"szname":"Robianor","Channel Group":"Retail"," LY":80079931.6256539971," 3LM":84315012.2939103544," LM":72837206.7012519985," Max":197982994.3009111583," T.MTD":93216950.9014685303," A.MTD":42013809.8554470092," Gap MTD":-51203141.0460214987," Ach":0.4507099776," vs LY":-0.4753515768," vs 3LM":-0.5017042788," vs LM":-0.423182028}
{"szEmployeeId":17210037632,"szname":"Robianor","Channel Group":"Wholesaler"," LY":334801807.0679849386," 3LM":506534531.8988757133," LM":393030831.432433784," Max":925045977.5387041569," T.MTD":538929291.3528574705," A.MTD":219383924.7170130312," Gap MTD":-319545366.6358446479," Ach":0.4070736704," vs LY":-0.3447349444," vs 3LM":-0.5668924606," vs LM":-0.4418149744}
{"szEmployeeId":17210037632,"szname":"Robianor","Channel Group":"FS"," LY":0.0," 3LM":1216782.5799999996," LM":1715245.04," Max":2691420.7199999997," T.MTD":1845197.5602112822," A.MTD":727272.97," Gap MTD":-1117924.5902112823," Ach":0.3941436872," vs LY":"0x7"," vs 3LM":-0.4022983383," vs LM":-0.5759947104}
{"szEmployeeId":17210037897,"szname":"Hindra","Channel Group":"MTI"," LY":16502747.2325130012," 3LM":19756485.6309050061," LM":13644235.237799," Max":38486811.6859010011," T.MTD":22010478.9790064655," A.MTD":5651178.406924," Gap MTD":-16359300.5720824655," Ach":0.2567494516," vs LY":-0.6575613546," vs 3LM":-0.7139583167," vs LM":-0.5858193363}
{"szEmployeeId":17210037897,"szname":"Hindra","Channel Group":"Retail"," LY":64560985.7198299915," 3LM":69826341.1267889887," LM":62420705.3461010307," Max":185745523.823581934," T.MTD":78932617.6066683382," A.MTD":35578053.150947012," Gap MTD":-43354564.4557213411," Ach":0.4507395577," vs LY":-0.448923328," vs 3LM":-0.4904780549," vs LM":-0.4300280179}
{"szEmployeeId":17210037897,"szname":"Hindra","Channel Group":"Wholesaler"," LY":397637831.799883008," 3LM":485493413.7695095539," LM":346020317.5945869684," Max":1037000507.1207815409," T.MTD":536056903.4143255353," A.MTD":241971105.9079630077," Gap MTD":-294085797.5063624978," Ach":0.4513907094," vs LY":-0.3914786608," vs 3LM":-0.501597552," vs LM":-0.3007026073}
{"szEmployeeId":17210041467,"szname":"Doli Purnama Sari","Channel Group":"MTI"," LY":37933368.0367610157," 3LM":22896710.9762570001," LM":17492132.5518770032," Max":57082397.414203994," T.MTD":24527450.8063608147," A.MTD":10442659.5484650005," Gap MTD":-14084791.2578958198," Ach":0.4257539697," vs LY":-0.7247104571," vs 3LM":-0.5439231617," vs LM":-0.4030082085}
{"szEmployeeId":17210041467,"szname":"Doli Purnama Sari","Channel Group":"Retail"," LY":68066274.8608330488," 3LM":125349763.6301400363," LM":102119740.0444930941," Max":239686738.3844669163," T.MTD":134472549.1936392486," A.MTD":69773558.1715620607," Gap MTD":-64698991.0220771581," Ach":0.5188684128," vs LY":0.0250826612," vs 3LM":-0.4433690487," vs LM":-0.3167475932}
{"szEmployeeId":17210042412,"szname":"Muhammad Rizky Algifari","Channel Group":"MTI"," LY":1283243.194594," 3LM":3241929.4156709993," LM":816531.54," Max":10895890.6953409985," T.MTD":3982012.9156207973," A.MTD":155675.68," Gap MTD":-3826337.2356207976," Ach":0.03909472," vs LY":-0.8786857545," vs 3LM":-0.9519805461," vs LM":-0.8093451724}
{"szEmployeeId":17210042412,"szname":"Muhammad Rizky Algifari","Channel Group":"Retail"," LY":58886052.71633102," 3LM":83197071.5796729624," LM":71447138.7885580212," Max":216838358.8887220025," T.MTD":101024006.1250056475," A.MTD":40723489.6136430055," Gap MTD":-60300516.5113627091," Ach":0.4031070552," vs LY":-0.3084357376," vs 3LM":-0.5105177521," vs LM":-0.4300193079}
{"szEmployeeId":17210042412,"szname":"Muhammad Rizky Algifari","Channel Group":"Wholesaler"," LY":241254366.4663739502," 3LM":252882203.8972823322," LM":217408431.7757470012," Max":569545714.0387109518," T.MTD":297422198.2807696462," A.MTD":152008286.8534529507," Gap MTD":-145413911.4273166955," Ach":0.5110858831," vs LY":-0.3699252408," vs 3LM":-0.3988968598," vs LM":-0.3008169664}
{"szEmployeeId":17210042412,"szname":"Muhammad Rizky Algifari","Channel Group":"FS"," LY":0.0," 3LM":2787993.0902699996," LM":1219164.86081," Max":6250214.4108999986," T.MTD":3571782.6786036403," A.MTD":281081.08," Gap MTD":-3290701.5986036402," Ach":0.0786948998," vs LY":"0x7"," vs 3LM":-0.8991815722," vs LM":-0.7694478499}
{"szEmployeeId":17210042423,"szname":"Siti Fatimah Hadijah","Channel Group":"MTI"," LY":3210519.6396340001," 3LM":5771689.5683116671," LM":7482483.8656709995," Max":10068072.6856639981," T.MTD":6534842.3421556875," A.MTD":2621798.23324," Gap MTD":-3913044.1089156866," Ach":0.4012029818," vs LY":-0.1833726227," vs 3LM":-0.5457485712," vs LM":-0.6496085685}
{"szEmployeeId":17210042423,"szname":"Siti Fatimah Hadijah","Channel Group":"Retail"," LY":31261397.2308279797," 3LM":68711569.5441319942," LM":64477192.378174983," Max":178313324.0653550327," T.MTD":73465157.6578443348," A.MTD":31603159.4034930021," Gap MTD":-41861998.2543513328," Ach":0.4301788822," vs LY":0.0109324024," vs 3LM":-0.5400605806," vs LM":-0.509855218}
