{"szEmployeeId":17210032876,"szname":"Asman","Channel Group":"MTI"," LY":21169006.9265009984," 3LM":42310684.816147998," LM":47266336.974120006," Max":82452757.3701649904," T.MTD":40934722.5314864367," A.MTD":33470687.8763680011," Gap MTD":-7464034.65511843," Ach":0.8176600648," vs LY":0.5811175268," vs 3LM":-0.2089306041," vs LM":-0.2918704935}
{"szEmployeeId":17210032876,"szname":"Asman","Channel Group":"Retail"," LY":76811157.4896030128," 3LM":96941305.5763410181," LM":101640019.3369370401," Max":156385980.7801529467," T.MTD":105473277.3260157704," A.MTD":83379017.2611030191," Gap MTD":-22094260.0649127737," Ach":0.7905226743," vs LY":0.0855065851," vs 3LM":-0.1399020596," vs LM":-0.1796635045}
{"szEmployeeId":17210032876,"szname":"Asman","Channel Group":"Wholesaler"," LY":788882644.0373419523," 3LM":837612370.3809401989," LM":749459325.3251788616," Max":1389337278.227938652," T.MTD":957018000.1424978971," A.MTD":505655105.8417689204," Gap MTD":-451362894.3007286191," Ach":0.5283653032," vs LY":-0.3590236651," vs 3LM":-0.3963137082," vs LM":-0.3253068062}
{"szEmployeeId":17210036369,"szname":"Muhammad Tamrin","Channel Group":"MTI"," LY":12658314.9492359962," 3LM":19021478.0294913314," LM":12689549.127076," Max":21848086.5607799999," T.MTD":18928587.5794137269," A.MTD":8998791.6823939998," Gap MTD":-9929795.897019729," Ach":0.4754074568," vs LY":-0.2891003488," vs 3LM":-0.5269141721," vs LM":-0.290850164}
{"szEmployeeId":17210036369,"szname":"Muhammad Tamrin","Channel Group":"Retail"," LY":79954838.9530020207," 3LM":124962900.3111244142," LM":120178051.4413520694," Max":194122054.6556290686," T.MTD":134196862.5680801868," A.MTD":109954725.8493630141," Gap MTD":-24242136.7187171057," Ach":0.8193539234," vs LY":0.3752103974," vs 3LM":-0.1201010414," vs LM":-0.085068159}
{"szEmployeeId":17210036369,"szname":"Muhammad Tamrin","Channel Group":"Wholesaler"," LY":598965872.683431983," 3LM":517196527.5025513172," LM":403397571.6281710267," Max":889666323.6992169619," T.MTD":585100549.8525060415," A.MTD":285594202.2810479403," Gap MTD":-299506347.5714581013," Ach":0.488111321," vs LY":-0.5231878554," vs 3LM":-0.447803326," vs LM":-0.2920279586}
{"szEmployeeId":17210037632,"szname":"Robianor","Channel Group":"MTI"," LY":899858.2500000001," 3LM":1199299.8566666665," LM":1186806.75," Max":1915342.6400000001," T.MTD":1270189.5029141023," A.MTD":579722.4900000001," Gap MTD":-690467.0129141022," Ach":0.456406299," vs LY":-0.3557624326," vs 3LM":-0.5166158932," vs LM":-0.5115274749}
{"szEmployeeId":17210037632,"szname":"Robianor","Channel Group":"Retail"," LY":79473398.4938799739," 3LM":129707692.1635050476," LM":122043145.1791870296," Max":195841664.2999130487," T.MTD":136634394.0787501037," A.MTD":92115711.7350880057," Gap MTD":-44518682.3436620161," Ach":0.6741766036," vs LY":0.1590760365," vs 3LM":-0.2898207485," vs LM":-0.2452201097}
{"szEmployeeId":17210037632,"szname":"Robianor","Channel Group":"Wholesaler"," LY":490055394.1643771529," 3LM":525167979.1844925284," LM":496794036.5263890028," Max":806826990.6204502583," T.MTD":577272057.6865719557," A.MTD":288445874.7539919615," Gap MTD":-288826182.9325797558," Ach":0.4996705988," vs LY":-0.4114014901," vs 3LM":-0.4507550228," vs LM":-0.419385392}
{"szEmployeeId":17210037632,"szname":"Robianor","Channel Group":"FS"," LY":0.0," 3LM":373272.67," LM":1119818.01," Max":0.0," T.MTD":348358.7317645268," A.MTD":813000.0," Gap MTD":464641.2682354732," Ach":2.3338011247," vs LY":0.0," vs 3LM":1.1780324823," vs LM":-0.2739891726}
{"szEmployeeId":17210037897,"szname":"Hindra","Channel Group":"MTI"," LY":7395224.9923719987," 3LM":7463921.3944736663," LM":4107387.2315170001," Max":10895890.6953410003," T.MTD":7958121.143160658," A.MTD":5753468.3247560002," Gap MTD":-2204652.8184046582," Ach":0.7229681757," vs LY":-0.2220022608," vs 3LM":-0.2291627925," vs LM":0.4007611166}
{"szEmployeeId":17210037897,"szname":"Hindra","Channel Group":"Retail"," LY":78565132.5062869638," 3LM":148258812.6078156233," LM":140818250.0088180006," Max":197613845.1256380677," T.MTD":160695544.6958368123," A.MTD":92324134.6613190174," Gap MTD":-68371410.034517765," Ach":0.5745282785," vs LY":0.1751286062," vs 3LM":-0.3772772556," vs LM":-0.3443737963}
{"szEmployeeId":17210037897,"szname":"Hindra","Channel Group":"Wholesaler"," LY":254276764.8537220657," 3LM":275454833.9924894571," LM":313040827.5213649869," Max":435767892.7778610587," T.MTD":307662334.161002636," A.MTD":118490644.8744569719," Gap MTD":-189171689.2865455151," Ach":0.3851321131," vs LY":-0.5340091536," vs 3LM":-0.5698363933," vs LM":-0.6214850126}
{"szEmployeeId":17210037897,"szname":"Hindra","Channel Group":"FS"," LY":0.0," 3LM":0.0," LM":0.0," Max":0.0," T.MTD":0.0," A.MTD":1476208.9909000001," Gap MTD":1476208.9909000001," Ach":"0x7"," vs LY":0.0," vs 3LM":0.0," vs LM":0.0}
{"szEmployeeId":17210041467,"szname":"Doli Purnama Sari","Channel Group":"MTI"," LY":20755651.357928995," 3LM":29890563.3735846803," LM":39858908.5274609998," Max":52517061.5682559907," T.MTD":31383057.0891272426," A.MTD":8537783.3864810001," Gap MTD":-22845273.7026462443," Ach":0.2720507235," vs LY":-0.588652592," vs 3LM":-0.714365257," vs LM":-0.78579987}
{"szEmployeeId":17210041467,"szname":"Doli Purnama Sari","Channel Group":"Retail"," LY":74617839.2979770154," 3LM":120443896.6219210327," LM":139721972.8149389625," Max":184569391.3484419882," T.MTD":127856766.9522855282," A.MTD":111381947.3284589797," Gap MTD":-16474819.6238264069," Ach":0.8711462833," vs LY":0.4926986412," vs 3LM":-0.0752379286," vs LM":-0.2028315584}
{"szEmployeeId":17210041467,"szname":"Doli Purnama Sari","Channel Group":"Wholesaler"," LY":374252.23," 3LM":823363.3166666667," LM":1080450.3999999999," Max":4185405.3326919996," T.MTD":902175.9585874171," A.MTD":139549.56," Gap MTD":-762626.3985874171," Ach":0.1546810893," vs LY":-0.627124306," vs 3LM":-0.8305127795," vs LM":-0.8708413084}
{"szEmployeeId":17210041719,"szname":"Muhammad Iqbal Purwa Atmaja","Channel Group":"MTI"," LY":4148539.3897130005," 3LM":4871699.4093350004," LM":6176315.8119729999," Max":9287457.2679249998," T.MTD":5241325.1916284403," A.MTD":1474251.2510809998," Gap MTD":-3767073.9405474411," Ach":0.2812745245," vs LY":-0.644633662," vs 3LM":-0.6973846029," vs LM":-0.7613057208}
{"szEmployeeId":17210041719,"szname":"Muhammad Iqbal Purwa Atmaja","Channel Group":"Retail"," LY":56131270.331341967," 3LM":86453907.0363640338," LM":107969826.4296259582," Max":128228322.6198809594," T.MTD":94331890.8888130635," A.MTD":64010883.2926629633," Gap MTD":-30321007.5961500891," Ach":0.6785709763," vs LY":0.1403783117," vs 3LM":-0.2595952515," vs LM":-0.4071410003}
{"szEmployeeId":17210041719,"szname":"Muhammad Iqbal Purwa Atmaja","Channel Group":"Wholesaler"," LY":925968.336214," 3LM":2313251.2799043334," LM":3061342.2485499997," Max":3831685.4831440002," T.MTD":2468783.9195584627," A.MTD":982235.1032420001," Gap MTD":-1486548.8163164626," Ach":0.3978619171," vs LY":0.0607653251," vs 3LM":-0.5753876322," vs LM":-0.6791488754}
