{"szEmployeeId":17210032876,"szname":"Asman","Channel Group":"MTI"," LY":39106913.5547939986," 3LM":36119787.243042998," LM":38431989.4380870014," Max":63075717.2735719979," T.MTD":37542262.4466931894," A.MTD":24185050.7128700018," Gap MTD":-13357211.7338231821," Ach":0.6442086634," vs LY":-0.3815658533," vs 3LM":-0.3304210086," vs LM":-0.3707052103}
{"szEmployeeId":17210032876,"szname":"Asman","Channel Group":"Wholesaler"," LY":628664289.5748058558," 3LM":573947178.1059947014," LM":663411158.5221298933," Max":867587860.1558200121," T.MTD":599157737.553306818," A.MTD":411186450.3585778475," Gap MTD":-187971287.1947287023," Ach":0.6862741221," vs LY":-0.3459363651," vs 3LM":-0.2835813712," vs LM":-0.3801936475}
{"szEmployeeId":17210036369,"szname":"Muhammad Tamrin","Channel Group":"MTI"," LY":7732869.7825000007," 3LM":8129104.9005973339," LM":7435160.4140520003," Max":24433837.9399179965," T.MTD":9188163.3720141575," A.MTD":5203900.0856720004," Gap MTD":-3984263.2863421584," Ach":0.5663699996," vs LY":-0.3270415471," vs 3LM":-0.3598434084," vs LM":-0.3000957887}
{"szEmployeeId":17210036369,"szname":"Muhammad Tamrin","Channel Group":"Wholesaler"," LY":408870048.9055979252," 3LM":336496140.6378003955," LM":349902622.8541091681," Max":614202457.9243078232," T.MTD":531066712.611710012," A.MTD":320224478.8638741374," Gap MTD":-210842233.7478359938," Ach":0.6029835259," vs LY":-0.2168062207," vs 3LM":-0.0483561617," vs LM":-0.0848182953}
{"szEmployeeId":17210036369,"szname":"Muhammad Tamrin","Channel Group":"FS"," LY":0.0," 3LM":261696.3966666666," LM":559458.5600000001," Max":1357067.5650450001," T.MTD":134156.9895038807," A.MTD":0.0," Gap MTD":-134156.9895038807," Ach":0.0," vs LY":0.0," vs 3LM":-1.0," vs LM":-1.0}
{"szEmployeeId":17210036369,"szname":"Muhammad Tamrin","Channel Group":null," LY":0.0," 3LM":8477537.2385876663," LM":10997332.4345939998," Max":18796494.9865939952," T.MTD":4410967.0267720493," A.MTD":0.0," Gap MTD":-4410967.0267720493," Ach":0.0," vs LY":0.0," vs 3LM":-1.0," vs LM":-1.0}
{"szEmployeeId":17210037632,"szname":"Robianor","Channel Group":"MTI"," LY":755967.33," 3LM":895788.0327926665," LM":653851.36," Max":1259422.5983779998," T.MTD":1064800.6437982945," A.MTD":552527.05," Gap MTD":-512273.5937982944," Ach":0.5189018745," vs LY":-0.269112529," vs 3LM":-0.383194428," vs LM":-0.1549653579}
{"szEmployeeId":17210037632,"szname":"Robianor","Channel Group":"Retail"," LY":92432298.2187919915," 3LM":80032354.429581359," LM":77245120.3543159813," Max":126334117.8612870276," T.MTD":93280378.769022882," A.MTD":66259464.1686619893," Gap MTD":-27020914.6003608219," Ach":0.7103258482," vs LY":-0.2831568029," vs 3LM":-0.1720915292," vs LM":-0.142218125}
{"szEmployeeId":17210037632,"szname":"Robianor","Channel Group":"Wholesaler"," LY":498628610.9390899539," 3LM":523105476.8076730967," LM":591327117.9056618214," Max":791429039.2426971197," T.MTD":590038268.2440171242," A.MTD":363569687.6878829598," Gap MTD":-226468580.5561339259," Ach":0.6161798433," vs LY":-0.2708607575," vs 3LM":-0.3049782428," vs LM":-0.385163175}
{"szEmployeeId":17210037632,"szname":"Robianor","Channel Group":"FS"," LY":0.0," 3LM":865929.4266666666," LM":882543.24," Max":1756055.8500000001," T.MTD":822451.9346338565," A.MTD":0.0," Gap MTD":-822451.9346338565," Ach":0.0," vs LY":0.0," vs 3LM":-1.0," vs LM":-1.0}
{"szEmployeeId":17210037632,"szname":"Robianor","Channel Group":null," LY":0.0," 3LM":5469595.4916176666," LM":2688431.5286480002," Max":8058924.2074030004," T.MTD":5794100.408527853," A.MTD":4133795.494767," Gap MTD":-1660304.913760853," Ach":0.7134490608," vs LY":0.0," vs 3LM":-0.244222813," vs LM":0.5376234993}
{"szEmployeeId":17210037897,"szname":"Hindra","Channel Group":"MTI"," LY":19999098.2859690003," 3LM":14341740.2633229978," LM":9187935.156281," Max":22585637.8516489938," T.MTD":15513870.5988567844," A.MTD":27238677.5055220015," Gap MTD":11724806.9066652209," Ach":1.7557628402," vs LY":0.3619952818," vs 3LM":0.8992588769," vs LM":1.9646135984}
{"szEmployeeId":17210037897,"szname":"Hindra","Channel Group":"Retail"," LY":77094695.80430004," 3LM":67840553.8104903102," LM":60951851.5533570349," Max":114284294.4727860242," T.MTD":74340842.9775812626," A.MTD":56038482.5769390166," Gap MTD":-18302360.4006422497," Ach":0.7538047772," vs LY":-0.2731214256," vs 3LM":-0.1739677902," vs LM":-0.0806106599}
{"szEmployeeId":17210037897,"szname":"Hindra","Channel Group":"Wholesaler"," LY":559987894.8810399771," 3LM":554869293.8171825409," LM":669218487.0075330734," Max":833027815.370888114," T.MTD":599280691.5995817184," A.MTD":370956905.7750769854," Gap MTD":-228323785.8245046437," Ach":0.6190036004," vs LY":-0.3375626345," vs 3LM":-0.3314517312," vs LM":-0.4456864044}
{"szEmployeeId":17210037897,"szname":"Hindra","Channel Group":null," LY":0.0," 3LM":4977110.9435006669," LM":5915387.5635060007," Max":7790346.0709719993," T.MTD":5564594.8239803826," A.MTD":6081673.0032139998," Gap MTD":517078.1792336171," Ach":1.0929228804," vs LY":0.0," vs 3LM":0.2219283581," vs LM":0.0281106585}
{"szEmployeeId":17210041467,"szname":"Doli Purnama Sari","Channel Group":"MTI"," LY":18615404.4344820008," 3LM":24348397.4772806652," LM":28675182.1606120095," Max":41639558.7664679885," T.MTD":27284225.7324008346," A.MTD":15012643.3407110013," Gap MTD":-12271582.3916898277," Ach":0.5502316059," vs LY":-0.1935365469," vs 3LM":-0.3834237611," vs LM":-0.4764586583}
{"szEmployeeId":17210041467,"szname":"Doli Purnama Sari","Channel Group":"Retail"," LY":70740094.2005720139," 3LM":129386208.9294185936," LM":127744849.1417050213," Max":193817404.5051651001," T.MTD":143996157.2073519826," A.MTD":88936979.2180219591," Gap MTD":-55059177.9893300086," Ach":0.6176343935," vs LY":0.2572358042," vs 3LM":-0.3126239655," vs LM":-0.3037920526}
{"szEmployeeId":17210041467,"szname":"Doli Purnama Sari","Channel Group":null," LY":0.0," 3LM":1143090.0883769998," LM":3429270.265131," Max":3429270.265131," T.MTD":1319617.0602470958," A.MTD":327297.328547," Gap MTD":-992319.7317000958," Ach":0.248024475," vs LY":0.0," vs 3LM":-0.7136731987," vs LM":-0.9045577329}
{"szEmployeeId":17210042412,"szname":"Muhammad Rizky Algifari","Channel Group":"MTI"," LY":3010351.7354910001," 3LM":1925390.3847133331," LM":301621.63," Max":4711216.20414," T.MTD":2416159.3341298415," A.MTD":968918.942971," Gap MTD":-1447240.3911588416," Ach":0.401016162," vs LY":-0.6781376304," vs 3LM":-0.4967675383," vs LM":2.2123655819}
{"szEmployeeId":17210042412,"szname":"Muhammad Rizky Algifari","Channel Group":"Retail"," LY":97332741.2617969662," 3LM":72444849.7679630071," LM":67736587.0799949765," Max":118443065.114451021," T.MTD":93239790.435525164," A.MTD":76788551.276418969," Gap MTD":-16451239.159106154," Ach":0.823559887," vs LY":-0.211071729," vs 3LM":0.0599587344," vs LM":0.1336347842}
{"szEmployeeId":17210042412,"szname":"Muhammad Rizky Algifari","Channel Group":"Wholesaler"," LY":380867912.3247701526," 3LM":269942317.0863668919," LM":342616891.7136969566," Max":421462191.4019371867," T.MTD":334389933.3915294409," A.MTD":170873817.1051810384," Gap MTD":-163516116.2863484919," Ach":0.5110016781," vs LY":-0.5513567524," vs 3LM":-0.3669987761," vs LM":-0.5012685561}
{"szEmployeeId":17210042412,"szname":"Muhammad Rizky Algifari","Channel Group":"FS"," LY":0.0," 3LM":1493840.5336033334," LM":485405.4," Max":2776951.3399999999," T.MTD":2792713.5948534049," A.MTD":843243.2400000001," Gap MTD":-1949470.3548534047," Ach":0.3019440452," vs LY":0.0," vs 3LM":-0.4355199092," vs LM":0.7371937766}
{"szEmployeeId":17210042412,"szname":"Muhammad Rizky Algifari","Channel Group":null," LY":0.0," 3LM":3614881.373420334," LM":10844644.1202610005," Max":10999583.7602610011," T.MTD":5561403.2439622432," A.MTD":3969762.1728750016," Gap MTD":-1591641.0710872421," Ach":0.7138058506," vs LY":0.0," vs 3LM":0.098172184," vs LM":-0.6339426053}
{"szEmployeeId":17210042423,"szname":"Siti Fatimah Hadijah","Channel Group":"MTI"," LY":4713110.5314349998,