{"szEmployeeId":17210032876,"szname":"Asman","Channel Group":"Wholesaler","Project":"SMALL"," LY":113154712.5523940027," 3LM":96575116.4175313264," LM":128251428.3331319839," T.MTD":104003451.6486701071," A.MTD":91942910.3659799993," Gap MTD":-12060541.2826901432,"CR":84,"CA":74}
{"szEmployeeId":17210032876,"szname":"Asman","Channel Group":"Wholesaler","Project":"BIG"," LY":179819457.5685679913," 3LM":182259048.0845439434," LM":237749828.7624719739," T.MTD":195513165.0019548535," A.MTD":87246391.1108269989," Gap MTD":-108266773.8911278695,"CR":6,"CA":3}
{"szEmployeeId":17210032876,"szname":"Asman","Channel Group":"Wholesaler","Project":"MEDIUM"," LY":308421208.691083014," 3LM":284613881.1719802618," LM":308918108.8650539517," T.MTD":304153102.9825348854," A.MTD":284184334.1603140235," Gap MTD":-19968768.8222207688,"CR":38,"CA":37}
{"szEmployeeId":17210032876,"szname":"Asman","Channel Group":"MTI","Project":"SMALL"," LY":34048485.336887002," 3LM":32043444.3307293318," LM":32516065.1205199994," T.MTD":34095595.7538453043," A.MTD":24175854.2012419999," Gap MTD":-9919741.5526033062,"CR":12,"CA":10}
{"szEmployeeId":17210032876,"szname":"Asman","Channel Group":"MTI","Project":"MEDIUM"," LY":5347152.8200000003," 3LM":2089511.7266666666," LM":1288976.6000000003," T.MTD":2234684.6129952064," A.MTD":4021804.5680139991," Gap MTD":1787119.9550187928,"CR":1,"CA":1}
{"szEmployeeId":17210041467,"szname":"Doli Purnama Sari","Channel Group":"Retail","Project":"SMALL"," LY":23827841.9374160059," 3LM":41149611.3928150088," LM":46379662.2740290165," T.MTD":47113074.3543943912," A.MTD":40276343.4205789939," Gap MTD":-6836730.9338153861,"CR":192,"CA":159}
{"szEmployeeId":17210041467,"szname":"Doli Purnama Sari","Channel Group":"Retail","Project":"BIG"," LY":20685303.5999390036," 3LM":34991672.9088049829," LM":45328892.4202049971," T.MTD":39718860.4844924882," A.MTD":30849759.1718639955," Gap MTD":-8869101.3126284871,"CR":37,"CA":35}
{"szEmployeeId":17210041467,"szname":"Doli Purnama Sari","Channel Group":"Retail","Project":"MEDIUM"," LY":34628965.4289449975," 3LM":51924588.6242276728," LM":58950258.681080021," T.MTD":59064265.5461340994," A.MTD":47046923.451673992," Gap MTD":-12017342.0944600701,"CR":110,"CA":99}
{"szEmployeeId":17210041467,"szname":"Doli Purnama Sari","Channel Group":"MTI","Project":"SMALL"," LY":21067413.380861003," 3LM":24608924.1904339939," LM":27319349.7488129959," T.MTD":28103799.6149790436," A.MTD":15258146.0659340024," Gap MTD":-12845653.5490450431,"CR":10,"CA":8}
{"szEmployeeId":17210037897,"szname":"Hindra","Channel Group":"Wholesaler","Project":"SMALL"," LY":85532221.5947379917," 3LM":73661800.6425373107," LM":96132246.5938530415," T.MTD":78651515.6282103807," A.MTD":66977617.1155520007," Gap MTD":-11673898.51265838,"CR":33,"CA":29}
{"szEmployeeId":17210037897,"szname":"Hindra","Channel Group":"Wholesaler","Project":"BIG"," LY":120065088.6087739915," 3LM":89894632.1220079958," LM":96764484.7424819916," T.MTD":92694310.4419830143," A.MTD":61476939.5879909918," Gap MTD":-31217370.8539920151,"CR":3,"CA":3}
{"szEmployeeId":17210037897,"szname":"Hindra","Channel Group":"Wholesaler","Project":"MEDIUM"," LY":276235886.9062010646," 3LM":346444480.0356932878," LM":419341882.6884539723," T.MTD":358813290.1302070618," A.MTD":333999355.8532960415," Gap MTD":-24813934.2769111469,"CR":25,"CA":25}
{"szEmployeeId":17210037897,"szname":"Hindra","Channel Group":"Wholesaler","Project":"SPRBIG"," LY":0.0," 3LM":64034204.5119796619," LM":87766041.4246240258," T.MTD":69136681.6916468441," A.MTD":30047387.3724110015," Gap MTD":-39089294.3192358464,"CR":1,"CA":1}
{"szEmployeeId":17210037897,"szname":"Hindra","Channel Group":"Retail","Project":"SMALL"," LY":15152274.0955290012," 3LM":21802258.9009493329," LM":26600128.7295100018," T.MTD":22568589.7729444131," A.MTD":18185652.1275099963," Gap MTD":-4382937.6454344168,"CR":59,"CA":49}
{"szEmployeeId":17210037897,"szname":"Hindra","Channel Group":"Retail","Project":"BIG"," LY":38152293.193547003," 3LM":25522027.2397469953," LM":32238322.1514709964," T.MTD":26959753.0934512727," A.MTD":31780178.0555979982," Gap MTD":4820424.9621467218,"CR":27,"CA":22}
{"szEmployeeId":17210037897,"szname":"Hindra","Channel Group":"Retail","Project":"MEDIUM"," LY":34221701.1880770102," 3LM":28168237.9769103378," LM":32673887.5338010006," T.MTD":29198668.4666271247," A.MTD":22028429.7018519975," Gap MTD":-7170238.7647751216,"CR":42,"CA":39}
{"szEmployeeId":17210037897,"szname":"Hindra","Channel Group":"MTI","Project":"SMALL"," LY":12336513.0842719991," 3LM":13448863.3805346638," LM":25084787.3637220003," T.MTD":14186218.7447670735," A.MTD":14721459.425548004," Gap MTD":535240.6807809294,"CR":3,"CA":3}
{"szEmployeeId":17210037897,"szname":"Hindra","Channel Group":"MTI","Project":"MEDIUM"," LY":3948288.1514409999," 3LM":4580362.7901383331," LM":5959909.9388120007," T.MTD":4366781.694938371," A.MTD":3549027.0288239997," Gap MTD":-817754.6661143713,"CR":1,"CA":1}
{"szEmployeeId":17210037897,"szname":"Hindra","Channel Group":"FS","Project":"SMALL"," LY":0.0," 3LM":1098083.4839033331," LM":3294250.4517099997," T.MTD":1424190.335224509," A.MTD":0.0," Gap MTD":-1424190.335224509,"CR":1,"CA":0}
{"szEmployeeId":17210036369,"szname":"Muhammad Tamrin","Channel Group":"Wholesaler","Project":"SMALL"," LY":90456113.9664879888," 3LM":93892900.1646382958," LM":113577553.8412120193," T.MTD":121155608.8546133339," A.MTD":108211494.9118710011," Gap MTD":-12944113.9427423794,"CR":91,"CA":84}
{"szEmployeeId":17210036369,"szname":"Muhammad Tamrin","Channel Group":"Wholesaler","Project":"BIG"," LY":124915563.3332720101," 3LM":138124635.7992056608," LM":204235581.9986810088," T.MTD":192532967.0261495709," A.MTD":109617850.5300219953," Gap MTD":-82915116.4961275905,"CR":6,"CA":5}
{"szEmployeeId":17210036369,"szname":"Muhammad Tamrin","Channel Group":"Wholesaler","Project":"MEDIUM"," LY":171835258.7421540022," 3LM":169937431.4029223323," LM":216714096.4413159788," T.MTD":226020592.8525646627," A.MTD":157565918.1515399814," Gap MTD":-68454674.7010246962,"CR":39,"CA":36}
{"szEmployeeId":17210036369,"szname":"Muhammad Tamrin","Channel Group":"MTI","Project":"SMALL"," LY":9220977.0389109999," 3LM":7021659.8584660003," LM":7157107.3343199994," T.MTD":7492187.9897055533," A.MTD":7331354.0832420001," Gap MTD":-160833.9064635533,"CR":12,"CA":10}
{"szEmployeeId":17210036369,"szname":"Muhammad Tamrin","Channel Group":"MTI","Project":"MEDIUM"," LY":849455.8," 3LM":878081.9838733333," LM":1075381.986215," T.MTD":672370.8713666479," A.MTD":2312654.9526999998," Gap MTD":1640284.0813333518,"CR":1,"CA":1}
{"szEmployeeId":17210036369,"szname":"Muhammad Tamrin","Channel Group":"FS","Project":"SMALL"," LY":0.0," 3LM":253926.1233333334," LM":139864.86," T.MTD":126272.4056000528," A.MTD":0.0," Gap MTD":-126272.4056000528,"CR":1,"CA":0}
{"szEmployeeId":17210037632,"szname":"Robianor","Channel Group":"Wholesaler","Project":"SMALL"," LY":92566076.1370660067," 3LM":86901317.7633430064," LM":103544497.8632770032," T.MTD":95644573.486134693," A.MTD":84465154.544065997," Gap MTD":-11179418.9420686662,"CR":38,"CA":35}
{"szEmployeeId":17210037632,"szname":"Robianor","Channel Group":"Wholesaler","Project":"BIG"," LY":174758019.7379460335," 3LM":121601145.5747106373," LM":159793967.4430249929," T.MTD":133072037.5864421725," A.MTD":92032791.9076609761," Gap MTD":-41039245.6787811965,"CR":3,"CA":2}
{"szEmployeeId":17210037632,"szname":"Robianor","Channel Group":"Wholesaler","Project":"MEDIUM"," LY":317994256.6119149923," 3LM":341011205.4726890922," LM":395625709.8037911057," T.MTD":368635585.2972155809," A.MTD":310944528.7790420055," Gap MTD":-57691056.5181735978,"CR":27,"CA":23}
{"szEmployeeId":17210037632,"szname":"Robianor","Channel Group":"Retail","Project":"SMALL"," LY":16089342.354807999," 3LM":14941198.9883133397," LM":18159779.6955210008," T.MTD":15440627.6390339844," A.MTD":23569245.5180279985," Gap MTD":8128617.8789940141,"CR":44,"CA":34}
{"szEmployeeId":17210037632,"szname":"Robianor",