{"szEmployeeId":17210032876,"szname":"Asman","Channel Group":"Wholesaler","Project":"SMALL"," LY":125983189.2822459936," 3LM":120829854.4632547051," LM":3138963735.8002324104," T.MTD":137222901.2916999757," A.MTD":78645558.8745929897," Gap MTD":-58577342.4171069488,"CR":87,"CA":72}
{"szEmployeeId":17210032876,"szname":"Asman","Channel Group":"Wholesaler","Project":"BIG"," LY":170709637.7590119839," 3LM":184487849.2866586745," LM":4649406099.7015028," T.MTD":207281447.4957223535," A.MTD":61748864.8818939924," Gap MTD":-145532582.6138283312,"CR":6,"CA":3}
{"szEmployeeId":17210032876,"szname":"Asman","Channel Group":"Wholesaler","Project":"MEDIUM"," LY":295562063.95212394," 3LM":306133671.7976176143," LM":8744793901.3111610413," T.MTD":346528560.5409649014," A.MTD":176973603.5041190684," Gap MTD":-169554957.0368458629,"CR":36,"CA":29}
{"szEmployeeId":17210032876,"szname":"Asman","Channel Group":"MTI","Project":"SMALL"," LY":24753422.0440990031," 3LM":34936984.8610823378," LM":797029627.9991118908," T.MTD":40178430.619749777," A.MTD":25691962.2195349969," Gap MTD":-14486468.4002147838,"CR":13,"CA":12}
{"szEmployeeId":17210032876,"szname":"Asman","Channel Group":"MTI","Project":"MEDIUM"," LY":3280675.5262150001," 3LM":3407015.9433333329," LM":107459409.0711700022," T.MTD":3788660.0518633146," A.MTD":2650018.0500000003," Gap MTD":-1138642.0018633143,"CR":1,"CA":1}
{"szEmployeeId":17210041467,"szname":"Doli Purnama Sari","Channel Group":"Retail","Project":"SMALL"," LY":34267695.0941339955," 3LM":66938230.4249246269," LM":1254707556.4375946522," T.MTD":96419463.7216711193," A.MTD":50388750.6088000238," Gap MTD":-46030713.1128711626,"CR":225,"CA":170}
{"szEmployeeId":17210041467,"szname":"Doli Purnama Sari","Channel Group":"Retail","Project":"BIG"," LY":26291842.6464550085," 3LM":18104041.6928780004," LM":737238424.1956009865," T.MTD":26188965.451576069," A.MTD":13516162.4385160021," Gap MTD":-12672803.0130600687,"CR":31,"CA":24}
{"szEmployeeId":17210041467,"szname":"Doli Purnama Sari","Channel Group":"Retail","Project":"MEDIUM"," LY":31557695.3800740167," 3LM":33988931.4923650026," LM":948250079.4986212254," T.MTD":48999179.3629964218," A.MTD":27315994.1822459996," Gap MTD":-21683185.180750411,"CR":81,"CA":70}
{"szEmployeeId":17210041467,"szname":"Doli Purnama Sari","Channel Group":"MTI","Project":"SMALL"," LY":25401485.4222429991," 3LM":22925032.878569331," LM":837662370.8712861538," T.MTD":33092391.4637564085," A.MTD":12379955.0942330025," Gap MTD":-20712436.3695234098,"CR":10,"CA":9}
{"szEmployeeId":17210037897,"szname":"Hindra","Channel Group":"Wholesaler","Project":"SMALL"," LY":84227490.9462799877," 3LM":92425486.1364959925," LM":2597765097.3767037392," T.MTD":110226454.1554955542," A.MTD":63696282.3845030144," Gap MTD":-46530171.7709925771,"CR":36,"CA":30}
{"szEmployeeId":17210037897,"szname":"Hindra","Channel Group":"Wholesaler","Project":"BIG"," LY":87960277.8117869943," 3LM":133444769.2766159773," LM":5913648823.7853126526," T.MTD":154217771.1698026955," A.MTD":53836915.3007480055," Gap MTD":-100380855.86905469,"CR":4,"CA":4}
{"szEmployeeId":17210037897,"szname":"Hindra","Channel Group":"Wholesaler","Project":"MEDIUM"," LY":256900255.7018099427," 3LM":298790206.1965466738," LM":7407653064.2320632935," T.MTD":368406936.4686129093," A.MTD":202714422.3087120056," Gap MTD":-165692514.1599008739,"CR":24,"CA":22}
{"szEmployeeId":17210037897,"szname":"Hindra","Channel Group":"Retail","Project":"SMALL"," LY":20056721.6573059931," 3LM":31403022.5775683373," LM":656741958.5549188852," T.MTD":40010242.0314661041," A.MTD":27107457.7043199949," Gap MTD":-12902784.3271460924,"CR":87,"CA":57}
{"szEmployeeId":17210037897,"szname":"Hindra","Channel Group":"Retail","Project":"BIG"," LY":18858206.9844480008," 3LM":14289088.0081366673," LM":590709528.3712898493," T.MTD":18361278.5499572642," A.MTD":12365757.1460100003," Gap MTD":-5995521.4039472668,"CR":16,"CA":13}
{"szEmployeeId":17210037897,"szname":"Hindra","Channel Group":"Retail","Project":"MEDIUM"," LY":28880761.3409040049," 3LM":20178079.6796109974," LM":697887148.1912209988," T.MTD":25377639.6872242093," A.MTD":17021967.1231889986," Gap MTD":-8355672.5640352042,"CR":38,"CA":30}
{"szEmployeeId":17210037897,"szname":"Hindra","Channel Group":"MTI","Project":"SMALL"," LY":13259989.5579969995," 3LM":12343972.3459629994," LM":361510841.4341560602," T.MTD":16172703.8967919908," A.MTD":7971666.6396129988," Gap MTD":-8201037.257178992,"CR":3,"CA":2}
{"szEmployeeId":17210037897,"szname":"Hindra","Channel Group":"MTI","Project":"MEDIUM"," LY":5440900.6962089986," 3LM":4271480.5053980006," LM":110591768.0916210413," T.MTD":5326974.0406490108," A.MTD":2504324.3197249998," Gap MTD":-2822649.720924011,"CR":1,"CA":1}
{"szEmployeeId":17210036369,"szname":"Muhammad Tamrin","Channel Group":"Wholesaler","Project":"SMALL"," LY":99650442.1387000531," 3LM":105182920.9870369583," LM":2789232315.6271762848," T.MTD":129290316.375230059," A.MTD":35500822.0074999928," Gap MTD":-93789494.3677300811,"CR":93,"CA":65}
{"szEmployeeId":17210036369,"szname":"Muhammad Tamrin","Channel Group":"Wholesaler","Project":"BIG"," LY":62207430.2440779954," 3LM":173363170.2561996579," LM":3931442760.80235672," T.MTD":207982401.2346918285," A.MTD":34225012.5697109997," Gap MTD":-173757388.6649808288,"CR":6,"CA":3}
{"szEmployeeId":17210036369,"szname":"Muhammad Tamrin","Channel Group":"Wholesaler","Project":"MEDIUM"," LY":89919268.4157639891," 3LM":165621718.6456516981," LM":4631298453.7173748016," T.MTD":202729569.6579274833," A.MTD":77568376.5173610002," Gap MTD":-125161193.1405664533,"CR":37,"CA":29}
{"szEmployeeId":17210036369,"szname":"Muhammad Tamrin","Channel Group":"MTI","Project":"SMALL"," LY":3897837.5951339998," 3LM":7308200.3978346661," LM":147499239.2706579864," T.MTD":9214100.4702820778," A.MTD":5393927.1196360001," Gap MTD":-3820173.3506460772,"CR":13,"CA":9}
{"szEmployeeId":17210036369,"szname":"Muhammad Tamrin","Channel Group":"MTI","Project":"MEDIUM"," LY":448648.639636," 3LM":820357.6523423333," LM":10956858.1080869995," T.MTD":571023.4771637183," A.MTD":290900.0," Gap MTD":-280123.4771637183,"CR":1,"CA":1}
{"szEmployeeId":17210036369,"szname":"Muhammad Tamrin","Channel Group":"FS","Project":"SMALL"," LY":0.0," 3LM":583727.0299999999," LM":1751181.0899999999," T.MTD":312588.7847048221," A.MTD":0.0," Gap MTD":-312588.7847048221,"CR":1,"CA":0}
{"szEmployeeId":17210037632,"szname":"Robianor","Channel Group":"Wholesaler","Project":"SMALL"," LY":82374615.0460359901," 3LM":95519568.8906086534," LM":2387534567.679828167," T.MTD":110687108.9926712811," A.MTD":52840133.4349970073," Gap MTD":-57846975.5576742962,"CR":39,"CA":35}
{"szEmployeeId":17210037632,"szname":"Robianor","Channel Group":"Wholesaler","Project":"BIG"," LY":129298351.9612390101," 3LM":122185345.2467883527," LM":3383654455.4762792587," T.MTD":140230480.9346803725," A.MTD":69204008.8903789967," Gap MTD":-71026472.0443013608,"CR":3,"CA":2}
{"szEmployeeId":17210037632,"szname":"Robianor","Channel Group":"Wholesaler","Project":"MEDIUM"," LY":286701770.0766769648," 3LM":327574650.4983522892," LM":8540280178.9423427582," T.MTD":378392421.9038367867," A.MTD":173328879.9288149774," Gap MTD":-205063541.9750217199,"CR":28,"CA":25}
{"szEmployeeId":17210037632,"szname":"Robianor","Channel Group":"Retail","Project":"SMALL"," LY":20280123.493623998," 3LM":41384526.9507743344," LM":719157890.0892807245," T.MTD":49016603.6172513291," A.MTD":24893285.1412480026," Gap MTD":-24123318.4760033526,"CR":75,"CA":45}
{"szEmployeeId":17210037632,"szname":"Robianor","Channel Group":"Retail","Project":"BIG"," LY":27158870.6086119972," 3LM":26306779.679771997," LM":788377506.2665228844," T.MTD":31972395.2639121041," A.MTD":19961402.0672309995," Gap MTD":-12010993.1966811009,"CR":21,"CA":19}
{"szEmployeeId":17210037632,"szname":"Robianor","Channel Group":"Retail","Project":"MEDIUM"," LY":21699836.239018999," 3LM":24174354.3484819978," LM":677581404.5100121498," T.MTD":27529219.3598855548,