{"szEmployeeId":17210032876,"szname":"Asman","Channel Group":"Wholesaler","Project":"SMALL"," LY":116961280.7350240201," 3LM":101503414.3471863121," LM":88106014.5090199709," T.MTD":107192377.2503653765," A.MTD":93469794.7065030038," Gap MTD":-13722582.5438623596,"CR":88,"CA":76}
{"szEmployeeId":17210032876,"szname":"Asman","Channel Group":"Wholesaler","Project":"BIG"," LY":158463962.3286580145," 3LM":174951077.2376039326," LM":223736880.1437270343," T.MTD":183773526.2590900064," A.MTD":59615559.4462129921," Gap MTD":-124157966.8128769994,"CR":6,"CA":3}
{"szEmployeeId":17210032876,"szname":"Asman","Channel Group":"Wholesaler","Project":"MEDIUM"," LY":353239046.5111240149," 3LM":293389060.9963126779," LM":339257387.2947089076," T.MTD":308054072.0892366171," A.MTD":176365454.7895860076," Gap MTD":-131688617.2996506244,"CR":37,"CA":31}
{"szEmployeeId":17210032876,"szname":"Asman","Channel Group":"MTI","Project":"SMALL"," LY":35121913.7347939983," 3LM":32662247.2685389854," LM":34972701.1345750093," T.MTD":34204271.9197902381," A.MTD":20972965.9942230023," Gap MTD":-13231305.9255672302,"CR":12,"CA":11}
{"szEmployeeId":17210032876,"szname":"Asman","Channel Group":"MTI","Project":"MEDIUM"," LY":3984999.8199999994," 3LM":3337720.1533333338," LM":3099828.8399999994," T.MTD":3475752.4815177452," A.MTD":1288976.5999999999," Gap MTD":-2186775.8815177456,"CR":1,"CA":1}
{"szEmployeeId":17210041467,"szname":"Doli Purnama Sari","Channel Group":"Retail","Project":"SMALL"," LY":25632516.9311119877," 3LM":74103667.865080297," LM":70933521.2276989669," T.MTD":82724483.4298082888," A.MTD":42462537.7996229827," Gap MTD":-40261945.6301853061,"CR":226,"CA":157}
{"szEmployeeId":17210041467,"szname":"Doli Purnama Sari","Channel Group":"Retail","Project":"BIG"," LY":19563123.387624003," 3LM":18307619.6630763263," LM":16444038.2865629997," T.MTD":20519671.728873942," A.MTD":15155090.4431599975," Gap MTD":-5364581.2857139483,"CR":31,"CA":23}
{"szEmployeeId":17210041467,"szname":"Doli Purnama Sari","Channel Group":"Retail","Project":"MEDIUM"," LY":25544453.8818359934," 3LM":36363840.3334250152," LM":38534046.4239319861," T.MTD":40666294.2756582648," A.MTD":20418452.7482950017," Gap MTD":-20247841.5273632407,"CR":81,"CA":67}
{"szEmployeeId":17210041467,"szname":"Doli Purnama Sari","Channel Group":"MTI","Project":"SMALL"," LY":18615404.4344820008," 3LM":24312451.5306139998," LM":28567344.3206120022," T.MTD":27363537.1343054324," A.MTD":14835228.9307110012," Gap MTD":-12528308.2035944294,"CR":10,"CA":9}
{"szEmployeeId":17210041467,"szname":"Doli Purnama Sari","Channel Group":null,"Project":null," LY":0.0," 3LM":1143090.0883769998," LM":3429270.265131," T.MTD":1326013.4313540594," A.MTD":327297.328547," Gap MTD":-998716.1028070595,"CR":2,"CA":1}
{"szEmployeeId":17210037897,"szname":"Hindra","Channel Group":"Wholesaler","Project":"SMALL"," LY":82097988.7840499878," 3LM":81636327.1069153547," LM":79900570.1830670089," T.MTD":93757006.3677072823," A.MTD":57561946.3638519943," Gap MTD":-36195060.003855288,"CR":35,"CA":30}
{"szEmployeeId":17210037897,"szname":"Hindra","Channel Group":"Wholesaler","Project":"BIG"," LY":249940004.7512010038," 3LM":168414029.3899746239," LM":236032740.4553549886," T.MTD":182441180.4625657499," A.MTD":76438553.1455540061," Gap MTD":-106002627.3170117438,"CR":4,"CA":4}
{"szEmployeeId":17210037897,"szname":"Hindra","Channel Group":"Wholesaler","Project":"MEDIUM"," LY":227949901.3457890153," 3LM":302811955.3463909626," LM":347264230.4474059939," T.MTD":322980038.7590603232," A.MTD":211260835.1372539997," Gap MTD":-111719203.6218063533,"CR":24,"CA":22}
{"szEmployeeId":17210037897,"szname":"Hindra","Channel Group":"Retail","Project":"SMALL"," LY":32748431.1937929839," 3LM":32796794.2352716662," LM":30701030.3566320054," T.MTD":36055801.182705678," A.MTD":23254078.2338960059," Gap MTD":-12801722.9488096759,"CR":76,"CA":48}
{"szEmployeeId":17210037897,"szname":"Hindra","Channel Group":"Retail","Project":"BIG"," LY":20708798.815805003," 3LM":15079781.5444503333," LM":14448745.4676419981," T.MTD":16265042.9694260284," A.MTD":12410699.297660999," Gap MTD":-3854343.6717650276,"CR":16,"CA":15}
{"szEmployeeId":17210037897,"szname":"Hindra","Channel Group":"Retail","Project":"MEDIUM"," LY":23637465.7947020009," 3LM":19700374.424822662," LM":14899991.9412459973," T.MTD":22041428.0887897722," A.MTD":13807083.3979390003," Gap MTD":-8234344.690850771,"CR":36,"CA":27}
{"szEmployeeId":17210037897,"szname":"Hindra","Channel Group":"MTI","Project":"SMALL"," LY":16984954.2451639995," 3LM":10385101.2113486733," LM":6244594.6069160011," T.MTD":11431658.8808384854," A.MTD":6978920.6777180005," Gap MTD":-4452738.2031204849,"CR":3,"CA":2}
{"szEmployeeId":17210037897,"szname":"Hindra","Channel Group":"MTI","Project":"MEDIUM"," LY":3014144.0408049999," 3LM":3956639.0519743338," LM":2943340.5493650003," T.MTD":4145675.1976172952," A.MTD":5777747.7728659995," Gap MTD":1632072.5752487043,"CR":1,"CA":1}
{"szEmployeeId":17210037897,"szname":"Hindra","Channel Group":null,"Project":null," LY":0.0," 3LM":4977110.9435006659," LM":5915387.5635060007," T.MTD":5582168.0912894262," A.MTD":5937889.2232139995," Gap MTD":355721.1319245739,"CR":6,"CA":5}
{"szEmployeeId":17210036369,"szname":"Muhammad Tamrin","Channel Group":"Wholesaler","Project":"SMALL"," LY":96245209.5485129803," 3LM":78860161.1038009822," LM":68565200.6508580148," T.MTD":128261085.6516397148," A.MTD":85431523.7231810093," Gap MTD":-42829561.9284586981,"CR":95,"CA":76}
{"szEmployeeId":17210036369,"szname":"Muhammad Tamrin","Channel Group":"Wholesaler","Project":"BIG"," LY":132196430.1219190061," 3LM":105117907.2664456517," LM":136716280.2654500008," T.MTD":162756316.5930022597," A.MTD":86010132.4489769936," Gap MTD":-76746184.1440252662,"CR":6,"CA":5}
{"szEmployeeId":17210036369,"szname":"Muhammad Tamrin","Channel Group":"Wholesaler","Project":"MEDIUM"," LY":180428409.2351660132," 3LM":150658267.9842203557," LM":139041729.0878010094," T.MTD":239222943.230997473," A.MTD":106265727.0785059929," Gap MTD":-132957216.1524914801,"CR":38,"CA":30}
{"szEmployeeId":17210036369,"szname":"Muhammad Tamrin","Channel Group":"MTI","Project":"SMALL"," LY":7149430.1755640004," 3LM":7506015.4105973337," LM":6518909.0640520006," T.MTD":9558921.2048423514," A.MTD":3845482.0540520004," Gap MTD":-5713439.1507903514,"CR":12,"CA":9}
{"szEmployeeId":17210036369,"szname":"Muhammad Tamrin","Channel Group":"MTI","Project":"MEDIUM"," LY":583439.6069359999," 3LM":623089.49," LM":916251.35," T.MTD":450551.2962231992," A.MTD":1075381.986215," Gap MTD":624830.6899918008,"CR":1,"CA":1}
{"szEmployeeId":17210036369,"szname":"Muhammad Tamrin","Channel Group":"FS","Project":"SMALL"," LY":0.0," 3LM":261696.3966666666," LM":559458.5600000001," T.MTD":134156.9895038807," A.MTD":0.0," Gap MTD":-134156.9895038807,"CR":1,"CA":0}
{"szEmployeeId":17210036369,"szname":"Muhammad Tamrin","Channel Group":null,"Project":null," LY":0.0," 3LM":8477537.2385876663," LM":10997332.4345939998," T.MTD":4416025.0337911015," A.MTD":0.0," Gap MTD":-4416025.0337911015,"CR":2,"CA":0}
{"szEmployeeId":17210037632,"szname":"Robianor","Channel Group":"Wholesaler","Project":"SMALL"," LY":95307970.01766105," 3LM":85908080.7857619971," LM":95758665.5309939981," T.MTD":97909480.010395661," A.MTD":64553157.2647160143," Gap MTD":-33356322.7456796579,"CR":38,"CA":33}
{"szEmployeeId":17210037632,"szname":"Robianor","Channel Group":"Wholesaler","Project":"BIG"," LY":108075134.4867720008," 3LM":118838934.4765766561," LM":141789010.712251991," T.MTD":135064634.6455430388," A.MTD":72478864.7812830061," Gap MTD":-62585769.8642600551,"CR":3,"CA":2}
{"szEmployeeId":17210037632,"szname":"Robianor","Channel Group":"Wholesaler","Project":"MEDIUM"," LY":295245506.4346570373," 3LM":316418009.8910749555," LM":346833483.029638052," T.MTD":356980677.8358986378," A.MTD":194088774.6168300807," Gap MTD":-162891903.2190686166,"CR":27,"CA":25}
{"szEmployeeId":17210037632,"szname":"Robianor","Channel Group":"Retail",