{"szEmployeeId":17210032876,"szname":"Asman","Channel Group":"MTI"," LY":21169006.9265009984," 3LM":42310684.816147998," LM":47266336.974120006," Max":82452757.3701649904," T.MTD":40934722.5314864442," A.MTD":27053439.1873650029," Gap MTD":-13881283.3441214357," Ach":0.6608922087," vs LY":0.27797394," vs 3LM":-0.3606002998," vs LM":-0.427638338}
{"szEmployeeId":17210032876,"szname":"Asman","Channel Group":"Retail"," LY":76811157.4896030128," 3LM":96941305.5763410181," LM":101640019.3369370103," Max":156385980.7801529467," T.MTD":105473277.3260158002," A.MTD":58671079.1480049938," Gap MTD":-46802198.1780107841," Ach":0.5562648723," vs LY":-0.2361646268," vs 3LM":-0.3947772954," vs LM":-0.4227561198}
{"szEmployeeId":17210032876,"szname":"Asman","Channel Group":"Wholesaler"," LY":788882644.0373419523," 3LM":837612370.3809400797," LM":749459325.3251788616," Max":1389337278.227938652," T.MTD":957018000.1424978971," A.MTD":417128572.5257119536," Gap MTD":-539889427.6167856455," Ach":0.4358628286," vs LY":-0.4712412858," vs 3LM":-0.5020028509," vs LM":-0.443427337}
{"szEmployeeId":17210036369,"szname":"Muhammad Tamrin","Channel Group":"MTI"," LY":12658314.9492359962," 3LM":19021478.0294913352," LM":12689549.127076," Max":21848086.5607800074," T.MTD":18928587.5794137344," A.MTD":7783423.2169000003," Gap MTD":-11145164.362513734," Ach":0.4111993663," vs LY":-0.3851137969," vs 3LM":-0.5908087056," vs LM":-0.3866272837}
{"szEmployeeId":17210036369,"szname":"Muhammad Tamrin","Channel Group":"Retail"," LY":79954838.9530020207," 3LM":124962900.3111244142," LM":120178051.4413520694," Max":205596633.1911720634," T.MTD":134196862.5680801719," A.MTD":92699554.1304750293," Gap MTD":-41497308.4376051202," Ach":0.6907728866," vs LY":0.1593989225," vs 3LM":-0.2581833976," vs LM":-0.2286482181}
{"szEmployeeId":17210036369,"szname":"Muhammad Tamrin","Channel Group":"Wholesaler"," LY":598965872.683431983," 3LM":517196527.5025513172," LM":403397571.6281709075," Max":896333891.0778449774," T.MTD":585100549.8525060415," A.MTD":246171119.3940909505," Gap MTD":-338929430.4584151506," Ach":0.4207330167," vs LY":-0.5890064349," vs 3LM":-0.524027896," vs LM":-0.3897555744}
{"szEmployeeId":17210037632,"szname":"Robianor","Channel Group":"MTI"," LY":899858.2500000001," 3LM":1199299.8566666667," LM":1186806.75," Max":1915342.6400000001," T.MTD":1270189.5029141023," A.MTD":288064.82," Gap MTD":-982124.6829141022," Ach":0.2267888526," vs LY":-0.6798775585," vs 3LM":-0.7598058414," vs LM":-0.7572774}
{"szEmployeeId":17210037632,"szname":"Robianor","Channel Group":"Retail"," LY":79473398.4938799739," 3LM":129707692.1635050476," LM":122043145.1791870296," Max":209301689.7278870642," T.MTD":136634394.0787501037," A.MTD":72094447.1769149601," Gap MTD":-64539946.9018349722," Ach":0.5276449437," vs LY":-0.0928480656," vs 3LM":-0.4441775505," vs LM":-0.4092708192}
{"szEmployeeId":17210037632,"szname":"Robianor","Channel Group":"Wholesaler"," LY":490055394.1643771529," 3LM":525167979.1844925284," LM":496794036.5263890028," Max":806826990.6204502583," T.MTD":577272057.6865719557," A.MTD":211572492.6564840376," Gap MTD":-365699565.0300877094," Ach":0.3665039557," vs LY":-0.5682682097," vs 3LM":-0.5971336771," vs LM":-0.574124331}
{"szEmployeeId":17210037632,"szname":"Robianor","Channel Group":"FS"," LY":0.0," 3LM":373272.67," LM":1119818.01," Max":0.0," T.MTD":348358.7317645268," A.MTD":0.0," Gap MTD":-348358.7317645268," Ach":0.0," vs LY":0.0," vs 3LM":-1.0," vs LM":-1.0}
{"szEmployeeId":17210037897,"szname":"Hindra","Channel Group":"MTI"," LY":7395224.9923719987," 3LM":7463921.3944736654," LM":4107387.2315170001," Max":10895890.6953410003," T.MTD":7958121.143160658," A.MTD":5593468.3247560011," Gap MTD":-2364652.8184046573," Ach":0.7028629276," vs LY":-0.2436378433," vs 3LM":-0.2505992455," vs LM":0.3618069126}
{"szEmployeeId":17210037897,"szname":"Hindra","Channel Group":"Retail"," LY":78565132.5062869638," 3LM":148258812.6078156233," LM":140818250.0088180006," Max":231122470.9566590488," T.MTD":160695544.6958367825," A.MTD":69416061.6940490007," Gap MTD":-91279483.0017877519," Ach":0.4319725343," vs LY":-0.1164520509," vs 3LM":-0.5317913285," vs LM":-0.5070520924}
{"szEmployeeId":17210037897,"szname":"Hindra","Channel Group":"Wholesaler"," LY":254276764.8537220657," 3LM":275454833.9924893975," LM":313040827.5213649869," Max":435767892.7778610587," T.MTD":307662334.1610025764," A.MTD":81381623.2835370153," Gap MTD":-226280710.8774654865," Ach":0.2645160432," vs LY":-0.6799486444," vs 3LM":-0.7045554725," vs LM":-0.7400287243}
{"szEmployeeId":17210037897,"szname":"Hindra","Channel Group":"FS"," LY":0.0," 3LM":0.0," LM":0.0," Max":0.0," T.MTD":0.0," A.MTD":1188108.1000000001," Gap MTD":1188108.1000000001," Ach":null," vs LY":0.0," vs 3LM":0.0," vs LM":0.0}
{"szEmployeeId":17210041467,"szname":"Doli Purnama Sari","Channel Group":"MTI"," LY":20755651.357928995," 3LM":29890563.3735846654," LM":39858908.5274609923," Max":52517061.5682559982," T.MTD":31383057.0891272351," A.MTD":7734251.8564810008," Gap MTD":-23648805.2326462343," Ach":0.2464467319," vs LY":-0.6273664592," vs 3LM":-0.7412477055," vs LM":-0.8059592663}
{"szEmployeeId":17210041467,"szname":"Doli Purnama Sari","Channel Group":"Retail"," LY":74617839.2979770154," 3LM":120443896.6219210327," LM":139721972.8149389625," Max":184569391.3484419882," T.MTD":127856766.9522855431," A.MTD":86395459.7491280138," Gap MTD":-41461307.2031574026," Ach":0.6757206662," vs LY":0.1578392052," vs 3LM":-0.2826912598," vs LM":-0.3816616098}
{"szEmployeeId":17210041467,"szname":"Doli Purnama Sari","Channel Group":"Wholesaler"," LY":374252.23," 3LM":823363.3166666668," LM":1080450.3999999999," Max":4185405.3326919992," T.MTD":902175.9585874174," A.MTD":0.0," Gap MTD":-902175.9585874174," Ach":0.0," vs LY":-1.0," vs 3LM":-1.0," vs LM":-1.0}
{"szEmployeeId":17210041719,"szname":"Muhammad Iqbal Purwa Atmaja","Channel Group":"MTI"," LY":4148539.3897130005," 3LM":4871699.4093350004," LM":6176315.8119729999," Max":9287457.2679249998," T.MTD":5241325.1916284412," A.MTD":1474251.2510809998," Gap MTD":-3767073.9405474411," Ach":0.2812745245," vs LY":-0.644633662," vs 3LM":-0.6973846029," vs LM":-0.7613057208}
{"szEmployeeId":17210041719,"szname":"Muhammad Iqbal Purwa Atmaja","Channel Group":"Retail"," LY":56131270.331341967," 3LM":86453907.0363640338," LM":107969826.4296259582," Max":128228322.6198809892," T.MTD":94331890.8888130635," A.MTD":48937328.7644879743," Gap MTD":-45394562.1243250445," Ach":0.5187782022," vs LY":-0.1281628141," vs 3LM":-0.4339489048," vs LM":-0.5467499543}
{"szEmployeeId":17210041719,"szname":"Muhammad Iqbal Purwa Atmaja","Channel Group":"Wholesaler"," LY":925968.336214," 3LM":2313251.2799043334," LM":3061342.2485499997," Max":3831685.4831440002," T.MTD":2468783.9195584627," A.MTD":982235.1032420001," Gap MTD":-1486548.8163164626," Ach":0.3978619171," vs LY":0.0607653251," vs 3LM":-0.5753876322," vs LM":-0.6791488754}
