{"szEmployeeId":17210032876,"szname":"Asman","Channel Group":"MTI"," LY":28607238.2021470033," 3LM":40082884.3993866667," LM":43578978.6516809985," Max":76308230.6594270021," T.MTD":32598019.0269959085," A.MTD":26174025.9233139977," Gap MTD":-6423993.1036819052," Ach":0.8029330218," vs LY":-0.0850558261," vs 3LM":-0.3470024347," vs LM":-0.3993887252}
{"szEmployeeId":17210032876,"szname":"Asman","Channel Group":"RETAIL"," LY":52152479.62882898," 3LM":60794002.642523326," LM":65892127.8850040138," Max":97785657.1545330137," T.MTD":49891859.6098417416," A.MTD":52384920.9731130004," Gap MTD":2493061.3632712504," Ach":1.0499693013," vs LY":0.0044569567," vs 3LM":-0.1383209084," vs LM":-0.2049896907}
{"szEmployeeId":17210032876,"szname":"Asman","Channel Group":"WHOLESALER"," LY":472826917.8457499743," 3LM":534394489.5566960573," LM":538256779.282222867," Max":864066794.1623761654," T.MTD":438372121.3631622195," A.MTD":274944559.3159198761," Gap MTD":-163427562.0472422242," Ach":0.6271944449," vs LY":-0.4185090803," vs 3LM":-0.4855026302," vs LM":-0.489194433}
{"szEmployeeId":17210036369,"szname":"Muhammad Tamrin","Channel Group":"MTI"," LY":16486305.7086879946," 3LM":20219895.3990370035," LM":19499626.3500429951," Max":36351759.9902150109," T.MTD":19643637.8833425641," A.MTD":9254233.9339369982," Gap MTD":-10389403.9494055677," Ach":0.4711059117," vs LY":-0.4386714588," vs 3LM":-0.5423203854," vs LM":-0.525414807}
{"szEmployeeId":17210036369,"szname":"Muhammad Tamrin","Channel Group":"RETAIL"," LY":75524115.9822530001," 3LM":124705922.2255379409," LM":132838405.1728589833," Max":211205393.709900111," T.MTD":128781077.0820650458," A.MTD":88237377.9975360036," Gap MTD":-40543699.0845289752," Ach":0.6851734742," vs LY":0.1683338077," vs 3LM":-0.2924363461," vs LM":-0.3357540097}
{"szEmployeeId":17210036369,"szname":"Muhammad Tamrin","Channel Group":"WHOLESALER"," LY":436409352.5078850985," 3LM":569068134.7997757196," LM":625702786.2114881277," Max":932352754.0627827644," T.MTD":596162785.0345925093," A.MTD":239177011.32307899," Gap MTD":-356985773.7115134001," Ach":0.4011941324," vs LY":-0.4519434335," vs 3LM":-0.5797040869," vs LM":-0.6177466097}
{"szEmployeeId":17210037632,"szname":"Robianor","Channel Group":"MTI"," LY":1628232.9407929999," 3LM":1336728.6566666663," LM":1162738.3300000003," Max":1915342.6400000004," T.MTD":1239662.2374241466," A.MTD":926814.96," Gap MTD":-312847.2774241467," Ach":0.7476350671," vs LY":-0.4307847871," vs 3LM":-0.3066543794," vs LM":-0.2029032362}
{"szEmployeeId":17210037632,"szname":"Robianor","Channel Group":"RETAIL"," LY":80714221.9505809993," 3LM":140621840.5075103343," LM":145107216.8371430039," Max":240035093.4628120363," T.MTD":125961883.7348347455," A.MTD":92875788.5403179824," Gap MTD":-33086095.1945168264," Ach":0.7373324833," vs LY":0.1506743954," vs 3LM":-0.3395351092," vs LM":-0.3599505899}
{"szEmployeeId":17210037632,"szname":"Robianor","Channel Group":"WHOLESALER"," LY":400812794.986496985," 3LM":544843387.976936698," LM":545769367.1895768642," Max":820406468.4815599918," T.MTD":508020954.0277407169," A.MTD":274208479.8949930072," Gap MTD":-233812474.1327479184," Ach":0.5397582082," vs LY":-0.315868946," vs 3LM":-0.4967205514," vs LM":-0.4975744401}
{"szEmployeeId":17210037897,"szname":"Hindra","Channel Group":"MTI"," LY":5823242.981013," 3LM":7844686.0846826648," LM":8293981.6773719992," Max":10895890.6953409966," T.MTD":9690083.0366290789," A.MTD":3071711.5993590001," Gap MTD":-6618371.4372700797," Ach":0.3169953846," vs LY":-0.4725084271," vs 3LM":-0.6084340959," vs LM":-0.6296457216}
{"szEmployeeId":17210037897,"szname":"Hindra","Channel Group":"RETAIL"," LY":79063782.2323020101," 3LM":153331312.717169255," LM":160990769.0002869964," Max":252082404.5198529661," T.MTD":201707520.1702017784," A.MTD":105121972.3927310556," Gap MTD":-96585547.7774707079," Ach":0.5211604025," vs LY":0.3295844118," vs 3LM":-0.3144128846," vs LM":-0.3470310562}
{"szEmployeeId":17210037897,"szname":"Hindra","Channel Group":"WHOLESALER"," LY":258560644.5232740343," 3LM":271516831.2650099993," LM":257326387.7160570323," Max":447307039.0619250536," T.MTD":374842396.7931692004," A.MTD":173881131.2175079882," Gap MTD":-200961265.575661242," Ach":0.463877973," vs LY":-0.3275034894," vs 3LM":-0.3595935456," vs LM":-0.324277884}
{"szEmployeeId":17210038077,"szname":"Sopian Sauri","Channel Group":"MTI"," LY":5046365.4516129987," 3LM":8635348.8267783336," LM":7102451.0360320006," Max":17872601.96844," T.MTD":9244597.3717759922," A.MTD":5199412.3533310005," Gap MTD":-4045185.0184449926," Ach":0.5624271284," vs LY":0.0303281447," vs 3LM":-0.3978920299," vs LM":-0.2679411196}
{"szEmployeeId":17210038077,"szname":"Sopian Sauri","Channel Group":"RETAIL"," LY":47293044.5664059892," 3LM":48671845.6314846724," LM":46084542.4998069927," Max":85419202.2902380079," T.MTD":53303604.1416750327," A.MTD":41564419.1836630031," Gap MTD":-11739184.9580120277," Ach":0.7797675195," vs LY":-0.1211303995," vs 3LM":-0.1460274694," vs LM":-0.098083285}
{"szEmployeeId":17210038077,"szname":"Sopian Sauri","Channel Group":"WHOLESALER"," LY":304031070.551017046," 3LM":342019045.6309099197," LM":339246231.5072000623," Max":529503547.0527330041," T.MTD":388942798.4865491986," A.MTD":143588926.6723170578," Gap MTD":-245353871.8142319322," Ach":0.3691774915," vs LY":-0.5277162745," vs 3LM":-0.580172717," vs LM":-0.5767412772}
{"szEmployeeId":17210041467,"szname":"Doli Purnama Sari","Channel Group":"MTI"," LY":51773478.3808959946," 3LM":28496197.2366100103," LM":45853764.6649380177," Max":51039764.4094400257," T.MTD":30755326.2567392029," A.MTD":10961773.9106259998," Gap MTD":-19793552.346113205," Ach":0.3564187165," vs LY":-0.7882743394," vs 3LM":-0.6153250267," vs LM":-0.7609405904}
{"szEmployeeId":17210041467,"szname":"Doli Purnama Sari","Channel Group":"RETAIL"," LY":96807650.7383468747," 3LM":104068463.9067087173," LM":137392576.4950540364," Max":202671892.2726369798," T.MTD":115830815.0910744816," A.MTD":88797143.8710259795," Gap MTD":-27033671.2200485207," Ach":0.7666107141," vs LY":-0.0827466301," vs 3LM":-0.1467430138," vs LM":-0.3536976587}
{"szEmployeeId":17210041467,"szname":"Doli Purnama Sari","Channel Group":"WHOLESALER"," LY":1114594.5462090001," 3LM":872132.0803293334," LM":334504.4500000001," Max":4185405.3326919992," T.MTD":960858.6521862488," A.MTD":919189.1599999999," Gap MTD":-41669.4921862489," Ach":0.9566330676," vs LY":-0.1753152183," vs 3LM":0.0539563682," vs LM":1.7479130995}
{"szEmployeeId":17210041719,"szname":"Muhammad Iqbal Purwa Atmaja","Channel Group":"MTI"," LY":1227163.7893669999," 3LM":3304966.4739626665," LM":2359169.1908099996," Max":6883853.710810001," T.MTD":2492260.297995402," A.MTD":2488102.3966600001," Gap MTD":-4157.9013354021," Ach":0.9983316745," vs LY":1.027522665," vs 3LM":-0.2471625911," vs LM":0.0546519539}
{"szEmployeeId":17210041719,"szname":"Muhammad Iqbal Purwa Atmaja","Channel Group":"RETAIL"," LY":58472488.0572590083," 3LM":67960833.6753777117," LM":85295435.9382939935," Max":136450697.3304810226," T.MTD":82070528.2613455355," A.MTD":78432692.6905139983," Gap MTD":-3637835.5708315242," Ach":0.9556742762," vs LY":0.3413606176," vs 3LM":0.1540866768," vs LM":-0.0804585049}
{"szEmployeeId":17210041719,"szname":"Muhammad Iqbal Purwa Atmaja","Channel Group":"WHOLESALER"," LY":1622153.1081050001," 3LM":1926221.5670836666," LM":1490321.5659440001," Max":3831685.4831439997," T.MTD":2144211.4406590299," A.MTD":2780261.1777399997," Gap MTD":636049.73708097," Ach":1.2966357352," vs LY":0.7139326515," vs 3LM":0.4433755832," vs LM":0.8655444847}
