{"szEmployeeId":17210032876,"szname":"Asman","Channel Group":"MTI"," LY":39106913.5547939986," 3LM":35999967.4218723327," LM":38072529.974574998," Max":63075717.2735719979," T.MTD":37680024.4013079852," A.MTD":3966720.8144140001," Gap MTD":-33713303.5868939832," Ach":0.1052738388," vs LY":-0.8985672748," vs 3LM":-0.889813211," vs LM":-0.8958114731}
{"szEmployeeId":17210032876,"szname":"Asman","Channel Group":"Wholesaler"," LY":628664289.5748058558," 3LM":569843552.5811033249," LM":651100281.947455883," Max":859958995.2013969421," T.MTD":599019975.5986917019," A.MTD":109278486.0295030326," Gap MTD":-489741489.5691891909," Ach":0.1824287845," vs LY":-0.8261735431," vs 3LM":-0.8082307231," vs LM":-0.8321633563}
{"szEmployeeId":17210036369,"szname":"Muhammad Tamrin","Channel Group":"MTI"," LY":7732869.7825000007," 3LM":8129104.9005973339," LM":7435160.4140520003," Max":24433837.9399179965," T.MTD":10009472.5010655504," A.MTD":1471097.327025," Gap MTD":-8538375.1740405522," Ach":0.1469705149," vs LY":-0.809760494," vs 3LM":-0.8190332952," vs LM":-0.8021431623}
{"szEmployeeId":17210036369,"szname":"Muhammad Tamrin","Channel Group":"Wholesaler"," LY":408870048.9055979252," 3LM":334636336.3544669151," LM":344323210.0041090846," Max":612372202.0481318235," T.MTD":530240345.4756395221," A.MTD":89743454.0186169744," Gap MTD":-440496891.4570225477," Ach":0.1692505197," vs LY":-0.7805086133," vs 3LM":-0.731817964," vs LM":-0.7393627516}
{"szEmployeeId":17210036369,"szname":"Muhammad Tamrin","Channel Group":"FS"," LY":0.0," 3LM":261696.3966666666," LM":559458.5600000001," Max":1357067.5650450001," T.MTD":134156.9895038807," A.MTD":0.0," Gap MTD":-134156.9895038807," Ach":0.0," vs LY":"0x7"," vs 3LM":-1.0," vs LM":-1.0}
{"szEmployeeId":17210036369,"szname":"Muhammad Tamrin","Channel Group":null," LY":0.0," 3LM":8477537.2385876663," LM":10997332.4345939998," Max":18796494.9865939952," T.MTD":4416025.0337911015," A.MTD":0.0," Gap MTD":-4416025.0337911015," Ach":0.0," vs LY":"0x7"," vs 3LM":-1.0," vs LM":-1.0}
{"szEmployeeId":17210037632,"szname":"Robianor","Channel Group":"MTI"," LY":755967.33," 3LM":895788.0327926665," LM":653851.36," Max":1259422.5983779998," T.MTD":1068415.6812573359," A.MTD":146126.12," Gap MTD":-922289.5612573359," Ach":0.1367689772," vs LY":-0.8067031283," vs 3LM":-0.8368742217," vs LM":-0.7765147724}
{"szEmployeeId":17210037632,"szname":"Robianor","Channel Group":"Retail"," LY":92432298.2187919915," 3LM":79816618.9869690537," LM":75503747.176478982," Max":125812285.3524600118," T.MTD":93353388.012135908," A.MTD":21137281.1501550041," Gap MTD":-72216106.8619809449," Ach":0.2264222178," vs LY":-0.7713214801," vs 3LM":-0.7351769416," vs LM":-0.7200499056}
{"szEmployeeId":17210037632,"szname":"Robianor","Channel Group":"Wholesaler"," LY":498628610.9390899539," 3LM":521165025.1534135938," LM":584381159.2728838921," Max":787233263.5282902718," T.MTD":589954792.4918373823," A.MTD":67108735.1616099998," Gap MTD":-522846057.3302273154," Ach":0.113752335," vs LY":-0.8654133885," vs 3LM":-0.8712332334," vs LM":-0.8851627331}
{"szEmployeeId":17210037632,"szname":"Robianor","Channel Group":"FS"," LY":0.0," 3LM":865929.4266666666," LM":882543.24," Max":1756055.8500000001," T.MTD":822451.9346338565," A.MTD":0.0," Gap MTD":-822451.9346338565," Ach":0.0," vs LY":"0x7"," vs 3LM":-1.0," vs LM":-1.0}
{"szEmployeeId":17210037632,"szname":"Robianor","Channel Group":null," LY":0.0," 3LM":5469595.4916176666," LM":2688431.5286480002," Max":8058924.2074030004," T.MTD":5800951.8801354393," A.MTD":0.0," Gap MTD":-5800951.8801354393," Ach":0.0," vs LY":"0x7"," vs 3LM":-1.0," vs LM":-1.0}
{"szEmployeeId":17210037897,"szname":"Hindra","Channel Group":"MTI"," LY":19999098.2859690003," 3LM":14341740.263322996," LM":9187935.156281," Max":22585637.8516489975," T.MTD":15577334.0784557667," A.MTD":7291981.9677229999," Gap MTD":-8285352.1107327687," Ach":0.4681148861," vs LY":-0.6353844627," vs 3LM":-0.4915552901," vs LM":-0.2063524781}
{"szEmployeeId":17210037897,"szname":"Hindra","Channel Group":"Retail"," LY":77094695.80430004," 3LM":67576950.2045446485," LM":60049767.7655200362," Max":114005420.5944059938," T.MTD":74362272.2409214675," A.MTD":15226324.8005970009," Gap MTD":-59135947.440324463," Ach":0.2047587351," vs LY":-0.8024984126," vs 3LM":-0.7746816813," vs LM":-0.74643824}
{"szEmployeeId":17210037897,"szname":"Hindra","Channel Group":"Wholesaler"," LY":559987894.8810399771," 3LM":552862311.8432810307," LM":663197541.0858278275," Max":829984977.5554840565," T.MTD":599178225.589333415," A.MTD":115722824.4795490205," Gap MTD":-483455401.1097844839," Ach":0.1931358977," vs LY":-0.7933476321," vs 3LM":-0.7906841866," vs LM":-0.82550776}
{"szEmployeeId":17210037897,"szname":"Hindra","Channel Group":null," LY":0.0," 3LM":4977110.9435006669," LM":5915387.5635060007," Max":7790346.0709719993," T.MTD":5582168.0912894253," A.MTD":2434927.9500739998," Gap MTD":-3147240.1412154255," Ach":0.436197533," vs LY":"0x7"," vs 3LM":-0.5107748295," vs LM":-0.5883738937}
{"szEmployeeId":17210041467,"szname":"Doli Purnama Sari","Channel Group":"MTI"," LY":18615404.4344820008," 3LM":24312451.5306140073," LM":28567344.3206120059," Max":41639558.7664679885," T.MTD":27363537.1343054362," A.MTD":2074639.6599999997," Gap MTD":-25288897.4743054323," Ach":0.0758176712," vs LY":-0.8885525336," vs 3LM":-0.9146676074," vs LM":-0.9273772306}
{"szEmployeeId":17210041467,"szname":"Doli Purnama Sari","Channel Group":"Retail"," LY":70740094.2005720139," 3LM":128775127.8615816236," LM":125911605.9381940216," Max":192805049.4856190681," T.MTD":143910449.4343404472," A.MTD":23367658.07393099," Gap MTD":-120542791.3604093641," Ach":0.1623763817," vs LY":-0.6696688301," vs 3LM":-0.818539042," vs LM":-0.8144121989}
{"szEmployeeId":17210041467,"szname":"Doli Purnama Sari","Channel Group":null," LY":0.0," 3LM":1143090.0883769998," LM":3429270.265131," Max":3429270.265131," T.MTD":1326013.4313540591," A.MTD":0.0," Gap MTD":-1326013.4313540591," Ach":0.0," vs LY":"0x7"," vs 3LM":-1.0," vs LM":-1.0}
{"szEmployeeId":17210042412,"szname":"Muhammad Rizky Algifari","Channel Group":"MTI"," LY":3010351.7354910001," 3LM":1925390.3847133333," LM":301621.63," Max":4711216.204140001," T.MTD":2436590.062677166," A.MTD":182702.7," Gap MTD":-2253887.3626771662," Ach":0.0749829456," vs LY":-0.9393085207," vs 3LM":-0.9051087502," vs LM":-0.3942652588}
{"szEmployeeId":17210042412,"szname":"Muhammad Rizky Algifari","Channel Group":"Retail"," LY":97332741.2617969662," 3LM":72289084.0079629868," LM":67195108.7099949867," Max":118148245.3044510186," T.MTD":93568755.6756578237," A.MTD":23511435.7334850021," Gap MTD":-70057319.9421728253," Ach":0.2512744298," vs LY":-0.758442684," vs 3LM":-0.6747581456," vs LM":-0.6501019764}
{"szEmployeeId":17210042412,"szname":"Muhammad Rizky Algifari","Channel Group":"Wholesaler"," LY":380867912.3247701526," 3LM":268115064.8263689876," LM":337135134.9337029457," Max":416321921.1141940355," T.MTD":334008210.9585790038," A.MTD":39326001.0082410052," Gap MTD":-294682209.9503380656," Ach":0.1177396235," vs LY":-0.8967463529," vs 3LM":-0.853324165," vs LM":-0.88335241}
{"szEmployeeId":17210042412,"szname":"Muhammad Rizky Algifari","Channel Group":"FS"," LY":0.0," 3LM":1493840.5336033334," LM":485405.4," Max":2776951.3399999999," T.MTD":2793402.002303693," A.MTD":0.0," Gap MTD":-2793402.002303693," Ach":0.0," vs LY":"0x7"," vs 3LM":-1.0," vs LM":-1.0}
{"szEmployeeId":17210042412,"szname":"Muhammad Rizky Algifari","Channel Group":null," LY":0.0," 3LM":3614881.373420334," LM":10844644.1202610005," Max":10999583.7602610011," T.MTD":5593041.3007823713," A.MTD":0.0," Gap MTD":-5593041.3007823713," Ach":0.0," vs LY":"0x7"," vs 3LM":-1.0," vs LM":-1.0}
{"szEmployeeId":17210042423,"szname":"Siti Fatimah Hadijah","Channel Group":"MTI"," LY":4713110.5314349998," 3LM":7060529.2127853325," LM":6889452.2902629999," Max":18764490.1678190008," T.MTD":7942222.9061704678," A.MTD":305403.6044139999,