{"szEmployeeId":17210032876,"szname":"Asman","Channel Group":"MTI"," LY":28034097.570314005," 3LM":38344000.8044156656," LM":908441359.6168580055," Max":76523261.047931999," T.MTD":43967090.6716130972," A.MTD":32294302.8161109984," Gap MTD":-11672787.8555021025," Ach":0.7345107971," vs LY":0.1519651287," vs 3LM":-0.1577743027," vs LM":-0.9644508669}
{"szEmployeeId":17210032876,"szname":"Asman","Channel Group":"Wholesaler"," LY":592254890.9933823347," 3LM":611451375.5475312471," LM":16680504989.970451355," Max":1016732675.8377485275," T.MTD":691032909.3283873796," A.MTD":464709280.4181659222," Gap MTD":-226323628.9102212489," Ach":0.6724850208," vs LY":-0.215355943," vs 3LM":-0.2399898029," vs LM":-0.9721405748}
{"szEmployeeId":17210036369,"szname":"Muhammad Tamrin","Channel Group":"MTI"," LY":4346486.23477," 3LM":8128558.0501769995," LM":159219925.3195550144," Max":18904013.8446520045," T.MTD":9785123.9474457949," A.MTD":6448655.0604460016," Gap MTD":-3336468.8869997957," Ach":0.6590264053," vs LY":0.4836478737," vs 3LM":-0.2066667888," vs LM":-0.9594984419}
{"szEmployeeId":17210036369,"szname":"Muhammad Tamrin","Channel Group":"Wholesaler"," LY":251777140.7985421121," 3LM":444167809.8888881803," LM":11442357770.9369850159," Max":759541227.5160168409," T.MTD":540002287.2678493261," A.MTD":237678451.8846489489," Gap MTD":-302323835.3832002878," Ach":0.440143417," vs LY":-0.0559966996," vs 3LM":-0.4648904162," vs LM":-0.9792281926}
{"szEmployeeId":17210036369,"szname":"Muhammad Tamrin","Channel Group":"FS"," LY":0.0," 3LM":583727.0299999999," LM":1914356.7699999998," Max":1145008.1100000001," T.MTD":312588.7847048221," A.MTD":163175.68," Gap MTD":-149413.1047048221," Ach":0.5220138661," vs LY":"0x7"," vs 3LM":-0.7204589275," vs LM":-0.914762137}
{"szEmployeeId":17210037632,"szname":"Robianor","Channel Group":"MTI"," LY":1526369.8429720001," 3LM":1025801.2323423335," LM":34541577.8409270048," Max":1825953.4599999997," T.MTD":1303715.542512255," A.MTD":852170.3083779999," Gap MTD":-451545.2341342551," Ach":0.6536474258," vs LY":-0.4417012939," vs 3LM":-0.1692637116," vs LM":-0.9753291436}
{"szEmployeeId":17210037632,"szname":"Robianor","Channel Group":"Retail"," LY":69138830.3412550241," 3LM":91865660.9790283293," LM":2204346262.6093506813," Max":197337681.3886569738," T.MTD":108518218.2410489768," A.MTD":78539255.7161890268," Gap MTD":-29978962.5248600058," Ach":0.7237425843," vs LY":0.1359644838," vs 3LM":-0.1450640546," vs LM":-0.9643707266}
{"szEmployeeId":17210037632,"szname":"Robianor","Channel Group":"Wholesaler"," LY":498374737.0839520693," 3LM":545279564.6357492208," LM":14410209644.660900116," Max":920719456.1513718367," T.MTD":629310011.8311884403," A.MTD":394113464.8166458607," Gap MTD":-235196547.014542371," Ach":0.6262628234," vs LY":-0.2092025629," vs 3LM":-0.2772267835," vs LM":-0.9726504003}
{"szEmployeeId":17210037632,"szname":"Robianor","Channel Group":"FS"," LY":0.0," 3LM":1474093.3899999999," LM":6355098.1799999997," Max":2645171.1700000004," T.MTD":968054.385250302," A.MTD":0.0," Gap MTD":-968054.385250302," Ach":0.0," vs LY":"0x7"," vs 3LM":-1.0," vs LM":-1.0}
{"szEmployeeId":17210037897,"szname":"Hindra","Channel Group":"MTI"," LY":18700890.254205998," 3LM":16615452.851360999," LM":479951831.1374641061," Max":38566090.908326," T.MTD":21499677.9374410026," A.MTD":18325212.571024999," Gap MTD":-3174465.3664160068," Ach":0.8523482363," vs LY":-0.0200887593," vs 3LM":0.1029017828," vs LM":-0.9618186422}
{"szEmployeeId":17210037897,"szname":"Hindra","Channel Group":"Retail"," LY":67795689.9826579988," 3LM":65870190.2653159648," LM":1962146260.1885578632," Max":182614201.3575509787," T.MTD":83749160.2686475068," A.MTD":73302807.0446469784," Gap MTD":-10446353.2240005583," Ach":0.8752661735," vs LY":0.0812310792," vs 3LM":0.1128373358," vs LM":-0.9626415173}
{"szEmployeeId":17210037897,"szname":"Hindra","Channel Group":"Wholesaler"," LY":429088024.4598770738," 3LM":524660461.6096587777," LM":16044528029.4336185455," Max":1038629670.6330366135," T.MTD":632851161.7939109802," A.MTD":445708664.0334988832," Gap MTD":-187142497.7604121268," Ach":0.7042867122," vs LY":0.0387348018," vs 3LM":-0.1504816988," vs LM":-0.9722205188}
{"szEmployeeId":17210041467,"szname":"Doli Purnama Sari","Channel Group":"MTI"," LY":25401485.4222429991," 3LM":22925032.878569331," LM":843088515.9682199955," Max":56492667.5838439986," T.MTD":33092391.4637564123," A.MTD":17806100.1911670007," Gap MTD":-15286291.2725894079," Ach":0.5380723303," vs LY":-0.2990134279," vs 3LM":-0.2232900914," vs LM":-0.9788799161}
{"szEmployeeId":17210041467,"szname":"Doli Purnama Sari","Channel Group":"Retail"," LY":92117233.1206629574," 3LM":119031203.6101676077," LM":2975206350.4566807747," Max":235457550.8621968627," T.MTD":171607608.5362436175," A.MTD":126231197.5544259995," Gap MTD":-45376410.9818176553," Ach":0.7355804246," vs LY":0.3703320571," vs 3LM":0.0604882898," vs LM":-0.9575722882}
