{"szEmployeeId":17210032876,"szname":"Asman","Channel Group":"MTI"," LY":33234664.9425650015," 3LM":37356259.8694646657," LM":30161837.0135810003," Max":73218720.457299009," T.MTD":37766942.7606962398," A.MTD":21919538.9211619981," Gap MTD":-15847403.8395342473," Ach":0.5803895502," vs LY":-0.3404615645," vs 3LM":-0.4132298309," vs LM":-0.2732691012}
{"szEmployeeId":17210032876,"szname":"Asman","Channel Group":"Retail"," LY":0.0," 3LM":2163243.2213043324," LM":0.0," Max":3578918.8776199976," T.MTD":2188073.6350604678," A.MTD":0.0," Gap MTD":-2188073.6350604678," Ach":0.0," vs LY":"0x7"," vs 3LM":-1.0," vs LM":"0x7"}
{"szEmployeeId":17210032876,"szname":"Asman","Channel Group":"Wholesaler"," LY":475650168.3940237164," 3LM":540039517.1813538074," LM":352013612.5393791199," Max":993805787.6647043228," T.MTD":546044983.6042431593," A.MTD":423830554.6338281035," Gap MTD":-122214428.9704151303," Ach":0.7761824893," vs LY":-0.1089448027," vs 3LM":-0.2151860352," vs LM":0.2040175139}
{"szEmployeeId":17210036369,"szname":"Muhammad Tamrin","Channel Group":"MTI"," LY":5431663.62115," 3LM":8810146.0575339999," LM":8616775.7870260011," Max":18796975.2708690017," T.MTD":11864971.3647018932," A.MTD":4619712.67081," Gap MTD":-7245258.6938918903," Ach":0.3893572541," vs LY":-0.1494847632," vs 3LM":-0.4756372209," vs LM":-0.4638699225}
{"szEmployeeId":17210036369,"szname":"Muhammad Tamrin","Channel Group":"Retail"," LY":0.0," 3LM":1832672.6611370002," LM":0.0," Max":4333153.0708910003," T.MTD":2597856.7274311492," A.MTD":0.0," Gap MTD":-2597856.7274311492," Ach":0.0," vs LY":"0x7"," vs 3LM":-1.0," vs LM":"0x7"}
{"szEmployeeId":17210036369,"szname":"Muhammad Tamrin","Channel Group":"Wholesaler"," LY":178783498.9397591054," 3LM":361062854.8502703309," LM":283670623.5084448457," Max":751450395.3860816956," T.MTD":479330315.6933181286," A.MTD":189518809.6803540587," Gap MTD":-289811506.0129640698," Ach":0.3953824815," vs LY":0.0600464294," vs 3LM":-0.4751085382," vs LM":-0.3319054073}
{"szEmployeeId":17210036369,"szname":"Muhammad Tamrin","Channel Group":"FS"," LY":0.0," 3LM":205308.41," LM":62454.95," Max":1145008.1100000001," T.MTD":206856.2145487031," A.MTD":559458.5600000001," Gap MTD":352602.3454512969," Ach":2.7045769992," vs LY":"0x7"," vs 3LM":1.7249666002," vs LM":7.9577937377}
{"szEmployeeId":17210037632,"szname":"Robianor","Channel Group":"MTI"," LY":1422998.6700000002," 3LM":903789.5327926668," LM":939189.25," Max":1825953.4599999997," T.MTD":1008560.1854626," A.MTD":431554.0600000001," Gap MTD":-577006.1254625999," Ach":0.4278912317," vs LY":-0.6967291192," vs 3LM":-0.5225060212," vs LM":-0.5405036205}
{"szEmployeeId":17210037632,"szname":"Robianor","Channel Group":"Retail"," LY":80079931.6256539971," 3LM":84315012.2939103544," LM":72837206.7012519985," Max":197982994.3009111583," T.MTD":93216950.9014685452," A.MTD":51429340.0571380034," Gap MTD":-41787610.8443304971," Ach":0.551716609," vs LY":-0.3577749255," vs 3LM":-0.3900334157," vs LM":-0.2939138884}
{"szEmployeeId":17210037632,"szname":"Robianor","Channel Group":"Wholesaler"," LY":334801807.0679849386," 3LM":506534531.8988757133," LM":393030831.432433784," Max":925045977.5387041569," T.MTD":538929291.3528574705," A.MTD":318023875.242892921," Gap MTD":-220905416.1099645495," Ach":0.5901031552," vs LY":-0.0501130265," vs 3LM":-0.3721575624," vs LM":-0.190842423}
{"szEmployeeId":17210037632,"szname":"Robianor","Channel Group":"FS"," LY":0.0," 3LM":1216782.5799999998," LM":1715245.04," Max":2691420.7199999997," T.MTD":1845197.5602112827," A.MTD":882543.24," Gap MTD":-962654.3202112827," Ach":0.4782920046," vs LY":"0x7"," vs 3LM":-0.2746910956," vs LM":-0.4854710438}
{"szEmployeeId":17210037897,"szname":"Hindra","Channel Group":"MTI"," LY":16502747.2325130012," 3LM":19756485.6309050024," LM":13644235.237799," Max":38486811.6859010011," T.MTD":22010478.9790064618," A.MTD":9187935.156281," Gap MTD":-12822543.8227254637," Ach":0.4174345849," vs LY":-0.4432481437," vs 3LM":-0.5349408125," vs LM":-0.3266068053}
{"szEmployeeId":17210037897,"szname":"Hindra","Channel Group":"Retail"," LY":64560985.7198299915," 3LM":69826341.1267890036," LM":62420705.3461010307," Max":185745523.823581934," T.MTD":78932617.6066683233," A.MTD":42460657.0283210054," Gap MTD":-36471960.5783473179," Ach":0.5379354989," vs LY":-0.342317089," vs 3LM":-0.3919106122," vs LM":-0.3197664654}
{"szEmployeeId":17210037897,"szname":"Hindra","Channel Group":"Wholesaler"," LY":397637831.799883008," 3LM":485493413.7695096135," LM":346020317.5945869088," Max":1037000507.1207815409," T.MTD":536056903.4143253565," A.MTD":340009737.5507389307," Gap MTD":-196047165.8635863662," Ach":0.6342791882," vs LY":-0.1449260851," vs 3LM":-0.2996614827," vs LM":-0.0173705986}
{"szEmployeeId":17210041467,"szname":"Doli Purnama Sari","Channel Group":"MTI"," LY":37933368.0367610157," 3LM":22896710.9762570001," LM":17492132.5518769994," Max":57082397.414203994," T.MTD":24527450.8063608147," A.MTD":16036173.0873810016," Gap MTD":-8491277.7189798206," Ach":0.6538051269," vs LY":-0.5772541718," vs 3LM":-0.2996298419," vs LM":-0.0832351036}
{"szEmployeeId":17210041467,"szname":"Doli Purnama Sari","Channel Group":"Retail"," LY":68066274.8608330488," 3LM":125349763.6301400363," LM":102119740.0444930643," Max":239686738.3844669163," T.MTD":134472549.1936392188," A.MTD":88897027.2497540712," Gap MTD":-45575521.9438851476," Ach":0.6610793637," vs LY":0.3060363217," vs 3LM":-0.2908081781," vs LM":-0.1294824369}
{"szEmployeeId":17210042412,"szname":"Muhammad Rizky Algifari","Channel Group":"MTI"," LY":1283243.194594," 3LM":3241929.4156710003," LM":816531.54," Max":10895890.6953409985," T.MTD":3982012.9156207992," A.MTD":301621.63," Gap MTD":-3680391.2856207993," Ach":0.07574602," vs LY":-0.7649536493," vs 3LM":-0.9069623081," vs LM":-0.6306062715}
{"szEmployeeId":17210042412,"szname":"Muhammad Rizky Algifari","Channel Group":"Retail"," LY":58886052.71633102," 3LM":83197071.5796729624," LM":71447138.7885580212," Max":216838358.8887220025," T.MTD":101024006.1250056624," A.MTD":46372146.5943609923," Gap MTD":-54651859.5306447148," Ach":0.4590210622," vs LY":-0.2125105274," vs 3LM":-0.4426228506," vs LM":-0.3509586615}
{"szEmployeeId":17210042412,"szname":"Muhammad Rizky Algifari","Channel Group":"Wholesaler"," LY":241254366.4663739502," 3LM":252882203.897282362," LM":217408431.7757470012," Max":569545714.0387109518," T.MTD":297422198.2807697058," A.MTD":175986691.4375689626," Gap MTD":-121435506.8432007581," Ach":0.5917066462," vs LY":-0.2705346891," vs 3LM":-0.304076409," vs LM":-0.1905249948}
{"szEmployeeId":17210042412,"szname":"Muhammad Rizky Algifari","Channel Group":"FS"," LY":0.0," 3LM":2787993.0902699996," LM":1219164.86081," Max":6250214.4108999996," T.MTD":3571782.6786036398," A.MTD":281081.08," Gap MTD":-3290701.5986036398," Ach":0.0786948998," vs LY":"0x7"," vs 3LM":-0.8991815722," vs LM":-0.7694478499}
{"szEmployeeId":17210042423,"szname":"Siti Fatimah Hadijah","Channel Group":"MTI"," LY":3210519.6396340001," 3LM":5771689.5683116671," LM":7482483.8656709995," Max":10068072.6856639981," T.MTD":6534842.3421556875," A.MTD":3086663.1018880005," Gap MTD":-3448179.2402676875," Ach":0.4723393374," vs LY":-0.0385783461," vs 3LM":-0.4652063204," vs LM":-0.5874814891}
{"szEmployeeId":17210042423,"szname":"Siti Fatimah Hadijah","Channel Group":"Retail"," LY":31261397.2308279797," 3LM":68711569.5441319942," LM":64477192.378174983," Max":178313324.0653550327," T.MTD":73465157.6578443348," A.MTD":39712449.1940080225," Gap MTD":-33752708.4638363197," Ach":0.540561682," vs LY":0.2703350685," vs 3LM":-0.4220413031," vs LM":-0.3840853218}
