{"szEmployeeId":17210032876,"szname":"Asman","Channel Group":"Wholesaler","Project":"SMALL"," LY":113154712.5523940027," 3LM":96575116.4175313413," LM":128251428.3331319988," T.MTD":104003451.6486701071," A.MTD":52063558.460401997," Gap MTD":-51939893.1882681474,"CR":84,"CA":65}
{"szEmployeeId":17210032876,"szname":"Asman","Channel Group":"Wholesaler","Project":"BIG"," LY":179819457.5685679913," 3LM":182259048.0845439434," LM":237749828.7624719739," T.MTD":195513165.0019548535," A.MTD":30857801.798837997," Gap MTD":-164655363.2031168342,"CR":6,"CA":2}
{"szEmployeeId":17210032876,"szname":"Asman","Channel Group":"Wholesaler","Project":"MEDIUM"," LY":308421208.691083014," 3LM":284613881.171980381," LM":308918108.8650540113," T.MTD":304153102.9825348258," A.MTD":178002036.9760809839," Gap MTD":-126151066.0064537823,"CR":38,"CA":34}
{"szEmployeeId":17210032876,"szname":"Asman","Channel Group":"MTI","Project":"SMALL"," LY":34048485.336887002," 3LM":32043444.3307293281," LM":32516065.1205200031," T.MTD":34095595.7538453043," A.MTD":18472527.1167410016," Gap MTD":-15623068.6371043045,"CR":12,"CA":9}
{"szEmployeeId":17210032876,"szname":"Asman","Channel Group":"MTI","Project":"MEDIUM"," LY":5347152.8200000003," 3LM":2089511.7266666666," LM":1288976.6000000003," T.MTD":2234684.6129952064," A.MTD":4021804.5680139996," Gap MTD":1787119.9550187932,"CR":1,"CA":1}
{"szEmployeeId":17210041467,"szname":"Doli Purnama Sari","Channel Group":"Retail","Project":"SMALL"," LY":23827841.9374160059," 3LM":41149611.3928150088," LM":46379662.274029009," T.MTD":47113074.3543943912," A.MTD":23770598.004219003," Gap MTD":-23342476.3501753956,"CR":192,"CA":116}
{"szEmployeeId":17210041467,"szname":"Doli Purnama Sari","Channel Group":"Retail","Project":"BIG"," LY":20685303.5999390036," 3LM":34991672.9088049829," LM":45328892.4202049971," T.MTD":39718860.4844924882," A.MTD":18365225.6712230034," Gap MTD":-21353634.8132694848,"CR":37,"CA":29}
{"szEmployeeId":17210041467,"szname":"Doli Purnama Sari","Channel Group":"Retail","Project":"MEDIUM"," LY":34628965.4289449975," 3LM":51924588.6242276803," LM":58950258.681080021," T.MTD":59064265.5461340994," A.MTD":24043681.2173520029," Gap MTD":-35020584.3287820742,"CR":110,"CA":77}
{"szEmployeeId":17210041467,"szname":"Doli Purnama Sari","Channel Group":"MTI","Project":"SMALL"," LY":21067413.380861003," 3LM":24608924.1904339939," LM":27319349.7488129996," T.MTD":28103799.6149790436," A.MTD":9707380.2345890012," Gap MTD":-18396419.3803900406,"CR":10,"CA":5}
{"szEmployeeId":17210037897,"szname":"Hindra","Channel Group":"Wholesaler","Project":"SMALL"," LY":85532221.5947379917," 3LM":73151755.5975836515," LM":96132246.5938530415," T.MTD":78389588.2534843087," A.MTD":42275086.2040719911," Gap MTD":-36114502.0494123027,"CR":33,"CA":28}
{"szEmployeeId":17210037897,"szname":"Hindra","Channel Group":"Wholesaler","Project":"BIG"," LY":120065088.6087739915," 3LM":89473010.5003866553," LM":96764484.7424819916," T.MTD":92724410.2757464498," A.MTD":13269189.170494996," Gap MTD":-79455221.1052514613,"CR":3,"CA":2}
{"szEmployeeId":17210037897,"szname":"Hindra","Channel Group":"Wholesaler","Project":"MEDIUM"," LY":276235886.9062010646," 3LM":345264525.082903266," LM":419341882.6884539723," T.MTD":359257313.263715446," A.MTD":202180865.8841410279," Gap MTD":-157076447.3795743883,"CR":25,"CA":25}
{"szEmployeeId":17210037897,"szname":"Hindra","Channel Group":"Wholesaler","Project":"SPRBIG"," LY":0.0," 3LM":63858528.8363039941," LM":87766041.4246240258," T.MTD":69488987.5098728538," A.MTD":30047387.3724110015," Gap MTD":-39441600.137461856,"CR":1,"CA":1}
{"szEmployeeId":17210037897,"szname":"Hindra","Channel Group":"Retail","Project":"SMALL"," LY":15152274.0955290012," 3LM":21655803.9267810024," LM":26600128.7295100056," T.MTD":22491839.9497336447," A.MTD":11840914.9496469963," Gap MTD":-10650925.0000866372,"CR":59,"CA":37}
{"szEmployeeId":17210037897,"szname":"Hindra","Channel Group":"Retail","Project":"BIG"," LY":38152293.193547003," 3LM":25199896.6005023308," LM":32238322.1514709964," T.MTD":26660560.1706549414," A.MTD":17104550.830277998," Gap MTD":-9556009.3403769471,"CR":27,"CA":20}
{"szEmployeeId":17210037897,"szname":"Hindra","Channel Group":"Retail","Project":"MEDIUM"," LY":34221701.1880770102," 3LM":27928147.8612730056," LM":32673887.5338010006," T.MTD":29031827.7654059008," A.MTD":14053570.6999370027," Gap MTD":-14978257.0654689092,"CR":42,"CA":30}
{"szEmployeeId":17210037897,"szname":"Hindra","Channel Group":"MTI","Project":"SMALL"," LY":12336513.0842719991," 3LM":13413728.2438680027," LM":25084787.3637220003," T.MTD":14202212.7465547286," A.MTD":4773693.6850269996," Gap MTD":-9428519.061527729,"CR":3,"CA":2}
{"szEmployeeId":17210037897,"szname":"Hindra","Channel Group":"MTI","Project":"MEDIUM"," LY":3948288.1514409999," 3LM":4545227.6550033335," LM":5959909.9388119988," T.MTD":4329069.729607312," A.MTD":3549027.0288239997," Gap MTD":-780042.7007833123,"CR":1,"CA":1}
{"szEmployeeId":17210037897,"szname":"Hindra","Channel Group":"FS","Project":"SMALL"," LY":0.0," 3LM":1098083.4839033331," LM":3294250.4517099997," T.MTD":1424190.335224509," A.MTD":0.0," Gap MTD":-1424190.335224509,"CR":1,"CA":0}
{"szEmployeeId":17210036369,"szname":"Muhammad Tamrin","Channel Group":"Wholesaler","Project":"SMALL"," LY":90456113.9664879888," 3LM":92048305.5614916533," LM":113577553.8412120193," T.MTD":119512027.3224436343," A.MTD":66725832.5904340073," Gap MTD":-52786194.7320096344,"CR":91,"CA":73}
{"szEmployeeId":17210036369,"szname":"Muhammad Tamrin","Channel Group":"Wholesaler","Project":"BIG"," LY":124915563.3332720101," 3LM":137773310.2745220065," LM":204235581.9986810088," T.MTD":194738181.367980957," A.MTD":68493700.9206909984," Gap MTD":-126244480.4472899735,"CR":6,"CA":5}
{"szEmployeeId":17210036369,"szname":"Muhammad Tamrin","Channel Group":"Wholesaler","Project":"MEDIUM"," LY":171835258.7421540022," 3LM":167976013.0804950297," LM":216714096.4413159788," T.MTD":225583152.2688005865," A.MTD":108932622.6288079768," Gap MTD":-116650529.63999255,"CR":39,"CA":33}
{"szEmployeeId":17210036369,"szname":"Muhammad Tamrin","Channel Group":"MTI","Project":"SMALL"," LY":9220977.0389109999," 3LM":6974813.0117993336," LM":7157107.3343200004," T.MTD":7423582.9039615113," A.MTD":3935814.4432420004," Gap MTD":-3487768.4607195104,"CR":12,"CA":8}
{"szEmployeeId":17210036369,"szname":"Muhammad Tamrin","Channel Group":"MTI","Project":"MEDIUM"," LY":849455.8," 3LM":842946.8487383333," LM":1075381.986215," T.MTD":616783.7312131207," A.MTD":2312654.9526999998," Gap MTD":1695871.221486879,"CR":1,"CA":1}
{"szEmployeeId":17210036369,"szname":"Muhammad Tamrin","Channel Group":"FS","Project":"SMALL"," LY":0.0," 3LM":253926.1233333333," LM":139864.86," T.MTD":126272.4056000527," A.MTD":0.0," Gap MTD":-126272.4056000527,"CR":1,"CA":0}
{"szEmployeeId":17210037632,"szname":"Robianor","Channel Group":"Wholesaler","Project":"SMALL"," LY":92566076.1370660067," 3LM":86461542.988659665," LM":103544497.8632770032," T.MTD":95505672.590363577," A.MTD":45785430.8666759953," Gap MTD":-49720241.7236875743,"CR":38,"CA":29}
{"szEmployeeId":17210037632,"szname":"Robianor","Channel Group":"Wholesaler","Project":"BIG"," LY":174758019.7379460335," 3LM":121249835.9633599669," LM":159793967.4430249929," T.MTD":133328132.519942075," A.MTD":47958790.9959959984," Gap MTD":-85369341.5239460766,"CR":3,"CA":2}
{"szEmployeeId":17210037632,"szname":"Robianor","Channel Group":"Wholesaler","Project":"MEDIUM"," LY":317994256.6119149923," 3LM":340062662.5307099819," LM":395625709.8037910461," T.MTD":368910034.1494522691," A.MTD":164968067.4418930411," Gap MTD":-203941966.7075592577,"CR":27,"CA":20}
{"szEmployeeId":17210037632,"szname":"Robianor","Channel Group":"Retail","Project":"SMALL"," LY":16089342.354807999," 3LM":14760253.0299086701," LM":18159779.6955210008," T.MTD":15277012.4106036779," A.MTD":12321939.0726559982," Gap MTD":-2955073.3379476829,"CR":44,"CA":27}
{"szEmployeeId":17210037632,"szname":"Robianor",