{"szEmployeeId":17210032876,"szname":"Asman","Channel Group":"Wholesaler","Project":"SMALL"," LY":113154712.5523940027," 3LM":96575116.4175313264," LM":128251428.3331319839," T.MTD":104003451.6486701369," A.MTD":14461731.7572690006," Gap MTD":-89541719.8914011568,"CR":84,"CA":33}
{"szEmployeeId":17210032876,"szname":"Asman","Channel Group":"Wholesaler","Project":"BIG"," LY":179819457.5685679913," 3LM":182259048.0845439434," LM":237749828.7624719739," T.MTD":195513165.0019548535," A.MTD":10506135.1725849994," Gap MTD":-185007029.8293698728,"CR":6,"CA":1}
{"szEmployeeId":17210032876,"szname":"Asman","Channel Group":"Wholesaler","Project":"MEDIUM"," LY":308421208.691083014," 3LM":284613881.171980381," LM":308918108.8650540113," T.MTD":304153102.9825348258," A.MTD":83124647.7541979998," Gap MTD":-221028455.2283367217,"CR":38,"CA":25}
{"szEmployeeId":17210032876,"szname":"Asman","Channel Group":"MTI","Project":"SMALL"," LY":34048485.336887002," 3LM":32043444.3307293318," LM":32516065.1205199994," T.MTD":34095595.7538453043," A.MTD":9402910.8901739996," Gap MTD":-24692684.8636713028,"CR":12,"CA":7}
{"szEmployeeId":17210032876,"szname":"Asman","Channel Group":"MTI","Project":"MEDIUM"," LY":5347152.8199999994," 3LM":2089511.7266666666," LM":1288976.6000000003," T.MTD":2234684.6129952064," A.MTD":1630180.1999999997," Gap MTD":-604504.4129952067,"CR":1,"CA":1}
{"szEmployeeId":17210041467,"szname":"Doli Purnama Sari","Channel Group":"Retail","Project":"SMALL"," LY":23827841.9374160059," 3LM":41149611.3928150088," LM":46379662.2740290165," T.MTD":47113074.3543943763," A.MTD":7984706.4190299995," Gap MTD":-39128367.9353643581,"CR":192,"CA":48}
{"szEmployeeId":17210041467,"szname":"Doli Purnama Sari","Channel Group":"Retail","Project":"BIG"," LY":20685303.5999390036," 3LM":34991672.9088049829," LM":45328892.4202049971," T.MTD":39718860.4844924882," A.MTD":5484910.0270779999," Gap MTD":-34233950.457414493,"CR":37,"CA":10}
{"szEmployeeId":17210041467,"szname":"Doli Purnama Sari","Channel Group":"Retail","Project":"MEDIUM"," LY":34628965.4289449975," 3LM":51924588.6242276728," LM":58950258.681080021," T.MTD":59064265.5461340919," A.MTD":10390904.0057560001," Gap MTD":-48673361.5403780863,"CR":110,"CA":35}
{"szEmployeeId":17210041467,"szname":"Doli Purnama Sari","Channel Group":"MTI","Project":"SMALL"," LY":21067413.380861003," 3LM":24608924.1904340014," LM":27319349.7488129959," T.MTD":28103799.6149790548," A.MTD":2816855.844052," Gap MTD":-25286943.7709270529,"CR":10,"CA":2}
{"szEmployeeId":17210037897,"szname":"Hindra","Channel Group":"Wholesaler","Project":"SMALL"," LY":85532221.5947379917," 3LM":73151755.5975836366," LM":96132246.5938530415," T.MTD":78389588.2534843087," A.MTD":16305491.3683429975," Gap MTD":-62084096.8851413056,"CR":33,"CA":17}
{"szEmployeeId":17210037897,"szname":"Hindra","Channel Group":"Wholesaler","Project":"BIG"," LY":120065088.6087739915," 3LM":89473010.5003866702," LM":96764484.7424820065," T.MTD":92724410.2757464647," A.MTD":3952432.4253919981," Gap MTD":-88771977.8503544778,"CR":3,"CA":1}
{"szEmployeeId":17210037897,"szname":"Hindra","Channel Group":"Wholesaler","Project":"MEDIUM"," LY":276235886.9062010646," 3LM":345264525.0829032063," LM":419341882.6884539723," T.MTD":359257313.2637153864," A.MTD":90433932.4027620107," Gap MTD":-268823380.8609534502,"CR":25,"CA":17}
{"szEmployeeId":17210037897,"szname":"Hindra","Channel Group":"Wholesaler","Project":"SPRBIG"," LY":0.0," 3LM":63858528.8363039941," LM":87766041.4246240258," T.MTD":69488987.5098728538," A.MTD":0.0," Gap MTD":-69488987.5098728538,"CR":1,"CA":0}
{"szEmployeeId":17210037897,"szname":"Hindra","Channel Group":"Retail","Project":"SMALL"," LY":15152274.0955290012," 3LM":21655803.9267810024," LM":26600128.7295100056," T.MTD":22491839.9497336447," A.MTD":4191019.0077320002," Gap MTD":-18300820.9420016482,"CR":59,"CA":11}
{"szEmployeeId":17210037897,"szname":"Hindra","Channel Group":"Retail","Project":"BIG"," LY":38152293.193547003," 3LM":25199896.6005023345," LM":32238322.1514709964," T.MTD":26660560.1706549414," A.MTD":8265939.8814949989," Gap MTD":-18394620.2891599424,"CR":27,"CA":13}
{"szEmployeeId":17210037897,"szname":"Hindra","Channel Group":"Retail","Project":"MEDIUM"," LY":34221701.1880770102," 3LM":27928147.8612729982," LM":32673887.5338010006," T.MTD":29031827.7654059045," A.MTD":4521520.8476379998," Gap MTD":-24510306.9177679121,"CR":42,"CA":16}
{"szEmployeeId":17210037897,"szname":"Hindra","Channel Group":"MTI","Project":"SMALL"," LY":12336513.0842719991," 3LM":13413728.2438680008," LM":25084787.3637220003," T.MTD":14202212.7465547286," A.MTD":1597837.8405319999," Gap MTD":-12604374.9060227275,"CR":3,"CA":1}
{"szEmployeeId":17210037897,"szname":"Hindra","Channel Group":"MTI","Project":"MEDIUM"," LY":3948288.1514409995," 3LM":4545227.6550033335," LM":5959909.9388120007," T.MTD":4329069.729607312," A.MTD":2650648.6488239998," Gap MTD":-1678421.0807833122,"CR":1,"CA":1}
{"szEmployeeId":17210037897,"szname":"Hindra","Channel Group":"FS","Project":"SMALL"," LY":0.0," 3LM":1098083.4839033331," LM":3294250.4517099997," T.MTD":1424190.335224509," A.MTD":0.0," Gap MTD":-1424190.335224509,"CR":1,"CA":0}
{"szEmployeeId":17210036369,"szname":"Muhammad Tamrin","Channel Group":"Wholesaler","Project":"SMALL"," LY":90456113.9664879888," 3LM":92048305.5614916682," LM":113577553.8412120193," T.MTD":119512027.3224436045," A.MTD":26092448.7319560051," Gap MTD":-93419578.5904876441,"CR":91,"CA":33}
{"szEmployeeId":17210036369,"szname":"Muhammad Tamrin","Channel Group":"Wholesaler","Project":"BIG"," LY":124915563.3332720101," 3LM":137773310.2745220065," LM":204235581.9986810088," T.MTD":194738181.3679809868," A.MTD":19923469.4252169952," Gap MTD":-174814711.9427639842,"CR":6,"CA":4}
{"szEmployeeId":17210036369,"szname":"Muhammad Tamrin","Channel Group":"Wholesaler","Project":"MEDIUM"," LY":171835258.7421540022," 3LM":167976013.0804950297," LM":216714096.4413159788," T.MTD":225583152.2688005865," A.MTD":53114488.3720369935," Gap MTD":-172468663.8967635632,"CR":39,"CA":22}
{"szEmployeeId":17210036369,"szname":"Muhammad Tamrin","Channel Group":"MTI","Project":"SMALL"," LY":9220977.0389109999," 3LM":6974813.0117993336," LM":7157107.3343199994," T.MTD":7423582.9039615113," A.MTD":2417043.2599999998," Gap MTD":-5006539.6439615116,"CR":12,"CA":4}
{"szEmployeeId":17210036369,"szname":"Muhammad Tamrin","Channel Group":"MTI","Project":"MEDIUM"," LY":849455.8," 3LM":842946.8487383334," LM":1075381.986215," T.MTD":616783.7312131209," A.MTD":654273.8799999999," Gap MTD":37490.148786879,"CR":1,"CA":1}
{"szEmployeeId":17210036369,"szname":"Muhammad Tamrin","Channel Group":"FS","Project":"SMALL"," LY":0.0," 3LM":253926.1233333334," LM":139864.86," T.MTD":126272.4056000528," A.MTD":0.0," Gap MTD":-126272.4056000528,"CR":1,"CA":0}
{"szEmployeeId":17210037632,"szname":"Robianor","Channel Group":"Wholesaler","Project":"SMALL"," LY":92566076.1370660067," 3LM":86461542.9886596799," LM":103544497.8632769734," T.MTD":95505672.5903635919," A.MTD":17594527.1394300014," Gap MTD":-77911145.4509336203,"CR":38,"CA":22}
{"szEmployeeId":17210037632,"szname":"Robianor","Channel Group":"Wholesaler","Project":"BIG"," LY":174758019.7379460335," 3LM":121249835.9633599818," LM":159793967.4430249929," T.MTD":133328132.519942075," A.MTD":16593333.3795360029," Gap MTD":-116734799.1404061019,"CR":3,"CA":2}
{"szEmployeeId":17210037632,"szname":"Robianor","Channel Group":"Wholesaler","Project":"MEDIUM"," LY":317994256.6119149923," 3LM":340062662.5307100415," LM":395625709.8037910461," T.MTD":368910034.1494522095," A.MTD":51482363.9524610043," Gap MTD":-317427670.1969912648,"CR":27,"CA":14}
{"szEmployeeId":17210037632,"szname":"Robianor","Channel Group":"Retail","Project":"SMALL"," LY":16089342.354807999," 3LM":14760253.029908672," LM":18159779.6955210008," T.MTD":15277012.4106036779," A.MTD":8161949.589528," Gap MTD":-7115062.8210756853,"CR":44,"CA":12}
{"szEmployeeId":17210037632,"szname":"Robianor","Channel Group":"Retail",