{"szEmployeeId":17210032876,"szname":"Asman","Channel Group":"Wholesaler","Project":"SMALL"," LY":78406717.4908719659," 3LM":105849187.1731646061," LM":80994798.321419999," T.MTD":107031096.6204793155," A.MTD":72066599.9286949933," Gap MTD":-34964496.6917842776,"CR":87,"CA":73}
{"szEmployeeId":17210032876,"szname":"Asman","Channel Group":"Wholesaler","Project":"BIG"," LY":110822430.8967259824," 3LM":153449566.463162303," LM":80833747.9552730024," T.MTD":155163207.6916812658," A.MTD":169624159.4560400248," Gap MTD":14460951.7643587589,"CR":6,"CA":5}
{"szEmployeeId":17210032876,"szname":"Asman","Channel Group":"Wholesaler","Project":"MEDIUM"," LY":286421020.0064260364," 3LM":280740763.5450267196," LM":190185066.2626859546," T.MTD":283850679.292082727," A.MTD":276194459.2535809875," Gap MTD":-7656220.0385017926,"CR":36,"CA":32}
{"szEmployeeId":17210032876,"szname":"Asman","Channel Group":"Retail","Project":"BIG"," LY":0.0," 3LM":2163243.2213043324," LM":0.0," T.MTD":2188073.6350604682," A.MTD":0.0," Gap MTD":-2188073.6350604682,"CR":1,"CA":0}
{"szEmployeeId":17210032876,"szname":"Asman","Channel Group":"MTI","Project":"SMALL"," LY":32780610.9125650004," 3LM":33979113.2894646674," LM":28353999.1635809988," T.MTD":34353725.5598622337," A.MTD":29438425.4751170054," Gap MTD":-4915300.0847452302,"CR":13,"CA":10}
{"szEmployeeId":17210032876,"szname":"Asman","Channel Group":"MTI","Project":"MEDIUM"," LY":454054.03," 3LM":3377146.5800000005," LM":1807837.8499999999," T.MTD":3413217.2008340172," A.MTD":3099828.8399999999," Gap MTD":-313388.3608340174,"CR":1,"CA":1}
{"szEmployeeId":17210041467,"szname":"Doli Purnama Sari","Channel Group":"Retail","Project":"SMALL"," LY":32233804.7099339887," 3LM":73089831.8221493214," LM":64200052.2597670108," T.MTD":78110126.2471959144," A.MTD":61270061.477079019," Gap MTD":-16840064.7701169811,"CR":225,"CA":186}
{"szEmployeeId":17210041467,"szname":"Doli Purnama Sari","Channel Group":"Retail","Project":"BIG"," LY":14314141.8225889988," 3LM":18188844.2246543318," LM":13636486.8557099998," T.MTD":19635797.7059599571," A.MTD":12322416.5729610026," Gap MTD":-7313381.1329989545,"CR":31,"CA":25}
{"szEmployeeId":17210041467,"szname":"Doli Purnama Sari","Channel Group":"Retail","Project":"MEDIUM"," LY":21518328.3283100054," 3LM":34071087.583336331," LM":24283200.9290160015," T.MTD":36726625.2404832616," A.MTD":29286070.3274550028," Gap MTD":-7440554.9130282663,"CR":81,"CA":70}
{"szEmployeeId":17210041467,"szname":"Doli Purnama Sari","Channel Group":"MTI","Project":"SMALL"," LY":37933368.0367610157," 3LM":22896710.9762570001," LM":17492132.5518769994," T.MTD":24527450.8063608147," A.MTD":21273776.6939550079," Gap MTD":-3253674.1124058189,"CR":10,"CA":8}
{"szEmployeeId":17210037897,"szname":"Hindra","Channel Group":"Wholesaler","Project":"SMALL"," LY":73577801.21810399," 3LM":84835599.6869589984," LM":74439832.0250170231," T.MTD":93620062.5485257506," A.MTD":54678644.8371580094," Gap MTD":-38941417.7113677859,"CR":36,"CA":32}
{"szEmployeeId":17210037897,"szname":"Hindra","Channel Group":"Wholesaler","Project":"BIG"," LY":114724640.0738730133," 3LM":121123949.8072586656," LM":37993513.5568009913," T.MTD":134163697.0188826621," A.MTD":91889139.6149699986," Gap MTD":-42274557.4039126486,"CR":4,"CA":4}
{"szEmployeeId":17210037897,"szname":"Hindra","Channel Group":"Wholesaler","Project":"MEDIUM"," LY":209335390.5079059899," 3LM":279533864.2752920389," LM":233586972.0127689838," T.MTD":308273143.8469170332," A.MTD":234187045.9505069554," Gap MTD":-74086097.8964099884,"CR":24,"CA":23}
{"szEmployeeId":17210037897,"szname":"Hindra","Channel Group":"Retail","Project":"SMALL"," LY":30112994.7576670051," 3LM":34735797.669398658," LM":31851518.590921998," T.MTD":39275340.0674554482," A.MTD":26883824.7339300029," Gap MTD":-12391515.333525449,"CR":87,"CA":61}
{"szEmployeeId":17210037897,"szname":"Hindra","Channel Group":"Retail","Project":"BIG"," LY":15827575.8026600014," 3LM":14300662.8965463322," LM":12648458.886648003," T.MTD":16193208.2640251778," A.MTD":13026984.1832279991," Gap MTD":-3166224.0807971782,"CR":16,"CA":14}
{"szEmployeeId":17210037897,"szname":"Hindra","Channel Group":"Retail","Project":"MEDIUM"," LY":18620415.1595030017," 3LM":20789880.5608439967," LM":17920727.8685309999," T.MTD":23464069.2751877159," A.MTD":12081478.3041319977," Gap MTD":-11382590.9710557126,"CR":38,"CA":32}
{"szEmployeeId":17210037897,"szname":"Hindra","Channel Group":"MTI","Project":"SMALL"," LY":8940720.4596389998," 3LM":15170441.7596243322," LM":8911802.7609659992," T.MTD":17067091.131074477," A.MTD":6244594.6069160011," Gap MTD":-10822496.5241584759,"CR":3,"CA":2}
{"szEmployeeId":17210037897,"szname":"Hindra","Channel Group":"MTI","Project":"MEDIUM"," LY":7562026.7728739996," 3LM":4586043.8712806674," LM":4732432.4768330008," T.MTD":4943387.8479319857," A.MTD":2943340.5493650003," Gap MTD":-2000047.2985669854,"CR":1,"CA":1}
{"szEmployeeId":17210036369,"szname":"Muhammad Tamrin","Channel Group":"Wholesaler","Project":"SMALL"," LY":57154254.7521570101," 3LM":87762367.1223029941," LM":82376850.3507779986," T.MTD":118185508.7323688567," A.MTD":53959484.3361969963," Gap MTD":-64226024.3961717859,"CR":93,"CA":70}
{"szEmployeeId":17210036369,"szname":"Muhammad Tamrin","Channel Group":"Wholesaler","Project":"BIG"," LY":55444263.427966997," 3LM":115880380.8195076734," LM":71651289.2494349927," T.MTD":154300106.5601667166," A.MTD":98191351.4473519921," Gap MTD":-56108755.1128147319,"CR":6,"CA":4}
{"szEmployeeId":17210036369,"szname":"Muhammad Tamrin","Channel Group":"Wholesaler","Project":"MEDIUM"," LY":66184980.7596350089," 3LM":157420106.9084596634," LM":129642483.9082320035," T.MTD":206844700.4007826447," A.MTD":101600723.650083974," Gap MTD":-105243976.7506986558,"CR":37,"CA":30}
{"szEmployeeId":17210036369,"szname":"Muhammad Tamrin","Channel Group":"Retail","Project":"BIG"," LY":0.0," 3LM":1832672.6611370002," LM":0.0," T.MTD":2597856.7274311492," A.MTD":0.0," Gap MTD":-2597856.7274311492,"CR":1,"CA":0}
{"szEmployeeId":17210036369,"szname":"Muhammad Tamrin","Channel Group":"MTI","Project":"SMALL"," LY":4794096.0822329996," 3LM":8195725.637534," LM":8079568.5770260002," T.MTD":11257915.9792441782," A.MTD":4885576.63081," Gap MTD":-6372339.3484341763,"CR":13,"CA":9}
{"szEmployeeId":17210036369,"szname":"Muhammad Tamrin","Channel Group":"MTI","Project":"MEDIUM"," LY":637567.5389169999," 3LM":614420.42," LM":537207.21," T.MTD":607055.3854577151," A.MTD":916251.3500000001," Gap MTD":309195.964542285,"CR":1,"CA":1}
{"szEmployeeId":17210036369,"szname":"Muhammad Tamrin","Channel Group":"FS","Project":"SMALL"," LY":0.0," 3LM":205308.41," LM":62454.95," T.MTD":206856.2145487031," A.MTD":559458.5600000001," Gap MTD":352602.3454512969,"CR":1,"CA":1}
{"szEmployeeId":17210037632,"szname":"Robianor","Channel Group":"Wholesaler","Project":"SMALL"," LY":51442090.6680819914," 3LM":81821614.6750786901," LM":65506136.6685029939," T.MTD":89858471.7267621011," A.MTD":72237742.0402330011," Gap MTD":-17620729.6865291223,"CR":39,"CA":34}
{"szEmployeeId":17210037632,"szname":"Robianor","Channel Group":"Wholesaler","Project":"BIG"," LY":93706919.3989710361," 3LM":112969984.9475026578," LM":61304234.2357950062," T.MTD":119824116.931786716," A.MTD":81429324.2598530054," Gap MTD":-38394792.6719337106,"CR":3,"CA":3}
{"szEmployeeId":17210037632,"szname":"Robianor","Channel Group":"Wholesaler","Project":"MEDIUM"," LY":189652797.000932008," 3LM":311742932.2762943506," LM":266220460.5281360149," T.MTD":329246702.6943087578," A.MTD":193852631.5300370753," Gap MTD":-135394071.1642716527,"CR":27,"CA":25}
{"szEmployeeId":17210037632,"szname":"Robianor","Channel Group":"Retail","Project":"SMALL"," LY":30777470.7647050023," 3LM":36243492.5129889995," LM":29738273.2834339924," T.MTD":39725887.3438431919," A.MTD":22816003.9748389982," Gap MTD":-16909883.3690041862,"CR":75,"CA":58}
{"szEmployeeId":17210037632,"szname":"Robianor","Channel Group":"Retail","Project":"BIG"," LY":28535434.6031640023,