{"szEmployeeId":17210032876,"szname":"Asman","Channel Group":"Wholesaler","Project":"SMALL"," LY":85896828.4065279961," 3LM":126263711.6409047097," LM":128800042.0428530574," T.MTD":131505949.6561881602," A.MTD":56993880.9089219943," Gap MTD":-74512068.7472661287,"CR":90,"CA":77}
{"szEmployeeId":17210032876,"szname":"Asman","Channel Group":"Wholesaler","Project":"BIG"," LY":171733556.6542290151," 3LM":192998515.6611123383," LM":187642944.1172069907," T.MTD":199987849.1177139282," A.MTD":26975888.3630779982," Gap MTD":-173011960.7546359003,"CR":6,"CA":3}
{"szEmployeeId":17210032876,"szname":"Asman","Channel Group":"Wholesaler","Project":"MEDIUM"," LY":289344407.5498020053," 3LM":320522597.5524386168," LM":310617337.1426019669," T.MTD":331723721.9933003187," A.MTD":114589679.9078650028," Gap MTD":-217134042.0854353905,"CR":37,"CA":29}
{"szEmployeeId":17210032876,"szname":"Asman","Channel Group":"MTI","Project":"SMALL"," LY":25310863.6766800024," 3LM":34847625.8618943319," LM":33501979.5606020018," T.MTD":36747975.0599622056," A.MTD":11423407.2046790011," Gap MTD":-25324567.8552832045,"CR":13,"CA":11}
{"szEmployeeId":17210032876,"szname":"Asman","Channel Group":"MTI","Project":"MEDIUM"," LY":2664549.4076250005," 3LM":3253093.9833333334," LM":3734345.0699999998," T.MTD":3334504.1728357277," A.MTD":2037027.0199999998," Gap MTD":-1297477.1528357279,"CR":1,"CA":1}
{"szEmployeeId":17210041467,"szname":"Doli Purnama Sari","Channel Group":"Retail","Project":"SMALL"," LY":43229396.5655220076," 3LM":109392948.6278276742," LM":105455563.0904149711," T.MTD":125795118.5090901852," A.MTD":45953552.3163859919," Gap MTD":-79841566.1927041411,"CR":229,"CA":165}
{"szEmployeeId":17210041467,"szname":"Doli Purnama Sari","Channel Group":"Retail","Project":"BIG"," LY":39264146.0074639991," 3LM":35170529.2733423337," LM":33138765.510501001," T.MTD":41326059.5037955791," A.MTD":12723240.970865," Gap MTD":-28602818.5329305828,"CR":31,"CA":25}
{"szEmployeeId":17210041467,"szname":"Doli Purnama Sari","Channel Group":"Retail","Project":"MEDIUM"," LY":43496987.3686840087," 3LM":61552068.4382589906," LM":60406117.8119000122," T.MTD":71705194.3154911101," A.MTD":26267588.527773004," Gap MTD":-45437605.7877181023,"CR":81,"CA":69}
{"szEmployeeId":17210041467,"szname":"Doli Purnama Sari","Channel Group":"MTI","Project":"SMALL"," LY":22649609.6816240065," 3LM":23658919.5001933388," LM":29631493.8596159928," T.MTD":25073627.6716230139," A.MTD":9791536.126929," Gap MTD":-15282091.5446940102,"CR":10,"CA":7}
{"szEmployeeId":17210037897,"szname":"Hindra","Channel Group":"Wholesaler","Project":"SMALL"," LY":64760708.9769670144," 3LM":97662409.9961126745," LM":98447189.8906679749," T.MTD":116928340.294721961," A.MTD":54012674.4491239786," Gap MTD":-62915665.8455979675,"CR":46,"CA":42}
{"szEmployeeId":17210037897,"szname":"Hindra","Channel Group":"Wholesaler","Project":"BIG"," LY":53380885.1133939996," 3LM":83510033.5883789957," LM":130789016.1630339921," T.MTD":104009985.0361295044," A.MTD":5770947.7537810002," Gap MTD":-98239037.2823485136,"CR":3,"CA":1}
{"szEmployeeId":17210037897,"szname":"Hindra","Channel Group":"Wholesaler","Project":"MEDIUM"," LY":105587267.0025639981," 3LM":110584492.3230606765," LM":97186054.8607280254," T.MTD":132469904.3705658168," A.MTD":58020374.6764969975," Gap MTD":-74449529.6940687746,"CR":11,"CA":10}
{"szEmployeeId":17210037897,"szname":"Hindra","Channel Group":"Retail","Project":"SMALL"," LY":13011564.2140469998," 3LM":62055509.3914110065," LM":68364260.9594679624," T.MTD":75025370.590545401," A.MTD":28981566.2790300101," Gap MTD":-46043804.3115154356,"CR":105,"CA":74}
{"szEmployeeId":17210037897,"szname":"Hindra","Channel Group":"Retail","Project":"BIG"," LY":31803488.1156470031," 3LM":24575468.1804846711," LM":22546725.8822060041," T.MTD":29369055.9015019871," A.MTD":14106138.0448410027," Gap MTD":-15262917.8566609975,"CR":18,"CA":15}
{"szEmployeeId":17210037897,"szname":"Hindra","Channel Group":"Retail","Project":"MEDIUM"," LY":15003227.7051069997," 3LM":15466544.5961113367," LM":17975322.7204819992," T.MTD":18616866.3426179178," A.MTD":6942037.4052019995," Gap MTD":-11674828.9374159183,"CR":23,"CA":18}
{"szEmployeeId":17210037897,"szname":"Hindra","Channel Group":"MTI","Project":"SMALL"," LY":5494819.65142," 3LM":6901057.2834066655," LM":8353352.2161090001," T.MTD":7922597.3193634693," A.MTD":3321599.0708039999," Gap MTD":-4600998.2485594694,"CR":2,"CA":2}
{"szEmployeeId":17210037897,"szname":"Hindra","Channel Group":"FS","Project":"SMALL"," LY":0.0," 3LM":1476992.4902999999," LM":2169442.3399999999," T.MTD":1657880.1445538134," A.MTD":3671646.8499999996," Gap MTD":2013766.7054461862,"CR":3,"CA":3}
{"szEmployeeId":17210036369,"szname":"Muhammad Tamrin","Channel Group":"Wholesaler","Project":"SMALL"," LY":86623123.2155359834," 3LM":100284325.680202648," LM":112284848.8607180119," T.MTD":117616335.8431380987," A.MTD":47631146.3571060076," Gap MTD":-69985189.4860321134,"CR":93,"CA":76}
{"szEmployeeId":17210036369,"szname":"Muhammad Tamrin","Channel Group":"Wholesaler","Project":"BIG"," LY":171652420.2909970284," 3LM":146958326.9385036528," LM":176866324.2648090124," T.MTD":180566812.7507777214," A.MTD":33171750.4473720044," Gap MTD":-147395062.3034057021,"CR":6,"CA":4}
{"szEmployeeId":17210036369,"szname":"Muhammad Tamrin","Channel Group":"Wholesaler","Project":"MEDIUM"," LY":167270675.4651519954," 3LM":174144911.8861450255," LM":177425003.6623599529," T.MTD":206391263.6423943341," A.MTD":70617908.0901789963," Gap MTD":-135773355.5522153676,"CR":38,"CA":31}
{"szEmployeeId":17210036369,"szname":"Muhammad Tamrin","Channel Group":"MTI","Project":"SMALL"," LY":3850104.1614339999," 3LM":6945574.2229983322," LM":7776680.2764810007," T.MTD":6843614.7971542953," A.MTD":4076062.181349," Gap MTD":-2767552.6158052953,"CR":13,"CA":11}
{"szEmployeeId":17210036369,"szname":"Muhammad Tamrin","Channel Group":"MTI","Project":"MEDIUM"," LY":201386.46," 3LM":647783.4766666668," LM":792969.3600000001," T.MTD":534007.966012565," A.MTD":230315.31," Gap MTD":-303692.656012565,"CR":1,"CA":1}
{"szEmployeeId":17210036369,"szname":"Muhammad Tamrin","Channel Group":"FS","Project":"SMALL"," LY":0.0," 3LM":453628.83," LM":215878.38," T.MTD":347965.0005229968," A.MTD":210979.28," Gap MTD":-136985.7205229968,"CR":1,"CA":1}
{"szEmployeeId":17210037632,"szname":"Robianor","Channel Group":"Wholesaler","Project":"SMALL"," LY":84117197.1083869934," 3LM":99191848.454818666," LM":108958428.1624420136," T.MTD":112644951.2305244058," A.MTD":40770918.4619310051," Gap MTD":-71874032.7685933858,"CR":39,"CA":31}
{"szEmployeeId":17210037632,"szname":"Robianor","Channel Group":"Wholesaler","Project":"BIG"," LY":135774698.9929580092," 3LM":116366306.1723760068," LM":109719999.9075410068," T.MTD":136889167.1395841837," A.MTD":45022882.8270810023," Gap MTD":-91866284.3125031739,"CR":3,"CA":3}
{"szEmployeeId":17210037632,"szname":"Robianor","Channel Group":"Wholesaler","Project":"MEDIUM"," LY":298497305.3952000737," 3LM":332052318.6821749806," LM":348810485.4595380425," T.MTD":380665591.9872621894," A.MTD":158228358.4734080136," Gap MTD":-222437233.5138540864,"CR":28,"CA":21}
{"szEmployeeId":17210037632,"szname":"Robianor","Channel Group":"Retail","Project":"SMALL"," LY":23176476.8563969955," 3LM":45665187.9275606722," LM":55440372.4423980191," T.MTD":52386055.4421303943," A.MTD":23235499.6223409884," Gap MTD":-29150555.8197893836,"CR":82,"CA":46}
{"szEmployeeId":17210037632,"szname":"Robianor","Channel Group":"Retail","Project":"BIG"," LY":26651922.3205219954," 3LM":27349075.069395002," LM":28248474.0020340011," T.MTD":30784936.9288588017," A.MTD":15579588.5416660011," Gap MTD":-15205348.3871928062,"CR":23,"CA":19}
{"szEmployeeId":17210037632,"szname":"Robianor","Channel Group":"Retail","Project":"MEDIUM"," LY":19790819.3226389997," 3LM":24767345.3721009977," LM":25030968.1508890055," T.MTD":28417001.3491268046," A.MTD":13736821.2576219961," Gap MTD":-14680180.0915048029,"CR":32,