{"szEmployeeId":17210032876,"szname":"Asman","Channel Group":"Wholesaler","Project":"SMALL"," LY":788882644.0373420715," 3LM":83189422.4068839997," LM":749459325.3251787424," T.MTD":896270960.5212292671," A.MTD":83189422.4068839997," Gap MTD":-357067129.4283446074}
{"szEmployeeId":17210032876,"szname":"Asman","Channel Group":"Retail","Project":"SMALL"," LY":76811157.4896030128," 3LM":10061698.2062119991," LM":101640019.3369370252," T.MTD":101433979.3389217556," A.MTD":10061698.2062119991," Gap MTD":-76818161.918910861}
{"szEmployeeId":17210032876,"szname":"Asman","Channel Group":"MTI","Project":"SMALL"," LY":21169006.9265009984," 3LM":11127122.2335909978," LM":47266336.974120006," T.MTD":105721060.1398489326," A.MTD":11127122.2335909978," Gap MTD":-86438465.8060575724}
{"szEmployeeId":17210041467,"szname":"Doli Purnama Sari","Channel Group":"Wholesaler","Project":"SMALL"," LY":374252.23," 3LM":0.0," LM":1080450.3999999999," T.MTD":0.0," A.MTD":70270.27," Gap MTD":70270.27}
{"szEmployeeId":17210041467,"szname":"Doli Purnama Sari","Channel Group":"Retail","Project":"SMALL"," LY":74617839.2979770303," 3LM":23126661.6043899953," LM":139721972.8149389327," T.MTD":157911658.5144715011," A.MTD":26901435.6507860012," Gap MTD":-110344411.1272457987}
{"szEmployeeId":17210041467,"szname":"Doli Purnama Sari","Channel Group":"MTI","Project":"SMALL"," LY":20755651.3579289988," 3LM":319639.57," LM":39858908.5274609998," T.MTD":2230341.485528477," A.MTD":410090.0," Gap MTD":-1342063.2219682001}
{"szEmployeeId":17210037897,"szname":"Hindra","Channel Group":"Wholesaler","Project":"SMALL"," LY":254276764.8537220061," 3LM":21628918.2462709993," LM":313040827.5213649273," T.MTD":null," A.MTD":21628918.2462709993," Gap MTD":-136873407.2761492431}
{"szEmployeeId":17210037897,"szname":"Hindra","Channel Group":"Retail","Project":"SMALL"," LY":78565132.5062869638," 3LM":16582967.1100650039," LM":140818250.0088180006," T.MTD":null," A.MTD":16582967.1100650039," Gap MTD":-87873155.9829372615}
{"szEmployeeId":17210037897,"szname":"Hindra","Channel Group":"MTI","Project":"SMALL"," LY":7395224.9923719987," 3LM":672927.87," LM":4107387.2315170001," T.MTD":null," A.MTD":672927.87," Gap MTD":-5256623.5145774689}
{"szEmployeeId":17210041719,"szname":"Muhammad Iqbal Purwa Atmaja","Channel Group":"Wholesaler","Project":"SMALL"," LY":925968.336214," 3LM":982235.1032420001," LM":3061342.2485499997," T.MTD":7156161.8819649946," A.MTD":1998451.279725," Gap MTD":1287069.8632883958}
{"szEmployeeId":17210041719,"szname":"Muhammad Iqbal Purwa Atmaja","Channel Group":"Retail","Project":"SMALL"," LY":56131270.3313419819," 3LM":10837382.7603379991," LM":107969826.4296259582," T.MTD":93970162.754745543," A.MTD":31323324.3929280043," Gap MTD":-6890618.8273459282}
{"szEmployeeId":17210041719,"szname":"Muhammad Iqbal Purwa Atmaja","Channel Group":"MTI","Project":"SMALL"," LY":4148539.3897130005," 3LM":90450.43," LM":6176315.8119729999," T.MTD":915675.3632894809," A.MTD":355675.61," Gap MTD":-559999.7532894809}
{"szEmployeeId":17210036369,"szname":"Muhammad Tamrin","Channel Group":"Wholesaler","Project":"SMALL"," LY":598965872.683431983," 3LM":108000308.4739179909," LM":426262944.3398529291," T.MTD":562439007.4162573814," A.MTD":108000308.4739179909," Gap MTD":-166152466.9486929178}
{"szEmployeeId":17210036369,"szname":"Muhammad Tamrin","Channel Group":"Retail","Project":"SMALL"," LY":86576708.1155859977," 3LM":29436824.9485070072," LM":122294267.5747660547," T.MTD":163303306.1415709555," A.MTD":29436824.9485070072," Gap MTD":-56175508.6521097943}
{"szEmployeeId":17210036369,"szname":"Muhammad Tamrin","Channel Group":"MTI","Project":"SMALL"," LY":12658314.9492359962," 3LM":2344504.392242," LM":12689549.127076," T.MTD":12483686.4421716705," A.MTD":2344504.392242," Gap MTD":-6642386.5845303396}
{"szEmployeeId":17210037632,"szname":"Robianor","Channel Group":"Wholesaler","Project":"SMALL"," LY":490055394.1643770337," 3LM":43132529.5238909945," LM":496794036.5263890028," T.MTD":528253027.8551307917," A.MTD":43132529.5238909945," Gap MTD":-244709745.7402449846}
{"szEmployeeId":17210037632,"szname":"Robianor","Channel Group":"Retail","Project":"SMALL"," LY":81792474.8543019593," 3LM":14154730.6600719988," LM":121418911.0883770287," T.MTD":187271972.1448692083," A.MTD":14154730.6600719988," Gap MTD":-80241994.0757920295}
{"szEmployeeId":17210037632,"szname":"Robianor","Channel Group":"MTI","Project":"SMALL"," LY":899858.2500000001," 3LM":0.0," LM":1186806.75," T.MTD":0.0," A.MTD":0.0," Gap MTD":0.0}
{"szEmployeeId":17210037632,"szname":"Robianor","Channel Group":"FS","Project":"SMALL"," LY":0.0," 3LM":0.0," LM":1119818.01," T.MTD":0.0," A.MTD":0.0," Gap MTD":0.0}
