{"szEmployeeId":17210032876,"szname":"Asman","Channel":"Wholesaler","LY":778392537.8453247547,"3LM":874264268.8878853321,"LM":875868274.8234786987,"Target":432525365.3632627726,"Actual":0.0,"Ach":0.0,"Gap":-432525365.3632627726,"vs LY":-1.0,"vs 3LM":-1.0,"vs LM":-1.0}
{"szEmployeeId":17210032876,"szname":"Asman","Channel":"Retail","LY":100377493.3572729975,"3LM":109465848.2740080208,"LM":111976670.3848109692,"Target":57413565.4674849436,"Actual":3078663.2624260001,"Ach":0.0536225757,"Gap":-54334902.2050589472,"vs LY":-0.9693291478,"vs 3LM":-0.9718755821,"vs LM":-0.9725062082}
{"szEmployeeId":17210032876,"szname":"Asman","Channel":"MTI","LY":33653603.6537600011,"3LM":48718233.2261649966,"LM":50681429.6877130046,"Target":30923069.1692520604,"Actual":2241322.46,"Ach":0.0724805952,"Gap":-28681746.7092520595,"vs LY":-0.9334002241,"vs 3LM":-0.9539941761,"vs LM":-0.9557762582}
{"szEmployeeId":17210037897,"szname":"Hindra","Channel":"Wholesaler","LY":216026934.969769001,"3LM":233878169.21379897,"LM":224482318.3666059673,"Target":264204768.8794440031,"Actual":0.0,"Ach":0.0,"Gap":-264204768.8794440031,"vs LY":-1.0,"vs 3LM":-1.0,"vs LM":-1.0}
{"szEmployeeId":17210037897,"szname":"Hindra","Channel":"Retail","LY":47350839.0317529812,"3LM":111343167.9902253002,"LM":123068371.9248490483,"Target":122103784.5721559972,"Actual":7178844.0877250005,"Ach":0.0587929695,"Gap":-114924940.4844309986,"vs LY":-0.848390351,"vs 3LM":-0.9355250599,"vs LM":-0.941667839}
{"szEmployeeId":17210037897,"szname":"Hindra","Channel":"MTI","LY":10904864.4951919951,"3LM":6530744.5011319974,"LM":7930624.9295239961,"Target":6240446.5484000444,"Actual":0.0,"Ach":0.0,"Gap":-6240446.5484000444,"vs LY":-1.0,"vs 3LM":-1.0,"vs LM":-1.0}
{"szEmployeeId":17210036369,"szname":"Muhammad Tamrin","Channel":"Wholesaler","LY":286151420.6168269515,"3LM":394550703.5809459686,"LM":416950553.7854651809,"Target":420564327.870310843,"Actual":367567.56,"Ach":0.0008739865,"Gap":-420196760.3103108406,"vs LY":-0.9987154788,"vs 3LM":-0.9990683895,"vs LM":-0.9991184385}
{"szEmployeeId":17210036369,"szname":"Muhammad Tamrin","Channel":"Retail","LY":58886667.0818419904,"3LM":104013912.407037288,"LM":108132446.1050680429,"Target":109077823.5644956082,"Actual":2321495.1047710003,"Ach":0.0212829247,"Gap":-106756328.4597246051,"vs LY":-0.9605768976,"vs 3LM":-0.9776809174,"vs LM":-0.9785310035}
{"szEmployeeId":17210036369,"szname":"Muhammad Tamrin","Channel":"MTI","LY":5581441.2134959986,"3LM":13689150.8979050033,"LM":11569001.4205189981,"Target":13585848.5651935227,"Actual":0.0,"Ach":0.0,"Gap":-13585848.5651935227,"vs LY":-1.0,"vs 3LM":-1.0,"vs LM":-1.0}
{"szEmployeeId":17210037713,"szname":"Rahmani","Channel":"Wholesaler","LY":344526350.095918119,"3LM":336841316.5305136442,"LM":367536456.3346239328,"Target":386147422.6393035054,"Actual":923783.752792,"Ach":0.0023923085,"Gap":-385223638.8865115047,"vs LY":-0.9973186848,"vs 3LM":-0.9972575106,"vs LM":-0.997486552}
{"szEmployeeId":17210037713,"szname":"Rahmani","Channel":"Retail","LY":74731589.3065839708,"3LM":110191569.1237239838,"LM":109397041.5722130239,"Target":122598132.2497796267,"Actual":1529148.2249509997,"Ach":0.0124728509,"Gap":-121068984.0248286277,"vs LY":-0.9795381279,"vs 3LM":-0.9861228201,"vs LM":-0.9860220331}
{"szEmployeeId":17210037713,"szname":"Rahmani","Channel":"MTI","LY":5823242.981013,"3LM":7844686.084682663,"LM":8293981.6773719992,"Target":8332445.1109168623,"Actual":0.0,"Ach":0.0,"Gap":-8332445.1109168623,"vs LY":-1.0,"vs 3LM":-1.0,"vs LM":-1.0}
{"szEmployeeId":17210037632,"szname":"Robianor","Channel":"Wholesaler","LY":273440608.3479770422,"3LM":420158164.716463685,"LM":419829212.6304269433,"Target":422029753.9870901108,"Actual":1789369.2889129999,"Ach":0.0042399126,"Gap":-420240384.6981770992,"vs LY":-0.9934560953,"vs 3LM":-0.9957412007,"vs LM":-0.9957378638}
{"szEmployeeId":17210037632,"szname":"Robianor","Channel":"Retail","LY":55592229.0159300193,"3LM":93162467.9398313165,"LM":98338531.4081589729,"Target":89553397.2841733247,"Actual":3531381.5231440002,"Ach":0.0394332502,"Gap":-86022015.761029318,"vs LY":-0.9364770655,"vs 3LM":-0.9620943755,"vs LM":-0.9640895438}
{"szEmployeeId":17210037632,"szname":"Robianor","Channel":"MTI","LY":1628232.9407929999,"3LM":1336728.6566666667,"LM":1162738.3300000001,"Target":1611848.7287368048,"Actual":0.0,"Ach":0.0,"Gap":-1611848.7287368048,"vs LY":-1.0,"vs 3LM":-1.0,"vs LM":-1.0}
{"szEmployeeId":17210038077,"szname":"Sopian Sauri","Channel":"Wholesaler","LY":1622153.1081050001,"3LM":1857032.3795163333,"LM":1282754.003242,"Target":10771126.1887728795,"Actual":0.0,"Ach":0.0,"Gap":-10771126.1887728795,"vs LY":-1.0,"vs 3LM":-1.0,"vs LM":-1.0}
{"szEmployeeId":17210038077,"szname":"Sopian Sauri","Channel":"Retail","LY":59977960.9692280069,"3LM":66634708.017074652,"LM":81317058.9633850902,"Target":426298267.6750546098,"Actual":5453406.6645,"Ach":0.0127924673,"Gap":-420844861.0105546117,"vs LY":-0.9090764912,"vs 3LM":-0.9181596674,"vs LM":-0.932936499}
{"szEmployeeId":17210038077,"szname":"Sopian Sauri","Channel":"MTI","LY":1227163.7893669999,"3LM":3281903.4206293332,"LM":2289980.0308099999,"Target":14421606.1361720674,"Actual":1669963.7900000005,"Ach":0.1157959643,"Gap":-12751642.3461720664,"vs LY":0.3608320295,"vs 3LM":-0.4911599837,"vs LM":-0.2707518111}
{"szEmployeeId":17210041467,"szname":"Doli Purnama Sari","Channel":"Wholesaler","LY":1114594.5462090001,"3LM":1772642.5599626668,"LM":686486.412702,"Target":2001789.3116383592,"Actual":0.0,"Ach":0.0,"Gap":-2001789.3116383592,"vs LY":-1.0,"vs 3LM":-1.0,"vs LM":-1.0}
{"szEmployeeId":17210041467,"szname":"Doli Purnama Sari","Channel":"Retail","LY":98586809.1017608643,"3LM":105394589.5650116652,"LM":141370953.4699628949,"Target":115271358.1128690988,"Actual":5453406.6645,"Ach":0.0473092948,"Gap":-109817951.4483691007,"vs LY":-0.9446842157,"vs 3LM":-0.9482572427,"vs LM":-0.9614248434}
{"szEmployeeId":17210041467,"szname":"Doli Purnama Sari","Channel":"MTI","LY":51773478.3808959946,"3LM":28519260.28994333,"LM":45922953.8249380067,"Target":30273852.5754924156,"Actual":1669963.7900000005,"Ach":0.0551619186,"Gap":-28603888.7854924165,"vs LY":-0.9677448021,"vs 3LM":-0.9414443512,"vs LM":-0.9636355319}
