{"szEmployeeId":17210032876,"szname":"Asman","Channel Group":"MTI"," LY":36899908.9950089976," 3LM":39187071.020035319," LM":39765535.2774609998," Max":76523261.047931999," T.MTD":35292372.2609531507," A.MTD":0.0," Gap MTD":-35292372.2609531507," Ach":0.0," vs LY":-1," vs 3LM":-1.0," vs LM":-1}
{"szEmployeeId":17210032876,"szname":"Asman","Channel Group":"Retail"," LY":0.0," 3LM":2163243.2213043324," LM":3578918.8776199981," Max":3578918.8776199985," T.MTD":1985967.0517802772," A.MTD":0.0," Gap MTD":-1985967.0517802772," Ach":0.0," vs LY":"0x7"," vs 3LM":-1.0," vs LM":-1}
{"szEmployeeId":17210032876,"szname":"Asman","Channel Group":"Wholesaler"," LY":586424964.4511777163," 3LM":631175203.892185092," LM":686231808.3366228342," Max":1029413505.5630364418," T.MTD":568121660.687266469," A.MTD":275675.67," Gap MTD":-567845985.0172665119," Ach":0.0004852406," vs LY":-0.9995299046," vs 3LM":-0.9995632343," vs LM":-0.9995982762}
{"szEmployeeId":17210036369,"szname":"Muhammad Tamrin","Channel Group":"MTI"," LY":6670057.16603," 3LM":8050467.6715880008," LM":8335378.5007140012," Max":18904013.8446520045," T.MTD":9875377.9955497757," A.MTD":0.0," Gap MTD":-9875377.9955497757," Ach":0.0," vs LY":-1," vs 3LM":-1.0," vs LM":-1}
{"szEmployeeId":17210036369,"szname":"Muhammad Tamrin","Channel Group":"Retail"," LY":0.0," 3LM":1832672.6611370002," LM":1852792.776209," Max":4333153.0708910003," T.MTD":2291924.8148853169," A.MTD":0.0," Gap MTD":-2291924.8148853169," Ach":0.0," vs LY":"0x7"," vs 3LM":-1.0," vs LM":-1}
{"szEmployeeId":17210036369,"szname":"Muhammad Tamrin","Channel Group":"Wholesaler"," LY":292659644.2863690853," 3LM":408821530.1882294416," LM":360537337.6859101653," Max":764737161.9854809046," T.MTD":513400707.8068329096," A.MTD":5618759.4790049996," Gap MTD":-507781948.3278279305," Ach":0.0109441989," vs LY":-0.9808010445," vs 3LM":-0.9862562046," vs LM":-0.9844155961}
{"szEmployeeId":17210036369,"szname":"Muhammad Tamrin","Channel Group":"FS"," LY":0.0," 3LM":566159.4633333333," LM":163175.68," Max":1145008.1100000001," T.MTD":431989.3827320291," A.MTD":0.0," Gap MTD":-431989.3827320291," Ach":0.0," vs LY":"0x7"," vs 3LM":-1.0," vs LM":-1}
{"szEmployeeId":17210037632,"szname":"Robianor","Channel Group":"MTI"," LY":1192624.78," 3LM":1011354.4018016666," LM":1094323.488378," Max":1825953.4599999997," T.MTD":1214446.1404174305," A.MTD":0.0," Gap MTD":-1214446.1404174305," Ach":0.0," vs LY":-1," vs 3LM":-1.0," vs LM":-1}
{"szEmployeeId":17210037632,"szname":"Robianor","Channel Group":"Retail"," LY":61080032.9120309949," 3LM":87314940.2403179556," LM":90014736.233175993," Max":198427437.3384709358," T.MTD":97403485.2943577468," A.MTD":843243.244864," Gap MTD":-96560242.049493745," Ach":0.0086572184," vs LY":-0.9861944533," vs 3LM":-0.9903425091," vs LM":-0.9906321645}
{"szEmployeeId":17210037632,"szname":"Robianor","Channel Group":"Wholesaler"," LY":488855975.2166099548," 3LM":548860291.3729603291," LM":582428751.3649231195," Max":931494999.43544662," T.MTD":573243664.7181472778," A.MTD":786486.5," Gap MTD":-572457178.2181472778," Ach":0.0013719934," vs LY":-0.9983911693," vs 3LM":-0.9985670552," vs LM":-0.9986496434}
{"szEmployeeId":17210037632,"szname":"Robianor","Channel Group":"FS"," LY":0.0," 3LM":1201366.063333333," LM":0.0," Max":2645171.1700000004," T.MTD":1238403.8470775897," A.MTD":0.0," Gap MTD":-1238403.8470775897," Ach":0.0," vs LY":"0x7"," vs 3LM":-1.0," vs LM":"0x7"}
{"szEmployeeId":17210037897,"szname":"Hindra","Channel Group":"MTI"," LY":13796530.9525949992," 3LM":19043122.214869," LM":20193050.3958889991," Max":38566090.908326," T.MTD":20316379.7911779135," A.MTD":0.0," Gap MTD":-20316379.7911779135," Ach":0.0," vs LY":-1," vs 3LM":-1.0," vs LM":-1}
{"szEmployeeId":17210037897,"szname":"Hindra","Channel Group":"Retail"," LY":55356493.337560989," 3LM":70498310.4392386377," LM":85613787.5110859573," Max":185742862.0180739462," T.MTD":75742895.2751395106," A.MTD":206936.95," Gap MTD":-75535958.3251395077," Ach":0.0027320972," vs LY":-0.9962617403," vs 3LM":-0.9970646538," vs LM":-0.9975829016}
{"szEmployeeId":17210037897,"szname":"Hindra","Channel Group":"Wholesaler"," LY":594029107.942297101," 3LM":562943268.3548140526," LM":649369076.8494281769," Max":1046674378.9205987453," T.MTD":578140724.9336825609," A.MTD":0.0," Gap MTD":-578140724.9336825609," Ach":0.0," vs LY":-1," vs 3LM":-1.0," vs LM":-1}
{"szEmployeeId":17210041467,"szname":"Doli Purnama Sari","Channel Group":"MTI"," LY":26609187.8993450068," 3LM":23391375.8613030016," LM":26422679.5193530023," Max":57025550.4738439918," T.MTD":25567014.8283379748," A.MTD":0.0," Gap MTD":-25567014.8283379748," Ach":0.0," vs LY":-1," vs 3LM":-1.0," vs LM":-1}
{"szEmployeeId":17210041467,"szname":"Doli Purnama Sari","Channel Group":"Retail"," LY":95528774.5598290265," 3LM":130755766.6374123693," LM":157532091.6797178984," Max":239936534.945771873," T.MTD":143532985.1716619134," A.MTD":1751126.2400000002," Gap MTD":-141781858.9316619039," Ach":0.012200166," vs LY":-0.9816691228," vs 3LM":-0.9866076557," vs LM":-0.9888840031}
