{"szEmployeeId":17210032876,"szname":"Asman","Channel Group":"MTI"," LY":17983060.4037199989," 3LM":38436892.8574503288," LM":42306706.5552060008," Max":81878239.7002599835," T.MTD":39677578.9322562516," A.MTD":27951738.0346619971," Gap MTD":-11725840.8975942526," Ach":0.7044718651," vs LY":0.5543371043," vs 3LM":-0.2727888246," vs LM":-0.3393071617}
{"szEmployeeId":17210032876,"szname":"Asman","Channel Group":"Retail"," LY":903423.212878," 3LM":2646894.4536319999," LM":3174612.0211699996," Max":3174612.0211700001," T.MTD":2685852.944634852," A.MTD":815991.0163," Gap MTD":-1869861.9283348522," Ach":0.303810757," vs LY":-0.0967787802," vs 3LM":-0.6917175843," vs LM":-0.7429635461}
{"szEmployeeId":17210032876,"szname":"Asman","Channel Group":"Wholesaler"," LY":475098296.0781190991," 3LM":622195625.9538024664," LM":577594203.5540274382," Max":1045831822.7328363657," T.MTD":634886568.1231091022," A.MTD":374428291.3330711126," Gap MTD":-260458276.7900379598," Ach":0.5897562023," vs LY":-0.2118930031," vs 3LM":-0.3982145234," vs LM":-0.3517450677}
{"szEmployeeId":17210036369,"szname":"Muhammad Tamrin","Channel Group":"MTI"," LY":3535605.0327809998," 3LM":6504056.535070667," LM":5774603.2789139999," Max":17936639.8392470032," T.MTD":5876499.7941670744," A.MTD":6991790.1356710019," Gap MTD":1115290.3415039259," Ach":1.189788204," vs LY":0.9775371035," vs 3LM":0.0749891392," vs LM":0.2107827669}
{"szEmployeeId":17210036369,"szname":"Muhammad Tamrin","Channel Group":"Retail"," LY":1686113.3390040002," 3LM":2205120.8158173333," LM":2105679.0003499999," Max":3336359.2008009995," T.MTD":2598810.9947095253," A.MTD":600900.93378," Gap MTD":-1997910.0609295252," Ach":0.2312214836," vs LY":-0.6436177095," vs 3LM":-0.7274975006," vs LM":-0.7146284245}
{"szEmployeeId":17210036369,"szname":"Muhammad Tamrin","Channel Group":"Wholesaler"," LY":397714679.2635429502," 3LM":361339620.5065320134," LM":316705392.7962889671," Max":707791181.0861250162," T.MTD":472194689.2111232877," A.MTD":303217680.9681070447," Gap MTD":-168977008.2430163026," Ach":0.6421454707," vs LY":-0.2375999761," vs 3LM":-0.1608512774," vs LM":-0.042587566}
{"szEmployeeId":17210036369,"szname":"Muhammad Tamrin","Channel Group":"FS"," LY":0.0," 3LM":0.0," LM":0.0," Max":0.0," T.MTD":0.0," A.MTD":215878.38," Gap MTD":215878.38," Ach":"0x7"," vs LY":0.0," vs 3LM":0.0," vs LM":0.0}
{"szEmployeeId":17210037632,"szname":"Robianor","Channel Group":"MTI"," LY":899858.2500000001," 3LM":1074006.6133333335," LM":1186806.75," Max":1915342.6400000001," T.MTD":1089476.0378296836," A.MTD":861707.1900000001," Gap MTD":-227768.8478296836," Ach":0.790937258," vs LY":-0.0423967442," vs 3LM":-0.1976704991," vs LM":-0.2739279668}
{"szEmployeeId":17210037632,"szname":"Robianor","Channel Group":"Retail"," LY":62996462.6390470192," 3LM":89569919.0991549641," LM":79923586.6851359755," Max":186583015.179102093," T.MTD":98496753.4360415339," A.MTD":73862205.0823080242," Gap MTD":-24634548.353733547," Ach":0.7498948189," vs LY":0.1724817869," vs 3LM":-0.1753681836," vs LM":-0.0758397096}
{"szEmployeeId":17210037632,"szname":"Robianor","Channel Group":"Wholesaler"," LY":503396373.7849510312," 3LM":557663630.4309140444," LM":532561054.9072099924," Max":909680732.552292347," T.MTD":632558692.2677540779," A.MTD":351975216.8423390388," Gap MTD":-280583475.4254150987," Ach":0.5564309228," vs LY":-0.3007990618," vs 3LM":-0.3688395699," vs LM":-0.3390894554}
{"szEmployeeId":17210037632,"szname":"Robianor","Channel Group":"FS"," LY":0.0," 3LM":644272.6699999999," LM":1119818.01," Max":1932818.01," T.MTD":495078.2583747623," A.MTD":0.0," Gap MTD":-495078.2583747623," Ach":0," vs LY":0.0," vs 3LM":-1.0," vs LM":-1.0}
{"szEmployeeId":17210037897,"szname":"Hindra","Channel Group":"MTI"," LY":7395224.9923719987," 3LM":6051612.4112149999," LM":4107387.2315169997," Max":10895890.6953410003," T.MTD":6830652.6725607514," A.MTD":6223712.5944920005," Gap MTD":-606940.0780687506," Ach":0.9111446435," vs LY":-0.1584147067," vs 3LM":0.028438732," vs LM":0.5152485616}
{"szEmployeeId":17210037897,"szname":"Hindra","Channel Group":"Retail"," LY":52384540.099454008," 3LM":100790564.8137456477," LM":92637730.3545890599," Max":196484976.2470810413," T.MTD":112510874.242122069," A.MTD":76981618.7821929902," Gap MTD":-35529255.4599291161," Ach":0.6842149197," vs LY":0.4695484323," vs 3LM":-0.2362219725," vs LM":-0.1690036178}
{"szEmployeeId":17210037897,"szname":"Hindra","Channel Group":"Wholesaler"," LY":294187369.8218390346," 3LM":325573752.1782882214," LM":352692960.8807109594," Max":558972694.0547339916," T.MTD":366450542.3777636886," A.MTD":188798101.8964240253," Gap MTD":-177652440.4813397825," Ach":0.515207593," vs LY":-0.3582385878," vs 3LM":-0.4201065023," vs LM":-0.4646955771}
{"szEmployeeId":17210037897,"szname":"Hindra","Channel Group":"FS"," LY":0.0," 3LM":492069.6636333333," LM":0.0," Max":1476208.9909000001," T.MTD":537930.707553309," A.MTD":1724350.4499999997," Gap MTD":1186419.7424466908," Ach":3.2055252206," vs LY":0.0," vs 3LM":2.5042811566," vs LM":0.0}
{"szEmployeeId":17210041467,"szname":"Doli Purnama Sari","Channel Group":"MTI"," LY":25206923.152321998," 3LM":32442170.5368869975," LM":46291125.1994340047," Max":64644647.3440150172," T.MTD":29360766.6658727452," A.MTD":24592592.9566459991," Gap MTD":-4768173.7092267461," Ach":0.837600504," vs LY":-0.0243714868," vs 3LM":-0.2419559928," vs LM":-0.4687406528}
{"szEmployeeId":17210041467,"szname":"Doli Purnama Sari","Channel Group":"Retail"," LY":121454490.1679450274," 3LM":204483626.5903009772," LM":198523527.0488990545," Max":375643263.379744947," T.MTD":195639233.3341272473," A.MTD":128672448.3204680532," Gap MTD":-66966785.0136592165," Ach":0.6577026812," vs LY":0.0594293232," vs 3LM":-0.370744492," vs LM":-0.3518529001}
{"szEmployeeId":17210041960,"szname":"Bahrudin Rahman","Channel Group":"MTI"," LY":12658314.9492359962," 3LM":18147988.1206676662," LM":12689549.127076," Max":36797306.0072410032," T.MTD":18893330.0332454406," A.MTD":9944366.6156409997," Gap MTD":-8948963.4176044427," Ach":0.5263427145," vs LY":-0.2144004431," vs 3LM":-0.452040273," vs LM":-0.2163341253}
{"szEmployeeId":17210041960,"szname":"Bahrudin Rahman","Channel Group":"Retail"," LY":51270877.1959089786," 3LM":96065066.2806572914," LM":85793695.7828830183," Max":203912216.928243041," T.MTD":104040305.5690749288," A.MTD":95067278.3863240331," Gap MTD":-8973027.1827509273," Ach":0.9137543173," vs LY":0.8542159523," vs 3LM":-0.0103865841," vs LM":0.1080916554}
{"szEmployeeId":17210041960,"szname":"Bahrudin Rahman","Channel Group":"Wholesaler"," LY":616574448.4816200733," 3LM":564645516.4040706158," LM":451546727.7339429855," Max":1012718927.028873086," T.MTD":637816364.397679925," A.MTD":325485770.9998850822," Gap MTD":-312330593.3977948427," Ach":0.5103126686," vs LY":-0.4721062934," vs 3LM":-0.4235573266," vs LM":-0.2791758837}
