{"szEmployeeId":17210032876,"szname":"Asman","Channel Group":"MTI"," LY":21169006.9265009984," 3LM":42310684.816147998," LM":47266336.974120006," Max":82452757.3701649904," T.MTD":40934722.5314864367," A.MTD":22221404.8800730035," Gap MTD":-18713317.651413437," Ach":0.5428497741," vs LY":0.0497140918," vs 3LM":-0.4748039419," vs LM":-0.5298682677}
{"szEmployeeId":17210032876,"szname":"Asman","Channel Group":"Retail"," LY":76811157.4896030128," 3LM":96941305.5763409883," LM":101640019.3369370103," Max":156385980.7801529467," T.MTD":105473277.3260157704," A.MTD":46506409.5586579964," Gap MTD":-58966867.7673577815," Ach":0.4409307337," vs LY":-0.3945357539," vs 3LM":-0.5202621908," vs LM":-0.5424399773}
{"szEmployeeId":17210032876,"szname":"Asman","Channel Group":"Wholesaler"," LY":788882644.0373419523," 3LM":837612370.3809400797," LM":749459325.3251788616," Max":1389337278.227938652," T.MTD":957018000.1424977779," A.MTD":341063918.6424549222," Gap MTD":-615954081.5000426769," Ach":0.3563819266," vs LY":-0.5676620329," vs 3LM":-0.5928141337," vs LM":-0.5449200415}
{"szEmployeeId":17210036369,"szname":"Muhammad Tamrin","Channel Group":"MTI"," LY":12658314.9492359962," 3LM":19021478.0294913277," LM":12689549.127076," Max":21848086.5607799999," T.MTD":18928587.5794137307," A.MTD":5537026.8468209999," Gap MTD":-13391560.7325927336," Ach":0.2925219234," vs LY":-0.562577889," vs 3LM":-0.7089065929," vs LM":-0.563654564}
{"szEmployeeId":17210036369,"szname":"Muhammad Tamrin","Channel Group":"Retail"," LY":79954838.9530020207," 3LM":124962900.3111244142," LM":120178051.4413520694," Max":205596633.1911720634," T.MTD":134196862.5680801868," A.MTD":66786428.6167309657," Gap MTD":-67410433.9513490796," Ach":0.4976750375," vs LY":-0.1646981034," vs 3LM":-0.4655499476," vs LM":-0.4442709978}
{"szEmployeeId":17210036369,"szname":"Muhammad Tamrin","Channel Group":"Wholesaler"," LY":598965872.683431983," 3LM":517196527.5025513172," LM":403397571.6281709075," Max":896333891.0778448582," T.MTD":585100549.8525060415," A.MTD":218509588.8095449507," Gap MTD":-366590961.0429611206," Ach":0.3734564749," vs LY":-0.6351885829," vs 3LM":-0.5775114928," vs LM":-0.4583269604}
{"szEmployeeId":17210037632,"szname":"Robianor","Channel Group":"MTI"," LY":899858.2500000001," 3LM":1199299.8566666667," LM":1186806.75," Max":1915342.6399999999," T.MTD":1270189.5029141025," A.MTD":288064.82," Gap MTD":-982124.6829141025," Ach":0.2267888526," vs LY":-0.6798775585," vs 3LM":-0.7598058414," vs LM":-0.7572774}
{"szEmployeeId":17210037632,"szname":"Robianor","Channel Group":"Retail"," LY":79473398.4938799739," 3LM":129707692.1635050476," LM":122043145.1791870296," Max":232469021.1948570311," T.MTD":136634394.0787501335," A.MTD":63476104.5762079805," Gap MTD":-73158289.5025419593," Ach":0.4645690055," vs LY":-0.2012911769," vs 3LM":-0.5106218951," vs LM":-0.4798879979}
{"szEmployeeId":17210037632,"szname":"Robianor","Channel Group":"Wholesaler"," LY":490055394.1643771529," 3LM":525167979.1844925284," LM":496794036.5263890028," Max":806826990.620450139," T.MTD":577272057.6865719557," A.MTD":188477513.3836369812," Gap MTD":-388794544.3029348254," Ach":0.3264968586," vs LY":-0.6153954928," vs 3LM":-0.6411100432," vs LM":-0.6206123674}
{"szEmployeeId":17210037632,"szname":"Robianor","Channel Group":"FS"," LY":0.0," 3LM":373272.67," LM":1119818.01," Max":0.0," T.MTD":348358.7317645268," A.MTD":0.0," Gap MTD":-348358.7317645268," Ach":0.0," vs LY":0.0," vs 3LM":-1.0," vs LM":-1.0}
{"szEmployeeId":17210037897,"szname":"Hindra","Channel Group":"MTI"," LY":7395224.9923719987," 3LM":7463921.3944736663," LM":4107387.2315170001," Max":10895890.6953410003," T.MTD":7958121.1431606598," A.MTD":4365360.2128699999," Gap MTD":-3592760.9302906594," Ach":0.5485415633," vs LY":-0.4097055577," vs 3LM":-0.4151385067," vs LM":0.0628070758}
{"szEmployeeId":17210037897,"szname":"Hindra","Channel Group":"Retail"," LY":78565132.5062869638," 3LM":148258812.6078156233," LM":140818250.0088180006," Max":239045965.7364590466," T.MTD":160695544.6958368123," A.MTD":61711801.967659004," Gap MTD":-98983742.7281777561," Ach":0.3840293275," vs LY":-0.2145141235," vs 3LM":-0.5837562646," vs LM":-0.5617627547}
{"szEmployeeId":17210037897,"szname":"Hindra","Channel Group":"Wholesaler"," LY":254276764.8537220657," 3LM":275454833.9924893379," LM":313040827.5213650465," Max":435767892.7778610587," T.MTD":307662334.161002636," A.MTD":70973997.1474299878," Gap MTD":-236688337.0135725141," Ach":0.230687963," vs LY":-0.7208789518," vs 3LM":-0.7423388941," vs LM":-0.7732755893}
{"szEmployeeId":17210037897,"szname":"Hindra","Channel Group":null," LY":0.0," 3LM":0.0," LM":0.0," Max":0.0," T.MTD":0.0," A.MTD":1188108.1000000001," Gap MTD":1188108.1000000001," Ach":null," vs LY":0.0," vs 3LM":0.0," vs LM":0.0}
{"szEmployeeId":17210041467,"szname":"Doli Purnama Sari","Channel Group":"MTI"," LY":20755651.357928995," 3LM":29890563.3735846616," LM":39858908.5274609923," Max":52517061.5682559982," T.MTD":31383057.0891272351," A.MTD":7734251.8564809998," Gap MTD":-23648805.2326462343," Ach":0.2464467319," vs LY":-0.6273664592," vs 3LM":-0.7412477055," vs LM":-0.8059592663}
{"szEmployeeId":17210041467,"szname":"Doli Purnama Sari","Channel Group":"Retail"," LY":74617839.2979770154," 3LM":120443896.6219210327," LM":139721972.8149389625," Max":184569391.3484419882," T.MTD":127856766.9522855282," A.MTD":69413296.5370660275," Gap MTD":-58443470.4152194113," Ach":0.5428988875," vs LY":-0.0697493094," vs 3LM":-0.4236877211," vs LM":-0.5032041479}
{"szEmployeeId":17210041467,"szname":"Doli Purnama Sari","Channel Group":"Wholesaler"," LY":374252.23," 3LM":823363.3166666668," LM":1080450.3999999999," Max":4185405.3326919992," T.MTD":902175.9585874174," A.MTD":0.0," Gap MTD":-902175.9585874174," Ach":0.0," vs LY":-1.0," vs 3LM":-1.0," vs LM":-1.0}
{"szEmployeeId":17210041719,"szname":"Muhammad Iqbal Purwa Atmaja","Channel Group":"MTI"," LY":4148539.3897130005," 3LM":4871699.4093350004," LM":6176315.8119729999," Max":9287457.2679249998," T.MTD":5241325.1916284403," A.MTD":1474251.2510809998," Gap MTD":-3767073.9405474407," Ach":0.2812745245," vs LY":-0.644633662," vs 3LM":-0.6973846029," vs LM":-0.7613057208}
{"szEmployeeId":17210041719,"szname":"Muhammad Iqbal Purwa Atmaja","Channel Group":"Retail"," LY":56131270.331341967," 3LM":86453907.0363640338," LM":107969826.4296259582," Max":128228322.6198809743," T.MTD":94331890.8888130784," A.MTD":39385460.7457620203," Gap MTD":-54946430.1430510506," Ach":0.4175201024," vs LY":-0.2983329878," vs 3LM":-0.5444339985," vs LM":-0.6352178933}
{"szEmployeeId":17210041719,"szname":"Muhammad Iqbal Purwa Atmaja","Channel Group":"Wholesaler"," LY":925968.336214," 3LM":2313251.2799043334," LM":3061342.2485500001," Max":3831685.4831440002," T.MTD":2468783.9195584627," A.MTD":982235.1032420001," Gap MTD":-1486548.8163164626," Ach":0.3978619171," vs LY":0.0607653251," vs 3LM":-0.5753876322," vs LM":-0.6791488754}
