{"szEmployeeId":17210032876,"szname":"Asman","Channel Group":"Wholesaler","Project":"SMALL"," LY":85896828.4065279961," 3LM":134916444.3743956983," LM":137837339.3861630261," T.MTD":138479227.7358149588," A.MTD":39334320.3573220074," Gap MTD":-99144907.378493011,"CR":92,"CA":66}
{"szEmployeeId":17210032876,"szname":"Asman","Channel Group":"Wholesaler","Project":"BIG"," LY":171733556.6542290151," 3LM":192998515.6611123085," LM":187642944.1172069907," T.MTD":196989767.9305375516," A.MTD":21310691.9800259918," Gap MTD":-175679075.9505115449,"CR":6,"CA":3}
{"szEmployeeId":17210032876,"szname":"Asman","Channel Group":"Wholesaler","Project":"MEDIUM"," LY":303911975.0555610061," 3LM":320522597.5524386168," LM":310617337.1426020861," T.MTD":326756989.6170239449," A.MTD":75106125.8312260062," Gap MTD":-251650863.7857979238,"CR":37,"CA":27}
{"szEmployeeId":17210032876,"szname":"Asman","Channel Group":"Retail","Project":"BIG"," LY":1354807.8649249999," 3LM":1561507.4745003334," LM":1167927.9881000002," T.MTD":1601671.3067213565," A.MTD":220360.37," Gap MTD":-1381310.9367213564,"CR":2,"CA":2}
{"szEmployeeId":17210032876,"szname":"Asman","Channel Group":"MTI","Project":"SMALL"," LY":25310863.6766800024," 3LM":34847625.8618943319," LM":35595077.7606019974," T.MTD":36187268.7278387025," A.MTD":7504187.4246789999," Gap MTD":-28683081.3031597063,"CR":13,"CA":9}
{"szEmployeeId":17210032876,"szname":"Asman","Channel Group":"MTI","Project":"MEDIUM"," LY":2664549.4076250005," 3LM":3253093.9833333325," LM":4870529.7599999998," T.MTD":3285074.6820639335," A.MTD":773738.7399999999," Gap MTD":-2511335.9420639337,"CR":1,"CA":1}
{"szEmployeeId":17210041467,"szname":"Doli Purnama Sari","Channel Group":"Retail","Project":"SMALL"," LY":43715882.9481310099," 3LM":108796634.768429324," LM":105466063.0904150009," T.MTD":126357434.4971503913," A.MTD":29866022.6274079792," Gap MTD":-96491411.8697423935,"CR":225,"CA":112}
{"szEmployeeId":17210041467,"szname":"Doli Purnama Sari","Channel Group":"Retail","Project":"BIG"," LY":38160953.4409969896," 3LM":33516947.571125336," LM":33167172.6186209954," T.MTD":39791277.1885007992," A.MTD":11044513.9278930016," Gap MTD":-28746763.2606077902,"CR":30,"CA":19}
{"szEmployeeId":17210041467,"szname":"Doli Purnama Sari","Channel Group":"Retail","Project":"MEDIUM"," LY":43496987.3686840087," 3LM":61552068.4382589981," LM":60406117.8119000122," T.MTD":72453449.5597284287," A.MTD":16536216.8833849989," Gap MTD":-55917232.6763434336,"CR":81,"CA":46}
{"szEmployeeId":17210041467,"szname":"Doli Purnama Sari","Channel Group":"MTI","Project":"SMALL"," LY":22649609.6816240065," 3LM":23658919.5001933351," LM":54614665.9296160117," T.MTD":25297838.7546202987," A.MTD":7080512.6625150004," Gap MTD":-18217326.0921052955,"CR":10,"CA":6}
{"szEmployeeId":17210037897,"szname":"Hindra","Channel Group":"Wholesaler","Project":"SMALL"," LY":64760708.9769670144," 3LM":97662409.9961126596," LM":98447189.8906679899," T.MTD":117044602.6403684169," A.MTD":35097824.6345509887," Gap MTD":-81946778.0058173835,"CR":46,"CA":36}
{"szEmployeeId":17210037897,"szname":"Hindra","Channel Group":"Wholesaler","Project":"BIG"," LY":53380885.1133939996," 3LM":83510033.5883790106," LM":130789016.1630339772," T.MTD":104097165.109135136," A.MTD":1459459.4591890001," Gap MTD":-102637705.6499461383,"CR":3,"CA":1}
{"szEmployeeId":17210037897,"szname":"Hindra","Channel Group":"Wholesaler","Project":"MEDIUM"," LY":105587267.0025639981," 3LM":110584492.3230606765," LM":97238554.8607280105," T.MTD":132599890.4584460258," A.MTD":41512512.5182559937," Gap MTD":-91087377.9401900321,"CR":11,"CA":9}
{"szEmployeeId":17210037897,"szname":"Hindra","Channel Group":"Retail","Project":"SMALL"," LY":13072375.0168389995," 3LM":61688061.946006," LM":68364260.9594679773," T.MTD":74630415.279977113," A.MTD":15107997.149876995," Gap MTD":-59522418.1301001012,"CR":107,"CA":50}
{"szEmployeeId":17210037897,"szname":"Hindra","Channel Group":"Retail","Project":"BIG"," LY":33507497.0684350021," 3LM":24575468.1804846637," LM":22630725.8822060041," T.MTD":29399538.9846247509," A.MTD":8602436.1954750028," Gap MTD":-20797102.78914975,"CR":19,"CA":14}
{"szEmployeeId":17210037897,"szname":"Hindra","Channel Group":"Retail","Project":"MEDIUM"," LY":15064038.5078990012," 3LM":15466544.5961113367," LM":17975322.7204819992," T.MTD":18636459.0895558484," A.MTD":3781349.8836769997," Gap MTD":-14855109.2058788482,"CR":24,"CA":13}
{"szEmployeeId":17210037897,"szname":"Hindra","Channel Group":"MTI","Project":"SMALL"," LY":5494819.65142," 3LM":6901057.2834066646," LM":8353352.2161090011," T.MTD":7932441.1883093677," A.MTD":3189166.6408040007," Gap MTD":-4743274.5475053675,"CR":2,"CA":2}
{"szEmployeeId":17210037897,"szname":"Hindra","Channel Group":"FS","Project":"SMALL"," LY":0.0," 3LM":1476992.4903000002," LM":2169442.3399999999," T.MTD":1659487.2495834783," A.MTD":3390565.7699999996," Gap MTD":1731078.5204165215,"CR":3,"CA":2}
{"szEmployeeId":17210036369,"szname":"Muhammad Tamrin","Channel Group":"Wholesaler","Project":"SMALL"," LY":86623123.2155359685," 3LM":107346867.1052676439," LM":121035029.0289050043," T.MTD":124191502.9457163811," A.MTD":28830357.908855997," Gap MTD":-95361145.0368604213,"CR":94,"CA":60}
{"szEmployeeId":17210036369,"szname":"Muhammad Tamrin","Channel Group":"Wholesaler","Project":"BIG"," LY":171652420.2909970284," 3LM":146958326.9385036528," LM":176866324.2648090124," T.MTD":176777131.2146206498," A.MTD":15507983.7793579996," Gap MTD":-161269147.4352626204,"CR":6,"CA":3}
{"szEmployeeId":17210036369,"szname":"Muhammad Tamrin","Channel Group":"Wholesaler","Project":"MEDIUM"," LY":167270675.4651520252," 3LM":174144911.8861449957," LM":177425003.6623599827," T.MTD":202217888.5530072153," A.MTD":49765625.2236410081," Gap MTD":-152452263.3293662369,"CR":37,"CA":26}
{"szEmployeeId":17210036369,"szname":"Muhammad Tamrin","Channel Group":"Retail","Project":"BIG"," LY":1454083.6365660001," 3LM":1241953.7510176667," LM":859459.4937799999," T.MTD":1452082.6734084135," A.MTD":308738.742972," Gap MTD":-1143343.9304364135,"CR":2,"CA":1}
{"szEmployeeId":17210036369,"szname":"Muhammad Tamrin","Channel Group":"MTI","Project":"SMALL"," LY":3850104.1614339999," 3LM":6945574.2229983341," LM":7776680.2764810007," T.MTD":6769832.2076313095," A.MTD":2736240.550539," Gap MTD":-4033591.6570923096,"CR":13,"CA":8}
{"szEmployeeId":17210036369,"szname":"Muhammad Tamrin","Channel Group":"MTI","Project":"MEDIUM"," LY":201386.46," 3LM":647783.4766666667," LM":792969.3600000001," T.MTD":536219.9986505185," A.MTD":105405.4," Gap MTD":-430814.5986505185,"CR":1,"CA":1}
{"szEmployeeId":17210036369,"szname":"Muhammad Tamrin","Channel Group":"FS","Project":"SMALL"," LY":0.0," 3LM":453628.83," LM":215878.38," T.MTD":355342.4069654599," A.MTD":210979.28," Gap MTD":-144363.1269654599,"CR":1,"CA":1}
{"szEmployeeId":17210037632,"szname":"Robianor","Channel Group":"Wholesaler","Project":"SMALL"," LY":85538818.6983870119," 3LM":101968799.8062883466," LM":111461524.5595579892," T.MTD":115676517.7254516184," A.MTD":29492170.5991489999," Gap MTD":-86184347.1263025999,"CR":41,"CA":29}
{"szEmployeeId":17210037632,"szname":"Robianor","Channel Group":"Wholesaler","Project":"BIG"," LY":135774698.9929580092," 3LM":116366306.1723759919," LM":109719999.9075410068," T.MTD":136982234.969345212," A.MTD":15116576.5518820006," Gap MTD":-121865658.4174632132,"CR":3,"CA":3}
{"szEmployeeId":17210037632,"szname":"Robianor","Channel Group":"Wholesaler","Project":"MEDIUM"," LY":302516224.2973610163," 3LM":332052318.6821750402," LM":348810485.4595380425," T.MTD":381008971.9914475083," A.MTD":94097714.4047899842," Gap MTD":-286911257.5866574645,"CR":28,"CA":19}
{"szEmployeeId":17210037632,"szname":"Robianor","Channel Group":"Retail","Project":"SMALL"," LY":24144509.0498119965," 3LM":45020724.8591836542," LM":55440372.4423980191," T.MTD":51709581.2478687093," A.MTD":8625989.418800002," Gap MTD":-43083591.8290686831,"CR":83,"CA":30}
{"szEmployeeId":17210037632,"szname":"Robianor",