{"szEmployeeId":17210032876,"szname":"Asman","Channel Group":"MTI"," LY":39395638.1568869948," 3LM":34132956.0573959947," LM":33805041.7205200046," Max":55656666.0447459966," T.MTD":36330280.3668405116," A.MTD":14850355.952329997," Gap MTD":-21479924.4145105109," Ach":0.4087597399," vs LY":-0.623045681," vs 3LM":-0.5649261691," vs LM":-0.560705883}
{"szEmployeeId":17210032876,"szname":"Asman","Channel Group":"Wholesaler"," LY":601395378.8120449781," 3LM":563448045.674055934," LM":674919365.960657835," Max":858552703.8697279692," T.MTD":603669719.6331592798," A.MTD":171532280.7908830345," Gap MTD":-432137438.8422772884," Ach":0.2841492214," vs LY":-0.7147761908," vs 3LM":-0.6955668191," vs LM":-0.7458477421}
{"szEmployeeId":17210036369,"szname":"Muhammad Tamrin","Channel Group":"MTI"," LY":10070432.8389110006," 3LM":7817759.8605376668," LM":8232489.3205350004," Max":18345833.4839479998," T.MTD":8040366.6351746321," A.MTD":3672002.73," Gap MTD":-4368363.9051746316," Ach":0.4566959315," vs LY":-0.6353679342," vs 3LM":-0.5302998819," vs LM":-0.5539620415}
{"szEmployeeId":17210036369,"szname":"Muhammad Tamrin","Channel Group":"Wholesaler"," LY":387206936.0419141054," 3LM":397797628.9165086746," LM":534527232.2812090516," Max":703314776.0710184574," T.MTD":539833360.9592251778," A.MTD":179595117.4209448993," Gap MTD":-360238243.538280189," Ach":0.3326862147," vs LY":-0.5361779434," vs 3LM":-0.5485264256," vs LM":-0.6640112859}
{"szEmployeeId":17210036369,"szname":"Muhammad Tamrin","Channel Group":"FS"," LY":0.0," 3LM":253926.1233333334," LM":139864.86," Max":1357067.5650450001," T.MTD":126272.4056000528," A.MTD":0.0," Gap MTD":-126272.4056000528," Ach":0.0," vs LY":0.0," vs 3LM":-1.0," vs LM":-1.0}
{"szEmployeeId":17210037632,"szname":"Robianor","Channel Group":"MTI"," LY":1599093.1499999999," 3LM":804269.4133333333," LM":819767.6300000001," Max":1070518.97," T.MTD":931941.9071037346," A.MTD":387443.2700000001," Gap MTD":-544498.6371037345," Ach":0.4157375766," vs LY":-0.7577106312," vs 3LM":-0.5182668101," vs LM":-0.5273742756}
{"szEmployeeId":17210037632,"szname":"Robianor","Channel Group":"Retail"," LY":100779356.5260549337," 3LM":86507131.9244719893," LM":100145693.9363200068," Max":138183536.2444499135," T.MTD":95482593.658845067," A.MTD":40158640.8879239932," Gap MTD":-55323952.7709210441," Ach":0.4205859869," vs LY":-0.6015191774," vs 3LM":-0.5357765309," vs LM":-0.598997827}
{"szEmployeeId":17210037632,"szname":"Robianor","Channel Group":"Wholesaler"," LY":585318352.4869269133," 3LM":547774041.4827296734," LM":658964175.1100928783," Max":858148151.4277379513," T.MTD":597743839.259757638," A.MTD":215954735.1679100096," Gap MTD":-381789104.0918480158," Ach":0.3612830798," vs LY":-0.6310473877," vs 3LM":-0.6057594577," vs LM":-0.6722815241}
{"szEmployeeId":17210037632,"szname":"Robianor","Channel Group":"FS"," LY":0.0," 3LM":1108353.75," LM":727272.97," Max":1756055.8500000001," T.MTD":841625.1742933556," A.MTD":815590.99," Gap MTD":-26034.1842933556," Ach":0.9690667709," vs LY":0.0," vs 3LM":-0.2641419854," vs LM":0.121437237}
{"szEmployeeId":17210037897,"szname":"Hindra","Channel Group":"MTI"," LY":16284801.2357129995," 3LM":17958955.8988713324," LM":31044697.3025340028," Max":33023230.6517329998," T.MTD":18531282.4761620425," A.MTD":4248486.489356," Gap MTD":-14282795.9868060406," Ach":0.2292602519," vs LY":-0.7391133961," vs 3LM":-0.7634335474," vs LM":-0.8631493666}
{"szEmployeeId":17210037897,"szname":"Hindra","Channel Group":"Retail"," LY":87526268.4771529436," 3LM":74783848.3885563463," LM":91512338.4147820473," Max":124760064.5709160417," T.MTD":78184227.8857945204," A.MTD":27716676.6106850021," Gap MTD":-50467551.2751094922," Ach":0.3545047046," vs LY":-0.6833330485," vs 3LM":-0.629376166," vs LM":-0.6971263428}
{"szEmployeeId":17210037897,"szname":"Hindra","Channel Group":"Wholesaler"," LY":481833197.1097130179," 3LM":571747820.0171774626," LM":700004655.4494132996," Max":904702471.2801464796," T.MTD":599860299.3028188944," A.MTD":182497639.1956380308," Gap MTD":-417362660.1071810126," Ach":0.3042335681," vs LY":-0.6212431184," vs 3LM":-0.6808074595," vs LM":-0.7392908207}
{"szEmployeeId":17210037897,"szname":"Hindra","Channel Group":"FS"," LY":0.0," 3LM":1098083.4839033333," LM":3294250.4517100002," Max":3294250.4517099997," T.MTD":1424190.335224509," A.MTD":0.0," Gap MTD":-1424190.335224509," Ach":0.0," vs LY":0.0," vs 3LM":-1.0," vs LM":-1.0}
{"szEmployeeId":17210041467,"szname":"Doli Purnama Sari","Channel Group":"MTI"," LY":21067413.380861003," 3LM":24608924.1904339939," LM":27319349.7488129959," Max":43197915.5670999885," T.MTD":28103799.6149790436," A.MTD":5874333.3481060006," Gap MTD":-22229466.2668730468," Ach":0.2090227453," vs LY":-0.721164946," vs 3LM":-0.7612925578," vs LM":-0.7849753599}
{"szEmployeeId":17210041467,"szname":"Doli Purnama Sari","Channel Group":"Retail"," LY":79142110.9662999958," 3LM":128065872.9258477539," LM":150658813.3753139675," Max":195110380.906798929," T.MTD":145896200.3850210607," A.MTD":50954306.0527399927," Gap MTD":-94941894.3322810531," Ach":0.349250398," vs LY":-0.356166958," vs 3LM":-0.6021242437," vs LM":-0.6617900745}
{"szEmployeeId":17210042412,"szname":"Muhammad Rizky Algifari","Channel Group":"MTI"," LY":5249681.3021439984," 3LM":5743674.1761193331," LM":7236814.4231400006," Max":12749897.2743090019," T.MTD":7351117.0727906367," A.MTD":0.0," Gap MTD":-7351117.0727906367," Ach":0.0," vs LY":-1.0," vs 3LM":-1.0," vs LM":-1.0}
{"szEmployeeId":17210042412,"szname":"Muhammad Rizky Algifari","Channel Group":"Retail"," LY":98509627.5168560296," 3LM":83158485.5483966917," LM":108323141.5915939659," Max":140635363.0192090869," T.MTD":97135368.5770688802," A.MTD":36181293.3832409978," Gap MTD":-60954075.1938279122," Ach":0.3724832048," vs LY":-0.6327131236," vs 3LM":-0.5649115885," vs LM":-0.6659874072}
{"szEmployeeId":17210042412,"szname":"Muhammad Rizky Algifari","Channel Group":"Wholesaler"," LY":324933774.4919099808," 3LM":298947198.8976300359," LM":336816273.2034460902," Max":435541278.171102047," T.MTD":335131063.9408169985," A.MTD":94570755.3624480367," Gap MTD":-240560308.5783689916," Ach":0.2821903593," vs LY":-0.7089537537," vs 3LM":-0.683653984," vs LM":-0.7192215374}
{"szEmployeeId":17210042412,"szname":"Muhammad Rizky Algifari","Channel Group":"FS"," LY":0.0," 3LM":1276713.2069366667," LM":2125569.3600000003," Max":2445550.4408100001," T.MTD":2382450.4093234353," A.MTD":947208.1099999999," Gap MTD":-1435242.2993234356," Ach":0.3975772618," vs LY":0.0," vs 3LM":-0.2580885787," vs LM":-0.5543744054}
{"szEmployeeId":17210042423,"szname":"Siti Fatimah Hadijah","Channel Group":"MTI"," LY":5506747.559905," 3LM":6849379.9440783337," LM":9562608.1763009988," Max":18454112.6563789994," T.MTD":7171455.5717896521," A.MTD":2063201.7924299997," Gap MTD":-5108253.7793596517," Ach":0.2876963779," vs LY":-0.6253320549," vs 3LM":-0.6987753915," vs LM":-0.7842427762}
{"szEmployeeId":17210042423,"szname":"Siti Fatimah Hadijah","Channel Group":"Retail"," LY":52099373.2002809942," 3LM":76740720.532108292," LM":96311688.3442340344," Max":135910110.5953749716," T.MTD":85828544.4282102138," A.MTD":37052563.6702850237," Gap MTD":-48775980.7579253688," Ach":0.4317044396," vs LY":-0.2888097995," vs 3LM":-0.5171720644," vs LM":-0.6152848703}
