{"szEmployeeId":17210032876,"szname":"Asman","Channel Group":"MTI"," LY":39106913.5547939986," 3LM":35999967.4218723252," LM":38072529.9745750055," Max":63075717.2735719979," T.MTD":37680024.4013079852," A.MTD":18610735.3526020013," Gap MTD":-19069289.0487059839," Ach":0.4939151619," vs LY":-0.52410626," vs 3LM":-0.4830346613," vs LM":-0.5111768153}
{"szEmployeeId":17210032876,"szname":"Asman","Channel Group":"Wholesaler"," LY":628664289.5748058558," 3LM":569843552.5811033249," LM":651100281.9474560022," Max":859958995.2013970613," T.MTD":599019975.5986915827," A.MTD":238936730.450289011," Gap MTD":-360083245.1484031677," Ach":0.3988794033," vs LY":-0.6199295325," vs 3LM":-0.580697668," vs LM":-0.6330262218}
{"szEmployeeId":17210036369,"szname":"Muhammad Tamrin","Channel Group":"MTI"," LY":7732869.7825000007," 3LM":8129104.9005973339," LM":7435160.4140520003," Max":24433837.9399179965," T.MTD":10009472.5010655522," A.MTD":4275549.6102670003," Gap MTD":-5733922.8907985501," Ach":0.4271503428," vs LY":-0.4470940633," vs 3LM":-0.4740442321," vs LM":-0.4249552972}
{"szEmployeeId":17210036369,"szname":"Muhammad Tamrin","Channel Group":"Wholesaler"," LY":408870048.9055979252," 3LM":334636336.3544669747," LM":344323210.0041090846," Max":612372202.0481319427," T.MTD":530240345.4756395221," A.MTD":168381228.9801190495," Gap MTD":-361859116.4955204129," Ach":0.3175564259," vs LY":-0.5881791062," vs 3LM":-0.4968232356," vs LM":-0.5109791496}
{"szEmployeeId":17210036369,"szname":"Muhammad Tamrin","Channel Group":"FS"," LY":0.0," 3LM":261696.3966666666," LM":559458.5600000001," Max":1357067.5650450001," T.MTD":134156.9895038807," A.MTD":0.0," Gap MTD":-134156.9895038807," Ach":0.0," vs LY":0.0," vs 3LM":-1.0," vs LM":-1.0}
{"szEmployeeId":17210036369,"szname":"Muhammad Tamrin","Channel Group":null," LY":0.0," 3LM":8477537.2385876663," LM":10997332.4345939998," Max":18796494.986593999," T.MTD":4416025.0337911015," A.MTD":0.0," Gap MTD":-4416025.0337911015," Ach":0.0," vs LY":0.0," vs 3LM":-1.0," vs LM":-1.0}
{"szEmployeeId":17210037632,"szname":"Robianor","Channel Group":"MTI"," LY":755967.33," 3LM":895788.0327926668," LM":653851.36," Max":1259422.5983780001," T.MTD":1068415.6812573364," A.MTD":361626.14," Gap MTD":-706789.5412573365," Ach":0.3384695174," vs LY":-0.5216378729," vs 3LM":-0.5963038947," vs LM":-0.4469291308}
{"szEmployeeId":17210037632,"szname":"Robianor","Channel Group":"Retail"," LY":92432298.2187919915," 3LM":79816618.9869690537," LM":75503747.176478982," Max":125812285.3524600118," T.MTD":93353388.012135908," A.MTD":38020411.6135720164," Gap MTD":-55332976.3985639438," Ach":0.4072740414," vs LY":-0.5886674642," vs 3LM":-0.5236529423," vs LM":-0.4964433815}
{"szEmployeeId":17210037632,"szname":"Robianor","Channel Group":"Wholesaler"," LY":498628610.9390899539," 3LM":521165025.1534136534," LM":584381159.2728837729," Max":787233263.5282902718," T.MTD":589954792.4918373823," A.MTD":216141300.8884320259," Gap MTD":-373813491.6034052372," Ach":0.3663692602," vs LY":-0.566528482," vs 3LM":-0.5852728206," vs LM":-0.6301364316}
{"szEmployeeId":17210037632,"szname":"Robianor","Channel Group":"FS"," LY":0.0," 3LM":865929.4266666666," LM":882543.24," Max":1756055.8500000001," T.MTD":822451.9346338565," A.MTD":0.0," Gap MTD":-822451.9346338565," Ach":0.0," vs LY":0.0," vs 3LM":-1.0," vs LM":-1.0}
{"szEmployeeId":17210037632,"szname":"Robianor","Channel Group":null," LY":0.0," 3LM":5469595.4916176666," LM":2688431.5286480002," Max":8058924.2074030004," T.MTD":5800951.8801354403," A.MTD":4133795.494767," Gap MTD":-1667156.3853684403," Ach":0.7126064102," vs LY":0.0," vs 3LM":-0.244222813," vs LM":0.5376234993}
{"szEmployeeId":17210037897,"szname":"Hindra","Channel Group":"MTI"," LY":19999098.2859690003," 3LM":14341740.2633230072," LM":9187935.156281," Max":22585637.8516489938," T.MTD":15577334.0784557797," A.MTD":10190254.0562720001," Gap MTD":-5387080.0221837796," Ach":0.6541718888," vs LY":-0.4904643244," vs 3LM":-0.2894687905," vs LM":0.1090907677}
{"szEmployeeId":17210037897,"szname":"Hindra","Channel Group":"Retail"," LY":77094695.80430004," 3LM":67576950.2045446485," LM":60049767.7655200362," Max":114005420.5944059938," T.MTD":74362272.2409214824," A.MTD":35418924.5146900043," Gap MTD":-38943347.7262314782," Ach":0.4763023432," vs LY":-0.5405789705," vs 3LM":-0.4758726991," vs LM":-0.4101738303}
{"szEmployeeId":17210037897,"szname":"Hindra","Channel Group":"Wholesaler"," LY":559987894.8810399771," 3LM":552862311.8432809114," LM":663197541.0858279467," Max":829984977.5554839373," T.MTD":599178225.589333415," A.MTD":242750430.0742420256," Gap MTD":-356427795.5150913596," Ach":0.4051389381," vs LY":-0.5665077187," vs 3LM":-0.56092064," vs LM":-0.633969647}
{"szEmployeeId":17210037897,"szname":"Hindra","Channel Group":null," LY":0.0," 3LM":4977110.9435006659," LM":5915387.5635060007," Max":7790346.0709719993," T.MTD":5582168.0912894262," A.MTD":5528519.8456469998," Gap MTD":-53648.2456424256," Ach":0.9903893532," vs LY":0.0," vs 3LM":0.1107889513," vs LM":-0.0654002318}
{"szEmployeeId":17210041467,"szname":"Doli Purnama Sari","Channel Group":"MTI"," LY":18615404.4344820008," 3LM":24312451.5306140035," LM":28567344.3206120022," Max":41639558.7664679885," T.MTD":27363537.1343054362," A.MTD":7975769.4053079998," Gap MTD":-19387767.7289974391," Ach":0.2914743575," vs LY":-0.5715500336," vs 3LM":-0.671947134," vs LM":-0.7208081607}
{"szEmployeeId":17210041467,"szname":"Doli Purnama Sari","Channel Group":"Retail"," LY":70740094.2005720139," 3LM":128775127.8615816087," LM":125911605.9381940216," Max":192805049.4856190681," T.MTD":143910449.434340477," A.MTD":51424458.5288449898," Gap MTD":-92485990.9054954648," Ach":0.3573365154," vs LY":-0.2730507485," vs 3LM":-0.6006646673," vs LM":-0.5915828557}
{"szEmployeeId":17210041467,"szname":"Doli Purnama Sari","Channel Group":null," LY":0.0," 3LM":1143090.0883769998," LM":3429270.265131," Max":3429270.265131," T.MTD":1326013.4313540594," A.MTD":327297.328547," Gap MTD":-998716.1028070595," Ach":0.2468280643," vs LY":0.0," vs 3LM":-0.7136731987," vs LM":-0.9045577329}
{"szEmployeeId":17210042412,"szname":"Muhammad Rizky Algifari","Channel Group":"MTI"," LY":3010351.7354910001," 3LM":1925390.3847133333," LM":301621.63," Max":4711216.20414," T.MTD":2436590.0626771664," A.MTD":182702.7," Gap MTD":-2253887.3626771662," Ach":0.0749829456," vs LY":-0.9393085207," vs 3LM":-0.9051087502," vs LM":-0.3942652588}
{"szEmployeeId":17210042412,"szname":"Muhammad Rizky Algifari","Channel Group":"Retail"," LY":97332741.2617969662," 3LM":72289084.0079629868," LM":67195108.7099949867," Max":118148245.3044510186," T.MTD":93568755.6756578237," A.MTD":47417683.9202690125," Gap MTD":-46151071.7553888112," Ach":0.5067683499," vs LY":-0.5128290511," vs 3LM":-0.3440547135," vs LM":-0.2943283398}
{"szEmployeeId":17210042412,"szname":"Muhammad Rizky Algifari","Channel Group":"Wholesaler"," LY":380867912.3247701526," 3LM":268115064.8263688982," LM":337135134.9337029457," Max":416321921.1141940951," T.MTD":334008210.9585790634," A.MTD":118282640.9620610029," Gap MTD":-215725569.9965179563," Ach":0.3541309377," vs LY":-0.6894392068," vs 3LM":-0.5588362741," vs LM":-0.6491536221}
{"szEmployeeId":17210042412,"szname":"Muhammad Rizky Algifari","Channel Group":"FS"," LY":0.0," 3LM":1493840.5336033334," LM":485405.4," Max":2776951.3399999999," T.MTD":2793402.002303693," A.MTD":281081.08," Gap MTD":-2512320.9223036929," Ach":0.1006232113," vs LY":0.0," vs 3LM":-0.8118399697," vs LM":-0.4209354078}
{"szEmployeeId":17210042412,"szname":"Muhammad Rizky Algifari","Channel Group":null," LY":0.0," 3LM":3614881.3734203335," LM":10844644.1202609986," Max":10999583.7602609992," T.MTD":5593041.3007823713," A.MTD":603913.498286," Gap MTD":-4989127.8024963718," Ach":0.1079758696," vs LY":0.0," vs 3LM":-0.8329368419," vs LM":-0.9443122806}
{"szEmployeeId":17210042423,"szname":"Siti Fatimah Hadijah","Channel Group":"MTI"," LY":4713110.5314349998,