{"szEmployeeId":17210032876,"szname":"Asman","Channel Group":"MTI"," LY":33234664.9425650015," 3LM":37356259.8694646657," LM":39765535.2774610147," Max":76523261.047931999," T.MTD":37766942.7606962547," A.MTD":0," Gap MTD":-37766942.7606962547," Ach":0," vs LY":-1," vs 3LM":-1," vs LM":-1}
{"szEmployeeId":17210032876,"szname":"Asman","Channel Group":"Retail"," LY":0.0," 3LM":2163243.2213043324," LM":3578918.8776199981," Max":3578918.8776199976," T.MTD":2188073.6350604682," A.MTD":0," Gap MTD":-2188073.6350604682," Ach":0," vs LY":"0x7"," vs 3LM":-1," vs LM":-1}
{"szEmployeeId":17210032876,"szname":"Asman","Channel Group":"Wholesaler"," LY":475650168.3940237164," 3LM":540039517.1813538074," LM":686231808.3366229534," Max":1023553779.4828531742," T.MTD":546044983.6042432785," A.MTD":0," Gap MTD":-546044983.6042432785," Ach":0," vs LY":-1," vs 3LM":-1," vs LM":-1}
{"szEmployeeId":17210036369,"szname":"Muhammad Tamrin","Channel Group":"MTI"," LY":5431663.62115," 3LM":8810146.0575339999," LM":8335378.5007140003," Max":18904013.8446520045," T.MTD":11864971.3647018932," A.MTD":0," Gap MTD":-11864971.3647018932," Ach":0," vs LY":-1," vs 3LM":-1," vs LM":-1}
{"szEmployeeId":17210036369,"szname":"Muhammad Tamrin","Channel Group":"Retail"," LY":0.0," 3LM":1832672.6611370002," LM":1852792.776209," Max":4333153.0708910003," T.MTD":2597856.7274311492," A.MTD":0," Gap MTD":-2597856.7274311492," Ach":0," vs LY":"0x7"," vs 3LM":-1," vs LM":-1}
{"szEmployeeId":17210036369,"szname":"Muhammad Tamrin","Channel Group":"Wholesaler"," LY":178783498.9397591054," 3LM":361062854.8502703309," LM":360537337.6859102249," Max":764215217.8025087118," T.MTD":479330315.6933181286," A.MTD":0," Gap MTD":-479330315.6933181286," Ach":0," vs LY":-1," vs 3LM":-1," vs LM":-1}
{"szEmployeeId":17210036369,"szname":"Muhammad Tamrin","Channel Group":"FS"," LY":0.0," 3LM":205308.41," LM":163175.68," Max":1145008.1100000001," T.MTD":206856.2145487031," A.MTD":0," Gap MTD":-206856.2145487031," Ach":0," vs LY":"0x7"," vs 3LM":-1," vs LM":-1}
{"szEmployeeId":17210037632,"szname":"Robianor","Channel Group":"MTI"," LY":1422998.6700000002," 3LM":903789.5327926667," LM":1094323.488378," Max":1825953.46," T.MTD":1008560.1854626002," A.MTD":0," Gap MTD":-1008560.1854626002," Ach":0," vs LY":-1," vs 3LM":-1," vs LM":-1}
{"szEmployeeId":17210037632,"szname":"Robianor","Channel Group":"Retail"," LY":80079931.6256539971," 3LM":84315012.2939103544," LM":90014736.233175993," Max":197962481.9720881581," T.MTD":93216950.9014685303," A.MTD":0," Gap MTD":-93216950.9014685303," Ach":0," vs LY":-1," vs 3LM":-1," vs LM":-1}
{"szEmployeeId":17210037632,"szname":"Robianor","Channel Group":"Wholesaler"," LY":334801807.0679849386," 3LM":506534531.8988757133," LM":584958481.0849229097," Max":929575179.3812482357," T.MTD":538929291.3528574705," A.MTD":0," Gap MTD":-538929291.3528574705," Ach":0," vs LY":-1," vs 3LM":-1," vs LM":-1}
{"szEmployeeId":17210037632,"szname":"Robianor","Channel Group":"FS"," LY":0.0," 3LM":1216782.5800000001," LM":0.0," Max":2645171.1699999999," T.MTD":1845197.5602112832," A.MTD":0," Gap MTD":-1845197.5602112832," Ach":0," vs LY":"0x7"," vs 3LM":-1," vs LM":"0x7"}
{"szEmployeeId":17210037897,"szname":"Hindra","Channel Group":"MTI"," LY":16502747.2325130012," 3LM":19756485.6309050024," LM":20193050.3958889917," Max":38566090.908326," T.MTD":22010478.9790064618," A.MTD":0," Gap MTD":-22010478.9790064618," Ach":0," vs LY":-1," vs 3LM":-1," vs LM":-1}
{"szEmployeeId":17210037897,"szname":"Hindra","Channel Group":"Retail"," LY":64560985.7198299915," 3LM":69826341.1267889887," LM":85613787.5110859573," Max":185493880.0106929839," T.MTD":78932617.6066683233," A.MTD":0," Gap MTD":-78932617.6066683233," Ach":0," vs LY":-1," vs 3LM":-1," vs LM":-1}
{"szEmployeeId":17210037897,"szname":"Hindra","Channel Group":"Wholesaler"," LY":397637831.799883008," 3LM":485493413.7695096135," LM":649369076.8494281769," Max":1044961856.3436578512," T.MTD":536056903.4143253565," A.MTD":0," Gap MTD":-536056903.4143253565," Ach":0," vs LY":-1," vs 3LM":-1," vs LM":-1}
{"szEmployeeId":17210041467,"szname":"Doli Purnama Sari","Channel Group":"MTI"," LY":37933368.0367610157," 3LM":22896710.9762570001," LM":26422679.5193529911," Max":57243118.0438439921," T.MTD":24527450.8063608259," A.MTD":0," Gap MTD":-24527450.8063608259," Ach":0," vs LY":-1," vs 3LM":-1," vs LM":-1}
{"szEmployeeId":17210041467,"szname":"Doli Purnama Sari","Channel Group":"Retail"," LY":68066274.8608330488," 3LM":125349763.6301400065," LM":157532091.6797178984," Max":238904102.3174289465," T.MTD":134472549.1936392188," A.MTD":0," Gap MTD":-134472549.1936392188," Ach":0," vs LY":-1," vs 3LM":-1," vs LM":-1}
{"szEmployeeId":17210042412,"szname":"Muhammad Rizky Algifari","Channel Group":"MTI"," LY":1283243.194594," 3LM":3241929.4156710003," LM":4658017.9841400012," Max":10895890.6953409985," T.MTD":3982012.9156207992," A.MTD":0," Gap MTD":-3982012.9156207992," Ach":0," vs LY":-1," vs 3LM":-1," vs LM":-1}
{"szEmployeeId":17210042412,"szname":"Muhammad Rizky Algifari","Channel Group":"Retail"," LY":58886052.71633102," 3LM":83197071.5796729624," LM":78150823.4353360087," Max":216629546.1530410051," T.MTD":101024006.1250056773," A.MTD":0," Gap MTD":-101024006.1250056773," Ach":0," vs LY":-1," vs 3LM":-1," vs LM":-1}
{"szEmployeeId":17210042412,"szname":"Muhammad Rizky Algifari","Channel Group":"Wholesaler"," LY":241254366.4663739502," 3LM":252882203.897282362," LM":249801627.7696570158," Max":572582683.1916021109," T.MTD":297422198.2807697058," A.MTD":0," Gap MTD":-297422198.2807697058," Ach":0," vs LY":-1," vs 3LM":-1," vs LM":-1}
{"szEmployeeId":17210042412,"szname":"Muhammad Rizky Algifari","Channel Group":"FS"," LY":0.0," 3LM":2787993.0902699996," LM":2776951.3399999999," Max":6250214.4108999986," T.MTD":3571782.6786036398," A.MTD":0," Gap MTD":-3571782.6786036398," Ach":0," vs LY":"0x7"," vs 3LM":-1," vs LM":-1}
{"szEmployeeId":17210042423,"szname":"Siti Fatimah Hadijah","Channel Group":"MTI"," LY":3210519.6396340001," 3LM":5771689.5683116671," LM":6710822.6524219997," Max":9947081.7072819993," T.MTD":6534842.3421556875," A.MTD":0," Gap MTD":-6534842.3421556875," Ach":0," vs LY":-1," vs 3LM":-1," vs LM":-1}
{"szEmployeeId":17210042423,"szname":"Siti Fatimah Hadijah","Channel Group":"Retail"," LY":31261397.2308279797," 3LM":68711569.5441319942," LM":85356076.5955080241," Max":177062526.2492409348," T.MTD":73465157.6578443348," A.MTD":0," Gap MTD":-73465157.6578443348," Ach":0," vs LY":-1," vs 3LM":-1," vs LM":-1}
