{"szEmployeeId":17210032876,"szname":"Asman","Channel Group":"Wholesaler","Project":"SMALL"," LY":85896828.4065279961," 3LM":126263711.6409046948," LM":128800042.0428530574," T.MTD":131505949.6561881602," A.MTD":70649781.1138609648," Gap MTD":-60856168.5423271507,"CR":90,"CA":79}
{"szEmployeeId":17210032876,"szname":"Asman","Channel Group":"Wholesaler","Project":"BIG"," LY":171733556.6542290151," 3LM":192998515.6611123681," LM":187642944.1172069907," T.MTD":199987849.1177138984," A.MTD":41570355.8743199855," Gap MTD":-158417493.243393898,"CR":6,"CA":3}
{"szEmployeeId":17210032876,"szname":"Asman","Channel Group":"Wholesaler","Project":"MEDIUM"," LY":289344407.5498020053," 3LM":320522597.5524385571," LM":310617337.1426019669," T.MTD":331723721.9933003783," A.MTD":184188161.9244749844," Gap MTD":-147535560.0688253641,"CR":37,"CA":32}
{"szEmployeeId":17210032876,"szname":"Asman","Channel Group":"MTI","Project":"SMALL"," LY":25310863.6766800024," 3LM":34847625.8618943393," LM":33501979.5606019981," T.MTD":36747975.0599622056," A.MTD":31606533.4250230044," Gap MTD":-5141441.6349392012,"CR":13,"CA":12}
{"szEmployeeId":17210032876,"szname":"Asman","Channel Group":"MTI","Project":"MEDIUM"," LY":2664549.4076250005," 3LM":3253093.9833333334," LM":3734345.0699999998," T.MTD":3334504.1728357277," A.MTD":3218108.1200000001," Gap MTD":-116396.0528357276,"CR":1,"CA":1}
{"szEmployeeId":17210041467,"szname":"Doli Purnama Sari","Channel Group":"Retail","Project":"SMALL"," LY":43229396.5655220076," 3LM":109392948.6278276742," LM":105455563.0904149711," T.MTD":125795118.5090901852," A.MTD":64462235.0486529991," Gap MTD":-61332883.4604371265,"CR":229,"CA":185}
{"szEmployeeId":17210041467,"szname":"Doli Purnama Sari","Channel Group":"Retail","Project":"BIG"," LY":39264146.0074639991," 3LM":35170529.2733423337," LM":33138765.510501001," T.MTD":41326059.5037955716," A.MTD":19931652.9325500056," Gap MTD":-21394406.5712455772,"CR":31,"CA":27}
{"szEmployeeId":17210041467,"szname":"Doli Purnama Sari","Channel Group":"Retail","Project":"MEDIUM"," LY":43496987.3686840087," 3LM":61552068.4382589906," LM":60406117.8119000122," T.MTD":71705194.315491125," A.MTD":33301070.6825299971," Gap MTD":-38404123.6329611018,"CR":81,"CA":73}
{"szEmployeeId":17210041467,"szname":"Doli Purnama Sari","Channel Group":"MTI","Project":"SMALL"," LY":22649609.6816240065," 3LM":23658919.5001933388," LM":29631493.8596159965," T.MTD":25073627.6716230139," A.MTD":20658764.9951979965," Gap MTD":-4414862.6764250118,"CR":10,"CA":8}
{"szEmployeeId":17210037897,"szname":"Hindra","Channel Group":"Wholesaler","Project":"SMALL"," LY":64760708.9769670144," 3LM":97662409.9961126596," LM":98447189.8906679749," T.MTD":116928340.294721961," A.MTD":70369542.1300759912," Gap MTD":-46558798.1646459699,"CR":46,"CA":43}
{"szEmployeeId":17210037897,"szname":"Hindra","Channel Group":"Wholesaler","Project":"BIG"," LY":53380885.1133939996," 3LM":83510033.5883789957," LM":130789016.1630339921," T.MTD":104009985.0361295044," A.MTD":5770947.7537810002," Gap MTD":-98239037.2823485136,"CR":3,"CA":1}
{"szEmployeeId":17210037897,"szname":"Hindra","Channel Group":"Wholesaler","Project":"MEDIUM"," LY":105587267.0025639981," 3LM":110584492.3230606765," LM":97186054.8607280105," T.MTD":132469904.370565787," A.MTD":79038022.422852993," Gap MTD":-53431881.9477127716,"CR":11,"CA":10}
{"szEmployeeId":17210037897,"szname":"Hindra","Channel Group":"Retail","Project":"SMALL"," LY":13011564.2140469998," 3LM":62055509.3914110065," LM":68364260.9594679773," T.MTD":75025370.590545401," A.MTD":39772710.023152031," Gap MTD":-35252660.5673934519,"CR":105,"CA":78}
{"szEmployeeId":17210037897,"szname":"Hindra","Channel Group":"Retail","Project":"BIG"," LY":31803488.1156470031," 3LM":24575468.1804846711," LM":22546725.8822060041," T.MTD":29369055.9015019871," A.MTD":19595900.3043789975," Gap MTD":-9773155.5971229952,"CR":18,"CA":17}
{"szEmployeeId":17210037897,"szname":"Hindra","Channel Group":"Retail","Project":"MEDIUM"," LY":15003227.7051069997," 3LM":15466544.5961113367," LM":17975322.7204819992," T.MTD":18616866.3426179178," A.MTD":8425899.6445670016," Gap MTD":-10190966.6980509181,"CR":23,"CA":19}
{"szEmployeeId":17210037897,"szname":"Hindra","Channel Group":"MTI","Project":"SMALL"," LY":5494819.65142," 3LM":6901057.2834066655," LM":8353352.2161090011," T.MTD":7922597.3193634693," A.MTD":3969617.0928730005," Gap MTD":-3952980.2264904687,"CR":2,"CA":2}
{"szEmployeeId":17210037897,"szname":"Hindra","Channel Group":"FS","Project":"SMALL"," LY":0.0," 3LM":1476992.4903000002," LM":2169442.3399999999," T.MTD":1657880.1445538139," A.MTD":3671646.8499999996," Gap MTD":2013766.705446186,"CR":3,"CA":3}
{"szEmployeeId":17210036369,"szname":"Muhammad Tamrin","Channel Group":"Wholesaler","Project":"SMALL"," LY":86623123.2155359834," 3LM":100284325.680202648," LM":112284848.8607180119," T.MTD":117616335.8431380987," A.MTD":71600280.7804899812," Gap MTD":-46016055.0626481175,"CR":93,"CA":80}
{"szEmployeeId":17210036369,"szname":"Muhammad Tamrin","Channel Group":"Wholesaler","Project":"BIG"," LY":171652420.2909970284," 3LM":146958326.9385036528," LM":176866324.2648089826," T.MTD":180566812.7507777214," A.MTD":34640351.3440349996," Gap MTD":-145926461.406742692,"CR":6,"CA":4}
{"szEmployeeId":17210036369,"szname":"Muhammad Tamrin","Channel Group":"Wholesaler","Project":"MEDIUM"," LY":167270675.4651519954," 3LM":174144911.8861450255," LM":177425003.6623599529," T.MTD":206391263.6423943341," A.MTD":118842793.6559859663," Gap MTD":-87548469.9864083529,"CR":38,"CA":33}
{"szEmployeeId":17210036369,"szname":"Muhammad Tamrin","Channel Group":"MTI","Project":"SMALL"," LY":3850104.1614339999," 3LM":6945574.2229983322," LM":7776680.2764810007," T.MTD":6843614.7971542953," A.MTD":7756884.7148619993," Gap MTD":913269.9177077053,"CR":13,"CA":11}
{"szEmployeeId":17210036369,"szname":"Muhammad Tamrin","Channel Group":"MTI","Project":"MEDIUM"," LY":201386.46," 3LM":647783.4766666668," LM":792969.3600000001," T.MTD":534007.9660125648," A.MTD":230315.31," Gap MTD":-303692.6560125648,"CR":1,"CA":1}
{"szEmployeeId":17210036369,"szname":"Muhammad Tamrin","Channel Group":"FS","Project":"SMALL"," LY":0.0," 3LM":453628.83," LM":215878.38," T.MTD":347965.0005229968," A.MTD":390294.6," Gap MTD":42329.5994770032,"CR":1,"CA":1}
{"szEmployeeId":17210037632,"szname":"Robianor","Channel Group":"Wholesaler","Project":"SMALL"," LY":84117197.1083869934," 3LM":99191848.454818666," LM":108958428.1624419838," T.MTD":112644951.2305244207," A.MTD":54207900.4792030081," Gap MTD":-58437050.7513214052,"CR":39,"CA":32}
{"szEmployeeId":17210037632,"szname":"Robianor","Channel Group":"Wholesaler","Project":"BIG"," LY":135774698.9929580092," 3LM":116366306.1723760068," LM":109719999.9075410068," T.MTD":136889167.1395841837," A.MTD":45022882.8270810097," Gap MTD":-91866284.3125031739,"CR":3,"CA":3}
{"szEmployeeId":17210037632,"szname":"Robianor","Channel Group":"Wholesaler","Project":"MEDIUM"," LY":298497305.3952000737," 3LM":332052318.6821749806," LM":348810485.4595380425," T.MTD":380665591.9872621894," A.MTD":187234441.3461410105," Gap MTD":-193431150.6411210895,"CR":28,"CA":23}
{"szEmployeeId":17210037632,"szname":"Robianor","Channel Group":"Retail","Project":"SMALL"," LY":23176476.8563969955," 3LM":45665187.9275606647," LM":55440372.4423980191," T.MTD":52386055.4421304017," A.MTD":32067739.401413992," Gap MTD":-20318316.0407163873,"CR":82,"CA":54}
{"szEmployeeId":17210037632,"szname":"Robianor","Channel Group":"Retail","Project":"BIG"," LY":26651922.3205219954," 3LM":27349075.069395002," LM":28248474.0020340011," T.MTD":30784936.9288588017," A.MTD":18417269.6868870035," Gap MTD":-12367667.2419718076,"CR":23,"CA":20}
{"szEmployeeId":17210037632,"szname":"Robianor","Channel Group":"Retail","Project":"MEDIUM"," LY":19790819.3226389997," 3LM":24767345.3721010052," LM":25030968.1508890055," T.MTD":28417001.3491268046," A.MTD":18759181.0138260014," Gap MTD":-9657820.3353008032,"CR":32,