{"szEmployeeId":17210032876,"szname":"Asman","Channel Group":"Wholesaler","Project":"SMALL"," LY":85896828.4065279961," 3LM":126263711.6409046799," LM":128800042.0428530276," T.MTD":131505949.6561881304," A.MTD":42446014.1273220107," Gap MTD":-89059935.5288661122,"CR":90,"CA":69}
{"szEmployeeId":17210032876,"szname":"Asman","Channel Group":"Wholesaler","Project":"BIG"," LY":171733556.6542289853," 3LM":192998515.6611123383," LM":187642944.1172069907," T.MTD":199987849.1177139282," A.MTD":26975888.3630779907," Gap MTD":-173011960.7546359003,"CR":6,"CA":3}
{"szEmployeeId":17210032876,"szname":"Asman","Channel Group":"Wholesaler","Project":"MEDIUM"," LY":303911975.0555610061," 3LM":320522597.5524386168," LM":310617337.1426019669," T.MTD":331723721.9933003783," A.MTD":95202432.1776710004," Gap MTD":-236521289.8156293333,"CR":37,"CA":29}
{"szEmployeeId":17210032876,"szname":"Asman","Channel Group":"MTI","Project":"SMALL"," LY":25310863.6766800024," 3LM":34847625.8618943393," LM":35595077.7606019974," T.MTD":36747975.0599622056," A.MTD":7862295.5246790005," Gap MTD":-28885679.5352832079,"CR":13,"CA":9}
{"szEmployeeId":17210032876,"szname":"Asman","Channel Group":"MTI","Project":"MEDIUM"," LY":2664549.4076250005," 3LM":3253093.9833333325," LM":4870529.7599999998," T.MTD":3334504.1728357272," A.MTD":2037027.0199999998," Gap MTD":-1297477.1528357274,"CR":1,"CA":1}
{"szEmployeeId":17210041467,"szname":"Doli Purnama Sari","Channel Group":"Retail","Project":"SMALL"," LY":43229396.5655220151," 3LM":109392948.6278276592," LM":105466063.0904150009," T.MTD":125795118.5090901852," A.MTD":37891223.0431549847," Gap MTD":-87903895.4659351408,"CR":228,"CA":141}
{"szEmployeeId":17210041467,"szname":"Doli Purnama Sari","Channel Group":"Retail","Project":"BIG"," LY":39264146.0074639916," 3LM":35170529.2733423337," LM":35194560.1005010083," T.MTD":41326059.5037955716," A.MTD":11772802.2308649998," Gap MTD":-29553257.2729305774,"CR":31,"CA":21}
{"szEmployeeId":17210041467,"szname":"Doli Purnama Sari","Channel Group":"Retail","Project":"MEDIUM"," LY":43496987.3686840087," 3LM":61552068.4382589906," LM":60406117.8119000122," T.MTD":71705194.3154911101," A.MTD":20965798.1084140055," Gap MTD":-50739396.2070771009,"CR":81,"CA":58}
{"szEmployeeId":17210041467,"szname":"Doli Purnama Sari","Channel Group":"MTI","Project":"SMALL"," LY":22649609.6816240065," 3LM":23658919.5001933351," LM":54614665.9296160117," T.MTD":25073627.6716230139," A.MTD":8881791.9769289996," Gap MTD":-16191835.6946940087,"CR":10,"CA":6}
{"szEmployeeId":17210037897,"szname":"Hindra","Channel Group":"Wholesaler","Project":"SMALL"," LY":64760708.9769670144," 3LM":97662409.9961126596," LM":98447189.8906679749," T.MTD":116928340.294721961," A.MTD":41402793.1748089865," Gap MTD":-75525547.1199129671,"CR":46,"CA":40}
{"szEmployeeId":17210037897,"szname":"Hindra","Channel Group":"Wholesaler","Project":"BIG"," LY":53380885.1133939996," 3LM":83510033.5883789957," LM":130789016.1630339921," T.MTD":104009985.0361295342," A.MTD":1459459.4591890001," Gap MTD":-102550525.5769405365,"CR":3,"CA":1}
{"szEmployeeId":17210037897,"szname":"Hindra","Channel Group":"Wholesaler","Project":"MEDIUM"," LY":105587267.0025639981," 3LM":110584492.3230606765," LM":97238554.8607279956," T.MTD":132469904.3705658019," A.MTD":41512512.5182560012," Gap MTD":-90957391.8523097932,"CR":11,"CA":9}
{"szEmployeeId":17210037897,"szname":"Hindra","Channel Group":"Retail","Project":"SMALL"," LY":13011564.2140469998," 3LM":62055509.391410999," LM":68364260.9594679773," T.MTD":75025370.5905454457," A.MTD":21670078.6825580075," Gap MTD":-53355291.9079874679,"CR":105,"CA":65}
{"szEmployeeId":17210037897,"szname":"Hindra","Channel Group":"Retail","Project":"BIG"," LY":31803488.1156470031," 3LM":24575468.1804846711," LM":22630725.8822060041," T.MTD":29369055.9015019946," A.MTD":9177490.2654750012," Gap MTD":-20191565.6360269971,"CR":18,"CA":15}
{"szEmployeeId":17210037897,"szname":"Hindra","Channel Group":"Retail","Project":"MEDIUM"," LY":15003227.7051069997," 3LM":15466544.5961113367," LM":17975322.7204819992," T.MTD":18616866.3426179178," A.MTD":5531735.5787199996," Gap MTD":-13085130.7638979182,"CR":23,"CA":17}
{"szEmployeeId":17210037897,"szname":"Hindra","Channel Group":"MTI","Project":"SMALL"," LY":5494819.65142," 3LM":6901057.2834066674," LM":8353352.2161089992," T.MTD":7922597.3193634711," A.MTD":3321599.0708040004," Gap MTD":-4600998.2485594703,"CR":2,"CA":2}
{"szEmployeeId":17210037897,"szname":"Hindra","Channel Group":"FS","Project":"SMALL"," LY":0.0," 3LM":1476992.4902999997," LM":2169442.3399999999," T.MTD":1657880.1445538134," A.MTD":3390565.7699999996," Gap MTD":1732685.6254461862,"CR":3,"CA":2}
{"szEmployeeId":17210036369,"szname":"Muhammad Tamrin","Channel Group":"Wholesaler","Project":"SMALL"," LY":86623123.2155359834," 3LM":100284325.680202648," LM":112284848.8607180119," T.MTD":117616335.8431380987," A.MTD":34702592.2005589977," Gap MTD":-82913743.6425791532,"CR":93,"CA":68}
{"szEmployeeId":17210036369,"szname":"Muhammad Tamrin","Channel Group":"Wholesaler","Project":"BIG"," LY":171652420.2909970284," 3LM":146958326.9385036826," LM":176866324.2648090124," T.MTD":180566812.7507776916," A.MTD":17573552.2435899973," Gap MTD":-162993260.5071877241,"CR":6,"CA":3}
{"szEmployeeId":17210036369,"szname":"Muhammad Tamrin","Channel Group":"Wholesaler","Project":"MEDIUM"," LY":167270675.4651519954," 3LM":174144911.8861450255," LM":177425003.6623599529," T.MTD":206391263.6423943341," A.MTD":57426174.7728110105," Gap MTD":-148965088.8695833385,"CR":38,"CA":30}
{"szEmployeeId":17210036369,"szname":"Muhammad Tamrin","Channel Group":"MTI","Project":"SMALL"," LY":3850104.1614339999," 3LM":6945574.2229983332," LM":7776680.2764810007," T.MTD":6843614.7971542962," A.MTD":2879483.7905389997," Gap MTD":-3964131.006615296,"CR":13,"CA":9}
{"szEmployeeId":17210036369,"szname":"Muhammad Tamrin","Channel Group":"MTI","Project":"MEDIUM"," LY":201386.46," 3LM":647783.4766666667," LM":792969.3600000001," T.MTD":534007.9660125648," A.MTD":230315.31," Gap MTD":-303692.6560125648,"CR":1,"CA":1}
{"szEmployeeId":17210036369,"szname":"Muhammad Tamrin","Channel Group":"FS","Project":"SMALL"," LY":0.0," 3LM":453628.83," LM":215878.38," T.MTD":347965.0005229969," A.MTD":210979.28," Gap MTD":-136985.7205229969,"CR":1,"CA":1}
{"szEmployeeId":17210037632,"szname":"Robianor","Channel Group":"Wholesaler","Project":"SMALL"," LY":85538818.698386997," 3LM":101968799.8062883317," LM":111461524.5595579892," T.MTD":115514484.3283286691," A.MTD":32657018.4080669992," Gap MTD":-82857465.9202616513,"CR":40,"CA":30}
{"szEmployeeId":17210037632,"szname":"Robianor","Channel Group":"Wholesaler","Project":"BIG"," LY":135774698.992958039," 3LM":116366306.1723760068," LM":109719999.9075409919," T.MTD":136889167.1395841837," A.MTD":15116576.5518820006," Gap MTD":-121772590.58770217,"CR":3,"CA":3}
{"szEmployeeId":17210037632,"szname":"Robianor","Channel Group":"Wholesaler","Project":"MEDIUM"," LY":302516224.2973610759," 3LM":332052318.6821749806," LM":348810485.4595380425," T.MTD":380665591.9872621894," A.MTD":104293975.5661879778," Gap MTD":-276371616.421074152,"CR":28,"CA":20}
{"szEmployeeId":17210037632,"szname":"Robianor","Channel Group":"Retail","Project":"SMALL"," LY":23176476.8563969955," 3LM":45665187.9275606498," LM":55440372.4423980266," T.MTD":52386055.4421303943," A.MTD":14913326.5451709982," Gap MTD":-37472728.8969593719,"CR":82,"CA":42}
{"szEmployeeId":17210037632,"szname":"Robianor","Channel Group":"Retail","Project":"BIG"," LY":26651922.3205219954," 3LM":27349075.069395002," LM":28258974.0020340011," T.MTD":30784936.9288588054," A.MTD":11413338.9116730001," Gap MTD":-19371598.017185811,"CR":23,"CA":18}
{"szEmployeeId":17210037632,"szname":"Robianor","Channel Group":"Retail","Project":"MEDIUM"," LY":18369197.7326389998," 3LM":21990394.0206313357," LM":22527871.7537730038," T.MTD":25547468.2513225563," A.MTD":9112397.7826769985," Gap MTD":-16435070.4686455503,"CR":31,