{"szEmployeeId":17210032876,"szname":"Asman","Channel Group":"Wholesaler","Project":"SMALL"," LY":85896828.4065279961," 3LM":136933849.0608583391," LM":137837339.3861629963," T.MTD":146273603.503485024," A.MTD":91269863.7874299586," Gap MTD":-55003739.7160549611,"CR":92,"CA":79}
{"szEmployeeId":17210032876,"szname":"Asman","Channel Group":"Wholesaler","Project":"BIG"," LY":171733556.6542290151," 3LM":174516903.9970926642," LM":187642944.1172069907," T.MTD":184832552.3968099058," A.MTD":61733300.9677469954," Gap MTD":-123099251.4290629029,"CR":6,"CA":3}
{"szEmployeeId":17210032876,"szname":"Asman","Channel Group":"Wholesaler","Project":"MEDIUM"," LY":303911975.0555610061," 3LM":319296900.4387423396," LM":310617337.1426019669," T.MTD":338130695.4622189999," A.MTD":164601003.2263009846," Gap MTD":-173529692.2359179556,"CR":37,"CA":30}
{"szEmployeeId":17210032876,"szname":"Asman","Channel Group":"Retail","Project":"BIG"," LY":1354807.8649249999," 3LM":2176288.0467233332," LM":1167927.9881000002," T.MTD":2281498.1407333938," A.MTD":852747.763601," Gap MTD":-1428750.3771323939,"CR":2,"CA":2}
{"szEmployeeId":17210032876,"szname":"Asman","Channel Group":"MTI","Project":"SMALL"," LY":25310863.6766800024," 3LM":35385997.7367009893," LM":35595077.7606019974," T.MTD":38361495.6351303682," A.MTD":14408771.2430539988," Gap MTD":-23952724.3920763731,"CR":13,"CA":9}
{"szEmployeeId":17210032876,"szname":"Asman","Channel Group":"MTI","Project":"MEDIUM"," LY":2664549.4076250005," 3LM":2881220.0551643334," LM":4870529.7599999988," T.MTD":3020154.8616224108," A.MTD":2380306.3400000003," Gap MTD":-639848.5216224105,"CR":1,"CA":1}
{"szEmployeeId":17210041467,"szname":"Doli Purnama Sari","Channel Group":"Retail","Project":"SMALL"," LY":43715882.9481310099," 3LM":109853334.7307913005," LM":105466063.090414986," T.MTD":108762389.1395101398," A.MTD":56572378.9573409855," Gap MTD":-52190010.182169199,"CR":225,"CA":165}
{"szEmployeeId":17210041467,"szname":"Doli Purnama Sari","Channel Group":"Retail","Project":"BIG"," LY":38160953.4409969896," 3LM":36157838.5386103243," LM":33167172.6186209954," T.MTD":36459743.5466386303," A.MTD":18979671.7890210003," Gap MTD":-17480071.7576176375,"CR":30,"CA":27}
{"szEmployeeId":17210041467,"szname":"Doli Purnama Sari","Channel Group":"Retail","Project":"MEDIUM"," LY":43496987.3686840087," 3LM":61119685.8124416545," LM":60406117.8119000122," T.MTD":61232673.1515172943," A.MTD":40149858.2355840057," Gap MTD":-21082814.9159332514,"CR":81,"CA":68}
{"szEmployeeId":17210041467,"szname":"Doli Purnama Sari","Channel Group":"MTI","Project":"SMALL"," LY":22649609.6816240065," 3LM":24544996.9213909991," LM":54614665.9296160117," T.MTD":23045194.1623338982," A.MTD":15802991.106112998," Gap MTD":-7242203.0562208956,"CR":10,"CA":9}
{"szEmployeeId":17210037897,"szname":"Hindra","Channel Group":"Wholesaler","Project":"SMALL"," LY":64760708.9769670144," 3LM":95979250.6733599752," LM":98447189.8906679899," T.MTD":109581652.0857546628," A.MTD":69323388.4096189886," Gap MTD":-40258263.6761356071,"CR":46,"CA":44}
{"szEmployeeId":17210037897,"szname":"Hindra","Channel Group":"Wholesaler","Project":"BIG"," LY":53380885.1133939996," 3LM":112688733.894898653," LM":130789016.1630339921," T.MTD":135184259.6618935764," A.MTD":12210270.2703479994," Gap MTD":-122973989.3915456086,"CR":3,"CA":1}
{"szEmployeeId":17210037897,"szname":"Hindra","Channel Group":"Wholesaler","Project":"MEDIUM"," LY":105587267.0025639981," 3LM":112278296.7617943138," LM":97238554.8607280105," T.MTD":129539875.0831796527," A.MTD":71578019.6116489917," Gap MTD":-57961855.4715306535,"CR":11,"CA":11}
{"szEmployeeId":17210037897,"szname":"Hindra","Channel Group":"Retail","Project":"SMALL"," LY":13072375.0168389995," 3LM":61062786.2152196243," LM":68364260.9594679773," T.MTD":69372349.6339745522," A.MTD":38027467.0655660182," Gap MTD":-31344882.5684085488,"CR":107,"CA":77}
{"szEmployeeId":17210037897,"szname":"Hindra","Channel Group":"Retail","Project":"BIG"," LY":33507497.0684350021," 3LM":23084525.613414336," LM":22630725.8822060041," T.MTD":26149376.6560760811," A.MTD":14293811.1103990003," Gap MTD":-11855565.5456770752,"CR":19,"CA":15}
{"szEmployeeId":17210037897,"szname":"Hindra","Channel Group":"Retail","Project":"MEDIUM"," LY":15064038.5078990012," 3LM":16885013.1837473363," LM":17975322.7204819992," T.MTD":19324904.8451559693," A.MTD":9544064.3555380013," Gap MTD":-9780840.4896179643,"CR":24,"CA":18}
{"szEmployeeId":17210037897,"szname":"Hindra","Channel Group":"MTI","Project":"SMALL"," LY":5494819.65142," 3LM":6071402.5907939998," LM":8353352.2161090001," T.MTD":6612528.0378743652," A.MTD":3986846.8395389989," Gap MTD":-2625681.1983353663,"CR":2,"CA":2}
{"szEmployeeId":17210037897,"szname":"Hindra","Channel Group":"FS","Project":"SMALL"," LY":0.0," 3LM":1215217.1103000001," LM":2169442.3399999999," T.MTD":1135053.9960910974," A.MTD":539932.46," Gap MTD":-595121.5360910973,"CR":3,"CA":2}
{"szEmployeeId":17210036369,"szname":"Muhammad Tamrin","Channel Group":"Wholesaler","Project":"SMALL"," LY":86623123.2155359685," 3LM":111289924.0570583642," LM":121035029.0289050043," T.MTD":136339074.3210404515," A.MTD":59681525.6389800161," Gap MTD":-76657548.6820604503,"CR":94,"CA":74}
{"szEmployeeId":17210036369,"szname":"Muhammad Tamrin","Channel Group":"Wholesaler","Project":"BIG"," LY":171652420.2909970284," 3LM":116656677.5741080046," LM":176866324.2648090124," T.MTD":159218484.9475180209," A.MTD":22694652.2595340014," Gap MTD":-136523832.6879840195,"CR":6,"CA":3}
{"szEmployeeId":17210036369,"szname":"Muhammad Tamrin","Channel Group":"Wholesaler","Project":"MEDIUM"," LY":167270675.4651520252," 3LM":165863389.9270386696," LM":177425003.6623599827," T.MTD":207952234.1113926768," A.MTD":87335877.585360989," Gap MTD":-120616356.5260316581,"CR":37,"CA":30}
{"szEmployeeId":17210036369,"szname":"Muhammad Tamrin","Channel Group":"Retail","Project":"BIG"," LY":1454083.6365660001," 3LM":1511796.8920053334," LM":859459.4937799999," T.MTD":1938355.9931302597," A.MTD":418082.907387," Gap MTD":-1520273.0857432596,"CR":2,"CA":1}
{"szEmployeeId":17210036369,"szname":"Muhammad Tamrin","Channel Group":"MTI","Project":"SMALL"," LY":3850104.1614339999," 3LM":6850239.5702943327," LM":7776680.2764810007," T.MTD":5066845.6493003415," A.MTD":2723363.0570259998," Gap MTD":-2343482.5922743417,"CR":13,"CA":8}
{"szEmployeeId":17210036369,"szname":"Muhammad Tamrin","Channel Group":"MTI","Project":"MEDIUM"," LY":201386.46," 3LM":625675.9533333334," LM":792969.3600000001," T.MTD":435073.3488392325," A.MTD":579009.01," Gap MTD":143935.6611607675,"CR":1,"CA":1}
{"szEmployeeId":17210036369,"szname":"Muhammad Tamrin","Channel Group":"FS","Project":"SMALL"," LY":0.0," 3LM":71959.46," LM":215878.38," T.MTD":49931.628778884," A.MTD":1145008.1100000001," Gap MTD":1095076.4812211161,"CR":1,"CA":1}
{"szEmployeeId":17210037632,"szname":"Robianor","Channel Group":"Wholesaler","Project":"SMALL"," LY":85538818.6983870119," 3LM":100519228.0362083316," LM":111461524.5595579892," T.MTD":112312007.4286869764," A.MTD":60370978.6948400065," Gap MTD":-51941028.7338470072,"CR":41,"CA":36}
{"szEmployeeId":17210037632,"szname":"Robianor","Channel Group":"Wholesaler","Project":"BIG"," LY":135774698.9929580092," 3LM":120715796.2805116475," LM":109719999.9075410068," T.MTD":148110124.981446445," A.MTD":64270630.5224679932," Gap MTD":-83839494.4589784741,"CR":3,"CA":3}
{"szEmployeeId":17210037632,"szname":"Robianor","Channel Group":"Wholesaler","Project":"MEDIUM"," LY":302516224.2973610163," 3LM":330000878.4380882978," LM":348810485.4595379829," T.MTD":377816161.0914612412," A.MTD":129406440.3172759712," Gap MTD":-248409720.7741852701,"CR":28,"CA":24}
{"szEmployeeId":17210037632,"szname":"Robianor","Channel Group":"Retail","Project":"SMALL"," LY":24144509.0498119965," 3LM":42242838.1526700109," LM":55440372.4423980191," T.MTD":48158779.8998367488," A.MTD":23830419.5960229971," Gap MTD":-24328360.3038137294,"CR":83,"CA":45}
{"szEmployeeId":17210037632,