{"szEmployeeId":17210032876,"szname":"Asman","Channel Group":"MTI"," LY":28034097.570314005," 3LM":38344000.804415673," LM":42141407.3173520043," Max":76523261.047931999," T.MTD":43967090.6716130972," A.MTD":16181004.5016120002," Gap MTD":-27786086.170001097," Ach":0.3680253629," vs LY":-0.4228098671," vs 3LM":-0.5780042728," vs LM":-0.6160307514}
{"szEmployeeId":17210032876,"szname":"Asman","Channel Group":"Wholesaler"," LY":592254890.9933823347," 3LM":611451375.5475312471," LM":581873130.6680589914," Max":1014600828.9323494434," T.MTD":691032909.3283873796," A.MTD":143089261.3072330952," Gap MTD":-547943648.0211542845," Ach":0.2070657698," vs LY":-0.7583991901," vs 3LM":-0.7659842352," vs LM":-0.7540885568}
{"szEmployeeId":17210036369,"szname":"Muhammad Tamrin","Channel Group":"MTI"," LY":4346486.23477," 3LM":8128558.0501769995," LM":9478283.8848619983," Max":18904013.8446520045," T.MTD":9772941.9062292054," A.MTD":2625808.1634220001," Gap MTD":-7147133.7428072048," Ach":0.268681446," vs LY":-0.3958779525," vs 3LM":-0.6769650721," vs LM":-0.7229658665}
{"szEmployeeId":17210036369,"szname":"Muhammad Tamrin","Channel Group":"Wholesaler"," LY":251777140.7985421419," 3LM":444167809.8888881803," LM":438980603.3564559817," Max":740655672.271687746," T.MTD":539914469.309065938," A.MTD":50170682.1219880134," Gap MTD":-489743787.1870779395," Ach":0.0929233887," vs LY":-0.8007337681," vs 3LM":-0.8870456593," vs LM":-0.8857109363}
{"szEmployeeId":17210036369,"szname":"Muhammad Tamrin","Channel Group":"FS"," LY":0.0," 3LM":583727.0299999999," LM":390294.6," Max":1145008.1100000001," T.MTD":312588.7847048221," A.MTD":0.0," Gap MTD":-312588.7847048221," Ach":0.0," vs LY":"0x7"," vs 3LM":-1.0," vs LM":-1.0}
{"szEmployeeId":17210037632,"szname":"Robianor","Channel Group":"MTI"," LY":1526369.8429720001," 3LM":1025801.2323423335," LM":677855.8600000001," Max":1825953.4599999997," T.MTD":1302729.3206400385," A.MTD":316721.62," Gap MTD":-986007.7006400385," Ach":0.2431215871," vs LY":-0.7925000802," vs 3LM":-0.6912446486," vs LM":-0.5327596342}
{"szEmployeeId":17210037632,"szname":"Robianor","Channel Group":"Retail"," LY":70415226.6089090258," 3LM":91865660.9790284187," LM":90093093.9473030567," Max":197883048.2937991023," T.MTD":108472598.0835746229," A.MTD":28458151.0751119889," Gap MTD":-80014447.0084626079," Ach":0.2623533646," vs LY":-0.5958523114," vs 3LM":-0.690219928," vs LM":-0.6841250552}
{"szEmployeeId":17210037632,"szname":"Robianor","Channel Group":"Wholesaler"," LY":498374737.0839520693," 3LM":545279564.6357492208," LM":541614283.1792699099," Max":920250186.6320860386," T.MTD":629256618.2105350494," A.MTD":130942898.0583330691," Gap MTD":-498313720.1522020102," Ach":0.2080914118," vs LY":-0.7372601613," vs 3LM":-0.7598609841," vs LM":-0.7582358846}
{"szEmployeeId":17210037632,"szname":"Robianor","Channel Group":"FS"," LY":0.0," 3LM":1474093.3899999999," LM":1935102.7," Max":2645171.1699999999," T.MTD":968054.385250302," A.MTD":0.0," Gap MTD":-968054.385250302," Ach":0.0," vs LY":"0x7"," vs 3LM":-1.0," vs LM":-1.0}
{"szEmployeeId":17210037897,"szname":"Hindra","Channel Group":"MTI"," LY":18700890.254205998," 3LM":16615452.851360999," LM":25432171.2590270005," Max":38566090.908326," T.MTD":21492426.6678543836," A.MTD":4948423.4007930001," Gap MTD":-16544003.2670613844," Ach":0.2302403296," vs LY":-0.7353910251," vs 3LM":-0.7021794443," vs LM":-0.8054266248}
{"szEmployeeId":17210037897,"szname":"Hindra","Channel Group":"Retail"," LY":67795689.9826579988," 3LM":65870190.2653159648," LM":61444530.5231800154," Max":179259571.3884609938," T.MTD":83711847.6848875731," A.MTD":28636852.2870320044," Gap MTD":-55074995.3978556097," Ach":0.342088403," vs LY":-0.5776006956," vs 3LM":-0.5652532326," vs LM":-0.5339397658}
{"szEmployeeId":17210037897,"szname":"Hindra","Channel Group":"Wholesaler"," LY":429088024.4598770738," 3LM":524660461.6096587777," LM":461090846.8645140529," Max":1037286935.9630696774," T.MTD":632795725.6472575665," A.MTD":131628447.0336710066," Gap MTD":-501167278.6135869026," Ach":0.208010961," vs LY":-0.6932367264," vs 3LM":-0.7491168924," vs LM":-0.7145281718}
{"szEmployeeId":17210041467,"szname":"Doli Purnama Sari","Channel Group":"MTI"," LY":31726303.1074679941," 3LM":26648138.6066133305," LM":27897083.0443830006," Max":65605202.2606810033," T.MTD":37849102.8000803739," A.MTD":7044509.1070259986," Gap MTD":-30804593.6930543631," Ach":0.1861209008," vs LY":-0.7779599759," vs 3LM":-0.7356472356," vs LM":-0.7474822333}
{"szEmployeeId":17210041467,"szname":"Doli Purnama Sari","Channel Group":"Retail"," LY":144767460.170533061," 3LM":186182722.4638267159," LM":172698898.824921906," Max":405367195.1330133677," T.MTD":257150897.199919492," A.MTD":61221098.789779," Gap MTD":-195929798.4101406634," Ach":0.238074607," vs LY":-0.5771073229," vs 3LM":-0.671177336," vs LM":-0.6455038266}
{"szEmployeeId":17210041960,"szname":"Bahrudin Rahman","Channel Group":"MTI"," LY":5780707.0027019996," 3LM":6400314.0827790005," LM":4251238.7228730004," Max":10895890.6953409985," T.MTD":8385389.5265357699," A.MTD":1552252.2400000002," Gap MTD":-6833137.2865357688," Ach":0.1851139097," vs LY":-0.7314770945," vs 3LM":-0.7574724896," vs LM":-0.634870601}
{"szEmployeeId":17210041960,"szname":"Bahrudin Rahman","Channel Group":"Retail"," LY":58314512.9722330049," 3LM":105803644.1391916573," LM":99993252.5151249021," Max":215339936.6973560154," T.MTD":127928902.6587993503," A.MTD":26017972.2127049901," Gap MTD":-101910930.4460943341," Ach":0.203378374," vs LY":-0.5538336704," vs 3LM":-0.7540919084," vs LM":-0.7398027211}
{"szEmployeeId":17210041960,"szname":"Bahrudin Rahman","Channel Group":"Wholesaler"," LY":287273445.6096509099," 3LM":294090074.7280274034," LM":291436552.1464431882," Max":569777007.5997229815," T.MTD":351899696.6249927878," A.MTD":55370877.5439950079," Gap MTD":-296528819.0809978843," Ach":0.1573484663," vs LY":-0.8072537563," vs 3LM":-0.811721366," vs LM":-0.8100070937}
{"szEmployeeId":17210041960,"szname":"Bahrudin Rahman","Channel Group":"FS"," LY":0.0," 3LM":2440877.1833333336," LM":4367863.0699999994," Max":5685186.4808999989," T.MTD":1786011.1896717935," A.MTD":680472.97," Gap MTD":-1105538.2196717933," Ach":0.3810015155," vs LY":"0x7"," vs 3LM":-0.7212178578," vs LM":-0.8442091798}
