{"szEmployeeId":17210032876,"szname":"Asman","Channel Group":"MTI"," LY":36899908.9950089976," 3LM":39187071.020035319," LM":39765535.2774610072," Max":76523261.047931999," T.MTD":35292372.2609531432," A.MTD":3944154.9308970007," Gap MTD":-31348217.3300561458," Ach":0.111756583," vs LY":-0.8931120689," vs 3LM":-0.8993506065," vs LM":-0.9008147406}
{"szEmployeeId":17210032876,"szname":"Asman","Channel Group":"Retail"," LY":0.0," 3LM":2163243.2213043324," LM":3578918.8776199981," Max":3578918.8776199981," T.MTD":1985967.0517802769," A.MTD":0.0," Gap MTD":-1985967.0517802769," Ach":0.0," vs LY":"0x7"," vs 3LM":-1.0," vs LM":-1}
{"szEmployeeId":17210032876,"szname":"Asman","Channel Group":"Wholesaler"," LY":586424964.4511777163," 3LM":631175203.892185092," LM":686231808.3366228342," Max":1029413505.5630364418," T.MTD":568121660.6872663498," A.MTD":59613121.7028179914," Gap MTD":-508508538.9844482541," Ach":0.1049302039," vs LY":-0.8983448432," vs 3LM":-0.9055521805," vs LM":-0.9131297603}
{"szEmployeeId":17210036369,"szname":"Muhammad Tamrin","Channel Group":"MTI"," LY":6670057.16603," 3LM":8050467.6715880008," LM":8335378.5007140012," Max":18904013.8446520045," T.MTD":9875377.9955497757," A.MTD":1706261.2608099999," Gap MTD":-8169116.7347397767," Ach":0.1727793368," vs LY":-0.744190909," vs 3LM":-0.7880543926," vs LM":-0.7952988865}
{"szEmployeeId":17210036369,"szname":"Muhammad Tamrin","Channel Group":"Retail"," LY":0.0," 3LM":1832672.6611370002," LM":1852792.776209," Max":4333153.0708910003," T.MTD":2291924.8148853169," A.MTD":0.0," Gap MTD":-2291924.8148853169," Ach":0.0," vs LY":"0x7"," vs 3LM":-1.0," vs LM":-1}
{"szEmployeeId":17210036369,"szname":"Muhammad Tamrin","Channel Group":"Wholesaler"," LY":292659644.2863690853," 3LM":408821530.1882294416," LM":360537337.6859101653," Max":764215217.802508831," T.MTD":513400707.8068329096," A.MTD":41849947.891746968," Gap MTD":-471550759.9150857329," Ach":0.0815151737," vs LY":-0.8570013027," vs 3LM":-0.8976327204," vs LM":-0.8839234012}
{"szEmployeeId":17210036369,"szname":"Muhammad Tamrin","Channel Group":"FS"," LY":0.0," 3LM":566159.4633333333," LM":163175.68," Max":1145008.1100000001," T.MTD":431989.3827320291," A.MTD":0.0," Gap MTD":-431989.3827320291," Ach":0.0," vs LY":"0x7"," vs 3LM":-1.0," vs LM":-1}
{"szEmployeeId":17210037632,"szname":"Robianor","Channel Group":"MTI"," LY":1192624.78," 3LM":1011354.4018016666," LM":1094323.488378," Max":1825953.46," T.MTD":1214446.1404174305," A.MTD":279540.55," Gap MTD":-934905.5904174305," Ach":0.2301794544," vs LY":-0.7656089705," vs 3LM":-0.7235978313," vs LM":-0.7445540071}
{"szEmployeeId":17210037632,"szname":"Robianor","Channel Group":"Retail"," LY":61080032.9120309949," 3LM":87314940.2403179556," LM":90014736.233175993," Max":198427437.3384709358," T.MTD":97403485.2943577468," A.MTD":14236757.2986320034," Gap MTD":-83166727.9957257807," Ach":0.1461627092," vs LY":-0.7669163453," vs 3LM":-0.8369493553," vs LM":-0.8418397043}
{"szEmployeeId":17210037632,"szname":"Robianor","Channel Group":"Wholesaler"," LY":488855975.2166099548," 3LM":548860291.3729603291," LM":582428751.3649231195," Max":931507431.8654465675," T.MTD":573243664.7181471586," A.MTD":50675669.4245680049," Gap MTD":-522567995.2935791612," Ach":0.0884016214," vs LY":-0.8963382428," vs 3LM":-0.9076710955," vs LM":-0.9129925003}
{"szEmployeeId":17210037632,"szname":"Robianor","Channel Group":"FS"," LY":0.0," 3LM":1201366.0633333332," LM":0.0," Max":2645171.1700000004," T.MTD":1238403.8470775899," A.MTD":727272.97," Gap MTD":-511130.87707759," Ach":0.5872664008," vs LY":"0x7"," vs 3LM":-0.3946283384," vs LM":"0x7"}
{"szEmployeeId":17210037897,"szname":"Hindra","Channel Group":"MTI"," LY":13796530.9525949992," 3LM":19043122.214869," LM":20193050.3958889991," Max":38566090.908326," T.MTD":20316379.7911779135," A.MTD":3211171.1887250002," Gap MTD":-17105208.6024529114," Ach":0.1580582378," vs LY":-0.7672479263," vs 3LM":-0.8313737027," vs LM":-0.8409764188}
{"szEmployeeId":17210037897,"szname":"Hindra","Channel Group":"Retail"," LY":55356493.337560989," 3LM":70498310.4392386377," LM":85613787.5110859573," Max":185742862.0180739462," T.MTD":75742895.2751395106," A.MTD":12248646.3708879985," Gap MTD":-63494248.9042514786," Ach":0.1617134693," vs LY":-0.7787315339," vs 3LM":-0.8262561713," vs LM":-0.8569313807}
{"szEmployeeId":17210037897,"szname":"Hindra","Channel Group":"Wholesaler"," LY":594029107.9422969818," 3LM":562943268.3548140526," LM":649369076.8494281769," Max":1046674378.9205987453," T.MTD":578140724.9336825609," A.MTD":46961134.3096359968," Gap MTD":-531179590.6240464449," Ach":0.0812278608," vs LY":-0.9209447253," vs 3LM":-0.9165792773," vs LM":-0.9276819054}
{"szEmployeeId":17210041467,"szname":"Doli Purnama Sari","Channel Group":"MTI"," LY":26609187.8993450068," 3LM":23391375.8613030016," LM":26422679.5193530023," Max":57243118.0438439921," T.MTD":25567014.8283379748," A.MTD":5170180.204677999," Gap MTD":-20396834.6236599721," Ach":0.2022207223," vs LY":-0.8056994364," vs 3LM":-0.778970667," vs LM":-0.8043279373}
{"szEmployeeId":17210041467,"szname":"Doli Purnama Sari","Channel Group":"Retail"," LY":95528774.5598290265," 3LM":130755766.6374123693," LM":157532091.6797178984," Max":240042210.6157718599," T.MTD":143532985.1716619134," A.MTD":18945778.4457420073," Gap MTD":-124587206.7259199321," Ach":0.1319959898," vs LY":-0.8016746417," vs 3LM":-0.8551055993," vs LM":-0.8797338482}
