{"szEmployeeId":17210032876,"szname":"Asman","Channel Group":"Wholesaler","Project":"SMALL"," LY":125983189.2822459936," 3LM":120829854.4632547051," LM":3142366483.5255460739," T.MTD":137222901.2916999757," A.MTD":82048306.5999069959," Gap MTD":-55174594.69179295,"CR":87,"CA":75}
{"szEmployeeId":17210032876,"szname":"Asman","Channel Group":"Wholesaler","Project":"BIG"," LY":170709637.7590119839," 3LM":184487849.2866586745," LM":4660781505.1058082581," T.MTD":207281447.4957223535," A.MTD":73124270.2862000018," Gap MTD":-134157177.2095223367,"CR":6,"CA":3}
{"szEmployeeId":17210032876,"szname":"Asman","Channel Group":"Wholesaler","Project":"MEDIUM"," LY":295562063.95212394," 3LM":306133671.7976176143," LM":8759439937.2799549103," T.MTD":346528560.5409649014," A.MTD":191619639.4729140401," Gap MTD":-154908921.0680508018,"CR":36,"CA":30}
{"szEmployeeId":17210032876,"szname":"Asman","Channel Group":"MTI","Project":"SMALL"," LY":24753422.0440990031," 3LM":34936984.8610823378," LM":797326925.2891119719," T.MTD":40178430.619749777," A.MTD":25989259.509534996," Gap MTD":-14189171.1102147847,"CR":13,"CA":12}
{"szEmployeeId":17210032876,"szname":"Asman","Channel Group":"MTI","Project":"MEDIUM"," LY":3280675.5262150001," 3LM":3407015.9433333334," LM":107459409.0711700022," T.MTD":3788660.051863315," A.MTD":2650018.0500000003," Gap MTD":-1138642.0018633148,"CR":1,"CA":1}
{"szEmployeeId":17210041467,"szname":"Doli Purnama Sari","Channel Group":"Retail","Project":"SMALL"," LY":34267695.0941339955," 3LM":66938230.4249246269," LM":1259381826.8059644699," T.MTD":96419463.721671164," A.MTD":55063020.9771700203," Gap MTD":-41356442.744501166,"CR":225,"CA":173}
{"szEmployeeId":17210041467,"szname":"Doli Purnama Sari","Channel Group":"Retail","Project":"BIG"," LY":26291842.6464550085," 3LM":18104041.6928780004," LM":738619099.8456009626," T.MTD":26188965.4515760727," A.MTD":14896838.0885160007," Gap MTD":-11292127.3630600702,"CR":31,"CA":26}
{"szEmployeeId":17210041467,"szname":"Doli Purnama Sari","Channel Group":"Retail","Project":"MEDIUM"," LY":31557695.3800740167," 3LM":33988931.4923650026," LM":949062016.4413222075," T.MTD":48999179.3629964218," A.MTD":28127931.124947004," Gap MTD":-20871248.2380494103,"CR":81,"CA":71}
{"szEmployeeId":17210041467,"szname":"Doli Purnama Sari","Channel Group":"MTI","Project":"SMALL"," LY":25401485.4222429991," 3LM":22925032.878569331," LM":841060578.0882202387," T.MTD":33092391.4637564234," A.MTD":15778162.3111670036," Gap MTD":-17314229.1525894143,"CR":10,"CA":9}
{"szEmployeeId":17210037897,"szname":"Hindra","Channel Group":"Wholesaler","Project":"SMALL"," LY":84227490.9462799877," 3LM":92425486.1364959925," LM":2599770502.7505679131," T.MTD":110226454.1554955542," A.MTD":65701687.7583670095," Gap MTD":-44524766.397128582,"CR":36,"CA":31}
{"szEmployeeId":17210037897,"szname":"Hindra","Channel Group":"Wholesaler","Project":"BIG"," LY":87960277.8117869943," 3LM":133444769.2766159773," LM":5913648823.7853126526," T.MTD":154217771.1698026955," A.MTD":53836915.3007480055," Gap MTD":-100380855.86905469,"CR":4,"CA":4}
{"szEmployeeId":17210037897,"szname":"Hindra","Channel Group":"Wholesaler","Project":"MEDIUM"," LY":256900255.7018099427," 3LM":298790206.1965466738," LM":7436142623.6119947433," T.MTD":368406936.4686129093," A.MTD":231203981.6886429787," Gap MTD":-137202954.7799699008,"CR":24,"CA":23}
{"szEmployeeId":17210037897,"szname":"Hindra","Channel Group":"Retail","Project":"SMALL"," LY":20056721.6573059931," 3LM":31403022.5775683373," LM":658140346.047618866," T.MTD":40010242.0314661041," A.MTD":28505845.1970200017," Gap MTD":-11504396.8344460893,"CR":87,"CA":57}
{"szEmployeeId":17210037897,"szname":"Hindra","Channel Group":"Retail","Project":"BIG"," LY":18858206.9844480008," 3LM":14289088.0081366673," LM":590709528.3712898493," T.MTD":18361278.5499572642," A.MTD":12365757.1460100003," Gap MTD":-5995521.4039472668,"CR":16,"CA":13}
{"szEmployeeId":17210037897,"szname":"Hindra","Channel Group":"Retail","Project":"MEDIUM"," LY":28880761.3409040049," 3LM":20178079.6796109974," LM":698269220.276894927," T.MTD":25377639.6872242093," A.MTD":17404039.2088629976," Gap MTD":-7973600.4783612033,"CR":38,"CA":31}
{"szEmployeeId":17210037897,"szname":"Hindra","Channel Group":"MTI","Project":"SMALL"," LY":13259989.5579969995," 3LM":12343972.3459629994," LM":363803389.1745989919," T.MTD":16172703.8967919908," A.MTD":10264214.3800559975," Gap MTD":-5908489.5167359943,"CR":3,"CA":3}
{"szEmployeeId":17210037897,"szname":"Hindra","Channel Group":"MTI","Project":"MEDIUM"," LY":5440900.6962089986," 3LM":4271480.5053980006," LM":110591768.0916210115," T.MTD":5326974.0406490108," A.MTD":2504324.3197249998," Gap MTD":-2822649.720924011,"CR":1,"CA":1}
{"szEmployeeId":17210036369,"szname":"Muhammad Tamrin","Channel Group":"Wholesaler","Project":"SMALL"," LY":99650442.1387000531," 3LM":105182920.9870369732," LM":2791704501.2720375061," T.MTD":129290316.375230059," A.MTD":37973007.6523609981," Gap MTD":-91317308.7228690833,"CR":93,"CA":66}
{"szEmployeeId":17210036369,"szname":"Muhammad Tamrin","Channel Group":"Wholesaler","Project":"BIG"," LY":62207430.2440779954," 3LM":173363170.2561996579," LM":3932485654.5210032463," T.MTD":207982401.2346918285," A.MTD":35267906.2883580029," Gap MTD":-172714494.9463338256,"CR":6,"CA":3}
{"szEmployeeId":17210036369,"szname":"Muhammad Tamrin","Channel Group":"Wholesaler","Project":"MEDIUM"," LY":89919268.4157639891," 3LM":165621718.6456516981," LM":4664653119.5208683014," T.MTD":202729569.6579274833," A.MTD":110923042.3208539933," Gap MTD":-91806527.3370734602,"CR":37,"CA":31}
{"szEmployeeId":17210036369,"szname":"Muhammad Tamrin","Channel Group":"MTI","Project":"SMALL"," LY":3897837.5951339998," 3LM":7308200.3978346661," LM":147499239.2706579864," T.MTD":9214100.4702820778," A.MTD":5393927.1196360001," Gap MTD":-3820173.3506460781,"CR":13,"CA":9}
{"szEmployeeId":17210036369,"szname":"Muhammad Tamrin","Channel Group":"MTI","Project":"MEDIUM"," LY":448648.639636," 3LM":820357.6523423333," LM":10956858.1080869995," T.MTD":571023.4771637183," A.MTD":290900.0," Gap MTD":-280123.4771637183,"CR":1,"CA":1}
{"szEmployeeId":17210036369,"szname":"Muhammad Tamrin","Channel Group":"FS","Project":"SMALL"," LY":0.0," 3LM":583727.0299999999," LM":1751181.0899999999," T.MTD":312588.7847048221," A.MTD":0.0," Gap MTD":-312588.7847048221,"CR":1,"CA":0}
{"szEmployeeId":17210037632,"szname":"Robianor","Channel Group":"Wholesaler","Project":"SMALL"," LY":82374615.0460359901," 3LM":95519568.8906086534," LM":2389993193.8314466476," T.MTD":110687108.9926712811," A.MTD":55298759.5866150036," Gap MTD":-55388349.4060562998,"CR":39,"CA":35}
{"szEmployeeId":17210037632,"szname":"Robianor","Channel Group":"Wholesaler","Project":"BIG"," LY":129298351.9612390101," 3LM":122185345.2467883229," LM":3383654455.4762792587," T.MTD":140230480.9346803725," A.MTD":69204008.8903789967," Gap MTD":-71026472.0443013608,"CR":3,"CA":2}
{"szEmployeeId":17210037632,"szname":"Robianor","Channel Group":"Wholesaler","Project":"MEDIUM"," LY":286701770.0766769648," 3LM":327574650.4983522892," LM":8548629368.1217060089," T.MTD":378392421.9038367867," A.MTD":181678069.1081769764," Gap MTD":-196714352.7956597507,"CR":28,"CA":25}
{"szEmployeeId":17210037632,"szname":"Robianor","Channel Group":"Retail","Project":"SMALL"," LY":20280123.493623998," 3LM":41384526.9507743344," LM":720167980.176484704," T.MTD":49016603.6172513291," A.MTD":25903375.2284520008," Gap MTD":-23113228.388799347,"CR":75,"CA":46}
{"szEmployeeId":17210037632,"szname":"Robianor","Channel Group":"Retail","Project":"BIG"," LY":27158870.6086119972," 3LM":26306779.679771997," LM":790164353.11156106," T.MTD":31972395.2639120966," A.MTD":21748248.9122690037," Gap MTD":-10224146.3516430967,"CR":21,"CA":19}
{"szEmployeeId":17210037632,"szname":"Robianor","Channel Group":"Retail","Project":"MEDIUM"," LY":21699836.239018999," 3LM":24174354.3484819978," LM":678167135.1633398533," T.MTD":27529219.3598855548,