{"szEmployeeId":17210032876,"szname":"Asman","Channel Group":"Wholesaler","Project":"SMALL"," LY":113154712.5523940027," 3LM":96575116.4175313264," LM":128251428.3331319839," T.MTD":104003451.6486701071," A.MTD":86668495.8490480036," Gap MTD":-17334955.7996221371,"CR":84,"CA":74}
{"szEmployeeId":17210032876,"szname":"Asman","Channel Group":"Wholesaler","Project":"BIG"," LY":179819457.5685679913," 3LM":182259048.0845439434," LM":237749828.7624719739," T.MTD":195513165.0019548535," A.MTD":56522787.4926609993," Gap MTD":-138990377.509293884,"CR":6,"CA":2}
{"szEmployeeId":17210032876,"szname":"Asman","Channel Group":"Wholesaler","Project":"MEDIUM"," LY":308421208.691083014," 3LM":284613881.1719803214," LM":308918108.8650540113," T.MTD":304153102.9825348258," A.MTD":277033163.033412993," Gap MTD":-27119939.9491218068,"CR":38,"CA":37}
{"szEmployeeId":17210032876,"szname":"Asman","Channel Group":"MTI","Project":"SMALL"," LY":34048485.336887002," 3LM":32043444.3307293281," LM":32516065.1205199994," T.MTD":34095595.7538453043," A.MTD":24175854.2012419999," Gap MTD":-9919741.5526033044,"CR":12,"CA":10}
{"szEmployeeId":17210032876,"szname":"Asman","Channel Group":"MTI","Project":"MEDIUM"," LY":5347152.8200000003," 3LM":2089511.7266666666," LM":1288976.6000000003," T.MTD":2234684.6129952064," A.MTD":4021804.5680139996," Gap MTD":1787119.9550187932,"CR":1,"CA":1}
{"szEmployeeId":17210041467,"szname":"Doli Purnama Sari","Channel Group":"Retail","Project":"SMALL"," LY":23827841.9374160059," 3LM":41149611.3928150013," LM":46379662.274029009," T.MTD":47113074.3543943837," A.MTD":39028897.4398669973," Gap MTD":-8084176.9145273827,"CR":192,"CA":158}
{"szEmployeeId":17210041467,"szname":"Doli Purnama Sari","Channel Group":"Retail","Project":"BIG"," LY":20685303.5999390036," 3LM":34991672.9088049829," LM":45328892.4202049971," T.MTD":39718860.4844924808," A.MTD":29852822.2241189927," Gap MTD":-9866038.2603734788,"CR":37,"CA":35}
{"szEmployeeId":17210041467,"szname":"Doli Purnama Sari","Channel Group":"Retail","Project":"MEDIUM"," LY":34628965.4289449975," 3LM":51924588.6242276728," LM":58950258.681080021," T.MTD":59064265.5461340845," A.MTD":43620526.9476429969," Gap MTD":-15443738.5984910689,"CR":110,"CA":98}
{"szEmployeeId":17210041467,"szname":"Doli Purnama Sari","Channel Group":"MTI","Project":"SMALL"," LY":21067413.380861003," 3LM":24608924.1904340088," LM":27319349.7488129959," T.MTD":28103799.6149790585," A.MTD":15258146.0659339987," Gap MTD":-12845653.549045058,"CR":10,"CA":8}
{"szEmployeeId":17210037897,"szname":"Hindra","Channel Group":"Wholesaler","Project":"SMALL"," LY":85532221.5947379917," 3LM":73661800.6425373107," LM":96132246.5938530415," T.MTD":78651515.6282103807," A.MTD":66714148.6255519912," Gap MTD":-11937367.0026583783,"CR":33,"CA":29}
{"szEmployeeId":17210037897,"szname":"Hindra","Channel Group":"Wholesaler","Project":"BIG"," LY":120065088.6087739766," 3LM":89894632.1220079958," LM":96764484.7424819916," T.MTD":92694310.4419829994," A.MTD":61476939.5879910067," Gap MTD":-31217370.8539919928,"CR":3,"CA":3}
{"szEmployeeId":17210037897,"szname":"Hindra","Channel Group":"Wholesaler","Project":"MEDIUM"," LY":276235886.9062010646," 3LM":346444480.0356932878," LM":419341882.6884539723," T.MTD":358813290.1302070618," A.MTD":333545301.8018550277," Gap MTD":-25267988.3283521533,"CR":25,"CA":25}
{"szEmployeeId":17210037897,"szname":"Hindra","Channel Group":"Wholesaler","Project":"SPRBIG"," LY":0.0," 3LM":64034204.5119796544," LM":87766041.424623996," T.MTD":69136681.6916468292," A.MTD":30047387.3724110015," Gap MTD":-39089294.3192358315,"CR":1,"CA":1}
{"szEmployeeId":17210037897,"szname":"Hindra","Channel Group":"Retail","Project":"SMALL"," LY":15152274.0955290012," 3LM":21802258.9009493329," LM":26600128.7295100018," T.MTD":22568589.7729444169," A.MTD":18051598.0808449984," Gap MTD":-4516991.6920994176,"CR":59,"CA":49}
{"szEmployeeId":17210037897,"szname":"Hindra","Channel Group":"Retail","Project":"BIG"," LY":38152293.193547003," 3LM":25522027.239746999," LM":32238322.1514709964," T.MTD":26959753.0934512727," A.MTD":30780045.6108279973," Gap MTD":3820292.5173767223,"CR":27,"CA":22}
{"szEmployeeId":17210037897,"szname":"Hindra","Channel Group":"Retail","Project":"MEDIUM"," LY":34221701.1880770102," 3LM":28168237.9769103378," LM":32673887.5338010006," T.MTD":29198668.4666271247," A.MTD":21300560.2851900011," Gap MTD":-7898108.1814371208,"CR":42,"CA":38}
{"szEmployeeId":17210037897,"szname":"Hindra","Channel Group":"MTI","Project":"SMALL"," LY":12336513.0842719991," 3LM":13448863.3805346638," LM":25084787.3637220003," T.MTD":14186218.7447670735," A.MTD":14721459.4255480003," Gap MTD":535240.6807809275,"CR":3,"CA":3}
{"szEmployeeId":17210037897,"szname":"Hindra","Channel Group":"MTI","Project":"MEDIUM"," LY":3948288.1514409995," 3LM":4580362.7901383331," LM":5959909.9388119988," T.MTD":4366781.694938371," A.MTD":3549027.0288239997," Gap MTD":-817754.6661143713,"CR":1,"CA":1}
{"szEmployeeId":17210037897,"szname":"Hindra","Channel Group":"FS","Project":"SMALL"," LY":0.0," 3LM":1098083.4839033331," LM":3294250.4517099997," T.MTD":1424190.335224509," A.MTD":0.0," Gap MTD":-1424190.335224509,"CR":1,"CA":0}
{"szEmployeeId":17210036369,"szname":"Muhammad Tamrin","Channel Group":"Wholesaler","Project":"SMALL"," LY":90456113.9664879888," 3LM":93892900.1646382958," LM":113577553.8412120193," T.MTD":121155608.8546133339," A.MTD":102908746.1900820136," Gap MTD":-18246862.6645313762,"CR":91,"CA":84}
{"szEmployeeId":17210036369,"szname":"Muhammad Tamrin","Channel Group":"Wholesaler","Project":"BIG"," LY":124915563.3332720101," 3LM":138124635.7992056608," LM":204235581.9986810088," T.MTD":192532967.0261495709," A.MTD":89261994.6846369952," Gap MTD":-103270972.3415125757,"CR":6,"CA":5}
{"szEmployeeId":17210036369,"szname":"Muhammad Tamrin","Channel Group":"Wholesaler","Project":"MEDIUM"," LY":171835258.7421540022," 3LM":169937431.4029223323," LM":216714096.4413160384," T.MTD":226020592.8525646329," A.MTD":149800512.73713696," Gap MTD":-76220080.1154277176,"CR":39,"CA":36}
{"szEmployeeId":17210036369,"szname":"Muhammad Tamrin","Channel Group":"MTI","Project":"SMALL"," LY":9220977.0389109999," 3LM":7021659.8584660012," LM":7157107.3343199994," T.MTD":7492187.9897055551," A.MTD":7331354.0832420001," Gap MTD":-160833.9064635538,"CR":12,"CA":10}
{"szEmployeeId":17210036369,"szname":"Muhammad Tamrin","Channel Group":"MTI","Project":"MEDIUM"," LY":849455.8," 3LM":878081.9838733333," LM":1075381.986215," T.MTD":672370.8713666479," A.MTD":2312654.9526999998," Gap MTD":1640284.0813333518,"CR":1,"CA":1}
{"szEmployeeId":17210036369,"szname":"Muhammad Tamrin","Channel Group":"FS","Project":"SMALL"," LY":0.0," 3LM":253926.1233333333," LM":139864.86," T.MTD":126272.4056000527," A.MTD":0.0," Gap MTD":-126272.4056000527,"CR":1,"CA":0}
{"szEmployeeId":17210037632,"szname":"Robianor","Channel Group":"Wholesaler","Project":"SMALL"," LY":92566076.1370660067," 3LM":86901317.7633429915," LM":103544497.8632769734," T.MTD":95644573.4861346632," A.MTD":79951190.6012859792," Gap MTD":-15693382.8848486729,"CR":38,"CA":35}
{"szEmployeeId":17210037632,"szname":"Robianor","Channel Group":"Wholesaler","Project":"BIG"," LY":174758019.7379460335," 3LM":121601145.5747106522," LM":159793967.4430249929," T.MTD":133072037.5864421725," A.MTD":92032791.907660991," Gap MTD":-41039245.6787811965,"CR":3,"CA":2}
{"szEmployeeId":17210037632,"szname":"Robianor","Channel Group":"Wholesaler","Project":"MEDIUM"," LY":317994256.6119149923," 3LM":341011205.4726890922," LM":395625709.8037910461," T.MTD":368635585.2972155809," A.MTD":245566367.484744966," Gap MTD":-123069217.8124706149,"CR":27,"CA":22}
{"szEmployeeId":17210037632,"szname":"Robianor","Channel Group":"Retail","Project":"SMALL"," LY":16089342.354807999," 3LM":14941198.9883133378," LM":18159779.6955210008," T.MTD":15440627.6390339844," A.MTD":23329650.9071279988," Gap MTD":7889023.2680940134,"CR":44,"CA":33}
{"szEmployeeId":17210037632,"szname":"Robianor",