{"szEmployeeId":17210032876,"szname":"Asman","Channel Group":"MTI"," LY":17775222.5837199986," 3LM":37491637.1107836589," LM":41638760.7152059823," Max":77577580.3750359863," T.MTD":39128972.1084266752," A.MTD":964504.53," Gap MTD":-38164467.5784266815," Ach":0.0246493705," vs LY":-0.9457388212," vs 3LM":-0.9742741421," vs LM":-0.9768363776}
{"szEmployeeId":17210032876,"szname":"Asman","Channel Group":"Retail"," LY":44236926.798010014," 3LM":84855619.9186596125," LM":85584277.9731350094," Max":129269385.4036040455," T.MTD":88354284.2041139156," A.MTD":6086756.8500760011," Gap MTD":-82267527.3540379256," Ach":0.0688903419," vs LY":-0.862405522," vs 3LM":-0.9282692548," vs LM":-0.9288799649}
{"szEmployeeId":17210032876,"szname":"Asman","Channel Group":"Wholesaler"," LY":434398075.0834299922," 3LM":534075825.2977176309," LM":491222618.5454181433," Max":922574121.2757374048," T.MTD":549766743.6874598265," A.MTD":20073174.6992349997," Gap MTD":-529693568.9882248044," Ach":0.0365121662," vs LY":-0.9537908295," vs 3LM":-0.9624151221," vs LM":-0.959136298}
{"szEmployeeId":17210036369,"szname":"Muhammad Tamrin","Channel Group":"MTI"," LY":3393784.3427809998," 3LM":6355806.998404," LM":5627576.2589139994," Max":16933325.5057350025," T.MTD":5815012.2708962476," A.MTD":97239.64," Gap MTD":-5717772.630896247," Ach":0.0167221728," vs LY":-0.9713477257," vs 3LM":-0.9847006619," vs LM":-0.9827208668}
{"szEmployeeId":17210036369,"szname":"Muhammad Tamrin","Channel Group":"Retail"," LY":47862803.7486310005," 3LM":60822311.4461973533," LM":65872572.0107280016," Max":115874181.6981979907," T.MTD":74260328.4783101678," A.MTD":2922792.8153090007," Gap MTD":-71337535.6630011648," Ach":0.039358738," vs LY":-0.9389339406," vs 3LM":-0.9519453841," vs LM":-0.9556295932}
{"szEmployeeId":17210036369,"szname":"Muhammad Tamrin","Channel Group":"Wholesaler"," LY":352224404.1217529774," 3LM":296418623.4081286192," LM":250685406.1651930511," Max":591390931.276309967," T.MTD":400594659.2507935762," A.MTD":3811019.8264799998," Gap MTD":-396783639.4243135452," Ach":0.0095134065," vs LY":-0.9891801369," vs 3LM":-0.9871431161," vs LM":-0.9847976}
{"szEmployeeId":17210037632,"szname":"Robianor","Channel Group":"MTI"," LY":899858.2500000001," 3LM":1074006.6133333333," LM":1186806.75," Max":1915342.6400000001," T.MTD":1089476.0378296834," A.MTD":0.0," Gap MTD":-1089476.0378296834," Ach":0.0," vs LY":-1.0," vs 3LM":-1.0," vs LM":-1.0}
{"szEmployeeId":17210037632,"szname":"Robianor","Channel Group":"Retail"," LY":78539819.5742040128," 3LM":135456645.4329266548," LM":120891325.5708090365," Max":257263986.1759751141," T.MTD":148538941.4190567434," A.MTD":6727162.5511540007," Gap MTD":-141811778.8679026663," Ach":0.0452888817," vs LY":-0.9143471097," vs 3LM":-0.9503371538," vs LM":-0.9443536373}
{"szEmployeeId":17210037632,"szname":"Robianor","Channel Group":"Wholesaler"," LY":487853016.8497940898," 3LM":511776904.0971426368," LM":491593316.0215368271," Max":837605964.9289460182," T.MTD":582516504.2847385406," A.MTD":11756432.4671710003," Gap MTD":-570760071.8175674677," Ach":0.0201821449," vs LY":-0.9759016916," vs 3LM":-0.9770282082," vs LM":-0.9760850441}
{"szEmployeeId":17210037632,"szname":"Robianor","Channel Group":"FS"," LY":0.0," 3LM":644272.6699999999," LM":1119818.01," Max":1932818.01," T.MTD":495078.2583747623," A.MTD":0.0," Gap MTD":-495078.2583747623," Ach":0.0," vs LY":0.0," vs 3LM":-1.0," vs LM":-1.0}
{"szEmployeeId":17210037897,"szname":"Hindra","Channel Group":"MTI"," LY":7395224.9923719987," 3LM":6051612.4112149999," LM":4107387.2315170001," Max":10895890.6953410003," T.MTD":6830652.6725607514," A.MTD":193918.92," Gap MTD":-6636733.7525607515," Ach":0.0283895155," vs LY":-0.9737778201," vs 3LM":-0.9679558262," vs LM":-0.9527877677}
{"szEmployeeId":17210037897,"szname":"Hindra","Channel Group":"Retail"," LY":76006031.0910759866," 3LM":143576758.1411723495," LM":136080875.226755023," Max":265322843.7487060428," T.MTD":159296298.9524737895," A.MTD":9200596.8585400004," Gap MTD":-150095702.0939337909," Ach":0.0577577566," vs LY":-0.8789491212," vs 3LM":-0.9359186196," vs LM":-0.9323887589}
{"szEmployeeId":17210037897,"szname":"Hindra","Channel Group":"Wholesaler"," LY":270565878.8302170634," 3LM":282787558.850861609," LM":309249816.0085448623," Max":489829922.7456369996," T.MTD":319665117.6674122214," A.MTD":703783.8013500001," Gap MTD":-318961333.8660621643," Ach":0.0022016284," vs LY":-0.997398845," vs 3LM":-0.9975112632," vs LM":-0.9977242224}
{"szEmployeeId":17210037897,"szname":"Hindra","Channel Group":"FS"," LY":0.0," 3LM":492069.6636333333," LM":0.0," Max":1476208.9909000001," T.MTD":537930.7075533093," A.MTD":0.0," Gap MTD":-537930.7075533093," Ach":0.0," vs LY":0.0," vs 3LM":-1.0," vs LM":0.0}
{"szEmployeeId":17210041467,"szname":"Doli Purnama Sari","Channel Group":"MTI"," LY":24904190.7476419955," 3LM":31647711.1371576637," LM":46035224.3394340053," Max":63410998.7456369996," T.MTD":28663172.2758262008," A.MTD":0.0," Gap MTD":-28663172.2758262008," Ach":0.0," vs LY":-1.0," vs 3LM":-1.0," vs LM":-1.0}
{"szEmployeeId":17210041467,"szname":"Doli Purnama Sari","Channel Group":"Retail"," LY":118196837.1742520034," 3LM":204869812.7566969991," LM":198618166.6688990593," Max":369202120.5221319199," T.MTD":195972187.2904618382," A.MTD":7230237.3863639999," Gap MTD":-188741949.9040978253," Ach":0.0368942016," vs LY":-0.9388288421," vs 3LM":-0.9647081369," vs LM":-0.9635973008}
{"szEmployeeId":17210041467,"szname":"Doli Purnama Sari","Channel Group":"Wholesaler"," LY":3560385.3983729999," 3LM":408273.2333333333," LM":161261.24," Max":3299098.9896339998," T.MTD":364640.4337119832," A.MTD":0.0," Gap MTD":-364640.4337119832," Ach":0.0," vs LY":-1.0," vs 3LM":-1.0," vs LM":-1.0}
{"szEmployeeId":17210041960,"szname":"Bahrudin Rahman","Channel Group":"MTI"," LY":12658314.9492359962," 3LM":18147988.1206676625," LM":12689549.127076," Max":36669817.7172410041," T.MTD":18893330.033245448," A.MTD":1297837.8210740001," Gap MTD":-17595492.2121714503," Ach":0.0686929101," vs LY":-0.8974715176," vs 3LM":-0.9284858568," vs LM":-0.8977238822}
{"szEmployeeId":17210041960,"szname":"Bahrudin Rahman","Channel Group":"Retail"," LY":82966189.6560089737," 3LM":134843304.4553656578," LM":124951119.8709830046," Max":272972243.4749939442," T.MTD":146040104.2426394522," A.MTD":4722346.971344999," Gap MTD":-141317757.2712944746," Ach":0.03233596," vs LY":-0.9430810672," vs 3LM":-0.9649790029," vs LM":-0.9622064454}
{"szEmployeeId":17210041960,"szname":"Bahrudin Rahman","Channel Group":"Wholesaler"," LY":584879136.0215201378," 3LM":525867278.2293622494," LM":412389303.645843029," Max":941924612.0171718597," T.MTD":595816565.7241154909," A.MTD":32190514.3645990007," Gap MTD":-563626051.359516263," Ach":0.0540275585," vs LY":-0.9449621086," vs 3LM":-0.9387858578," vs LM":-0.921941442}
