{"szEmployeeId":17210032876,"szname":"Asman","Channel Group":"Wholesaler","Project":"SMALL"," LY":85896828.4065279961," 3LM":126263711.6409046799," LM":128800042.0428530574," T.MTD":131505949.6561881602," A.MTD":39334320.3573220074," Gap MTD":-92171629.2988661528,"CR":90,"CA":66}
{"szEmployeeId":17210032876,"szname":"Asman","Channel Group":"Wholesaler","Project":"BIG"," LY":171733556.6542289853," 3LM":192998515.6611123383," LM":187642944.1172069907," T.MTD":199987849.1177139282," A.MTD":21310691.9800259918," Gap MTD":-178677157.1376879513,"CR":6,"CA":3}
{"szEmployeeId":17210032876,"szname":"Asman","Channel Group":"Wholesaler","Project":"MEDIUM"," LY":303911975.0555610061," 3LM":320522597.5524386168," LM":310617337.1426020265," T.MTD":331723721.9933003783," A.MTD":75106125.8312260062," Gap MTD":-256617596.1620743871,"CR":37,"CA":27}
{"szEmployeeId":17210032876,"szname":"Asman","Channel Group":"MTI","Project":"SMALL"," LY":25310863.6766800024," 3LM":34847625.8618943393," LM":35595077.7606019974," T.MTD":36747975.059962213," A.MTD":7504187.4246789999," Gap MTD":-29243787.6352832094,"CR":13,"CA":9}
{"szEmployeeId":17210032876,"szname":"Asman","Channel Group":"MTI","Project":"MEDIUM"," LY":2664549.4076250005," 3LM":3253093.9833333325," LM":4870529.7599999998," T.MTD":3334504.1728357277," A.MTD":773738.7399999999," Gap MTD":-2560765.4328357279,"CR":1,"CA":1}
{"szEmployeeId":17210041467,"szname":"Doli Purnama Sari","Channel Group":"Retail","Project":"SMALL"," LY":43229396.5655220151," 3LM":109392948.6278276742," LM":105466063.0904149562," T.MTD":125795118.5090901852," A.MTD":30111626.2274079844," Gap MTD":-95683492.2816821784,"CR":228,"CA":113}
{"szEmployeeId":17210041467,"szname":"Doli Purnama Sari","Channel Group":"Retail","Project":"BIG"," LY":39264146.0074639916," 3LM":35170529.2733423412," LM":35194560.1005010009," T.MTD":41326059.5037955716," A.MTD":11511090.510865001," Gap MTD":-29814968.9929305837,"CR":31,"CA":20}
{"szEmployeeId":17210041467,"szname":"Doli Purnama Sari","Channel Group":"Retail","Project":"MEDIUM"," LY":43496987.3686840087," 3LM":61552068.4382589981," LM":60406117.8119000122," T.MTD":71705194.3154911101," A.MTD":16536216.8833849989," Gap MTD":-55168977.4321060926,"CR":81,"CA":46}
{"szEmployeeId":17210041467,"szname":"Doli Purnama Sari","Channel Group":"MTI","Project":"SMALL"," LY":22649609.6816240065," 3LM":23658919.5001933351," LM":54614665.9296160117," T.MTD":25073627.6716230065," A.MTD":7080512.6625150004," Gap MTD":-17993115.009108007,"CR":10,"CA":6}
{"szEmployeeId":17210037897,"szname":"Hindra","Channel Group":"Wholesaler","Project":"SMALL"," LY":64760708.9769670144," 3LM":97662409.9961126745," LM":98447189.8906679899," T.MTD":116928340.294721961," A.MTD":35097824.6345509961," Gap MTD":-81830515.6601709723,"CR":46,"CA":36}
{"szEmployeeId":17210037897,"szname":"Hindra","Channel Group":"Wholesaler","Project":"BIG"," LY":53380885.1133939996," 3LM":83510033.5883790106," LM":130789016.1630339772," T.MTD":104009985.0361295342," A.MTD":1459459.4591890001," Gap MTD":-102550525.5769405365,"CR":3,"CA":1}
{"szEmployeeId":17210037897,"szname":"Hindra","Channel Group":"Wholesaler","Project":"MEDIUM"," LY":105587267.0025639981," 3LM":110584492.3230606765," LM":97238554.8607280105," T.MTD":132469904.3705658019," A.MTD":41512512.5182560012," Gap MTD":-90957391.8523097932,"CR":11,"CA":9}
{"szEmployeeId":17210037897,"szname":"Hindra","Channel Group":"Retail","Project":"SMALL"," LY":13011564.2140469998," 3LM":62055509.391410999," LM":68364260.9594679773," T.MTD":75025370.5905454457," A.MTD":15346837.6798769962," Gap MTD":-59678532.91066847,"CR":105,"CA":51}
{"szEmployeeId":17210037897,"szname":"Hindra","Channel Group":"Retail","Project":"BIG"," LY":31803488.1156470031," 3LM":24575468.1804846637," LM":22630725.8822060041," T.MTD":29369055.9015019946," A.MTD":8602436.1954750028," Gap MTD":-20766619.7060269937,"CR":18,"CA":14}
{"szEmployeeId":17210037897,"szname":"Hindra","Channel Group":"Retail","Project":"MEDIUM"," LY":15003227.7051069997," 3LM":15466544.5961113367," LM":17975322.7204819992," T.MTD":18616866.3426179178," A.MTD":3781349.8836769997," Gap MTD":-14835516.4589409176,"CR":23,"CA":13}
{"szEmployeeId":17210037897,"szname":"Hindra","Channel Group":"MTI","Project":"SMALL"," LY":5494819.65142," 3LM":6901057.2834066646," LM":8353352.2161090011," T.MTD":7922597.3193634693," A.MTD":3189166.6408040007," Gap MTD":-4733430.6785594691,"CR":2,"CA":2}
{"szEmployeeId":17210037897,"szname":"Hindra","Channel Group":"FS","Project":"SMALL"," LY":0.0," 3LM":1476992.4903000002," LM":2169442.3399999999," T.MTD":1657880.1445538139," A.MTD":3390565.7699999996," Gap MTD":1732685.6254461857,"CR":3,"CA":2}
{"szEmployeeId":17210036369,"szname":"Muhammad Tamrin","Channel Group":"Wholesaler","Project":"SMALL"," LY":86623123.2155359834," 3LM":100284325.680202648," LM":112284848.8607180119," T.MTD":117616335.8431381136," A.MTD":30318961.5135389976," Gap MTD":-87297374.3295991272,"CR":93,"CA":61}
{"szEmployeeId":17210036369,"szname":"Muhammad Tamrin","Channel Group":"Wholesaler","Project":"BIG"," LY":171652420.2909970284," 3LM":146958326.9385036528," LM":176866324.2648090124," T.MTD":180566812.7507776618," A.MTD":15507983.7793579996," Gap MTD":-165058828.971419692,"CR":6,"CA":3}
{"szEmployeeId":17210036369,"szname":"Muhammad Tamrin","Channel Group":"Wholesaler","Project":"MEDIUM"," LY":167270675.4651519954," 3LM":174144911.8861450255," LM":177425003.6623599529," T.MTD":206391263.6423943341," A.MTD":49978544.1436410099," Gap MTD":-156412719.4987533391,"CR":38,"CA":27}
{"szEmployeeId":17210036369,"szname":"Muhammad Tamrin","Channel Group":"MTI","Project":"SMALL"," LY":3850104.1614339999," 3LM":6945574.2229983341," LM":7776680.2764810007," T.MTD":6843614.7971542962," A.MTD":2736240.550539," Gap MTD":-4107374.2466152962,"CR":13,"CA":8}
{"szEmployeeId":17210036369,"szname":"Muhammad Tamrin","Channel Group":"MTI","Project":"MEDIUM"," LY":201386.46," 3LM":647783.4766666667," LM":792969.3600000001," T.MTD":534007.966012565," A.MTD":105405.4," Gap MTD":-428602.5660125649,"CR":1,"CA":1}
{"szEmployeeId":17210036369,"szname":"Muhammad Tamrin","Channel Group":"FS","Project":"SMALL"," LY":0.0," 3LM":453628.83," LM":215878.38," T.MTD":347965.0005229969," A.MTD":210979.28," Gap MTD":-136985.7205229969,"CR":1,"CA":1}
{"szEmployeeId":17210037632,"szname":"Robianor","Channel Group":"Wholesaler","Project":"SMALL"," LY":85538818.698386997," 3LM":101968799.8062883466," LM":111461524.5595579892," T.MTD":115514484.3283286691," A.MTD":29492170.5991489999," Gap MTD":-86022313.7291796505,"CR":40,"CA":29}
{"szEmployeeId":17210037632,"szname":"Robianor","Channel Group":"Wholesaler","Project":"BIG"," LY":135774698.992958039," 3LM":116366306.1723760068," LM":109719999.9075409919," T.MTD":136889167.1395841837," A.MTD":15116576.5518820006," Gap MTD":-121772590.58770217,"CR":3,"CA":3}
{"szEmployeeId":17210037632,"szname":"Robianor","Channel Group":"Wholesaler","Project":"MEDIUM"," LY":302516224.2973610759," 3LM":332052318.682174921," LM":348810485.4595380425," T.MTD":380665591.9872621894," A.MTD":94097714.4047899842," Gap MTD":-286567877.582472086,"CR":28,"CA":19}
{"szEmployeeId":17210037632,"szname":"Robianor","Channel Group":"Retail","Project":"SMALL"," LY":23176476.8563969955," 3LM":45665187.9275606647," LM":55440372.4423980266," T.MTD":52386055.4421303943," A.MTD":10793774.9973559976," Gap MTD":-41592280.4447743744,"CR":82,"CA":32}
{"szEmployeeId":17210037632,"szname":"Robianor","Channel Group":"Retail","Project":"BIG"," LY":26651922.3205219954," 3LM":27349075.069395002," LM":28258974.0020340011," T.MTD":30784936.9288588017," A.MTD":10220346.1245589983," Gap MTD":-20564590.804299809,"CR":23,"CA":17}
{"szEmployeeId":17210037632,"szname":"Robianor","Channel Group":"Retail","Project":"MEDIUM"," LY":18369197.7326389998," 3LM":21990394.0206313357," LM":22527871.7537730038," T.MTD":25547468.2513225526," A.MTD":6745075.9885420017," Gap MTD":-18802392.2627805509,"CR":31,