{"szEmployeeId":17210032876,"szname":"Asman","Channel Group":"Wholesaler","Project":"SMALL"," LY":87687600.3532610089," 3LM":126265060.5060066581," LM":132341229.7684389949," T.MTD":140017477.3383716941," A.MTD":96002538.7265209854," Gap MTD":-44014938.6118506789}
{"szEmployeeId":17210032876,"szname":"Asman","Channel Group":"Wholesaler","Project":"BIG"," LY":223930647.0053530037," 3LM":140816210.5931153297," LM":110912893.1494589895," T.MTD":179291921.3466574252," A.MTD":37478017.8866290003," Gap MTD":-141813903.46002841}
{"szEmployeeId":17210032876,"szname":"Asman","Channel Group":"Wholesaler","Project":"MEDIUM"," LY":477264396.6787279844," 3LM":570531099.2818179131," LM":506205202.4072809815," T.MTD":637708601.4574686289," A.MTD":372174549.2286190391," Gap MTD":-265534052.22884956}
{"szEmployeeId":17210032876,"szname":"Asman","Channel Group":"Retail","Project":"SMALL"," LY":4570193.2407860002," 3LM":6051131.6631113328," LM":6484712.2058419995," T.MTD":6908527.3518893234," A.MTD":4445821.4529690007," Gap MTD":-2462705.8989203237}
{"szEmployeeId":17210032876,"szname":"Asman","Channel Group":"Retail","Project":"BIG"," LY":60964662.1011559889," 3LM":74834517.4702880234," LM":80019532.2542890161," T.MTD":81181164.1596216857," A.MTD":64639978.177437," Gap MTD":-16541185.9821846653}
{"szEmployeeId":17210032876,"szname":"Asman","Channel Group":"Retail","Project":"MEDIUM"," LY":11276302.1476609986," 3LM":16055656.4429416675," LM":15135774.8768059984," T.MTD":17383585.8145047836," A.MTD":14293217.6306970008," Gap MTD":-3090368.1838077805}
{"szEmployeeId":17210032876,"szname":"Asman","Channel Group":"MTI","Project":"SMALL"," LY":18879637.6975119971," 3LM":39860100.8586733341," LM":43374847.9786269963," T.MTD":38617018.1105255783," A.MTD":30306688.8863680027," Gap MTD":-8310329.2241575699}
{"szEmployeeId":17210032876,"szname":"Asman","Channel Group":"MTI","Project":"MEDIUM"," LY":2289369.2289890004," 3LM":2450583.9574746662," LM":3891488.9954929994," T.MTD":2317704.4209608599," A.MTD":3163998.9899999993," Gap MTD":846294.5690391394}
{"szEmployeeId":17210041467,"szname":"Doli Purnama Sari","Channel Group":"Wholesaler","Project":"SMALL"," LY":374252.23," 3LM":823363.3166666667," LM":1080450.3999999999," T.MTD":902175.9585874171," A.MTD":139549.56," Gap MTD":-762626.3985874171}
{"szEmployeeId":17210041467,"szname":"Doli Purnama Sari","Channel Group":"Retail","Project":"SMALL"," LY":20476746.3651020043," 3LM":58940250.6862490028," LM":71389970.9599190205," T.MTD":62463849.9125605822," A.MTD":60829256.4352440313," Gap MTD":-1634593.4773166077}
{"szEmployeeId":17210041467,"szname":"Doli Purnama Sari","Channel Group":"Retail","Project":"BIG"," LY":28076414.9792270027," 3LM":25227312.6653386652," LM":33054130.3713940047," T.MTD":26870995.1365432069," A.MTD":16545873.2150370013," Gap MTD":-10325121.9215062}
{"szEmployeeId":17210041467,"szname":"Doli Purnama Sari","Channel Group":"Retail","Project":"MEDIUM"," LY":26064677.9536479861," 3LM":36276333.2703333348," LM":35277871.483626008," T.MTD":38521921.9031815976," A.MTD":34006817.6781780049," Gap MTD":-4515104.2250035899}
{"szEmployeeId":17210041467,"szname":"Doli Purnama Sari","Channel Group":"MTI","Project":"SMALL"," LY":20755651.357928995," 3LM":29890563.3735846803," LM":39858908.5274609998," T.MTD":31383057.0891272426," A.MTD":8537783.3864810001," Gap MTD":-22845273.7026462443}
{"szEmployeeId":17210037897,"szname":"Hindra","Channel Group":"Wholesaler","Project":"SMALL"," LY":40482762.2073599994," 3LM":58158388.1977323219," LM":57276634.8613699898," T.MTD":63330846.2210801989," A.MTD":29442446.9561019987," Gap MTD":-33888399.2649782076}
{"szEmployeeId":17210037897,"szname":"Hindra","Channel Group":"Wholesaler","Project":"BIG"," LY":62667120.3688140139," 3LM":37195936.9972179979," LM":65339522.9202810079," T.MTD":42268797.6270288229," A.MTD":0.0," Gap MTD":-42268797.6270288229}
{"szEmployeeId":17210037897,"szname":"Hindra","Channel Group":"Wholesaler","Project":"MEDIUM"," LY":151126882.2775480151," 3LM":180100508.7975390255," LM":190424669.7397139966," T.MTD":202062690.3128934503," A.MTD":89048197.9183549881," Gap MTD":-113014492.3945384622}
{"szEmployeeId":17210037897,"szname":"Hindra","Channel Group":"Retail","Project":"SMALL"," LY":17886902.0599220023," 3LM":77133809.6588446796," LM":71215056.4784049988," T.MTD":83036096.7225583047," A.MTD":47860985.6863239855," Gap MTD":-35175111.0362343192}
{"szEmployeeId":17210037897,"szname":"Hindra","Channel Group":"Retail","Project":"BIG"," LY":46459562.283212997," 3LM":52338416.346514985," LM":49287197.1257650033," T.MTD":57577341.3404079974," A.MTD":33271064.8779759929," Gap MTD":-24306276.4624319933}
{"szEmployeeId":17210037897,"szname":"Hindra","Channel Group":"Retail","Project":"MEDIUM"," LY":14218668.1631519962," 3LM":18786586.602455996," LM":20315996.4046479948," T.MTD":20082106.6328704581," A.MTD":11192084.0970190018," Gap MTD":-8890022.5358514618}
{"szEmployeeId":17210037897,"szname":"Hindra","Channel Group":"MTI","Project":"SMALL"," LY":7395224.9923719987," 3LM":7463921.3944736663," LM":4107387.2315170001," T.MTD":7958121.143160658," A.MTD":5753468.3247560002," Gap MTD":-2204652.8184046582}
{"szEmployeeId":17210037897,"szname":"Hindra","Channel Group":"FS","Project":"SMALL"," LY":0.0," 3LM":0.0," LM":0.0," T.MTD":0.0," A.MTD":1476208.9909000001," Gap MTD":1476208.9909000001}
{"szEmployeeId":17210041719,"szname":"Muhammad Iqbal Purwa Atmaja","Channel Group":"Wholesaler","Project":"SMALL"," LY":925968.336214," 3LM":2313251.2799043334," LM":3061342.2485499997," T.MTD":2468783.9195584627," A.MTD":982235.1032420001," Gap MTD":-1486548.8163164626}
{"szEmployeeId":17210041719,"szname":"Muhammad Iqbal Purwa Atmaja","Channel Group":"Retail","Project":"SMALL"," LY":10503398.3338750005," 3LM":39275581.0465966761," LM":51463057.7993189842," T.MTD":42976264.1607134193," A.MTD":36317489.4952459931," Gap MTD":-6658774.6654673852}
{"szEmployeeId":17210041719,"szname":"Muhammad Iqbal Purwa Atmaja","Channel Group":"Retail","Project":"BIG"," LY":27536028.1879029982," 3LM":21714716.8906599917," LM":26724544.0237079971," T.MTD":23071372.2788432315," A.MTD":9516783.4546600003," Gap MTD":-13554588.8241832368}
{"szEmployeeId":17210041719,"szname":"Muhammad Iqbal Purwa Atmaja","Channel Group":"Retail","Project":"MEDIUM"," LY":18091843.8095639981," 3LM":25463609.0991073325," LM":29782224.6065990031," T.MTD":28284254.4492564537," A.MTD":18176610.3427570052," Gap MTD":-10107644.1064994577}
{"szEmployeeId":17210041719,"szname":"Muhammad Iqbal Purwa Atmaja","Channel Group":"MTI","Project":"SMALL"," LY":4148539.3897130005," 3LM":4871699.4093350004," LM":6176315.8119729999," T.MTD":5241325.1916284403," A.MTD":1474251.2510809998," Gap MTD":-3767073.9405474411}
{"szEmployeeId":17210036369,"szname":"Muhammad Tamrin","Channel Group":"Wholesaler","Project":"SMALL"," LY":43145934.8408650011," 3LM":90424964.0077793598," LM":85870445.8161659986," T.MTD":95433025.5036905557," A.MTD":62843648.3991829976," Gap MTD":-32589377.1045075469}
{"szEmployeeId":17210036369,"szname":"Muhammad Tamrin","Channel Group":"Wholesaler","Project":"BIG"," LY":280151433.1713870168," 3LM":157471447.7447109818," LM":58131441.0656210035," T.MTD":194883148.1062143743," A.MTD":63624053.9047169909," Gap MTD":-131259094.2014973909}
{"szEmployeeId":17210036369,"szname":"Muhammad Tamrin","Channel Group":"Wholesaler","Project":"MEDIUM"," LY":275668504.6711800098," 3LM":269300115.7500610352," LM":259395684.746383965," T.MTD":294784376.2426012158," A.MTD":159126499.9771479666," Gap MTD":-135657876.2654532194}
{"szEmployeeId":17210036369,"szname":"Muhammad Tamrin","Channel Group":"Retail","Project":"SMALL"," LY":13326615.2699910011," 3LM":47850893.7672839612," LM":42174177.4660939798," T.MTD":50461157.8371867463," A.MTD":32227000.956605006," Gap MTD":-18234156.8805817403}
{"szEmployeeId":17210036369,"szname":"Muhammad Tamrin","Channel Group":"Retail","Project":"BIG"," LY":46149839.9839909971," 3LM":49045171.5725406632,