{"szEmployeeId":17210032876,"szname":"Asman","Channel Group":"MTI"," LY":27975413.0843050033," 3LM":38267217.7918653265," LM":40465607.5206019953," Max":81878239.7002599984," T.MTD":41381650.4967527837," A.MTD":27833774.9461979978," Gap MTD":-13547875.5505547933," Ach":0.6726115225," vs LY":-0.0050629507," vs 3LM":-0.2726470187," vs LM":-0.3121621878}
{"szEmployeeId":17210032876,"szname":"Asman","Channel Group":"Retail"," LY":1354807.8649249999," 3LM":2176288.0467233332," LM":1167927.9881000002," Max":3383891.6584600005," T.MTD":2281498.1407333938," A.MTD":1005900.9136010001," Gap MTD":-1275597.2271323935," Ach":0.4408949083," vs LY":-0.2575324224," vs 3LM":-0.5377905443," vs LM":-0.1387303636}
{"szEmployeeId":17210032876,"szname":"Asman","Channel Group":"Wholesaler"," LY":561542360.1163179874," 3LM":630747653.4966933727," LM":636097620.6459721327," Max":1060349282.9249011278," T.MTD":669236851.3625136614," A.MTD":364694591.5454109907," Gap MTD":-304542259.8171029687," Ach":0.5449409888," vs LY":-0.350548387," vs 3LM":-0.4218058688," vs LM":-0.4266688324}
{"szEmployeeId":17210036369,"szname":"Muhammad Tamrin","Channel Group":"MTI"," LY":4051490.6214339999," 3LM":7475915.5236276658," LM":8569649.636481002," Max":18423934.5146520026," T.MTD":5501918.9981395742," A.MTD":5285815.3870260008," Gap MTD":-216103.6111135741," Ach":0.9607221387," vs LY":0.3046594157," vs 3LM":-0.2929541044," vs LM":-0.3831935247}
{"szEmployeeId":17210036369,"szname":"Muhammad Tamrin","Channel Group":"Retail"," LY":1454083.6365660001," 3LM":1511796.8920053334," LM":859459.49378," Max":3336359.200801," T.MTD":1938355.9931302594," A.MTD":607064.9073869999," Gap MTD":-1331291.0857432596," Ach":0.3131854569," vs LY":-0.5825103233," vs 3LM":-0.5984481046," vs LM":-0.2936666454}
{"szEmployeeId":17210036369,"szname":"Muhammad Tamrin","Channel Group":"Wholesaler"," LY":425546218.9716850519," 3LM":393809991.5582049489," LM":475326356.9560739398," Max":753160150.0704798698," T.MTD":503509793.3799514174," A.MTD":186238108.7646459937," Gap MTD":-317271684.6153053045," Ach":0.3698798141," vs LY":-0.5623551557," vs 3LM":-0.5270863798," vs LM":-0.6081889716}
{"szEmployeeId":17210036369,"szname":"Muhammad Tamrin","Channel Group":"FS"," LY":0.0," 3LM":71959.46," LM":215878.38," Max":1145008.1100000001," T.MTD":49931.628778884," A.MTD":1145008.1100000001," Gap MTD":1095076.4812211161," Ach":22.9315193196," vs LY":0.0," vs 3LM":14.911849672," vs LM":4.3039498907}
{"szEmployeeId":17210037632,"szname":"Robianor","Channel Group":"MTI"," LY":1481940.9100000001," 3LM":1065648.4966666666," LM":1147795.51," Max":1915342.6399999997," T.MTD":1052577.7004456974," A.MTD":786530.6770269999," Gap MTD":-266047.0234186975," Ach":0.7472423905," vs LY":-0.4692563842," vs 3LM":-0.2619229704," vs LM":-0.314746686}
{"szEmployeeId":17210037632,"szname":"Robianor","Channel Group":"Retail"," LY":69472259.6894540191," 3LM":92690008.8855606765," LM":106227218.198205024," Max":203500219.1024220586," T.MTD":104191463.5692725927," A.MTD":58633848.9272639826," Gap MTD":-45557614.6420085579," Ach":0.5627509867," vs LY":-0.1560106266," vs 3LM":-0.3674199665," vs LM":-0.4480336592}
{"szEmployeeId":17210037632,"szname":"Robianor","Channel Group":"Wholesaler"," LY":523829741.9887059331," 3LM":551235902.7548080683," LM":569992009.9266369343," Max":926261616.0542032719," T.MTD":638238293.5015950203," A.MTD":269831649.61589396," Gap MTD":-368406643.8857008815," Ach":0.422775713," vs LY":-0.4848867333," vs 3LM":-0.510496961," vs LM":-0.5266045051}
{"szEmployeeId":17210037632,"szname":"Robianor","Channel Group":"FS"," LY":0.0," 3LM":916999.9966666667," LM":818181.98," Max":1932818.01," T.MTD":617665.2286867846," A.MTD":0.0," Gap MTD":-617665.2286867846," Ach":0.0," vs LY":0.0," vs 3LM":-1.0," vs LM":-1.0}
{"szEmployeeId":17210037897,"szname":"Hindra","Channel Group":"MTI"," LY":5494819.65142," 3LM":6071402.5907939998," LM":8353352.2161090011," Max":10895890.6953409985," T.MTD":6612528.0378743652," A.MTD":4343423.4095389992," Gap MTD":-2269104.628335366," Ach":0.656847636," vs LY":-0.2095421351," vs 3LM":-0.2846095536," vs LM":-0.4800382772}
{"szEmployeeId":17210037897,"szname":"Hindra","Channel Group":"Retail"," LY":61643910.5931729972," 3LM":101032325.012381345," LM":108970309.5621559471," Max":211215306.7684540451," T.MTD":114846631.1352065653," A.MTD":73256742.3713780344," Gap MTD":-41589888.7638286054," Ach":0.6378658359," vs LY":0.1883857086," vs 3LM":-0.2749177814," vs LM":-0.3277366774}
{"szEmployeeId":17210037897,"szname":"Hindra","Channel Group":"Wholesaler"," LY":223728861.0929249227," 3LM":320946281.3300529718," LM":326474760.9144300222," Max":566524546.114423871," T.MTD":374305786.8308278322," A.MTD":159954490.0399670303," Gap MTD":-214351296.7908608913," Ach":0.4273364069," vs LY":-0.2850520525," vs 3LM":-0.5016160045," vs LM":-0.5100555719}
{"szEmployeeId":17210037897,"szname":"Hindra","Channel Group":"FS"," LY":0.0," 3LM":1215217.1103000001," LM":2169442.3399999999," Max":2447145.0309000001," T.MTD":1135053.9960910974," A.MTD":539932.46," Gap MTD":-595121.5360910973," Ach":0.4756887883," vs LY":0.0," vs 3LM":-0.5556905384," vs LM":-0.7511192392}
{"szEmployeeId":17210041467,"szname":"Doli Purnama Sari","Channel Group":"MTI"," LY":22649609.6816240065," 3LM":24544996.9213909954," LM":54614665.9296160117," Max":67141367.7629360259," T.MTD":23045194.1623338982," A.MTD":19101316.3658409975," Gap MTD":-3943877.7964928979," Ach":0.8288633297," vs LY":-0.1566602412," vs 3LM":-0.2217837131," vs LM":-0.6502529853}
{"szEmployeeId":17210041467,"szname":"Doli Purnama Sari","Channel Group":"Retail"," LY":125373823.757812053," 3LM":207130859.0818433464," LM":199039353.5209361613," Max":406789551.1479061246," T.MTD":206454805.8376660347," A.MTD":131482514.8577499986," Gap MTD":-74972290.9799160063," Ach":0.6368585818," vs LY":0.0487238158," vs 3LM":-0.3652200573," vs LM":-0.3394144799}
{"szEmployeeId":17210041960,"szname":"Bahrudin Rahman","Channel Group":"MTI"," LY":11153423.0593019985," 3LM":15951460.1057749968," LM":12910042.3053650018," Max":36863379.9103989974," T.MTD":16514132.9940343332," A.MTD":8962253.1204209998," Gap MTD":-7551879.8736133343," Ach":0.542702007," vs LY":-0.1964571708," vs 3LM":-0.4381546855," vs LM":-0.3057921184}
{"szEmployeeId":17210041960,"szname":"Bahrudin Rahman","Channel Group":"Retail"," LY":56648560.7236890048," 3LM":102954475.9171720147," LM":114644117.0407760441," Max":228772627.9543219507," T.MTD":120275562.7091500312," A.MTD":61405209.1452879682," Gap MTD":-58870353.5638620257," Ach":0.5105376999," vs LY":0.0839676836," vs 3LM":-0.4035693097," vs LM":-0.4643841243}
{"szEmployeeId":17210041960,"szname":"Bahrudin Rahman","Channel Group":"Wholesaler"," LY":561107257.2989549637," 3LM":521409580.3581076264," LM":490102913.3934950829," Max":1045660098.3246290684," T.MTD":632710304.2968159914," A.MTD":257330376.7901810706," Gap MTD":-375379927.5066347122," Ach":0.4067112153," vs LY":-0.5413882579," vs 3LM":-0.5064717134," vs LM":-0.4749462414}
