{"szEmployeeId":17210032876,"szname":"Asman","Channel Group":"MTI"," LY":27975413.0843050033," 3LM":38100719.8452276736," LM":40465607.5206020027," Max":82254455.9899849892," T.MTD":40082479.2327979431," A.MTD":8277926.1646790002," Gap MTD":-31804553.0681189373," Ach":0.2065223091," vs LY":-0.7040999488," vs 3LM":-0.7827357016," vs LM":-0.7954330437}
{"szEmployeeId":17210032876,"szname":"Asman","Channel Group":"Wholesaler"," LY":561542360.1163182259," 3LM":639784824.8544560671," LM":627060323.3026615381," Max":1062418807.2820916176," T.MTD":663217520.7672020197," A.MTD":135751138.1685739756," Gap MTD":-527466382.5986285806," Ach":0.2046856935," vs LY":-0.7582530762," vs 3LM":-0.7878175085," vs LM":-0.7835118359}
{"szEmployeeId":17210036369,"szname":"Muhammad Tamrin","Channel Group":"MTI"," LY":4051490.6214339999," 3LM":7593357.6996650007," LM":8569649.636481002," Max":18423934.5146520026," T.MTD":7377622.7631668616," A.MTD":2841645.9505389994," Gap MTD":-4535976.8126278622," Ach":0.3851709476," vs LY":-0.2986171718," vs 3LM":-0.6257721468," vs LM":-0.6684058192}
{"szEmployeeId":17210036369,"szname":"Muhammad Tamrin","Channel Group":"Wholesaler"," LY":425546218.9716851115," 3LM":421387564.5048511028," LM":466576176.7878869772," Max":744498067.7366271019," T.MTD":504574412.2363101244," A.MTD":95805489.436537981," Gap MTD":-408768922.7997720838," Ach":0.1898738563," vs LY":-0.7748646677," vs 3LM":-0.7726428174," vs LM":-0.7946627063}
{"szEmployeeId":17210036369,"szname":"Muhammad Tamrin","Channel Group":"FS"," LY":0.0," 3LM":453628.83," LM":215878.38," Max":1145008.1100000001," T.MTD":347965.0005229969," A.MTD":210979.28," Gap MTD":-136985.7205229969," Ach":0.6063232787," vs LY":"0x7"," vs 3LM":-0.5349076909," vs LM":-0.0226937964}
{"szEmployeeId":17210037632,"szname":"Robianor","Channel Group":"MTI"," LY":1481940.9100000001," 3LM":1090674.1990090001," LM":1147795.51," Max":1915342.6400000001," T.MTD":1227656.6473911062," A.MTD":222139.64," Gap MTD":-1005517.0073911062," Ach":0.1809460654," vs LY":-0.8501022284," vs 3LM":-0.7963281425," vs LM":-0.8064640974}
{"szEmployeeId":17210037632,"szname":"Robianor","Channel Group":"Retail"," LY":68197596.909558028," 3LM":95004657.017587021," LM":106227218.1982050091," Max":210863498.4812411368," T.MTD":108718460.6223116517," A.MTD":27759197.1104569994," Gap MTD":-80959263.5118547231," Ach":0.2553310353," vs LY":-0.5929593069," vs 3LM":-0.7078122486," vs LM":-0.7386809371}
{"szEmployeeId":17210037632,"szname":"Robianor","Channel Group":"Wholesaler"," LY":523829741.9887060523," 3LM":550387424.6608390808," LM":569992009.9266368151," Max":930346046.6368272305," T.MTD":633069243.4551749229," A.MTD":138706461.5558210015," Gap MTD":-494362781.899353981," Ach":0.2191015643," vs LY":-0.7352069758," vs 3LM":-0.7479839558," vs LM":-0.7566519194}
{"szEmployeeId":17210037632,"szname":"Robianor","Channel Group":"FS"," LY":0.0," 3LM":1100059.1566666667," LM":818181.98," Max":2645171.1699999999," T.MTD":984639.2751225345," A.MTD":1045718.9199999999," Gap MTD":61079.6448774654," Ach":1.0620325092," vs LY":"0x7"," vs 3LM":-0.0493975586," vs LM":0.2781006494}
{"szEmployeeId":17210037897,"szname":"Hindra","Channel Group":"MTI"," LY":5494819.65142," 3LM":6901057.2834066646," LM":8353352.2161090011," Max":10895890.6953409985," T.MTD":7922597.3193634693," A.MTD":3189166.6408040007," Gap MTD":-4733430.6785594691," Ach":0.4025405448," vs LY":-0.4196048564," vs 3LM":-0.5378727476," vs LM":-0.618217147}
{"szEmployeeId":17210037897,"szname":"Hindra","Channel Group":"Retail"," LY":59818280.0348009989," 3LM":102097522.1680070311," LM":108970309.5621559769," Max":209476404.2053000629," T.MTD":123011292.8346654177," A.MTD":27730623.7590290084," Gap MTD":-95280669.0756363422," Ach":0.2254315284," vs LY":-0.536418905," vs 3LM":-0.7283908251," vs LM":-0.7455212904}
{"szEmployeeId":17210037897,"szname":"Hindra","Channel Group":"Wholesaler"," LY":223728861.0929249525," 3LM":291756935.9075523615," LM":326474760.9144300222," Max":591659893.9075648785," T.MTD":353408229.7014173269," A.MTD":78069796.6119960099," Gap MTD":-275338433.0894213319," Ach":0.2209054291," vs LY":-0.6510517408," vs 3LM":-0.732414942," vs LM":-0.760870346}
{"szEmployeeId":17210037897,"szname":"Hindra","Channel Group":"FS"," LY":0.0," 3LM":1476992.4903000002," LM":2169442.3399999999," Max":4988970.2608999992," T.MTD":1657880.1445538139," A.MTD":3390565.7699999996," Gap MTD":1732685.6254461857," Ach":2.0451211634," vs LY":"0x7"," vs 3LM":1.2955876839," vs LM":0.5628743422}
{"szEmployeeId":17210041467,"szname":"Doli Purnama Sari","Channel Group":"MTI"," LY":22649609.6816240065," 3LM":23658919.5001933351," LM":54614665.9296160117," Max":67603268.8429360092," T.MTD":25073627.6716230065," A.MTD":7080512.6625150004," Gap MTD":-17993115.009108007," Ach":0.2823888412," vs LY":-0.6873891973," vs 3LM":-0.7007254426," vs LM":-0.8703551044}
{"szEmployeeId":17210041467,"szname":"Doli Purnama Sari","Channel Group":"Retail"," LY":125990529.9416700304," 3LM":206115546.3394291699," LM":201066741.0028161407," Max":415221098.6942859888," T.MTD":238826372.3283768296," A.MTD":58158933.6216579676," Gap MTD":-180667438.7067188919," Ach":0.2435197296," vs LY":-0.5383864672," vs 3LM":-0.7178333481," vs LM":-0.7107481161}
{"szEmployeeId":17210041960,"szname":"Bahrudin Rahman","Channel Group":"MTI"," LY":11153423.0593019985," 3LM":15556325.3933133315," LM":12910042.3053649999," Max":37439969.1791409999," T.MTD":16130470.8510300703," A.MTD":16069336.9524770025," Gap MTD":-61133.8985530682," Ach":0.9962100363," vs LY":0.4407538266," vs 3LM":0.0329776825," vs LM":0.2447160569}
{"szEmployeeId":17210041960,"szname":"Bahrudin Rahman","Channel Group":"Retail"," LY":56464551.7352219969," 3LM":101348105.7648963779," LM":114644117.040776059," Max":228390837.9107949436," T.MTD":111613281.2420806736," A.MTD":27671244.0095530041," Gap MTD":-83942037.2325277179," Ach":0.2479207107," vs LY":-0.5099360013," vs 3LM":-0.7269683158," vs LM":-0.7586335459}
{"szEmployeeId":17210041960,"szname":"Bahrudin Rahman","Channel Group":"Wholesaler"," LY":519938333.0506739616," 3LM":562879940.8593006134," LM":490102913.3934949636," Max":999226109.9082276821," T.MTD":620556247.9068892002," A.MTD":126654554.0836330056," Gap MTD":-493901693.8232560158," Ach":0.204098427," vs LY":-0.7564046618," vs 3LM":-0.7749883325," vs LM":-0.7415755944}
