{"szEmployeeId":17210032876,"szname":"Asman","Channel Group":"MTI"," LY":21169006.9265009984," 3LM":42310684.816147998," LM":47266336.974120006," Max":72032103.646378994," T.MTD":40934722.5314864516," A.MTD":35780282.4815919995," Gap MTD":-5154440.0498944465," Ach":0.8740814709," vs LY":0.6902201698," vs 3LM":-0.1543440472," vs LM":-0.2430070792}
{"szEmployeeId":17210032876,"szname":"Asman","Channel Group":"Retail"," LY":76811157.4896030128," 3LM":96941305.5763410181," LM":101640019.3369370252," Max":156385980.7801529765," T.MTD":105473277.3260158002," A.MTD":94248951.6016260535," Gap MTD":-11224325.7243897971," Ach":0.8935813316," vs LY":0.2270216292," vs 3LM":-0.0277730319," vs LM":-0.0727180867}
{"szEmployeeId":17210032876,"szname":"Asman","Channel Group":"Wholesaler"," LY":788882644.0373420715," 3LM":837612370.3809399605," LM":749459325.3251788616," Max":1389337278.227938652," T.MTD":957018000.1424980164," A.MTD":739023659.8145121336," Gap MTD":-217994340.3279857337," Ach":0.7722150051," vs LY":-0.0632020296," vs 3LM":-0.1177020709," vs LM":-0.0139242587}
{"szEmployeeId":17210036369,"szname":"Muhammad Tamrin","Channel Group":"MTI"," LY":12658314.9492359962," 3LM":19021478.0294913314," LM":12689549.127076," Max":21848086.5607800074," T.MTD":18928587.5794137307," A.MTD":11171944.8200440016," Gap MTD":-7756642.7593697282," Ach":0.5902154492," vs LY":-0.1174224322," vs 3LM":-0.4126668389," vs LM":-0.1195948171}
{"szEmployeeId":17210036369,"szname":"Muhammad Tamrin","Channel Group":"Retail"," LY":79954838.9530019909," 3LM":124962900.3111243993," LM":120178051.4413520396," Max":185971904.1094400287," T.MTD":134196862.5680801719," A.MTD":120814607.2666400075," Gap MTD":-13382255.3014401067," Ach":0.9002789257," vs LY":0.5110355902," vs 3LM":-0.0331961969," vs LM":0.0052967727}
{"szEmployeeId":17210036369,"szname":"Muhammad Tamrin","Channel Group":"Wholesaler"," LY":598965872.683431983," 3LM":517196527.5025513172," LM":403397571.6281709671," Max":889666323.6992169619," T.MTD":585100549.8525060415," A.MTD":367156610.3049641252," Gap MTD":-217943939.5475420952," Ach":0.6275102808," vs LY":-0.38701581," vs 3LM":-0.290102329," vs LM":-0.0898393145}
{"szEmployeeId":17210037632,"szname":"Robianor","Channel Group":"MTI"," LY":899858.2500000001," 3LM":1199299.8566666667," LM":1186806.75," Max":1915342.6400000001," T.MTD":1271459.6790995833," A.MTD":579722.4900000001," Gap MTD":-691737.1890995832," Ach":0.4559503534," vs LY":-0.3557624326," vs 3LM":-0.5166158932," vs LM":-0.5115274749}
{"szEmployeeId":17210037632,"szname":"Robianor","Channel Group":"Retail"," LY":78992068.8619999737," 3LM":128870828.9839273989," LM":121329181.3683770299," Max":188858948.4362330437," T.MTD":135754810.1665011048," A.MTD":110247866.4644150138," Gap MTD":-25506943.7020861357," Ach":0.8121102032," vs LY":0.3956827319," vs 3LM":-0.1445087509," vs LM":-0.0913326438}
{"szEmployeeId":17210037632,"szname":"Robianor","Channel Group":"Wholesaler"," LY":490055394.1643770337," 3LM":525167979.1844925284," LM":496794036.5263890028," Max":806826990.6204500198," T.MTD":578150031.3091170788," A.MTD":337488993.6975899935," Gap MTD":-240661037.6115270257," Ach":0.5837394715," vs LY":-0.3113248059," vs 3LM":-0.3573694378," vs LM":-0.3206661737}
{"szEmployeeId":17210037632,"szname":"Robianor","Channel Group":"FS"," LY":0.0," 3LM":373272.67," LM":1119818.01," Max":0.0," T.MTD":348698.8452826235," A.MTD":813000.0," Gap MTD":464301.1547173765," Ach":2.3315247842," vs LY":0.0," vs 3LM":1.1780324823," vs LM":-0.2739891726}
{"szEmployeeId":17210037897,"szname":"Hindra","Channel Group":"MTI"," LY":7395224.9923719987," 3LM":7463921.3944736663," LM":4107387.2315170001," Max":10895890.6953410003," T.MTD":7958121.1431606589," A.MTD":5753468.3247559993," Gap MTD":-2204652.8184046596," Ach":0.7229681757," vs LY":-0.2220022608," vs 3LM":-0.2291627925," vs LM":0.4007611166}
{"szEmployeeId":17210037897,"szname":"Hindra","Channel Group":"Retail"," LY":78565132.5062869638," 3LM":148258812.6078155935," LM":140818250.0088180006," Max":176808003.8935350776," T.MTD":160695544.6958368123," A.MTD":122682212.5217150152," Gap MTD":-38013332.1741217747," Ach":0.7634450149," vs LY":0.5615351061," vs 3LM":-0.1725131858," vs LM":-0.1287903911}
{"szEmployeeId":17210037897,"szname":"Hindra","Channel Group":"Wholesaler"," LY":254276764.8537220061," 3LM":275454833.9924893975," LM":313040827.5213649869," Max":435767892.7778610587," T.MTD":307662334.1610025764," A.MTD":145689401.6726909578," Gap MTD":-161972932.4883114696," Ach":0.4735366845," vs LY":-0.4270439859," vs 3LM":-0.4710951354," vs LM":-0.5345993594}
{"szEmployeeId":17210037897,"szname":"Hindra","Channel Group":"FS"," LY":0.0," 3LM":0.0," LM":0.0," Max":0.0," T.MTD":0.0," A.MTD":1476208.9909000001," Gap MTD":1476208.9909000001," Ach":"0x7"," vs LY":0.0," vs 3LM":0.0," vs LM":0.0}
{"szEmployeeId":17210041467,"szname":"Doli Purnama Sari","Channel Group":"MTI"," LY":20755651.3579289988," 3LM":29890563.3735846616," LM":39858908.5274609998," Max":52517061.5682559982," T.MTD":31383057.0891272277," A.MTD":11171990.6508039981," Gap MTD":-20211066.4383232258," Ach":0.3559879657," vs LY":-0.4617374103," vs 3LM":-0.6262368658," vs LM":-0.7197115761}
{"szEmployeeId":17210041467,"szname":"Doli Purnama Sari","Channel Group":"Retail"," LY":74617839.2979770303," 3LM":120443896.6219210476," LM":139721972.8149389327," Max":184234932.0174519718," T.MTD":127856766.9522854984," A.MTD":136414127.8613280058," Gap MTD":8557360.9090426024," Ach":1.0669292765," vs LY":0.8281704368," vs 3LM":0.1325947739," vs LM":-0.0236744793}
{"szEmployeeId":17210041467,"szname":"Doli Purnama Sari","Channel Group":"Wholesaler"," LY":374252.23," 3LM":823363.3166666667," LM":1080450.3999999999," Max":4185405.3326919992," T.MTD":902175.9585874171," A.MTD":139549.56," Gap MTD":-762626.3985874171," Ach":0.1546810893," vs LY":-0.627124306," vs 3LM":-0.8305127795," vs LM":-0.8708413084}
{"szEmployeeId":17210041719,"szname":"Muhammad Iqbal Purwa Atmaja","Channel Group":"MTI"," LY":4148539.3897130005," 3LM":4871699.4093350004," LM":6176315.8119729999," Max":9287457.2679249998," T.MTD":5241325.1916284412," A.MTD":1981638.671081," Gap MTD":-3259686.5205474412," Ach":0.3780797029," vs LY":-0.5223285873," vs 3LM":-0.593234618," vs LM":-0.6791552227}
{"szEmployeeId":17210041719,"szname":"Muhammad Iqbal Purwa Atmaja","Channel Group":"Retail"," LY":56131270.3313419819," 3LM":86453907.0363640636," LM":107969826.4296259582," Max":127743381.2246609628," T.MTD":94331890.8888130635," A.MTD":82379960.6062230021," Gap MTD":-11951930.2825900707," Ach":0.873299155," vs LY":0.4676304334," vs 3LM":-0.0471227567," vs LM":-0.2370094189}
{"szEmployeeId":17210041719,"szname":"Muhammad Iqbal Purwa Atmaja","Channel Group":"Wholesaler"," LY":925968.336214," 3LM":2313251.2799043329," LM":3061342.2485499997," Max":3831685.4831440002," T.MTD":2468783.9195584622," A.MTD":982235.1032420001," Gap MTD":-1486548.8163164619," Ach":0.3978619171," vs LY":0.0607653251," vs 3LM":-0.5753876322," vs LM":-0.6791488754}
