{"szEmployeeId":17210032876,"szname":"Asman","Channel Group":"MTI"," LY":21169006.9265009984," 3LM":42310684.816147998," LM":47266336.974120006," Max":88561193.1919359863," T.MTD":40934722.5314864367," A.MTD":17905320.1584529988," Gap MTD":-23029402.3730334416," Ach":0.4374115433," vs LY":-0.1541728802," vs 3LM":-0.5768132746," vs LM":-0.6211824037}
{"szEmployeeId":17210032876,"szname":"Asman","Channel Group":"Retail"," LY":76811157.4896030128," 3LM":96941305.5763409883," LM":101640019.3369370252," Max":160112694.7564559281," T.MTD":105473277.3260157704," A.MTD":26308603.8440109976," Gap MTD":-79164673.4820047766," Ach":0.249433833," vs LY":-0.6574898139," vs 3LM":-0.7286130645," vs LM":-0.7411590039}
{"szEmployeeId":17210032876,"szname":"Asman","Channel Group":"Wholesaler"," LY":788882644.0373420715," 3LM":837612370.3809401989," LM":749459325.3251787424," Max":1396160070.8720417023," T.MTD":957018000.1424980164," A.MTD":240733323.1430900395," Gap MTD":-716284676.9994081259," Ach":0.2515452406," vs LY":-0.6948426677," vs 3LM":-0.7125957882," vs LM":-0.6787906761}
{"szEmployeeId":17210036369,"szname":"Muhammad Tamrin","Channel Group":"MTI"," LY":12658314.9492359962," 3LM":19021478.0294913314," LM":12689549.1270759981," Max":36351759.9902150035," T.MTD":18260080.1152706593," A.MTD":4404504.3033109987," Gap MTD":-13855575.8119596653," Ach":0.2412094731," vs LY":-0.6520465543," vs 3LM":-0.7684457382," vs LM":-0.6529030102}
{"szEmployeeId":17210036369,"szname":"Muhammad Tamrin","Channel Group":"Retail"," LY":86576708.1155859977," 3LM":129806143.3864187449," LM":122294267.5747660547," Max":221218738.9232800305," T.MTD":134549924.0934849977," A.MTD":54816643.9004279599," Gap MTD":-79733280.1930569857," Ach":0.407407468," vs LY":-0.3668430564," vs 3LM":-0.5777037783," vs LM":-0.5517644041}
{"szEmployeeId":17210036369,"szname":"Muhammad Tamrin","Channel Group":"Wholesaler"," LY":598965872.683431983," 3LM":536591955.9443007112," LM":426262944.3398530483," Max":932352754.0627827644," T.MTD":585415995.7912442684," A.MTD":159367342.9571390152," Gap MTD":-426048652.8341053128," Ach":0.2722292252," vs LY":-0.7339291766," vs 3LM":-0.7030008721," vs LM":-0.6261290242}
{"szEmployeeId":17210037632,"szname":"Robianor","Channel Group":"MTI"," LY":899858.2500000001," 3LM":1199299.8566666667," LM":1186806.75," Max":1915342.6400000001," T.MTD":1261154.918924399," A.MTD":148648.57," Gap MTD":-1112506.3489243989," Ach":0.1178670184," vs LY":-0.8348089046," vs 3LM":-0.876053875," vs LM":-0.8747491367}
{"szEmployeeId":17210037632,"szname":"Robianor","Channel Group":"Retail"," LY":81792474.8543019593," 3LM":129198560.7778907418," LM":121418911.0883770287," Max":240035093.4628120065," T.MTD":136066403.603197366," A.MTD":37718516.512913011," Gap MTD":-98347887.0902843624," Ach":0.2772066838," vs LY":-0.538851018," vs 3LM":-0.7080577656," vs LM":-0.689352209}
{"szEmployeeId":17210037632,"szname":"Robianor","Channel Group":"Wholesaler"," LY":490055394.1643770337," 3LM":525167979.184492588," LM":496794036.5263890028," Max":820406468.4815599918," T.MTD":577849761.0116144419," A.MTD":117213070.1145609766," Gap MTD":-460636690.8970533609," Ach":0.2028435037," vs LY":-0.7608166923," vs 3LM":-0.7768084218," vs LM":-0.7640610364}
{"szEmployeeId":17210037632,"szname":"Robianor","Channel Group":"FS"," LY":0.0," 3LM":373272.67," LM":1119818.01," Max":0.0," T.MTD":347680.4662643197," A.MTD":0.0," Gap MTD":-347680.4662643197," Ach":0.0," vs LY":0.0," vs 3LM":-1.0," vs LM":-1.0}
{"szEmployeeId":17210037897,"szname":"Hindra","Channel Group":"MTI"," LY":7395224.9923719987," 3LM":7463921.3944736645," LM":4107387.2315170001," Max":10895890.6953409966," T.MTD":7958121.143160658," A.MTD":3689143.9898989997," Gap MTD":-4268977.1532616578," Ach":0.46356972," vs LY":-0.5011451317," vs 3LM":-0.5057364896," vs LM":-0.1018270784}
{"szEmployeeId":17210037897,"szname":"Hindra","Channel Group":"Retail"," LY":78565132.5062869638," 3LM":148258812.6078155935," LM":140818250.0088180006," Max":252082404.5198529959," T.MTD":160695544.6958368421," A.MTD":38290815.9512070194," Gap MTD":-122404728.7446297854," Ach":0.2382817521," vs LY":-0.5126232881," vs 3LM":-0.7417299162," vs LM":-0.7280834271}
{"szEmployeeId":17210037897,"szname":"Hindra","Channel Group":"Wholesaler"," LY":254276764.8537220061," 3LM":275454833.9924893975," LM":313040827.5213649869," Max":435767892.7778610587," T.MTD":307662334.161002636," A.MTD":52224952.027008988," Gap MTD":-255437382.1339935362," Ach":0.1697476299," vs LY":-0.7946137467," vs 3LM":-0.8104046632," vs LM":-0.8331688795}
{"szEmployeeId":17210041467,"szname":"Doli Purnama Sari","Channel Group":"MTI"," LY":20755651.3579289988," 3LM":29890563.3735846728," LM":39858908.5274609998," Max":52517061.568256028," T.MTD":31383057.0891272314," A.MTD":6358341.9664810002," Gap MTD":-25024715.1226462312," Ach":0.2026042889," vs LY":-0.693657315," vs 3LM":-0.7872792865," vs LM":-0.8404787737}
{"szEmployeeId":17210041467,"szname":"Doli Purnama Sari","Channel Group":"Retail"," LY":74617839.2979770303," 3LM":120443896.6219210476," LM":139721972.8149389327," Max":207284657.8560560048," T.MTD":127856766.9522854835," A.MTD":45455142.4632130042," Gap MTD":-82401624.4890723675," Ach":0.3555161259," vs LY":-0.3908274095," vs 3LM":-0.6226031892," vs LM":-0.674674344}
{"szEmployeeId":17210041467,"szname":"Doli Purnama Sari","Channel Group":"Wholesaler"," LY":374252.23," 3LM":823363.3166666667," LM":1080450.3999999999," Max":4185405.3326920001," T.MTD":902175.9585874169," A.MTD":0.0," Gap MTD":-902175.9585874169," Ach":0.0," vs LY":-1.0," vs 3LM":-1.0," vs LM":-1.0}
{"szEmployeeId":17210041719,"szname":"Muhammad Iqbal Purwa Atmaja","Channel Group":"MTI"," LY":4148539.3897130005," 3LM":4871699.4093350004," LM":6176315.8119729999," Max":9287457.2679249998," T.MTD":5241325.1916284403," A.MTD":911881.871081," Gap MTD":-4329443.320547441," Ach":0.1739792586," vs LY":-0.7801920663," vs 3LM":-0.8128205797," vs LM":-0.852358283}
{"szEmployeeId":17210041719,"szname":"Muhammad Iqbal Purwa Atmaja","Channel Group":"Retail"," LY":56131270.3313419819," 3LM":86453907.0363640636," LM":107969826.4296259582," Max":144011173.0101059079," T.MTD":94331890.8888130635," A.MTD":27150709.1376600005," Gap MTD":-67181181.7511530817," Ach":0.2878211057," vs LY":-0.5162997563," vs 3LM":-0.6859516236," vs LM":-0.7485342893}
{"szEmployeeId":17210041719,"szname":"Muhammad Iqbal Purwa Atmaja","Channel Group":"Wholesaler"," LY":925968.336214," 3LM":2313251.2799043334," LM":3061342.2485499997," Max":3831685.4831439997," T.MTD":2468783.9195584627," A.MTD":1014126.993242," Gap MTD":-1454656.9263164625," Ach":0.4107799736," vs LY":0.0952069888," vs 3LM":-0.5616010236," vs LM":-0.6687312587}
