{"szEmployeeId":17210032876,"szname":"Asman","Channel Group":"MTI"," LY":21169006.9265009984," 3LM":42310684.816147998," LM":47266336.974120006," Max":94481716.519333005," T.MTD":40934722.5314864516," A.MTD":48073597.8316729963," Gap MTD":7138875.3001865521," Ach":1.1743965724," vs LY":1.2709425151," vs 3LM":0.1362046736," vs LM":0.0170789807}
{"szEmployeeId":17210032876,"szname":"Asman","Channel Group":"Retail"," LY":76811157.4896030128," 3LM":96941305.5763409883," LM":101640019.3369370252," Max":177486402.9542030096," T.MTD":105473277.3260158151," A.MTD":98137870.5429670513," Gap MTD":-7335406.7830487918," Ach":0.9304524618," vs LY":0.2776512391," vs 3LM":0.0123431901," vs LM":-0.0344563964}
{"szEmployeeId":17210032876,"szname":"Asman","Channel Group":"Wholesaler"," LY":788882644.0373420715," 3LM":837612370.3809399605," LM":749459325.3251788616," Max":1515906432.6479942799," T.MTD":957018000.1424980164," A.MTD":781512436.3390191793," Gap MTD":-175505563.8034787774," Ach":0.8166120556," vs LY":-0.0093425908," vs 3LM":-0.0669760095," vs LM":0.042768313}
{"szEmployeeId":17210036369,"szname":"Muhammad Tamrin","Channel Group":"MTI"," LY":12658314.9492359962," 3LM":19021478.0294913352," LM":12689549.1270760018," Max":36669817.7172409967," T.MTD":18928587.5794137307," A.MTD":22254788.8848839924," Gap MTD":3326201.3054702622," Ach":1.1757236926," vs LY":0.7581162243," vs 3LM":0.1699821039," vs LM":0.7537887802}
{"szEmployeeId":17210036369,"szname":"Muhammad Tamrin","Channel Group":"Retail"," LY":79954838.9530019909," 3LM":124962900.3111243993," LM":120178051.4413520396," Max":262516361.8422089815," T.MTD":134196862.5680801719," A.MTD":133298039.4166169912," Gap MTD":-898823.1514630847," Ach":0.9933022044," vs LY":0.6671666301," vs 3LM":0.0667009095," vs LM":0.109171249}
{"szEmployeeId":17210036369,"szname":"Muhammad Tamrin","Channel Group":"Wholesaler"," LY":598965872.683431983," 3LM":517196527.5025512576," LM":403397571.6281709671," Max":940535366.9541209936," T.MTD":585100549.8525060415," A.MTD":538964448.3178020716," Gap MTD":-46136101.5347041488," Ach":0.9211484222," vs LY":-0.1001750302," vs 3LM":0.0420882965," vs LM":0.336062699}
{"szEmployeeId":17210037632,"szname":"Robianor","Channel Group":"MTI"," LY":899858.2500000001," 3LM":1199299.8566666667," LM":1186806.75," Max":1915342.6399999997," T.MTD":1271459.6790995833," A.MTD":872474.7599999999," Gap MTD":-398984.9190995834," Ach":0.6861993143," vs LY":-0.0304308929," vs 3LM":-0.2725132458," vs LM":-0.2648552429}
{"szEmployeeId":17210037632,"szname":"Robianor","Channel Group":"Retail"," LY":78992068.8619999737," 3LM":128870828.9839273989," LM":121329181.3683770299," Max":259185970.6523659825," T.MTD":135754810.1665011048," A.MTD":136521111.2144320011," Gap MTD":766301.0479308369," Ach":1.0056447432," vs LY":0.7282888419," vs 3LM":0.0593639561," vs LM":0.1252124977}
{"szEmployeeId":17210037632,"szname":"Robianor","Channel Group":"Wholesaler"," LY":490055394.1643770337," 3LM":525167979.1844925284," LM":496794036.5263890028," Max":830390498.665512085," T.MTD":578150031.309117198," A.MTD":423986727.9076879025," Gap MTD":-154163303.4014290273," Ach":0.7333506961," vs LY":-0.1348187716," vs 3LM":-0.1926645479," vs LM":-0.1465543128}
{"szEmployeeId":17210037632,"szname":"Robianor","Channel Group":"FS"," LY":0.0," 3LM":373272.67," LM":1119818.01," Max":1932818.01," T.MTD":348698.8452826235," A.MTD":813000.0," Gap MTD":464301.1547173765," Ach":2.3315247842," vs LY":0.0," vs 3LM":1.1780324823," vs LM":-0.2739891726}
{"szEmployeeId":17210037897,"szname":"Hindra","Channel Group":"MTI"," LY":7395224.9923719987," 3LM":7463921.3944736682," LM":4107387.2315170001," Max":10895890.6953410022," T.MTD":7958121.1431606617," A.MTD":5753468.3247560011," Gap MTD":-2204652.8184046606," Ach":0.7229681757," vs LY":-0.2220022608," vs 3LM":-0.2291627925," vs LM":0.4007611166}
{"szEmployeeId":17210037897,"szname":"Hindra","Channel Group":"Retail"," LY":78565132.5062869638," 3LM":148258812.6078155935," LM":140818250.0088180006," Max":272668539.3313028812," T.MTD":160695544.6958368123," A.MTD":138476076.1407039165," Gap MTD":-22219468.5551327765," Ach":0.8617294051," vs LY":0.7625640246," vs 3LM":-0.065984182," vs LM":-0.0166326017}
{"szEmployeeId":17210037897,"szname":"Hindra","Channel Group":"Wholesaler"," LY":254276764.8537220061," 3LM":275454833.9924893975," LM":313040827.5213649869," Max":472985399.798582077," T.MTD":307662334.161002636," A.MTD":183916475.6354100108," Gap MTD":-123745858.5255925506," Ach":0.5977867786," vs LY":-0.2767075051," vs 3LM":-0.3323171245," vs LM":-0.4124840613}
{"szEmployeeId":17210037897,"szname":"Hindra","Channel Group":"FS"," LY":0.0," 3LM":0.0," LM":0.0," Max":1476208.9909000001," T.MTD":0.0," A.MTD":1476208.9909000001," Gap MTD":1476208.9909000001," Ach":"0x7"," vs LY":0.0," vs 3LM":0.0," vs LM":0.0}
{"szEmployeeId":17210041467,"szname":"Doli Purnama Sari","Channel Group":"MTI"," LY":20755651.3579289988," 3LM":29890563.3735846654," LM":39858908.5274609998," Max":53392944.3382560015," T.MTD":31383057.0891272277," A.MTD":14036945.6256640013," Gap MTD":-17346111.4634632319," Ach":0.4472778285," vs LY":-0.3237048848," vs 3LM":-0.5303887233," vs LM":-0.6478341695}
{"szEmployeeId":17210041467,"szname":"Doli Purnama Sari","Channel Group":"Retail"," LY":74617839.2979770303," 3LM":120443896.6219210327," LM":139721972.8149389327," Max":244340011.9248158336," T.MTD":127856766.9522854984," A.MTD":151362371.8619499207," Gap MTD":23505604.9096646085," Ach":1.1838432605," vs LY":1.0285011371," vs 3LM":0.2567043753," vs LM":0.0833111558}
{"szEmployeeId":17210041467,"szname":"Doli Purnama Sari","Channel Group":"Wholesaler"," LY":374252.23," 3LM":823363.3166666665," LM":1080450.3999999999," Max":4185405.3326920001," T.MTD":902175.9585874169," A.MTD":139549.56," Gap MTD":-762626.3985874169," Ach":0.1546810893," vs LY":-0.627124306," vs 3LM":-0.8305127795," vs LM":-0.8708413084}
{"szEmployeeId":17210041719,"szname":"Muhammad Iqbal Purwa Atmaja","Channel Group":"MTI"," LY":4148539.3897130005," 3LM":4871699.4093350004," LM":6176315.8119729999," Max":10018054.407381," T.MTD":5241325.1916284412," A.MTD":2324507.151081," Gap MTD":-2916818.0405474408," Ach":0.4434960752," vs LY":-0.4396805881," vs 3LM":-0.522854972," vs LM":-0.623641792}
{"szEmployeeId":17210041719,"szname":"Muhammad Iqbal Purwa Atmaja","Channel Group":"Retail"," LY":56131270.3313419819," 3LM":86453907.0363640487," LM":107969826.4296259582," Max":177863420.6389032006," T.MTD":94331890.8888130635," A.MTD":94590554.1399690062," Gap MTD":258663.2511559247," Ach":1.0027420552," vs LY":0.6851668167," vs 3LM":0.0941154354," vs LM":-0.1239167713}
{"szEmployeeId":17210041719,"szname":"Muhammad Iqbal Purwa Atmaja","Channel Group":"Wholesaler"," LY":925968.336214," 3LM":2313251.2799043334," LM":3061342.2485499997," Max":4090424.2108899998," T.MTD":2468783.9195584627," A.MTD":1403856.7294570003," Gap MTD":-1064927.1901014622," Ach":0.5686430142," vs LY":0.5160958259," vs 3LM":-0.3931239802," vs LM":-0.5414244421}
