{"szEmployeeId":17210032876,"szname":"Asman","Channel Group":"WHOLESALER","Project":"ITG"," LY":344261743.7721169591," 3LM":362238005.5397759676," LM":312293578.5893259645," T.MTD":296390147.5944427848," A.MTD":28360943.5456200019," Gap MTD":-268029204.0488228798}
{"szEmployeeId":17210032876,"szname":"Asman","Channel Group":"WHOLESALER","Project":"SMALL"," LY":54373068.6930870041," 3LM":77198213.7144493312," LM":97617528.4496570379," T.MTD":64764964.2704210877," A.MTD":6284080.8341339994," Gap MTD":-58480883.4362870902}
{"szEmployeeId":17210032876,"szname":"Asman","Channel Group":"WHOLESALER","Project":"MEDIUM"," LY":74192105.3805460036," 3LM":94346048.0997733325," LM":128858555.1113460064," T.MTD":77066956.4502301961," A.MTD":15629802.328701999," Gap MTD":-61437154.1215282008}
{"szEmployeeId":17210032876,"szname":"Asman","Channel Group":"RETAIL","Project":"SMALL"," LY":1214294.4334089998," 3LM":3565359.6868683337," LM":4193963.2917910004," T.MTD":3033324.9721815242," A.MTD":630945.8008099999," Gap MTD":-2402379.1713715242}
{"szEmployeeId":17210032876,"szname":"Asman","Channel Group":"RETAIL","Project":"BIG"," LY":42810634.0287959948," 3LM":47117545.2535670027," LM":49625634.8661069945," T.MTD":38634951.4318579063," A.MTD":10183530.3770930003," Gap MTD":-28451421.0547649078}
{"szEmployeeId":17210032876,"szname":"Asman","Channel Group":"RETAIL","Project":"MEDIUM"," LY":8127551.1666240003," 3LM":10168755.3408549968," LM":12245502.6434070002," T.MTD":8315520.071975817," A.MTD":900116.93171," Gap MTD":-7415403.1402658168}
{"szEmployeeId":17210032876,"szname":"Asman","Channel Group":"MTI","Project":"SMALL"," LY":23759941.1714939997," 3LM":36934704.3904096559," LM":39520044.594750002," T.MTD":30072808.8573179357," A.MTD":7700061.0786460005," Gap MTD":-22372747.7786719352}
{"szEmployeeId":17210032876,"szname":"Asman","Channel Group":"MTI","Project":"MEDIUM"," LY":4847297.0306529999," 3LM":3188540.3656436671," LM":4180015.1269309996," T.MTD":2583326.351572562," A.MTD":0.0," Gap MTD":-2583326.351572562}
{"szEmployeeId":17210036369,"szname":"Muhammad Tamrin","Channel Group":"WHOLESALER","Project":"ITG"," LY":206111116.0018489957," 3LM":275152863.9579613209," LM":284513955.5720220208," T.MTD":295456747.560530901," A.MTD":11713676.2178080007," Gap MTD":-283743071.3427228928}
{"szEmployeeId":17210036369,"szname":"Muhammad Tamrin","Channel Group":"WHOLESALER","Project":"SMALL"," LY":32243217.8893890008," 3LM":80540120.5659463406," LM":74277352.313718006," T.MTD":84453054.1984430701," A.MTD":4275292.541619001," Gap MTD":-80177761.6568240821}
{"szEmployeeId":17210036369,"szname":"Muhammad Tamrin","Channel Group":"WHOLESALER","Project":"MEDIUM"," LY":23975645.7827539928," 3LM":38857719.0570383444," LM":58159245.899725005," T.MTD":40501561.610637024," A.MTD":4988402.5617860006," Gap MTD":-35513159.0488510206}
{"szEmployeeId":17210036369,"szname":"Muhammad Tamrin","Channel Group":"RETAIL","Project":"SMALL"," LY":9337717.4898339994," 3LM":43221741.1275340244," LM":44423949.13068901," T.MTD":44716345.7759534791," A.MTD":7287016.5046530012," Gap MTD":-37429329.2713004723}
{"szEmployeeId":17210036369,"szname":"Muhammad Tamrin","Channel Group":"RETAIL","Project":"BIG"," LY":35336213.3922130093," 3LM":40483984.6782873347," LM":45084680.6082060039," T.MTD":42289918.8717069551," A.MTD":5714355.2240389995," Gap MTD":-36575563.6476679593}
{"szEmployeeId":17210036369,"szname":"Muhammad Tamrin","Channel Group":"RETAIL","Project":"MEDIUM"," LY":14577300.9996970017," 3LM":20532853.2046993338," LM":19092951.3866230026," T.MTD":22232369.0502642691," A.MTD":2912811.9882810004," Gap MTD":-19319557.0619832687}
{"szEmployeeId":17210036369,"szname":"Muhammad Tamrin","Channel Group":"MTI","Project":"SMALL"," LY":123378.366485," 3LM":10006892.7649046686," LM":7403307.8853909988," T.MTD":9573088.836754173," A.MTD":0.0," Gap MTD":-9573088.836754173}
{"szEmployeeId":17210036369,"szname":"Muhammad Tamrin","Channel Group":"MTI","Project":"MEDIUM"," LY":5458062.847010999," 3LM":3682258.1330003329," LM":4165693.5351279997," T.MTD":4004914.095709959," A.MTD":616216.1899999999," Gap MTD":-3388697.9057099591}
{"szEmployeeId":17210037632,"szname":"Robianor","Channel Group":"WHOLESALER","Project":"ITG"," LY":200920021.4088990092," 3LM":285683791.5389019847," LM":294268223.3959850073," T.MTD":293639548.4038189054," A.MTD":26297837.444372002," Gap MTD":-267341710.9594468772}
{"szEmployeeId":17210037632,"szname":"Robianor","Channel Group":"WHOLESALER","Project":"SMALL"," LY":36816954.8415220007," 3LM":100040655.1056173444," LM":90672393.0770409703," T.MTD":95377283.6727008522," A.MTD":18145675.2523149997," Gap MTD":-77231608.4203858525}
{"szEmployeeId":17210037632,"szname":"Robianor","Channel Group":"WHOLESALER","Project":"MEDIUM"," LY":35162551.0275560021," 3LM":34433718.0719443262," LM":34888596.1574010029," T.MTD":33162087.237000227," A.MTD":6957379.0082750004," Gap MTD":-26204708.2287252247}
{"szEmployeeId":17210037632,"szname":"Robianor","Channel Group":"RETAIL","Project":"SMALL"," LY":13634431.6899220012," 3LM":50452113.5433030128," LM":52503476.3597890213," T.MTD":48247468.1006995738," A.MTD":7764195.7934980001," Gap MTD":-40483272.3072015569}
{"szEmployeeId":17210037632,"szname":"Robianor","Channel Group":"RETAIL","Project":"BIG"," LY":23515598.7964850031," 3LM":25604141.8540226705," LM":27871090.0527350083," T.MTD":24849867.0555918142," A.MTD":7352450.5334109999," Gap MTD":-17497416.5221808217}
{"szEmployeeId":17210037632,"szname":"Robianor","Channel Group":"RETAIL","Project":"MEDIUM"," LY":17635111.2440359965," 3LM":16881545.9390223399," LM":17494829.9751850031," T.MTD":16306201.0332131572," A.MTD":2398483.1024230001," Gap MTD":-13907717.9307901543}
{"szEmployeeId":17210037632,"szname":"Robianor","Channel Group":"MTI","Project":"SMALL"," LY":1628232.9407929999," 3LM":1336728.6566666663," LM":1162738.3300000005," T.MTD":1612544.4969756359," A.MTD":315480.13," Gap MTD":-1297064.3669756358}
{"szEmployeeId":17210037713,"szname":"Rahmani","Channel Group":"WHOLESALER","Project":"ITG"," LY":280068800.2595769763," 3LM":267960745.411340028," LM":296782655.8184369802," T.MTD":314959424.201096952," A.MTD":10031891.7257449999," Gap MTD":-304927532.4753519297}
{"szEmployeeId":17210037713,"szname":"Rahmani","Channel Group":"WHOLESALER","Project":"SMALL"," LY":36576441.1175639927," 3LM":40004899.7549716681," LM":43898488.8456210047," T.MTD":41393458.122540392," A.MTD":7081996.0076530008," Gap MTD":-34311462.114887394}
{"szEmployeeId":17210037713,"szname":"Rahmani","Channel Group":"WHOLESALER","Project":"MEDIUM"," LY":27881108.7187769972," 3LM":28875671.3642019965," LM":26855311.670566," T.MTD":29833882.0513826832," A.MTD":7396463.7935960004," Gap MTD":-22437418.2577866875}
{"szEmployeeId":17210037713,"szname":"Rahmani","Channel Group":"RETAIL","Project":"SMALL"," LY":6799875.3924810002," 3LM":37359481.391460672," LM":39336609.3838049918," T.MTD":40659529.5605230033," A.MTD":4228017.2755789999," Gap MTD":-36431512.2849439979}
{"szEmployeeId":17210037713,"szname":"Rahmani","Channel Group":"RETAIL","Project":"BIG"," LY":46764989.4392259866," 3LM":46149681.4311263263," LM":45590866.7189130038," T.MTD":52539271.4441425055," A.MTD":7676765.0915159993," Gap MTD":-44862506.3526265025}
{"szEmployeeId":17210037713,"szname":"Rahmani","Channel Group":"RETAIL","Project":"MEDIUM"," LY":21166724.4748769999," 3LM":26630364.2905366644," LM":24469565.4694949985," T.MTD":29358967.7040608525," A.MTD":4571900.1356569994," Gap MTD":-24787067.5684038587}
{"szEmployeeId":17210037713,"szname":"Rahmani","Channel Group":"MTI","Project":"SMALL"," LY":5823242.981013," 3LM":7844686.0846826648," LM":8293981.6773719992," T.MTD":8333466.9162536589," A.MTD":2226846.766388," Gap MTD":-6106620.149865659}
{"szEmployeeId":17210037897,"szname":"Hindra","Channel Group":"WHOLESALER","Project":"ITG"," LY":134397114.6699660122," 3LM":119059728.0393020213," LM":90750201.3292069733," T.MTD":136783701.4212053418," A.MTD":48427927.2373959944,