{"szEmployeeId":17210032876,"szname":"Asman","Channel Group":"Wholesaler","Project":"SMALL"," LY":125983189.2822459936," 3LM":120829854.4632546902," LM":3173500394.4682369232," T.MTD":137222901.2916999459," A.MTD":113182217.5425979644," Gap MTD":-24040683.7491019815,"CR":87,"CA":80}
{"szEmployeeId":17210032876,"szname":"Asman","Channel Group":"Wholesaler","Project":"BIG"," LY":170709637.7590119839," 3LM":184487849.2866586745," LM":4684089793.4110965729," T.MTD":207281447.4957223535," A.MTD":96432558.5914890021," Gap MTD":-110848888.9042333364,"CR":6,"CA":4}
{"szEmployeeId":17210032876,"szname":"Asman","Channel Group":"Wholesaler","Project":"MEDIUM"," LY":295562063.95212394," 3LM":306133671.7976176143," LM":8822914802.0911197662," T.MTD":346528560.5409649014," A.MTD":255094504.2840790153," Gap MTD":-91434056.2568858713,"CR":36,"CA":34}
{"szEmployeeId":17210032876,"szname":"Asman","Channel Group":"MTI","Project":"SMALL"," LY":24753422.0440990031," 3LM":34936984.8610823378," LM":800170721.7056879997," T.MTD":40178430.6197497845," A.MTD":28833055.9261109978," Gap MTD":-11345374.6936387867,"CR":13,"CA":12}
{"szEmployeeId":17210032876,"szname":"Asman","Channel Group":"MTI","Project":"MEDIUM"," LY":3280675.5262150001," 3LM":3407015.9433333329," LM":108270637.9111699909," T.MTD":3788660.0518633146," A.MTD":3461246.8899999997," Gap MTD":-327413.1618633149,"CR":1,"CA":1}
{"szEmployeeId":17210041467,"szname":"Doli Purnama Sari","Channel Group":"Retail","Project":"SMALL"," LY":34267695.0941339955," 3LM":66938230.4249246269," LM":1276328882.6539282799," T.MTD":96419463.7216711491," A.MTD":72010076.825134024," Gap MTD":-24409386.8965371698,"CR":225,"CA":201}
{"szEmployeeId":17210041467,"szname":"Doli Purnama Sari","Channel Group":"Retail","Project":"BIG"," LY":26291842.6464550085," 3LM":18104041.6928780004," LM":740804144.9461340904," T.MTD":26188965.451576069," A.MTD":17081883.1890490018," Gap MTD":-9107082.2625270672,"CR":31,"CA":27}
{"szEmployeeId":17210041467,"szname":"Doli Purnama Sari","Channel Group":"Retail","Project":"MEDIUM"," LY":31557695.3800740093," 3LM":33988931.4923649952," LM":958073322.8566180468," T.MTD":48999179.3629964218," A.MTD":37139237.5402430072," Gap MTD":-11859941.8227534126,"CR":81,"CA":74}
{"szEmployeeId":17210041467,"szname":"Doli Purnama Sari","Channel Group":"MTI","Project":"SMALL"," LY":25401485.4222429991," 3LM":22925032.878569331," LM":843088515.9682199955," T.MTD":33092391.4637564123," A.MTD":17806100.1911670007," Gap MTD":-15286291.2725894079,"CR":10,"CA":9}
{"szEmployeeId":17210037897,"szname":"Hindra","Channel Group":"Wholesaler","Project":"SMALL"," LY":84227490.9462799877," 3LM":92425486.1364959925," LM":2610056561.3962316513," T.MTD":110226454.1554955542," A.MTD":75987746.4040309936," Gap MTD":-34238707.7514645755,"CR":36,"CA":31}
{"szEmployeeId":17210037897,"szname":"Hindra","Channel Group":"Wholesaler","Project":"BIG"," LY":87960277.8117870092," 3LM":133444769.2766159773," LM":5952674229.140337944," T.MTD":154217771.1698026955," A.MTD":92862320.6557730138," Gap MTD":-61355450.5140296742,"CR":4,"CA":4}
{"szEmployeeId":17210037897,"szname":"Hindra","Channel Group":"Wholesaler","Project":"MEDIUM"," LY":256900255.7018099427," 3LM":298790206.1965466738," LM":7481797238.8970470428," T.MTD":368406936.4686129093," A.MTD":276858596.9736949205," Gap MTD":-91548339.4949179441,"CR":24,"CA":23}
{"szEmployeeId":17210037897,"szname":"Hindra","Channel Group":"Retail","Project":"SMALL"," LY":20056721.6573059931," 3LM":31403022.5775683373," LM":664305288.5763417482," T.MTD":40010242.0314661041," A.MTD":34670787.7257430032," Gap MTD":-5339454.305723086,"CR":87,"CA":65}
{"szEmployeeId":17210037897,"szname":"Hindra","Channel Group":"Retail","Project":"BIG"," LY":18858206.9844480008," 3LM":14289088.0081366673," LM":594519278.1080379486," T.MTD":18361278.5499572642," A.MTD":16175506.882757999," Gap MTD":-2185771.6671992657,"CR":16,"CA":14}
{"szEmployeeId":17210037897,"szname":"Hindra","Channel Group":"Retail","Project":"MEDIUM"," LY":28880761.3409040049," 3LM":20178079.6796109974," LM":703321693.504177928," T.MTD":25377639.6872242093," A.MTD":22456512.436146006," Gap MTD":-2921127.2510782061,"CR":38,"CA":31}
{"szEmployeeId":17210037897,"szname":"Hindra","Channel Group":"MTI","Project":"SMALL"," LY":13259989.5579969995," 3LM":12343972.3459629994," LM":368138891.8758431077," T.MTD":16172703.8967919908," A.MTD":14599717.0812999941," Gap MTD":-1572986.815491996,"CR":3,"CA":3}
{"szEmployeeId":17210037897,"szname":"Hindra","Channel Group":"MTI","Project":"MEDIUM"," LY":5440900.6962089986," 3LM":4271480.5053979997," LM":111812939.2616209984," T.MTD":5326974.0406490108," A.MTD":3725495.4897250002," Gap MTD":-1601478.5509240106,"CR":1,"CA":1}
{"szEmployeeId":17210036369,"szname":"Muhammad Tamrin","Channel Group":"Wholesaler","Project":"SMALL"," LY":99650442.1387000531," 3LM":105182920.9870369583," LM":2816484932.9528999329," T.MTD":129290316.375230059," A.MTD":62753439.3332239911," Gap MTD":-66536877.042006053,"CR":93,"CA":78}
{"szEmployeeId":17210036369,"szname":"Muhammad Tamrin","Channel Group":"Wholesaler","Project":"BIG"," LY":62207430.2440779954," 3LM":173363170.2561996579," LM":3934330529.276945591," T.MTD":207982401.2346918285," A.MTD":37112781.0443000048," Gap MTD":-170869620.1903918386,"CR":6,"CA":3}
{"szEmployeeId":17210036369,"szname":"Muhammad Tamrin","Channel Group":"Wholesaler","Project":"MEDIUM"," LY":89919268.4157639891," 3LM":165621718.6456516981," LM":4691542308.7071380615," T.MTD":202729569.6579274833," A.MTD":137812231.5071249902," Gap MTD":-64917338.1508024558,"CR":37,"CA":33}
{"szEmployeeId":17210036369,"szname":"Muhammad Tamrin","Channel Group":"MTI","Project":"SMALL"," LY":3897837.5951339998," 3LM":7308200.3978346661," LM":148138157.3014680147," T.MTD":9214100.4702820778," A.MTD":6032845.1504460014," Gap MTD":-3181255.3198360773,"CR":13,"CA":10}
{"szEmployeeId":17210036369,"szname":"Muhammad Tamrin","Channel Group":"MTI","Project":"MEDIUM"," LY":448648.639636," 3LM":820357.6523423333," LM":11081768.0180869997," T.MTD":571023.4771637183," A.MTD":415809.91," Gap MTD":-155213.5671637183,"CR":1,"CA":1}
{"szEmployeeId":17210036369,"szname":"Muhammad Tamrin","Channel Group":"FS","Project":"SMALL"," LY":0.0," 3LM":583727.0299999999," LM":1914356.7699999998," T.MTD":312588.7847048221," A.MTD":163175.68," Gap MTD":-149413.1047048221,"CR":1,"CA":1}
{"szEmployeeId":17210037632,"szname":"Robianor","Channel Group":"Wholesaler","Project":"SMALL"," LY":82374615.0460359901," 3LM":95519568.8906086534," LM":2408649214.7488937378," T.MTD":110687108.9926712811," A.MTD":73954780.5040619969," Gap MTD":-36732328.4886092991,"CR":39,"CA":36}
{"szEmployeeId":17210037632,"szname":"Robianor","Channel Group":"Wholesaler","Project":"BIG"," LY":129298351.9612390101," 3LM":122185345.2467883229," LM":3419028239.294172287," T.MTD":140230480.9346803725," A.MTD":104577792.7082729936," Gap MTD":-35652688.226407364,"CR":3,"CA":3}
{"szEmployeeId":17210037632,"szname":"Robianor","Channel Group":"Wholesaler","Project":"MEDIUM"," LY":286701770.0766769648," 3LM":327574650.4983522892," LM":8582532190.6178388596," T.MTD":378392421.9038367867," A.MTD":215580891.6043109894," Gap MTD":-162811530.2995257378,"CR":28,"CA":25}
{"szEmployeeId":17210037632,"szname":"Robianor","Channel Group":"Retail","Project":"SMALL"," LY":20280123.493623998," 3LM":41384526.9507743344," LM":728200256.9884434938," T.MTD":49016603.6172513291," A.MTD":33935652.0404110104," Gap MTD":-15080951.5768403504,"CR":75,"CA":52}
{"szEmployeeId":17210037632,"szname":"Robianor","Channel Group":"Retail","Project":"BIG"," LY":27158870.6086119972," 3LM":26306779.679771997," LM":794392794.5951480865," T.MTD":31972395.2639120966," A.MTD":25976690.3958560005," Gap MTD":-5995704.8680560943,"CR":21,"CA":20}
{"szEmployeeId":17210037632,"szname":"Robianor","Channel Group":"Retail","Project":"MEDIUM"," LY":21699836.239018999," 3LM":24174354.3484819978," LM":681753211.0257592201," T.MTD":27529219.3598855585,