{"szEmployeeId":17210032876,"szname":"Asman","Channel Group":"MTI"," LY":39106913.5547939986," 3LM":36119787.2430430055," LM":38431989.4380870014," Max":63075717.2735720053," T.MTD":37542262.4466931894," A.MTD":33805041.7205200046," Gap MTD":-3737220.7261731848," Ach":0.90045297," vs LY":-0.1355737733," vs 3LM":-0.064085248," vs LM":-0.1203931356}
{"szEmployeeId":17210032876,"szname":"Asman","Channel Group":"Wholesaler"," LY":628664289.5748058558," 3LM":573947178.1059947014," LM":663411158.5221297741," Max":867587860.1558200121," T.MTD":599157737.553306818," A.MTD":527388894.7542969584," Gap MTD":-71768842.7990096658," Ach":0.8802171143," vs LY":-0.161096147," vs 3LM":-0.0811194569," vs LM":-0.2050346335}
{"szEmployeeId":17210036369,"szname":"Muhammad Tamrin","Channel Group":"MTI"," LY":7732869.7825000007," 3LM":8129104.9005973339," LM":7435160.4140520003," Max":24433837.9399179965," T.MTD":9188163.3720141593," A.MTD":6839181.2172930008," Gap MTD":-2348982.1547211581," Ach":0.7443469321," vs LY":-0.115570104," vs 3LM":-0.15867967," vs LM":-0.0801568713}
{"szEmployeeId":17210036369,"szname":"Muhammad Tamrin","Channel Group":"Wholesaler"," LY":408870048.9055979252," 3LM":336496140.6378003955," LM":349902622.8541091681," Max":614202457.9243078232," T.MTD":531066712.611710012," A.MTD":433290053.7642389536," Gap MTD":-97776658.8474709094," Ach":0.8158862973," vs LY":0.0597255899," vs 3LM":0.2876523723," vs LM":0.238316107}
{"szEmployeeId":17210036369,"szname":"Muhammad Tamrin","Channel Group":"FS"," LY":0.0," 3LM":261696.3966666666," LM":559458.5600000001," Max":1357067.5650450001," T.MTD":134156.9895038807," A.MTD":139864.86," Gap MTD":5707.8704961193," Ach":1.0425462029," vs LY":0.0," vs 3LM":-0.465545335," vs LM":-0.7499996068}
{"szEmployeeId":17210036369,"szname":"Muhammad Tamrin","Channel Group":null," LY":0.0," 3LM":8477537.2385876663," LM":10997332.4345939998," Max":18796494.986593999," T.MTD":4410967.0267720493," A.MTD":0.0," Gap MTD":-4410967.0267720493," Ach":0.0," vs LY":0.0," vs 3LM":-1.0," vs LM":-1.0}
{"szEmployeeId":17210037632,"szname":"Robianor","Channel Group":"MTI"," LY":755967.33," 3LM":895788.0327926668," LM":653851.36," Max":1259422.5983779998," T.MTD":1064800.6437982949," A.MTD":819767.6299999999," Gap MTD":-245033.0137982951," Ach":0.7698789767," vs LY":0.0843955783," vs 3LM":-0.0848642759," vs LM":0.2537522748}
{"szEmployeeId":17210037632,"szname":"Robianor","Channel Group":"Retail"," LY":92432298.2187919915," 3LM":80032354.429581359," LM":77245120.3543159813," Max":126334117.8612870276," T.MTD":93280378.769022882," A.MTD":78258449.3306309879," Gap MTD":-15021929.4383918215," Ach":0.8389593864," vs LY":-0.1533430323," vs 3LM":-0.0221648496," vs LM":0.0131183558}
{"szEmployeeId":17210037632,"szname":"Robianor","Channel Group":"Wholesaler"," LY":498628610.9390899539," 3LM":523105476.8076730967," LM":591327117.9056618214," Max":791429039.2426971197," T.MTD":590038268.244017005," A.MTD":481251871.5846729875," Gap MTD":-108786396.6593439877," Ach":0.8156282355," vs LY":-0.034849062," vs 3LM":-0.0800098777," vs LM":-0.1861494983}
{"szEmployeeId":17210037632,"szname":"Robianor","Channel Group":"FS"," LY":0.0," 3LM":865929.4266666668," LM":882543.24," Max":1756055.8500000001," T.MTD":822451.9346338565," A.MTD":0.0," Gap MTD":-822451.9346338565," Ach":0.0," vs LY":0.0," vs 3LM":-1.0," vs LM":-1.0}
{"szEmployeeId":17210037632,"szname":"Robianor","Channel Group":null," LY":0.0," 3LM":5469595.4916176666," LM":2688431.5286480002," Max":8058924.2074030004," T.MTD":5794100.4085278539," A.MTD":7110738.7247630004," Gap MTD":1316638.3162351465," Ach":1.2272377459," vs LY":0.0," vs 3LM":0.3000483739," vs LM":1.6449394932}
{"szEmployeeId":17210037897,"szname":"Hindra","Channel Group":"MTI"," LY":19999098.2859690003," 3LM":14341740.2633229997," LM":9187935.1562810019," Max":22585637.8516489938," T.MTD":15513870.5988567844," A.MTD":29561273.8784869984," Gap MTD":14047403.2796302177," Ach":1.9054737946," vs LY":0.4781303365," vs 3LM":1.0612054978," vs LM":2.2174012306}
{"szEmployeeId":17210037897,"szname":"Hindra","Channel Group":"Retail"," LY":77094695.80430004," 3LM":67840553.8104903102," LM":60951851.5533570349," Max":114284294.4727859944," T.MTD":74340842.9775812626," A.MTD":72895042.481794998," Gap MTD":-1445800.4957862487," Ach":0.9805517339," vs LY":-0.0544739593," vs 3LM":0.0745054158," vs LM":0.195944678}
{"szEmployeeId":17210037897,"szname":"Hindra","Channel Group":"Wholesaler"," LY":559987894.8810399771," 3LM":554869293.8171825409," LM":669218487.0075330734," Max":833027815.3708879948," T.MTD":599280691.5995817184," A.MTD":471052891.312269032," Gap MTD":-128227800.2873126268," Ach":0.7860304827," vs LY":-0.1588159394," vs 3LM":-0.1510561198," vs LM":-0.2961149453}
{"szEmployeeId":17210037897,"szname":"Hindra","Channel Group":null," LY":0.0," 3LM":4977110.9435006659," LM":5915387.5635060007," Max":7790346.0709719993," T.MTD":5564594.8239803817," A.MTD":9187750.4732070006," Gap MTD":3623155.6492266175," Ach":1.6511086187," vs LY":0.0," vs 3LM":0.8460007377," vs LM":0.5531950146}
{"szEmployeeId":17210041467,"szname":"Doli Purnama Sari","Channel Group":"MTI"," LY":18615404.4344820008," 3LM":24348397.4772806615," LM":28675182.1606120095," Max":41639558.7664679885," T.MTD":27284225.7324008308," A.MTD":20978084.8164749965," Gap MTD":-6306140.9159258287," Ach":0.7688722789," vs LY":0.1269207118," vs 3LM":-0.1384203073," vs LM":-0.2684236599}
{"szEmployeeId":17210041467,"szname":"Doli Purnama Sari","Channel Group":"Retail"," LY":70740094.2005720139," 3LM":129386208.9294185936," LM":127744849.1417050213," Max":193817404.5051651001," T.MTD":143996157.2073520124," A.MTD":117673351.8773329258," Gap MTD":-26322805.3300190233," Ach":0.8171978625," vs LY":0.6634604916," vs 3LM":-0.0905263177," vs LM":-0.0788407308}
{"szEmployeeId":17210041467,"szname":"Doli Purnama Sari","Channel Group":null," LY":0.0," 3LM":1143090.0883769998," LM":3429270.265131," Max":3429270.265131," T.MTD":1319617.0602470958," A.MTD":327297.328547," Gap MTD":-992319.7317000958," Ach":0.248024475," vs LY":0.0," vs 3LM":-0.7136731987," vs LM":-0.9045577329}
{"szEmployeeId":17210042412,"szname":"Muhammad Rizky Algifari","Channel Group":"MTI"," LY":3010351.7354910001," 3LM":1925390.3847133333," LM":301621.63," Max":4711216.20414," T.MTD":2416159.334129842," A.MTD":3510073.8690910004," Gap MTD":1093914.5349611584," Ach":1.4527493363," vs LY":0.1660012442," vs 3LM":0.8230452884," vs LM":10.6373413574}
{"szEmployeeId":17210042412,"szname":"Muhammad Rizky Algifari","Channel Group":"Retail"," LY":97332741.2617969662," 3LM":72444849.7679630071," LM":67736587.0799949914," Max":118443065.114451021," T.MTD":93239790.435525164," A.MTD":91439994.4075289667," Gap MTD":-1799796.0279961475," Ach":0.9806971249," vs LY":-0.060542288," vs 3LM":0.2622014498," vs LM":0.3499350698}
{"szEmployeeId":17210042412,"szname":"Muhammad Rizky Algifari","Channel Group":"Wholesaler"," LY":380867912.3247701526," 3LM":269942317.0863668919," LM":342616891.7136970162," Max":421462191.4019371867," T.MTD":334389933.3915295005," A.MTD":198538298.3491790295," Gap MTD":-135851635.0423504114," Ach":0.5937328805," vs LY":-0.4787213836," vs 3LM":-0.2645158399," vs LM":-0.4205239054}
{"szEmployeeId":17210042412,"szname":"Muhammad Rizky Algifari","Channel Group":"FS"," LY":0.0," 3LM":1493840.5336033334," LM":485405.4," Max":2776951.3399999999," T.MTD":2792713.5948534049," A.MTD":2125569.3600000003," Gap MTD":-667144.2348534047," Ach":0.761112548," vs LY":0.0," vs 3LM":0.4228890649," vs LM":3.3789569708}
{"szEmployeeId":17210042412,"szname":"Muhammad Rizky Algifari","Channel Group":null," LY":0.0," 3LM":3614881.3734203335," LM":10844644.1202609986," Max":10999583.7602609992," T.MTD":5561403.2439622432," A.MTD":3952194.6019750014," Gap MTD":-1609208.641987242," Ach":0.7106470127," vs LY":0.0," vs 3LM":0.0933123922," vs LM":-0.6355625359}
{"szEmployeeId":17210042423,"szname":"Siti Fatimah Hadijah","Channel Group":"MTI",