{"szEmployeeId":17210032876,"szname":"Asman","Channel Group":"MTI"," LY":27975413.0843050033," 3LM":38100719.8452276736," LM":37236324.6306020021," Max":73618044.5080169886," T.MTD":40082479.2327979356," A.MTD":17659988.3446790017," Gap MTD":-22422490.8881189339," Ach":0.440591218," vs LY":-0.3687318113," vs 3LM":-0.5364920029," vs LM":-0.5257322381}
{"szEmployeeId":17210032876,"szname":"Asman","Channel Group":"Wholesaler"," LY":546974792.6105589867," 3LM":639784824.8544560671," LM":627060323.3026617765," Max":1020237665.2721353769," T.MTD":663217520.7672021389," A.MTD":278626660.1924288869," Gap MTD":-384590860.5747734904," Ach":0.4201135396," vs LY":-0.4906042034," vs 3LM":-0.5644994233," vs LM":-0.5556621112}
{"szEmployeeId":17210036369,"szname":"Muhammad Tamrin","Channel Group":"MTI"," LY":4051490.6214339999," 3LM":7593357.6996649988," LM":8569649.636481002," Max":18597777.754652001," T.MTD":7377622.7631668616," A.MTD":6669827.0448619993," Gap MTD":-707795.7183048604," Ach":0.9040618176," vs LY":0.6462649598," vs 3LM":-0.1216234888," vs LM":-0.2216919795}
{"szEmployeeId":17210036369,"szname":"Muhammad Tamrin","Channel Group":"Wholesaler"," LY":425546218.9716850519," 3LM":421387564.5048511028," LM":466576176.7878870368," Max":746512875.8815851212," T.MTD":504574412.2363100052," A.MTD":197875929.3354859948," Gap MTD":-306698482.9008238912," Ach":0.3921640189," vs LY":-0.5350071966," vs 3LM":-0.530418204," vs LM":-0.5758979151}
{"szEmployeeId":17210036369,"szname":"Muhammad Tamrin","Channel Group":"FS"," LY":0.0," 3LM":453628.83," LM":215878.38," Max":1145008.1100000001," T.MTD":347965.0005229969," A.MTD":390294.6," Gap MTD":42329.5994770031," Ach":1.1216490147," vs LY":"0x7"," vs 3LM":-0.1396168537," vs LM":0.8079374136}
{"szEmployeeId":17210037632,"szname":"Robianor","Channel Group":"MTI"," LY":1481940.9100000001," 3LM":1090674.1990090001," LM":1137663.98," Max":1915342.6399999997," T.MTD":1227656.6473911065," A.MTD":381482.0," Gap MTD":-846174.6473911065," Ach":0.3107399783," vs LY":-0.7425794798," vs 3LM":-0.6502328557," vs LM":-0.664679548}
{"szEmployeeId":17210037632,"szname":"Robianor","Channel Group":"Retail"," LY":69619218.4995580316," 3LM":97781608.369056657," LM":108719814.5953210145," Max":211867773.5205861628," T.MTD":111587993.7201159149," A.MTD":64315250.3279950172," Gap MTD":-47272743.3921209946," Ach":0.5763635332," vs LY":-0.0761854023," vs 3LM":-0.3422561625," vs LM":-0.4084311993}
{"szEmployeeId":17210037632,"szname":"Robianor","Channel Group":"Wholesaler"," LY":518389201.4965449572," 3LM":547610473.3093694448," LM":567488913.52952075," Max":920914706.8278671503," T.MTD":630199710.3573707342," A.MTD":273773782.3237990141," Gap MTD":-356425928.0335717201," Ach":0.4344238466," vs LY":-0.4718759929," vs 3LM":-0.5000574392," vs LM":-0.5175698136}
{"szEmployeeId":17210037632,"szname":"Robianor","Channel Group":"FS"," LY":0.0," 3LM":1100059.1566666667," LM":818181.98," Max":2645171.1699999999," T.MTD":984639.2751225345," A.MTD":1935102.7," Gap MTD":950463.4248774655," Ach":1.9652909943," vs LY":"0x7"," vs 3LM":0.759089671," vs LM":1.3651250545}
{"szEmployeeId":17210037897,"szname":"Hindra","Channel Group":"MTI"," LY":5494819.65142," 3LM":6901057.2834066655," LM":8353352.2161090001," Max":10895890.6953410022," T.MTD":7922597.3193634693," A.MTD":3969617.0928730001," Gap MTD":-3952980.2264904692," Ach":0.5010499629," vs LY":-0.2775709951," vs 3LM":-0.4247813154," vs LM":-0.5247875356}
{"szEmployeeId":17210037897,"szname":"Hindra","Channel Group":"Retail"," LY":59818280.0348009989," 3LM":102097522.1680070311," LM":108886309.5621559769," Max":207180593.6616000831," T.MTD":123011292.8346654028," A.MTD":62712002.6850859895," Gap MTD":-60299290.1495793685," Ach":0.5098068741," vs LY":0.0483752232," vs 3LM":-0.3857637154," vs LM":-0.424059802}
{"szEmployeeId":17210037897,"szname":"Hindra","Channel Group":"Wholesaler"," LY":223728861.0929249227," 3LM":291756935.9075523615," LM":326422260.9144300222," Max":571979076.4074648619," T.MTD":353408229.7014172673," A.MTD":137262551.913405031," Gap MTD":-216145677.7880123258," Ach":0.3883965918," vs LY":-0.386478118," vs 3LM":-0.5295311438," vs LM":-0.5794938999}
{"szEmployeeId":17210037897,"szname":"Hindra","Channel Group":"FS"," LY":0.0," 3LM":1476992.4903000002," LM":2169442.3399999999," Max":4988970.2608999992," T.MTD":1657880.1445538139," A.MTD":3671646.8499999996," Gap MTD":2013766.705446186," Ach":2.2146636245," vs LY":"0x7"," vs 3LM":1.4858940544," vs LM":0.6924380899}
{"szEmployeeId":17210041467,"szname":"Doli Purnama Sari","Channel Group":"MTI"," LY":22649609.6816240065," 3LM":23658919.5001933388," LM":29631493.8596160002," Max":65851340.0396030024," T.MTD":25073627.6716230065," A.MTD":21372229.8651979975," Gap MTD":-3701397.8064250047," Ach":0.8523788478," vs LY":-0.0563974318," vs 3LM":-0.0966523275," vs LM":-0.2787326226}
{"szEmployeeId":17210041467,"szname":"Doli Purnama Sari","Channel Group":"Retail"," LY":125990529.9416700304," 3LM":206115546.3394291997," LM":199000446.4128161371," Max":405592173.7795971036," T.MTD":238826372.3283768594," A.MTD":109650934.9052010626," Gap MTD":-129175437.4231758267," Ach":0.4591240651," vs LY":-0.129689073," vs 3LM":-0.4680123026," vs LM":-0.4489915129}
{"szEmployeeId":17210041960,"szname":"Bahrudin Rahman","Channel Group":"MTI"," LY":11153423.0593019985," 3LM":15556325.3933133315," LM":12910042.3053650018," Max":37439969.1791409999," T.MTD":16130470.8510300703," A.MTD":20045554.0968770012," Gap MTD":3915083.2458469295," Ach":1.242713513," vs LY":0.7972557833," vs 3LM":0.2885789922," vs LM":0.5527101788}
{"szEmployeeId":17210041960,"szname":"Bahrudin Rahman","Channel Group":"Retail"," LY":48348335.5786500126," 3LM":101348105.764896363," LM":114644117.0407760441," Max":225066707.4706959426," T.MTD":111613281.2420806587," A.MTD":58843792.5424499884," Gap MTD":-52769488.6996307373," Ach":0.5272113846," vs LY":0.2170800057," vs 3LM":-0.4193893206," vs LM":-0.4867264535}
{"szEmployeeId":17210041960,"szname":"Bahrudin Rahman","Channel Group":"Wholesaler"," LY":513457251.9948209524," 3LM":562879940.8593007326," LM":490102913.3934949636," Max":999416113.638548851," T.MTD":620556247.906889081," A.MTD":246477414.4992720187," Gap MTD":-374078833.4076169133," Ach":0.3971878703," vs LY":-0.519965073," vs 3LM":-0.5621137003," vs LM":-0.4970904931}
