{"szEmployeeId":17210032876,"szname":"Asman","Channel Group":"MTI"," LY":28607238.2021470033," 3LM":40082884.3993866667," LM":43578978.651681006," Max":76308230.6594270021," T.MTD":32598019.0269959085," A.MTD":12310287.7682799995," Gap MTD":-20287731.2587159015," Ach":0.3776391368," vs LY":-0.569679265," vs 3LM":-0.6928791939," vs LM":-0.717517754}
{"szEmployeeId":17210032876,"szname":"Asman","Channel Group":"RETAIL"," LY":52152479.62882898," 3LM":60794002.642523326," LM":65892127.8850040138," Max":97785657.1545330137," T.MTD":49891859.6098417416," A.MTD":27133356.701992996," Gap MTD":-22758502.9078487381," Ach":0.5438433627," vs LY":-0.479730266," vs 3LM":-0.5536836608," vs LM":-0.5882155035}
{"szEmployeeId":17210032876,"szname":"Asman","Channel Group":"WHOLESALER"," LY":472826917.8457499743," 3LM":534394489.5566960573," LM":538256779.282222867," Max":864066794.1623761654," T.MTD":438372121.3631622195," A.MTD":143536212.1660680175," Gap MTD":-294835909.197094202," Ach":0.3274300649," vs LY":-0.6964296939," vs 3LM":-0.731404019," vs LM":-0.7333313435}
{"szEmployeeId":17210036369,"szname":"Muhammad Tamrin","Channel Group":"MTI"," LY":16486305.7086879946," 3LM":20219895.3990370035," LM":19499626.3500429951," Max":36351759.9902150035," T.MTD":19643637.8833425641," A.MTD":4907567.393765999," Gap MTD":-14736070.489576567," Ach":0.2498298647," vs LY":-0.7023246153," vs 3LM":-0.7572901691," vs LM":-0.7483250548}
{"szEmployeeId":17210036369,"szname":"Muhammad Tamrin","Channel Group":"RETAIL"," LY":75524115.9822530001," 3LM":124705922.2255379558," LM":132838405.1728589833," Max":211205393.709900111," T.MTD":128781077.0820650458," A.MTD":54363209.0348179862," Gap MTD":-74417868.0472470373," Ach":0.4221366234," vs LY":-0.2801874166," vs 3LM":-0.5640687462," vs LM":-0.5907568375}
{"szEmployeeId":17210036369,"szname":"Muhammad Tamrin","Channel Group":"WHOLESALER"," LY":436409352.5078850985," 3LM":569068134.7997757196," LM":625702786.2114881277," Max":932352754.0627827644," T.MTD":596162785.0345925093," A.MTD":113612219.5104169697," Gap MTD":-482550565.5241752267," Ach":0.1905724785," vs LY":-0.7396659378," vs 3LM":-0.800353925," vs LM":-0.8184246227}
{"szEmployeeId":17210037632,"szname":"Robianor","Channel Group":"MTI"," LY":1628232.9407929999," 3LM":1336728.6566666663," LM":1162738.3300000003," Max":1915342.6400000001," T.MTD":1239662.2374241466," A.MTD":624874.5800000001," Gap MTD":-614787.6574241465," Ach":0.5040684157," vs LY":-0.6162253174," vs 3LM":-0.5325344625," vs LM":-0.462583658}
{"szEmployeeId":17210037632,"szname":"Robianor","Channel Group":"RETAIL"," LY":80714221.9505809993," 3LM":140621840.5075103343," LM":145107216.8371430039," Max":240035093.4628120363," T.MTD":125961883.7348347455," A.MTD":57409960.4659760073," Gap MTD":-68551923.2688587755," Ach":0.4557724826," vs LY":-0.2887255916," vs 3LM":-0.5917422197," vs LM":-0.6043617835}
{"szEmployeeId":17210037632,"szname":"Robianor","Channel Group":"WHOLESALER"," LY":400812794.986496985," 3LM":544843387.976936698," LM":545769367.1895769835," Max":820406468.4815599918," T.MTD":508020954.0277408361," A.MTD":163727302.5522180498," Gap MTD":-344293651.4755228758," Ach":0.322284546," vs LY":-0.5915117865," vs 3LM":-0.699496578," vs LM":-0.7000064269}
{"szEmployeeId":17210037897,"szname":"Hindra","Channel Group":"MTI"," LY":5823242.981013," 3LM":7844686.0846826639," LM":8293981.6773719992," Max":10895890.6953409966," T.MTD":9690083.036629077," A.MTD":2318738.6563880001," Gap MTD":-7371344.3802410774," Ach":0.2392898645," vs LY":-0.6018131711," vs 3LM":-0.7044191914," vs LM":-0.7204311817}
{"szEmployeeId":17210037897,"szname":"Hindra","Channel Group":"RETAIL"," LY":79063782.2323020101," 3LM":153331312.717169255," LM":160990769.0002869964," Max":252082404.5198529661," T.MTD":201707520.1702017784," A.MTD":60364167.1231900081," Gap MTD":-141343353.0470116138," Ach":0.2992658235," vs LY":-0.2365130352," vs 3LM":-0.6063154612," vs LM":-0.6250457868}
{"szEmployeeId":17210037897,"szname":"Hindra","Channel Group":"WHOLESALER"," LY":258560644.5232740343," 3LM":271516831.2650099993," LM":257326387.7160570323," Max":447307039.0619250536," T.MTD":374842396.7931691408," A.MTD":111192341.9575320184," Gap MTD":-263650054.8356371522," Ach":0.2966375813," vs LY":-0.5699564326," vs 3LM":-0.590477167," vs LM":-0.567893744}
{"szEmployeeId":17210038077,"szname":"Sopian Sauri","Channel Group":"MTI"," LY":5046365.4516129987," 3LM":8635348.8267783336," LM":7102451.0360320006," Max":17872601.96844," T.MTD":9244597.3717759922," A.MTD":6160377.2733310005," Gap MTD":-3084220.0984449927," Ach":0.6663759411," vs LY":0.2207552807," vs 3LM":-0.2866093314," vs LM":-0.1326406557}
{"szEmployeeId":17210038077,"szname":"Sopian Sauri","Channel Group":"RETAIL"," LY":46739465.3937259912," 3LM":48123689.2941586748," LM":45032133.7422429919," Max":84366793.5326740146," T.MTD":52685227.6550381929," A.MTD":19855705.1139059998," Gap MTD":-32829522.5411321968," Ach":0.3768742397," vs LY":-0.5751833072," vs 3LM":-0.5874026824," vs LM":-0.5590769643}
{"szEmployeeId":17210038077,"szname":"Sopian Sauri","Channel Group":"WHOLESALER"," LY":303250402.1006580591," 3LM":322892314.4780046344," LM":291049030.767037034," Max":526104096.6668829918," T.MTD":367171511.4912266731," A.MTD":65392362.9092649892," Gap MTD":-301779148.5819615722," Ach":0.1780975943," vs LY":-0.7843618262," vs 3LM":-0.7974793454," vs LM":-0.7753218324}
{"szEmployeeId":17210041467,"szname":"Doli Purnama Sari","Channel Group":"MTI"," LY":51773478.3808959946," 3LM":28496197.2366100103," LM":45853764.6649380177," Max":51039764.4094400331," T.MTD":30755326.2567392029," A.MTD":8129431.8406259995," Gap MTD":-22625894.4161132015," Ach":0.2643259828," vs LY":-0.8429807675," vs 3LM":-0.7147187124," vs LM":-0.8227096096}
{"szEmployeeId":17210041467,"szname":"Doli Purnama Sari","Channel Group":"RETAIL"," LY":96807650.7383468747," 3LM":104068463.9067087173," LM":137392576.4950540364," Max":203203784.0426369607," T.MTD":115830815.0910744816," A.MTD":47513251.5168849677," Gap MTD":-68317563.5741895139," Ach":0.4101952618," vs LY":-0.509199416," vs 3LM":-0.5434423673," vs LM":-0.654178903}
{"szEmployeeId":17210041467,"szname":"Doli Purnama Sari","Channel Group":"WHOLESALER"," LY":1114594.5462090001," 3LM":872132.0803293334," LM":334504.4500000001," Max":4185405.3326920001," T.MTD":960858.6521862488," A.MTD":428378.36," Gap MTD":-532480.2921862488," Ach":0.4458286961," vs LY":-0.6156644033," vs 3LM":-0.5088148118," vs LM":0.2806357584}
{"szEmployeeId":17210041719,"szname":"Muhammad Iqbal Purwa Atmaja","Channel Group":"MTI"," LY":1227163.7893669999," 3LM":3304966.4739626665," LM":2359169.1908099996," Max":6883853.710810001," T.MTD":2492260.297995402," A.MTD":23069997.9166599996," Gap MTD":20577737.6186645962," Ach":9.2566566723," vs LY":17.7994447983," vs 3LM":5.9804030081," vs LM":8.7788653762}
{"szEmployeeId":17210041719,"szname":"Muhammad Iqbal Purwa Atmaja","Channel Group":"RETAIL"," LY":58472488.0572590083," 3LM":67960833.6753777117," LM":85295435.9382939935," Max":136660066.6204810143," T.MTD":82070528.2613455355," A.MTD":44949816.9676389843," Gap MTD":-37120711.2937064916," Ach":0.5476974246," vs LY":-0.2312655325," vs 3LM":-0.3385923254," vs LM":-0.473010291}
{"szEmployeeId":17210041719,"szname":"Muhammad Iqbal Purwa Atmaja","Channel Group":"WHOLESALER"," LY":1622153.1081050001," 3LM":1926221.5670836666," LM":1490321.5659440001," Max":3831685.4831439997," T.MTD":2144211.4406590299," A.MTD":2026657.6099949998," Gap MTD":-117553.8306640299," Ach":0.9451761946," vs LY":0.2493627142," vs 3LM":0.0521414798," vs LM":0.3598794088}
{"szEmployeeId":"Grand Total","szname":null,"Channel Group":null," LY":2474663091.0561923981," 3LM":3055040283.7699460983," LM":3160328552.154086113," Max":5024860880.3679246902," T.MTD":3150267336.518040657," A.MTD":969026217.4189530611," Gap MTD":-2181241119.0990872383," Ach":0.3076012649," vs LY":-0.608420952," vs 3LM":-0.682810658," vs LM":-0.6933780139}
