{"szEmployeeId":17210032876,"szname":"Asman","Channel Group":"MTI"," LY":21169006.9265009984," 3LM":42310684.816147998," LM":47266336.974120006," Max":88561193.1919359863," T.MTD":40934722.5314864218," A.MTD":21607891.1300730035," Gap MTD":-19326831.4014134258," Ach":0.5278621618," vs LY":0.0207323945," vs 3LM":-0.4893041504," vs LM":-0.5428481978}
{"szEmployeeId":17210032876,"szname":"Asman","Channel Group":"Retail"," LY":76811157.4896030128," 3LM":96941305.5763410181," LM":101640019.3369370103," Max":160112694.7564559579," T.MTD":105473277.3260157555," A.MTD":39363909.8192130104," Gap MTD":-66109367.5068027601," Ach":0.3732121616," vs LY":-0.4875235434," vs 3LM":-0.5939407914," vs LM":-0.6127124918}
{"szEmployeeId":17210032876,"szname":"Asman","Channel Group":"Wholesaler"," LY":788882644.0373419523," 3LM":837612370.3809401989," LM":749459325.3251788616," Max":1396160070.8720417023," T.MTD":957018000.1424978971," A.MTD":313803385.5701650381," Gap MTD":-643214614.572332859," Ach":0.3278970568," vs LY":-0.6022179117," vs 3LM":-0.6253596572," vs LM":-0.5812936407}
{"szEmployeeId":17210036369,"szname":"Muhammad Tamrin","Channel Group":"MTI"," LY":12658314.9492359962," 3LM":19021478.0294913352," LM":12689549.1270759981," Max":36351759.9902150035," T.MTD":18928587.5794137344," A.MTD":5537026.7768209986," Gap MTD":-13391560.8025927357," Ach":0.2925219197," vs LY":-0.5625778945," vs 3LM":-0.7089065966," vs LM":-0.5636545695}
{"szEmployeeId":17210036369,"szname":"Muhammad Tamrin","Channel Group":"Retail"," LY":79954838.9530020207," 3LM":124962900.3111244142," LM":120178051.4413520694," Max":214122703.0848500431," T.MTD":134196862.5680801719," A.MTD":59826878.3546649665," Gap MTD":-74369984.2134151012," Ach":0.4458142851," vs LY":-0.2517416189," vs 3LM":-0.5212428792," vs LM":-0.5021813248}
{"szEmployeeId":17210036369,"szname":"Muhammad Tamrin","Channel Group":"Wholesaler"," LY":598965872.683431983," 3LM":517196527.5025513768," LM":403397571.6281709075," Max":909368520.461329937," T.MTD":585100549.8525060415," A.MTD":176214596.5221530199," Gap MTD":-408885953.330352962," Ach":0.3011697674," vs LY":-0.705801942," vs 3LM":-0.6592889025," vs LM":-0.5631738788}
{"szEmployeeId":17210037632,"szname":"Robianor","Channel Group":"MTI"," LY":899858.2500000001," 3LM":1199299.8566666667," LM":1186806.75," Max":1915342.6400000001," T.MTD":1270189.5029141025," A.MTD":148648.57," Gap MTD":-1121540.9329141025," Ach":0.1170286557," vs LY":-0.8348089046," vs 3LM":-0.876053875," vs LM":-0.8747491367}
{"szEmployeeId":17210037632,"szname":"Robianor","Channel Group":"Retail"," LY":79473398.4938799739," 3LM":129707692.1635050476," LM":122043145.1791870296," Max":238166290.7430850267," T.MTD":136634394.0787501037," A.MTD":52254099.1714430079," Gap MTD":-84380294.9073069841," Ach":0.3824373762," vs LY":-0.3424957261," vs 3LM":-0.5971395505," vs LM":-0.5718391304}
{"szEmployeeId":17210037632,"szname":"Robianor","Channel Group":"Wholesaler"," LY":490055394.1643771529," 3LM":525167979.184492588," LM":496794036.5263890028," Max":820406468.4815602303," T.MTD":577272057.6865718365," A.MTD":149789683.9218039513," Gap MTD":-427482373.7647678256," Ach":0.2594784936," vs LY":-0.694341322," vs 3LM":-0.7147775762," vs LM":-0.6984873551}
{"szEmployeeId":17210037632,"szname":"Robianor","Channel Group":"FS"," LY":0.0," 3LM":373272.67," LM":1119818.01," Max":0.0," T.MTD":348358.7317645268," A.MTD":0.0," Gap MTD":-348358.7317645268," Ach":0.0," vs LY":0.0," vs 3LM":-1.0," vs LM":-1.0}
{"szEmployeeId":17210037897,"szname":"Hindra","Channel Group":"MTI"," LY":7395224.9923719987," 3LM":7463921.3944736663," LM":4107387.2315170001," Max":10895890.6953409985," T.MTD":7958121.143160658," A.MTD":4365360.1728699999," Gap MTD":-3592760.9702906576," Ach":0.5485415583," vs LY":-0.4097055631," vs 3LM":-0.415138512," vs LM":0.0628070661}
{"szEmployeeId":17210037897,"szname":"Hindra","Channel Group":"Retail"," LY":78565132.5062869638," 3LM":148258812.6078156233," LM":140818250.0088180006," Max":252082404.5198529661," T.MTD":160695544.6958367825," A.MTD":51793566.0515480116," Gap MTD":-108901978.6442887485," Ach":0.3223086623," vs LY":-0.340756333," vs 3LM":-0.6506543851," vs LM":-0.6321956419}
{"szEmployeeId":17210037897,"szname":"Hindra","Channel Group":"Wholesaler"," LY":254276764.8537220657," 3LM":275454833.9924894571," LM":313040827.5213649869," Max":435767892.7778611183," T.MTD":307662334.161002636," A.MTD":54465123.0692599937," Gap MTD":-253197211.0917425156," Ach":0.1770288951," vs LY":-0.7858037753," vs 3LM":-0.8022720376," vs LM":-0.8260127169}
{"szEmployeeId":17210037897,"szname":"Hindra","Channel Group":null," LY":0.0," 3LM":0.0," LM":0.0," Max":0.0," T.MTD":0.0," A.MTD":0.0," Gap MTD":0.0," Ach":null," vs LY":0.0," vs 3LM":0.0," vs LM":0.0}
{"szEmployeeId":17210041467,"szname":"Doli Purnama Sari","Channel Group":"MTI"," LY":20755651.357928995," 3LM":29890563.3735846691," LM":39858908.5274609923," Max":52517061.568256028," T.MTD":31383057.0891272351," A.MTD":7734251.6764810011," Gap MTD":-23648805.4126462378," Ach":0.2464467262," vs LY":-0.6273664679," vs 3LM":-0.7412477115," vs LM":-0.8059592708}
{"szEmployeeId":17210041467,"szname":"Doli Purnama Sari","Channel Group":"Retail"," LY":74617839.2979770154," 3LM":120443896.6219210476," LM":139721972.8149389625," Max":207284657.8560560346," T.MTD":127856766.9522855282," A.MTD":57634239.1603170037," Gap MTD":-70222527.7919683903," Ach":0.4507719109," vs LY":-0.2276077718," vs 3LM":-0.5214847678," vs LM":-0.5875076912}
{"szEmployeeId":17210041467,"szname":"Doli Purnama Sari","Channel Group":"Wholesaler"," LY":374252.23," 3LM":823363.3166666667," LM":1080450.3999999999," Max":4185405.3326920001," T.MTD":902175.9585874173," A.MTD":0.0," Gap MTD":-902175.9585874173," Ach":0.0," vs LY":-1.0," vs 3LM":-1.0," vs LM":-1.0}
{"szEmployeeId":17210041719,"szname":"Muhammad Iqbal Purwa Atmaja","Channel Group":"MTI"," LY":4148539.3897130005," 3LM":4871699.4093350004," LM":6176315.8119729999," Max":9287457.2679249998," T.MTD":5241325.1916284412," A.MTD":1569926.8310809999," Gap MTD":-3671398.3605474406," Ach":0.2995286065," vs LY":-0.6215711884," vs 3LM":-0.6777455464," vs LM":-0.7458150006}
{"szEmployeeId":17210041719,"szname":"Muhammad Iqbal Purwa Atmaja","Channel Group":"Retail"," LY":56131270.331341967," 3LM":86453907.0363640487," LM":107969826.4296259582," Max":144011173.0101059079," T.MTD":94331890.8888130635," A.MTD":34845119.7631260082," Gap MTD":-59486771.1256870776," Ach":0.3693885433," vs LY":-0.3792208949," vs 3LM":-0.5969514744," vs LM":-0.6772698363}
{"szEmployeeId":17210041719,"szname":"Muhammad Iqbal Purwa Atmaja","Channel Group":"Wholesaler"," LY":925968.336214," 3LM":2313251.2799043334," LM":3061342.2485499997," Max":3831685.4831439997," T.MTD":2468783.9195584627," A.MTD":1014126.993242," Gap MTD":-1454656.9263164625," Ach":0.4107799736," vs LY":0.0952069888," vs 3LM":-0.5616010236," vs LM":-0.6687312587}
