{"szEmployeeId":17210032876,"szname":"Asman","Channel":"Wholesaler","LY":891486691.0427371264,"3LM":876386814.7320029736,"LM":858211909.6433352232,"Target":923250101.4591659307,"Actual":453521496.7108769417,"Ach":0.4912227965,"Gap":-469728604.7482889891,"vs LY":-0.4912750787,"vs 3LM":-0.4825099042,"vs LM":-0.4715506839}
{"szEmployeeId":17210032876,"szname":"Asman","Channel":"Retail","LY":114905099.8956109881,"3LM":120183485.4343539774,"LM":127821450.3079520017,"Target":124801663.4577450007,"Actual":119670659.7837940156,"Ach":0.9588867365,"Gap":-5131003.6739509851,"vs LY":0.0414738762,"vs 3LM":-0.0042670226,"vs LM":-0.0637670008}
{"szEmployeeId":17210032876,"szname":"Asman","Channel":"MTI","LY":38788254.4771230072,"3LM":51872087.6668513343,"LM":55419921.5861569867,"Target":51948235.0830894187,"Actual":40719703.0501560047,"Ach":0.7838515204,"Gap":-11228532.032933414,"vs LY":0.0497946762,"vs 3LM":-0.2149977978,"vs LM":-0.2652515218}
{"szEmployeeId":17210037897,"szname":"Hindra","Channel":"Wholesaler","LY":215160669.5543959737,"3LM":226670136.7113143206,"LM":204468073.3189939857,"Target":248423228.2641009688,"Actual":164669067.0330969989,"Ach":0.6628569646,"Gap":-83754161.2310039699,"vs LY":-0.2346692945,"vs 3LM":-0.2735299435,"vs LM":-0.194646556}
{"szEmployeeId":17210037897,"szname":"Hindra","Channel":"Retail","LY":55839793.7187760025,"3LM":133509231.9515440166,"LM":126427683.0699760765,"Target":144930021.0203855336,"Actual":137078810.7471770346,"Ach":0.9458275779,"Gap":-7851210.273208499,"vs LY":1.4548588313,"vs 3LM":0.026736569,"vs LM":0.0842467996}
{"szEmployeeId":17210037897,"szname":"Hindra","Channel":"MTI","LY":13602522.1347399987,"3LM":6630355.9212406659,"LM":6342221.3869680008,"Target":6646750.7155132983,"Actual":6825093.44142,"Ach":1.0268315653,"Gap":178342.7259067018,"vs LY":-0.4982479445,"vs 3LM":0.0293705983,"vs LM":0.0761361083}
{"szEmployeeId":17210036369,"szname":"Muhammad Tamrin","Channel":"Wholesaler","LY":390327328.8937538266,"3LM":320663990.978877604,"LM":371156289.3137600422,"Target":370102668.7429541945,"Actual":263324242.0472269654,"Ach":0.7114897143,"Gap":-106778426.6957272291,"vs LY":-0.3253758511,"vs 3LM":-0.1788156779,"vs LM":-0.2905300284}
{"szEmployeeId":17210036369,"szname":"Muhammad Tamrin","Channel":"Retail","LY":84824441.9894209951,"3LM":150467986.9362262785,"LM":155630374.2041789889,"Target":174297247.9664403796,"Actual":137807813.3814060092,"Ach":0.790648246,"Gap":-36489434.5850343704,"vs LY":0.624623872,"vs 3LM":-0.0841386518,"vs LM":-0.1145185245}
{"szEmployeeId":17210036369,"szname":"Muhammad Tamrin","Channel":"MTI","LY":3546306.1941300002,"3LM":13756030.1231050044,"LM":18533037.224387005,"Target":15600083.2906054687,"Actual":10585037.4980869982,"Ach":0.678524422,"Gap":-5015045.7925184704,"vs LY":1.9848064207,"vs 3LM":-0.2305165514,"vs LM":-0.428855758}
{"szEmployeeId":17210037713,"szname":"Rahmani","Channel":"Wholesaler","LY":355748177.4265159965,"3LM":337193652.1556535959,"LM":272692214.098928988,"Target":396031712.9057658315,"Actual":237044231.3420790136,"Ach":0.5985486102,"Gap":-158987481.5636868179,"vs LY":-0.3336740808,"vs 3LM":-0.2970086186,"vs LM":-0.1307260747}
{"szEmployeeId":17210037713,"szname":"Rahmani","Channel":"Retail","LY":84806217.3757640123,"3LM":110386724.6325357109,"LM":104609193.6219879538,"Target":132077869.5096500218,"Actual":95085896.6114310324,"Ach":0.7199230042,"Gap":-36991972.8982189894,"vs LY":0.1212137453,"vs 3LM":-0.1386111244,"vs LM":-0.091036903}
{"szEmployeeId":17210037713,"szname":"Rahmani","Channel":"MTI","LY":3931490.7359239999,"3LM":6083476.1040556673,"LM":9990395.2745320015,"Target":6890417.5845840611,"Actual":4546234.0340519994,"Ach":0.659790786,"Gap":-2344183.5505320616,"vs LY":0.1563639188,"vs 3LM":-0.2526913961,"vs LM":-0.5449395235}
{"szEmployeeId":17210037632,"szname":"Robianor","Channel":"Wholesaler","LY":262576599.3300200105,"3LM":364142815.3963080645,"LM":397074013.3786390424,"Target":396290813.6424007416,"Actual":301943386.962880969,"Ach":0.7619237605,"Gap":-94347426.6795197725,"vs LY":0.1499249656,"vs 3LM":-0.1708105331,"vs LM":-0.239579079}
{"szEmployeeId":17210037632,"szname":"Robianor","Channel":"Retail","LY":54481213.359691985,"3LM":122532681.5260166526,"LM":102196098.0710120052,"Target":132470757.1793961078,"Actual":110916430.2535209954,"Ach":0.8372899243,"Gap":-21554326.9258751124,"vs LY":1.0358656391,"vs 3LM":-0.0948012492,"vs LM":0.0853294044}
{"szEmployeeId":17210037632,"szname":"Robianor","Channel":"MTI","LY":1193015.1293690002,"3LM":1201138.3233333325,"LM":1248354.4900000002,"Target":1238429.1782031835,"Actual":1162738.3300000001,"Ach":0.9388815691,"Gap":-75690.8482031834,"vs LY":-0.0253783868,"vs 3LM":-0.0319696679,"vs LM":-0.0685832115}
{"szEmployeeId":17210038077,"szname":"Sopian Sauri","Channel":"Wholesaler","LY":743635.0952250001,"3LM":2488357.8781326669,"LM":2388090.0252189999,"Target":3606763.7977251527,"Actual":1824826.0159440001,"Ach":0.5059455285,"Gap":-1781937.7817811526,"vs LY":1.453926701,"vs 3LM":-0.2666545146,"vs LM":-0.2358638089}
{"szEmployeeId":17210038077,"szname":"Sopian Sauri","Channel":"Retail","LY":42759595.0815849826,"3LM":60789770.6316626593,"LM":58454462.3203690052,"Target":83028316.3037671298,"Actual":193501526.1783659756,"Ach":2.3305485983,"Gap":110473209.8745988458,"vs LY":3.5253357944,"vs 3LM":2.18312644,"vs LM":2.3102952024}
{"szEmployeeId":17210038077,"szname":"Sopian Sauri","Channel":"MTI","LY":2869762.0734140002,"3LM":3461685.6736310003,"LM":4001234.8900000006,"Target":3429919.8985076416,"Actual":40597914.346927993,"Ach":11.8364030497,"Gap":37167994.4484203532,"vs LY":13.1467875414,"vs 3LM":10.7277876083,"vs LM":9.1463461814}
{"szEmployeeId":17210041467,"szname":"Doli Purnama Sari","Channel":"Wholesaler","LY":2001351.3363060001,"3LM":3355900.7860506671,"LM":1336216.164053,"Target":5075035.5658637006,"Actual":1824826.0159440001,"Ach":0.3595691089,"Gap":-3250209.5499197003,"vs LY":-0.0882030642,"vs 3LM":-0.4562336218,"vs LM":0.3656667724}
{"szEmployeeId":17210041467,"szname":"Doli Purnama Sari","Channel":"Retail","LY":90955534.4094910175,"3LM":84578492.17016536,"LM":87262962.205316022,"Target":127607126.5800297111,"Actual":193501526.1783659756,"Ach":1.5163849494,"Gap":65894399.5983362645,"vs LY":1.1274299297,"vs 3LM":1.2878337177,"vs LM":1.2174531014}
{"szEmployeeId":17210041467,"szname":"Doli Purnama Sari","Channel":"MTI","LY":24855039.8968270011,"3LM":18352254.3935193308,"LM":21618377.4340309985,"Target":27317837.8541066945,"Actual":40597914.346927993,"Ach":1.4861320491,"Gap":13280076.4928212985,"vs LY":0.6333876154,"vs 3LM":1.2121486263,"vs LM":0.8779353109}
