{"szEmployeeId":17210032876,"szname":"Asman","Channel Group":"MTI"," LY":21169006.9265009984," 3LM":42310684.816147998," LM":47266336.974120006," Max":88561193.1919359863," T.MTD":40934722.5314864367," A.MTD":11127122.2335909978," Gap MTD":-22488853.4952057451," Ach":0.2718260085," vs LY":-0.4743673016," vs 3LM":-0.7370138942," vs LM":-0.7645867451}
{"szEmployeeId":17210032876,"szname":"Asman","Channel Group":"Retail"," LY":76811157.4896030128," 3LM":96941305.5763410032," LM":101640019.3369370252," Max":160112694.7564559281," T.MTD":105473277.3260158002," A.MTD":10061698.2062119991," Gap MTD":-56828390.859898366," Ach":0.0953957103," vs LY":-0.8690073352," vs 3LM":-0.8962083485," vs LM":-0.90100653}
{"szEmployeeId":17210032876,"szname":"Asman","Channel Group":"Wholesaler"," LY":788882644.0373420715," 3LM":837612370.3809401989," LM":749459325.3251787424," Max":1396160070.8720414639," T.MTD":957018000.1424977779," A.MTD":83189422.4068839997," Gap MTD":-441006512.7982087731," Ach":0.0869256612," vs LY":-0.8945477847," vs 3LM":-0.9006826721," vs LM":-0.8890007508}
{"szEmployeeId":17210036369,"szname":"Muhammad Tamrin","Channel Group":"MTI"," LY":12658314.9492359962," 3LM":19021478.0294913314," LM":12689549.127076," Max":36351759.9902150035," T.MTD":18260080.1152706668," A.MTD":2344504.392242," Gap MTD":-12027160.2374906037," Ach":0.128395077," vs LY":-0.8147854275," vs 3LM":-0.8767443629," vs LM":-0.8152413164}
{"szEmployeeId":17210036369,"szname":"Muhammad Tamrin","Channel Group":"Retail"," LY":86576708.1155859977," 3LM":129806143.38641873," LM":122294267.5747660547," Max":221218738.9232800305," T.MTD":134549924.0934849977," A.MTD":29436824.9485070072," Gap MTD":-46003149.7983758301," Ach":0.2187799447," vs LY":-0.6599914043," vs 3LM":-0.7732247166," vs LM":-0.7592951368}
{"szEmployeeId":17210036369,"szname":"Muhammad Tamrin","Channel Group":"Wholesaler"," LY":598965872.683431983," 3LM":536591955.9443006516," LM":426262944.3398529291," Max":932352754.0627828836," T.MTD":585415995.7912442684," A.MTD":108000308.4739179909," Gap MTD":-170940052.1494666636," Ach":0.1844847241," vs LY":-0.8196887112," vs 3LM":-0.7987291698," vs LM":-0.7466345365}
{"szEmployeeId":17210037632,"szname":"Robianor","Channel Group":"MTI"," LY":899858.2500000001," 3LM":1199299.8566666669," LM":1186806.75," Max":1915342.6400000004," T.MTD":1261154.9189243994," A.MTD":0.0," Gap MTD":-770443.4833032459," Ach":0.0," vs LY":-1.0," vs 3LM":-1.0," vs LM":-1.0}
{"szEmployeeId":17210037632,"szname":"Robianor","Channel Group":"Retail"," LY":81792474.8543019593," 3LM":129198560.7778907418," LM":121418911.0883770287," Max":240035093.4628119767," T.MTD":136066403.603197366," A.MTD":14154730.6600719988," Gap MTD":-63131825.4210785404," Ach":0.104028109," vs LY":-0.8269433626," vs 3LM":-0.8904420407," vs LM":-0.8834223554}
{"szEmployeeId":17210037632,"szname":"Robianor","Channel Group":"Wholesaler"," LY":490055394.1643770337," 3LM":525167979.1844925284," LM":496794036.5263890028," Max":820406468.4815599918," T.MTD":577849761.0116145611," A.MTD":43132529.5238909945," Gap MTD":-261049470.9116553366," Ach":0.0746431554," vs LY":-0.9119843796," vs 3LM":-0.9178690795," vs LM":-0.9131782462}
{"szEmployeeId":17210037632,"szname":"Robianor","Channel Group":"FS"," LY":0.0," 3LM":373272.67," LM":1119818.01," Max":0.0," T.MTD":347680.4662643197," A.MTD":0.0," Gap MTD":0.0," Ach":0.0," vs LY":null," vs 3LM":-1.0," vs LM":-1.0}
{"szEmployeeId":17210037897,"szname":"Hindra","Channel Group":"MTI"," LY":7395224.9923719987," 3LM":7463921.3944736645," LM":4107387.2315170001," Max":10895890.6953409985," T.MTD":7958121.143160658," A.MTD":672927.87," Gap MTD":-4780717.3962013554," Ach":0.0845586361," vs LY":-0.9090050849," vs 3LM":-0.9098425835," vs LM":-0.8361664406}
{"szEmployeeId":17210037897,"szname":"Hindra","Channel Group":"Retail"," LY":78565132.5062869638," 3LM":148258812.6078155935," LM":140818250.0088180006," Max":252082404.5198529959," T.MTD":160695544.6958368123," A.MTD":16582967.1100650039," Gap MTD":-76168157.8290176094," Ach":0.1031949401," vs LY":-0.7889271413," vs 3LM":-0.8881485234," vs LM":-0.8822385088}
{"szEmployeeId":17210037897,"szname":"Hindra","Channel Group":"Wholesaler"," LY":254276764.8537220061," 3LM":275454833.9924893975," LM":313040827.5213649273," Max":435767892.7778611183," T.MTD":307662334.1610025764," A.MTD":21628918.2462709993," Gap MTD":-149054311.5484451056," Ach":0.0703008326," vs LY":-0.9149394627," vs 3LM":-0.9214792569," vs LM":-0.9309070372}
{"szEmployeeId":17210041467,"szname":"Doli Purnama Sari","Channel Group":"MTI"," LY":20755651.3579289988," 3LM":29890563.3735846728," LM":39858908.5274609998," Max":52517061.568256028," T.MTD":31383057.0891272314," A.MTD":410090.0," Gap MTD":-27756955.3713769354," Ach":0.0130672419," vs LY":-0.9802420077," vs 3LM":-0.9862802854," vs LM":-0.9897114594}
{"szEmployeeId":17210041467,"szname":"Doli Purnama Sari","Channel Group":"Retail"," LY":74617839.2979770303," 3LM":120443896.6219210476," LM":139721972.8149389327," Max":201570965.090388," T.MTD":127856766.9522854835," A.MTD":26901435.6507860012," Gap MTD":-83244011.6061723083," Ach":0.2104029086," vs LY":-0.6394771558," vs 3LM":-0.7766475811," vs LM":-0.8074645304}
{"szEmployeeId":17210041467,"szname":"Doli Purnama Sari","Channel Group":"Wholesaler"," LY":374252.23," 3LM":823363.3166666667," LM":1080450.3999999999," Max":4185405.3326920001," T.MTD":902175.9585874169," A.MTD":70270.27," Gap MTD":-615237.1016647578," Ach":0.0778897612," vs LY":-0.8122382063," vs 3LM":-0.914654602," vs LM":-0.9349620584}
{"szEmployeeId":17210041719,"szname":"Muhammad Iqbal Purwa Atmaja","Channel Group":"MTI"," LY":4148539.3897130005," 3LM":4871699.4093350004," LM":6176315.8119729999," Max":9287457.2679249998," T.MTD":5241325.1916284412," A.MTD":355675.61," Gap MTD":-2317025.1705470625," Ach":0.0678598631," vs LY":-0.9142648589," vs 3LM":-0.9269914705," vs LM":-0.942412982}
{"szEmployeeId":17210041719,"szname":"Muhammad Iqbal Purwa Atmaja","Channel Group":"Retail"," LY":56131270.3313419819," 3LM":86453907.0363640487," LM":107969826.4296259582," Max":140534932.0844429433," T.MTD":94331890.8888130635," A.MTD":31323324.3929280043," Gap MTD":-4917509.3993554078," Ach":0.3320544526," vs LY":-0.4419630233," vs 3LM":-0.6376875787," vs LM":-0.7098881657}
{"szEmployeeId":17210041719,"szname":"Muhammad Iqbal Purwa Atmaja","Channel Group":"Wholesaler"," LY":925968.336214," 3LM":2313251.2799043334," LM":3061342.2485499997," Max":3831685.4831439997," T.MTD":2468783.9195584627," A.MTD":1998451.279725," Gap MTD":1070985.8525554659," Ach":0.8094881305," vs LY":1.1582285285," vs 3LM":-0.1360855186," vs LM":-0.3471976939}
