{"szEmployeeId":17210032876,"szname":"Asman","Channel Group":"MTI"," LY":39106913.5547939986," 3LM":35999967.4218723327," LM":38072529.9745750055," Max":63075717.2735720053," T.MTD":37680024.4013079852," A.MTD":18610735.3526020013," Gap MTD":-19069289.0487059839," Ach":0.4939151619," vs LY":-0.52410626," vs 3LM":-0.4830346613," vs LM":-0.5111768153}
{"szEmployeeId":17210032876,"szname":"Asman","Channel Group":"Wholesaler"," LY":628664289.5748058558," 3LM":569843552.5811033249," LM":651100281.9474560022," Max":859958995.2013970613," T.MTD":599019975.5986915827," A.MTD":256439298.0123050511," Gap MTD":-342580677.5863872766," Ach":0.4280980743," vs LY":-0.5920886517," vs 3LM":-0.5499829789," vs LM":-0.6061446983}
{"szEmployeeId":17210036369,"szname":"Muhammad Tamrin","Channel Group":"MTI"," LY":7732869.7825000007," 3LM":8129104.9005973339," LM":7435160.4140520003," Max":24433837.9399179965," T.MTD":10009472.5010655522," A.MTD":4275549.6102670012," Gap MTD":-5733922.8907985501," Ach":0.4271503428," vs LY":-0.4470940633," vs 3LM":-0.4740442321," vs LM":-0.4249552972}
{"szEmployeeId":17210036369,"szname":"Muhammad Tamrin","Channel Group":"Wholesaler"," LY":408870048.9055979252," 3LM":334636336.3544669747," LM":344323210.0041090846," Max":612372202.0481318235," T.MTD":530240345.4756395221," A.MTD":176957724.4941579103," Gap MTD":-353282620.9814813733," Ach":0.333731158," vs LY":-0.5672030148," vs 3LM":-0.4711939342," vs LM":-0.4860708795}
{"szEmployeeId":17210036369,"szname":"Muhammad Tamrin","Channel Group":"FS"," LY":0.0," 3LM":261696.3966666666," LM":559458.5600000001," Max":1357067.5650450001," T.MTD":134156.9895038807," A.MTD":0.0," Gap MTD":-134156.9895038807," Ach":0.0," vs LY":0.0," vs 3LM":-1.0," vs LM":-1.0}
{"szEmployeeId":17210036369,"szname":"Muhammad Tamrin","Channel Group":null," LY":0.0," 3LM":8477537.2385876663," LM":10997332.4345939998," Max":18796494.986593999," T.MTD":4416025.0337911015," A.MTD":0.0," Gap MTD":-4416025.0337911015," Ach":0.0," vs LY":0.0," vs 3LM":-1.0," vs LM":-1.0}
{"szEmployeeId":17210037632,"szname":"Robianor","Channel Group":"MTI"," LY":755967.33," 3LM":895788.0327926668," LM":653851.36," Max":1259422.5983779998," T.MTD":1068415.6812573364," A.MTD":361626.14," Gap MTD":-706789.5412573365," Ach":0.3384695174," vs LY":-0.5216378729," vs 3LM":-0.5963038947," vs LM":-0.4469291308}
{"szEmployeeId":17210037632,"szname":"Robianor","Channel Group":"Retail"," LY":92432298.2187919915," 3LM":79816618.9869690537," LM":75503747.176478982," Max":125812285.3524600118," T.MTD":93353388.012135908," A.MTD":42572976.6222080216," Gap MTD":-50780411.3899279684," Ach":0.456041045," vs LY":-0.5394144964," vs 3LM":-0.466615134," vs LM":-0.4361474998}
{"szEmployeeId":17210037632,"szname":"Robianor","Channel Group":"Wholesaler"," LY":498628610.9390899539," 3LM":521165025.1534136534," LM":584381159.2728838921," Max":787233263.5282902718," T.MTD":589954792.4918373823," A.MTD":264237662.1477240622," Gap MTD":-325717130.3441133499," Ach":0.4478947633," vs LY":-0.4700711986," vs 3LM":-0.4929865793," vs LM":-0.5478333653}
{"szEmployeeId":17210037632,"szname":"Robianor","Channel Group":"FS"," LY":0.0," 3LM":865929.4266666666," LM":882543.24," Max":1756055.8500000001," T.MTD":822451.9346338565," A.MTD":0.0," Gap MTD":-822451.9346338565," Ach":0.0," vs LY":0.0," vs 3LM":-1.0," vs LM":-1.0}
{"szEmployeeId":17210037632,"szname":"Robianor","Channel Group":null," LY":0.0," 3LM":5469595.4916176666," LM":2688431.5286480002," Max":8058924.2074030004," T.MTD":5800951.8801354403," A.MTD":4133795.494767," Gap MTD":-1667156.3853684403," Ach":0.7126064102," vs LY":0.0," vs 3LM":-0.244222813," vs LM":0.5376234993}
{"szEmployeeId":17210037897,"szname":"Hindra","Channel Group":"MTI"," LY":19999098.2859690003," 3LM":14341740.2633230072," LM":9187935.1562810019," Max":22585637.8516489975," T.MTD":15577334.0784557797," A.MTD":10190254.0562720001," Gap MTD":-5387080.0221837796," Ach":0.6541718888," vs LY":-0.4904643244," vs 3LM":-0.2894687905," vs LM":0.1090907677}
{"szEmployeeId":17210037897,"szname":"Hindra","Channel Group":"Retail"," LY":77094695.80430004," 3LM":67576950.2045446485," LM":60049767.7655200362," Max":114005420.5944059938," T.MTD":74362272.2409214675," A.MTD":37450912.8289129958," Gap MTD":-36911359.4120084867," Ach":0.5036278707," vs LY":-0.5142219262," vs 3LM":-0.4458034475," vs LM":-0.3763354261}
{"szEmployeeId":17210037897,"szname":"Hindra","Channel Group":"Wholesaler"," LY":559987894.8810399771," 3LM":552862311.8432809114," LM":663197541.0858279467," Max":829984977.5554840565," T.MTD":599178225.589333415," A.MTD":279313357.9533529878," Gap MTD":-319864867.6359805465," Ach":0.4661607282," vs LY":-0.5012153646," vs 3LM":-0.4947867634," vs LM":-0.5788383692}
{"szEmployeeId":17210037897,"szname":"Hindra","Channel Group":null," LY":0.0," 3LM":4977110.9435006659," LM":5915387.5635060007," Max":7790346.0709719993," T.MTD":5582168.0912894262," A.MTD":5528519.8456469998," Gap MTD":-53648.2456424258," Ach":0.9903893532," vs LY":0.0," vs 3LM":0.1107889513," vs LM":-0.0654002318}
{"szEmployeeId":17210041467,"szname":"Doli Purnama Sari","Channel Group":"MTI"," LY":18615404.4344820008," 3LM":24312451.5306139998," LM":28567344.3206120059," Max":41639558.7664679885," T.MTD":27363537.1343054287," A.MTD":7975769.4053079998," Gap MTD":-19387767.728997428," Ach":0.2914743575," vs LY":-0.5715500336," vs 3LM":-0.671947134," vs LM":-0.7208081607}
{"szEmployeeId":17210041467,"szname":"Doli Purnama Sari","Channel Group":"Retail"," LY":70740094.2005720139," 3LM":128775127.8615816385," LM":125911605.9381940216," Max":192805049.4856190681," T.MTD":143910449.4343404472," A.MTD":56738557.8683749884," Gap MTD":-87171891.5659654289," Ach":0.3942629468," vs LY":-0.1979292859," vs 3LM":-0.5593981632," vs LM":-0.5493778556}
{"szEmployeeId":17210041467,"szname":"Doli Purnama Sari","Channel Group":null," LY":0.0," 3LM":1143090.0883769998," LM":3429270.265131," Max":3429270.265131," T.MTD":1326013.4313540591," A.MTD":327297.328547," Gap MTD":-998716.1028070592," Ach":0.2468280643," vs LY":0.0," vs 3LM":-0.7136731987," vs LM":-0.9045577329}
{"szEmployeeId":17210042412,"szname":"Muhammad Rizky Algifari","Channel Group":"MTI"," LY":3010351.7354910001," 3LM":1925390.3847133331," LM":301621.63," Max":4711216.20414," T.MTD":2436590.0626771664," A.MTD":182702.7," Gap MTD":-2253887.3626771662," Ach":0.0749829456," vs LY":-0.9393085207," vs 3LM":-0.9051087502," vs LM":-0.3942652588}
{"szEmployeeId":17210042412,"szname":"Muhammad Rizky Algifari","Channel Group":"Retail"," LY":97332741.2617969662," 3LM":72289084.0079630017," LM":67195108.7099949867," Max":118148245.3044510186," T.MTD":93568755.6756578237," A.MTD":49912008.3352150097," Gap MTD":-43656747.3404428288," Ach":0.5334260136," vs LY":-0.4872022745," vs 3LM":-0.3095498578," vs LM":-0.2572077151}
{"szEmployeeId":17210042412,"szname":"Muhammad Rizky Algifari","Channel Group":"Wholesaler"," LY":380867912.3247701526," 3LM":268115064.8263688982," LM":337135134.9337030053," Max":416321921.1141940951," T.MTD":334008210.9585790634," A.MTD":122849838.3357490152," Gap MTD":-211158372.6228300333," Ach":0.3678048452," vs LY":-0.6774476548," vs 3LM":-0.5418018066," vs LM":-0.6356065399}
{"szEmployeeId":17210042412,"szname":"Muhammad Rizky Algifari","Channel Group":"FS"," LY":0.0," 3LM":1493840.5336033334," LM":485405.4," Max":2776951.3399999999," T.MTD":2793402.002303693," A.MTD":281081.08," Gap MTD":-2512320.9223036929," Ach":0.1006232113," vs LY":0.0," vs 3LM":-0.8118399697," vs LM":-0.4209354078}
{"szEmployeeId":17210042412,"szname":"Muhammad Rizky Algifari","Channel Group":null," LY":0.0," 3LM":3614881.3734203344," LM":10844644.1202610023," Max":10999583.7602610011," T.MTD":5593041.3007823732," A.MTD":603913.498286," Gap MTD":-4989127.8024963737," Ach":0.1079758696," vs LY":0.0," vs 3LM":-0.8329368419," vs LM":-0.9443122806}
{"szEmployeeId":17210042423,"szname":"Siti Fatimah Hadijah","Channel Group":"MTI"," LY":4713110.5314349998,