{"szEmployeeId":17210032876,"szname":"Asman","Channel Group":"MTI"," LY":39395638.1568869948," 3LM":34132956.0573959947," LM":33805041.7205200046," Max":55656666.0447459966," T.MTD":36330280.3668405116," A.MTD":9380613.5901740026," Gap MTD":-26949666.7766665109," Ach":0.2582037214," vs LY":-0.761887," vs 3LM":-0.7251742986," vs LM":-0.7225084451}
{"szEmployeeId":17210032876,"szname":"Asman","Channel Group":"Wholesaler"," LY":601395378.8120450974," 3LM":563448045.6740558147," LM":674919365.960657835," Max":858552703.8697279692," T.MTD":603669719.6331592798," A.MTD":90566335.369958967," Gap MTD":-513103384.2632010579," Ach":0.1500263015," vs LY":-0.8494063331," vs 3LM":-0.8392640882," vs LM":-0.8658116215}
{"szEmployeeId":17210036369,"szname":"Muhammad Tamrin","Channel Group":"MTI"," LY":10070432.8389110006," 3LM":7817759.8605376659," LM":8232489.3205350004," Max":18345833.4839479998," T.MTD":8040366.6351746321," A.MTD":2202442.3600000003," Gap MTD":-5837924.2751746327," Ach":0.2739231256," vs LY":-0.7812961573," vs 3LM":-0.7182770513," vs LM":-0.7324694543}
{"szEmployeeId":17210036369,"szname":"Muhammad Tamrin","Channel Group":"Wholesaler"," LY":387206936.0419141054," 3LM":397797628.9165086746," LM":534527232.2812090516," Max":703314776.0710185766," T.MTD":539833360.9592251778," A.MTD":88075760.5428249836," Gap MTD":-451757600.4164002538," Ach":0.163153608," vs LY":-0.7725356848," vs 3LM":-0.7785915397," vs LM":-0.8352268038}
{"szEmployeeId":17210036369,"szname":"Muhammad Tamrin","Channel Group":"FS"," LY":0.0," 3LM":253926.1233333334," LM":139864.86," Max":1357067.5650450001," T.MTD":126272.4056000528," A.MTD":0.0," Gap MTD":-126272.4056000528," Ach":0.0," vs LY":0.0," vs 3LM":-1.0," vs LM":-1.0}
{"szEmployeeId":17210037632,"szname":"Robianor","Channel Group":"MTI"," LY":1599093.1499999999," 3LM":804269.4133333333," LM":819767.6299999999," Max":1070518.97," T.MTD":931941.9071037346," A.MTD":192702.72," Gap MTD":-739239.1871037346," Ach":0.2067754637," vs LY":-0.8794924986," vs 3LM":-0.7604002878," vs LM":-0.7649300693}
{"szEmployeeId":17210037632,"szname":"Robianor","Channel Group":"Retail"," LY":100779356.5260549337," 3LM":86507131.9244719744," LM":100145693.9363200068," Max":138183536.2444499135," T.MTD":95482593.658845067," A.MTD":22612572.6721739992," Gap MTD":-72870020.9866710603," Ach":0.2368240305," vs LY":-0.7756229703," vs 3LM":-0.7386045269," vs LM":-0.7742032455}
{"szEmployeeId":17210037632,"szname":"Robianor","Channel Group":"Wholesaler"," LY":585318352.4869269133," 3LM":547774041.4827296734," LM":658964175.1100927591," Max":858148151.4277378321," T.MTD":597743839.2597577572," A.MTD":75223445.1086680144," Gap MTD":-522520394.1510899663," Ach":0.1258456218," vs LY":-0.8714828524," vs 3LM":-0.8626743157," vs LM":-0.8858459262}
{"szEmployeeId":17210037632,"szname":"Robianor","Channel Group":"FS"," LY":0.0," 3LM":1108353.75," LM":727272.97," Max":1756055.8500000001," T.MTD":841625.1742933556," A.MTD":0.0," Gap MTD":-841625.1742933556," Ach":0.0," vs LY":0.0," vs 3LM":-1.0," vs LM":-1.0}
{"szEmployeeId":17210037897,"szname":"Hindra","Channel Group":"MTI"," LY":16284801.2357129976," 3LM":17958955.8988713399," LM":31044697.3025339954," Max":33023230.6517330036," T.MTD":18531282.4761620425," A.MTD":1597837.8405319997," Gap MTD":-16933444.6356300451," Ach":0.0862238133," vs LY":-0.9018816492," vs 3LM":-0.9110283555," vs LM":-0.9485310543}
{"szEmployeeId":17210037897,"szname":"Hindra","Channel Group":"Retail"," LY":87526268.4771529436," 3LM":74783848.3885563612," LM":91512338.4147820473," Max":124760064.5709160417," T.MTD":78184227.8857945353," A.MTD":11914323.8029199988," Gap MTD":-66269904.0828744844," Ach":0.1523878169," vs LY":-0.863877165," vs 3LM":-0.8406831948," vs LM":-0.869806367}
{"szEmployeeId":17210037897,"szname":"Hindra","Channel Group":"Wholesaler"," LY":481833197.1097130179," 3LM":571747820.0171773434," LM":700004655.4494132996," Max":904702471.2801464796," T.MTD":599860299.3028188944," A.MTD":85016821.9641739875," Gap MTD":-514843477.3386449218," Ach":0.1417277024," vs LY":-0.8235554908," vs 3LM":-0.851303636," vs LM":-0.8785482049}
{"szEmployeeId":17210037897,"szname":"Hindra","Channel Group":"FS"," LY":0.0," 3LM":1098083.4839033331," LM":3294250.4517099997," Max":3294250.4517099997," T.MTD":1424190.335224509," A.MTD":0.0," Gap MTD":-1424190.335224509," Ach":0.0," vs LY":0.0," vs 3LM":-1.0," vs LM":-1.0}
{"szEmployeeId":17210041467,"szname":"Doli Purnama Sari","Channel Group":"MTI"," LY":21067413.380861003," 3LM":24608924.1904339977," LM":27319349.7488129996," Max":43197915.567099981," T.MTD":28103799.6149790511," A.MTD":2816855.844052," Gap MTD":-25286943.7709270492," Ach":0.1002304273," vs LY":-0.8662932277," vs 3LM":-0.8855351895," vs LM":-0.8968915487}
{"szEmployeeId":17210041467,"szname":"Doli Purnama Sari","Channel Group":"Retail"," LY":79142110.9662999958," 3LM":128065872.9258477539," LM":150658813.3753139675," Max":195110380.906798929," T.MTD":145896200.3850210309," A.MTD":15716886.9387730043," Gap MTD":-130179313.4462480247," Ach":0.1077264994," vs LY":-0.8014093035," vs 3LM":-0.877274979," vs LM":-0.8956789411}
{"szEmployeeId":17210042412,"szname":"Muhammad Rizky Algifari","Channel Group":"MTI"," LY":5249681.3021439984," 3LM":5743674.1761193331," LM":7236814.4231400006," Max":12749897.2743089981," T.MTD":7351117.0727906357," A.MTD":0.0," Gap MTD":-7351117.0727906357," Ach":0.0," vs LY":-1.0," vs 3LM":-1.0," vs LM":-1.0}
{"szEmployeeId":17210042412,"szname":"Muhammad Rizky Algifari","Channel Group":"Retail"," LY":98509627.5168560296," 3LM":83158485.5483967066," LM":108323141.5915939957," Max":140635363.0192090571," T.MTD":97135368.5770688802," A.MTD":15498286.101360999," Gap MTD":-81637082.4757078737," Ach":0.1595534801," vs LY":-0.8426723713," vs 3LM":-0.8136295292," vs LM":-0.8569254374}
{"szEmployeeId":17210042412,"szname":"Muhammad Rizky Algifari","Channel Group":"Wholesaler"," LY":324933774.4919099808," 3LM":298947198.8976300955," LM":336816273.2034460306," Max":435541278.171102047," T.MTD":335131063.9408170581," A.MTD":43277578.7048080042," Gap MTD":-291853485.2360090017," Ach":0.1291362794," vs LY":-0.8668110794," vs 3LM":-0.8552333694," vs LM":-0.8715098344}
{"szEmployeeId":17210042412,"szname":"Muhammad Rizky Algifari","Channel Group":"FS"," LY":0.0," 3LM":1276713.2069366667," LM":2125569.3600000003," Max":2445550.4408100001," T.MTD":2382450.4093234357," A.MTD":69932.43," Gap MTD":-2312517.9793234356," Ach":0.0293531524," vs LY":0.0," vs 3LM":-0.9452246365," vs LM":-0.9670994364}
{"szEmployeeId":17210042423,"szname":"Siti Fatimah Hadijah","Channel Group":"MTI"," LY":5506747.559905," 3LM":6849379.9440783337," LM":9562608.1763009988," Max":18454112.6563789994," T.MTD":7171455.5717896521," A.MTD":1509032.42243," Gap MTD":-5662423.1493596518," Ach":0.2104220555," vs LY":-0.7259666607," vs 3LM":-0.7796833531," vs LM":-0.842194473}
{"szEmployeeId":17210042423,"szname":"Siti Fatimah Hadijah","Channel Group":"Retail"," LY":52099373.2002809942," 3LM":76740720.532108292," LM":96311688.3442340344," Max":135910110.5953749716," T.MTD":85828544.4282102138," A.MTD":9405741.9694170002," Gap MTD":-76422802.4587932527," Ach":0.1095875741," vs LY":-0.8194653526," vs 3LM":-0.8774347973," vs LM":-0.9023405972}
