{"szEmployeeId":17210032876,"szname":"Asman","Channel":"Wholesaler","LY":898722130.6591442823,"3LM":896635803.7528760433,"LM":883818919.2370542288,"Target":940953688.1064605713,"Actual":875868274.8234788179,"Ach":0.9308303755,"Gap":-65085413.2829817533,"vs LY":-0.025429279,"vs 3LM":-0.0231616101,"vs LM":-0.0089957844}
{"szEmployeeId":17210032876,"szname":"Asman","Channel":"Retail","LY":107669660.2792039961,"3LM":101894256.1681349725,"LM":108093719.9781949818,"Target":107210864.5687400699,"Actual":111976670.3848109692,"Ach":1.0444526386,"Gap":4765805.8160708994,"vs LY":0.0400020776,"vs 3LM":0.0989497799,"vs LM":0.0359220721}
{"szEmployeeId":17210032876,"szname":"Asman","Channel":"MTI","LY":38788254.4771230072,"3LM":51872087.6668513343,"LM":55419921.5861569867,"Target":51835447.3247993439,"Actual":50681429.6877130046,"Ach":0.9777369021,"Gap":-1154017.6370863393,"vs LY":0.3066179536,"vs 3LM":-0.0229537316,"vs LM":-0.0855015988}
{"szEmployeeId":17210037897,"szname":"Hindra","Channel":"Wholesaler","LY":221611557.7205849886,"3LM":255005732.3093622625,"LM":231056824.0811449587,"Target":278528571.8345968723,"Actual":224482318.3666059673,"Ach":0.8059579557,"Gap":-54046253.467990905,"vs LY":0.0129540204,"vs 3LM":-0.1196969718,"vs LM":-0.0284540642}
{"szEmployeeId":17210037897,"szname":"Hindra","Channel":"Retail","LY":49388905.5525870025,"3LM":105173636.3534960449,"LM":99838932.3078250736,"Target":114824677.4498896599,"Actual":123068371.9248490483,"Ach":1.0717937525,"Gap":8243694.4749593884,"vs LY":1.4918222129,"vs 3LM":0.1701446883,"vs LM":0.232669151}
{"szEmployeeId":17210037897,"szname":"Hindra","Channel":"MTI","LY":13602522.1347399987,"3LM":6630355.9212406669,"LM":6342221.3869680008,"Target":6646750.7155133002,"Actual":7930624.929523997,"Ach":1.1931581714,"Gap":1283874.2140106969,"vs LY":-0.4169739368,"vs 3LM":0.196108478,"vs LM":0.2504490849}
{"szEmployeeId":17210036369,"szname":"Muhammad Tamrin","Channel":"Wholesaler","LY":399723263.8197508454,"3LM":374035655.3605103493,"LM":428597411.0705040693,"Target":431346246.0193595886,"Actual":416950553.7854651809,"Ach":0.966626133,"Gap":-14395692.2338944077,"vs LY":0.0430980419,"vs 3LM":0.1147347795,"vs LM":-0.0271743529}
{"szEmployeeId":17210036369,"szname":"Muhammad Tamrin","Channel":"Retail","LY":75428507.0634240061,"3LM":97096322.5545936376,"LM":98189252.4474350214,"Target":113053670.6900349855,"Actual":108132446.1050680429,"Ach":0.956470015,"Gap":-4921224.5849669427,"vs LY":0.4335753194,"vs 3LM":0.1136616018,"vs LM":0.101265601}
{"szEmployeeId":17210036369,"szname":"Muhammad Tamrin","Channel":"MTI","LY":3546306.1941300002,"3LM":13756030.1231050044,"LM":18533037.224387005,"Target":15600083.2906054687,"Actual":11569001.4205189981,"Ach":0.7415986957,"Gap":-4031081.8700864706,"vs LY":2.2622680579,"vs 3LM":-0.1589869085,"vs LM":-0.3757633312}
{"szEmployeeId":17210037713,"szname":"Rahmani","Channel":"Wholesaler","LY":355748177.4265159965,"3LM":337193652.1556536555,"LM":272692214.098928988,"Target":396031712.9057658911,"Actual":367536456.3346239924,"Ach":0.9280480435,"Gap":-28495256.5711418986,"vs LY":0.0331365827,"vs 3LM":0.0899862853,"vs LM":0.3478069315}
{"szEmployeeId":17210037713,"szname":"Rahmani","Channel":"Retail","LY":84806217.3757640123,"3LM":110386724.632535696,"LM":104609193.6219879538,"Target":132077869.5096500069,"Actual":109397041.5722130239,"Ach":0.8282768489,"Gap":-22680827.937436983,"vs LY":0.2899648747,"vs 3LM":-0.0089655986,"vs LM":0.0457689022}
{"szEmployeeId":17210037713,"szname":"Rahmani","Channel":"MTI","LY":3931490.7359239999,"3LM":6083476.1040556654,"LM":9990395.2745320015,"Target":6890417.5845840601,"Actual":8293981.6773719992,"Ach":1.2036979727,"Gap":1403564.0927879391,"vs LY":1.1096276793,"vs 3LM":0.3633622514,"vs LM":-0.1698044522}
{"szEmployeeId":17210037632,"szname":"Robianor","Channel":"Wholesaler","LY":261237094.8736329973,"3LM":396033507.5435407162,"LM":420231130.0038800836,"Target":431194329.539802134,"Actual":419829212.6304269433,"Ach":0.9736427032,"Gap":-11365116.9093751907,"vs LY":0.6070811568,"vs 3LM":0.0600850803,"vs LM":-0.0009564198}
{"szEmployeeId":17210037632,"szname":"Robianor","Channel":"Retail","LY":55820717.8160789832,"3LM":90641989.378783986,"LM":79038981.4457710087,"Target":97567241.2819946557,"Actual":98338531.4081589729,"Ach":1.0079052161,"Gap":771290.1261643171,"vs LY":0.7616851817,"vs 3LM":0.0849114421,"vs LM":0.2441776148}
{"szEmployeeId":17210037632,"szname":"Robianor","Channel":"MTI","LY":1193015.1293690002,"3LM":1201138.323333333,"LM":1248354.4900000002,"Target":1238429.1782031839,"Actual":1162738.3300000001,"Ach":0.9388815691,"Gap":-75690.8482031839,"vs LY":-0.0253783868,"vs 3LM":-0.0319696679,"vs LM":-0.0685832115}
{"szEmployeeId":17210038077,"szname":"Sopian Sauri","Channel":"Wholesaler","LY":743635.0952250001,"3LM":2488357.8781326669,"LM":2388090.0252189999,"Target":3606763.7977251527,"Actual":1969240.415944,"Ach":0.5459854114,"Gap":-1637523.3817811527,"vs LY":1.6481273256,"vs 3LM":-0.2086184896,"vs LM":-0.1753910468}
{"szEmployeeId":17210038077,"szname":"Sopian Sauri","Channel":"Retail","LY":42759595.0815849826,"3LM":60789770.6316626593,"LM":58454462.3203690052,"Target":83028316.3037671298,"Actual":222688012.4333478808,"Ach":2.6820730848,"Gap":139659696.1295807362,"vs LY":4.2079074184,"vs 3LM":2.663248111,"vs LM":2.8095981657}
{"szEmployeeId":17210038077,"szname":"Sopian Sauri","Channel":"MTI","LY":2869762.0734140002,"3LM":3461685.6736310003,"LM":4001234.8900000006,"Target":3429919.8985076421,"Actual":48212933.8557480127,"Ach":14.0565772037,"Gap":44783013.9572403729,"vs LY":15.8003244249,"vs 3LM":12.92758858,"vs LM":11.049513508}
{"szEmployeeId":17210041467,"szname":"Doli Purnama Sari","Channel":"Wholesaler","LY":2001351.3363060001,"3LM":3355900.7860506671,"LM":1336216.164053,"Target":5075035.5658637006,"Actual":1969240.415944,"Ach":0.3880249489,"Gap":-3105795.1499197008,"vs LY":-0.0160446193,"vs 3LM":-0.4132006452,"vs LM":0.4737438963}
{"szEmployeeId":17210041467,"szname":"Doli Purnama Sari","Channel":"Retail","LY":90955534.4094910175,"3LM":84578492.1701653451,"LM":87262962.205316022,"Target":127607126.5800296962,"Actual":222688012.4333478808,"Ach":1.7451063934,"Gap":95080885.8533181846,"vs LY":1.4483173441,"vs 3LM":1.632915375,"vs LM":1.5519190136}
{"szEmployeeId":17210041467,"szname":"Doli Purnama Sari","Channel":"MTI","LY":24855039.8968270011,"3LM":18352254.3935193308,"LM":21618377.4340310022,"Target":27317837.8541066945,"Actual":48212933.8557480127,"Ach":1.7648883529,"Gap":20895096.0016413182,"vs LY":0.939764895,"vs 3LM":1.6270850884,"vs LM":1.2301828157}
