{"szEmployeeId":17210032876,"szname":"Asman","Channel Group":"MTI"," LY":28034097.570314005," 3LM":38344000.804415673," LM":904353901.9302819967," Max":76523261.047931999," T.MTD":43967090.6716130972," A.MTD":28206845.129534997," Gap MTD":-15760245.5420780964," Ach":0.6415444984," vs LY":0.0061620517," vs 3LM":-0.2643739689," vs LM":-0.9688099481}
{"szEmployeeId":17210032876,"szname":"Asman","Channel Group":"Wholesaler"," LY":592254890.9933823347," 3LM":611451375.5475312471," LM":16501520854.0090255737," Max":1014289837.9400053024," T.MTD":691032909.3283873796," A.MTD":285725144.4567441344," Gap MTD":-405307764.8716432452," Ach":0.4134754519," vs LY":-0.5175638922," vs 3LM":-0.532709949," vs LM":-0.9826849206}
{"szEmployeeId":17210036369,"szname":"Muhammad Tamrin","Channel Group":"MTI"," LY":4346486.23477," 3LM":8128558.0501769995," LM":158456097.3787449896," Max":18904013.8446520045," T.MTD":9785123.9474457949," A.MTD":5684827.1196360001," Gap MTD":-4100296.8278097962," Ach":0.5809662862," vs LY":0.3079132919," vs 3LM":-0.3006352314," vs LM":-0.9641236455}
{"szEmployeeId":17210036369,"szname":"Muhammad Tamrin","Channel Group":"Wholesaler"," LY":251777140.7985421121," 3LM":444167809.8888881803," LM":11304499836.3963012695," Max":740527276.8339400291," T.MTD":540002287.2678493261," A.MTD":99820517.3439720124," Gap MTD":-440181769.923877418," Ach":0.1848520269," vs LY":-0.6035362185," vs 3LM":-0.775263954," vs LM":-0.9911698422}
{"szEmployeeId":17210036369,"szname":"Muhammad Tamrin","Channel Group":"FS"," LY":0.0," 3LM":583727.0299999999," LM":1751181.0899999999," Max":1145008.1100000001," T.MTD":312588.7847048221," A.MTD":0.0," Gap MTD":-312588.7847048221," Ach":0.0," vs LY":"0x7"," vs 3LM":-1.0," vs LM":-1.0}
{"szEmployeeId":17210037632,"szname":"Robianor","Channel Group":"MTI"," LY":1526369.8429720001," 3LM":1025801.2323423335," LM":34260167.0025490075," Max":1825953.4599999997," T.MTD":1303715.542512255," A.MTD":570759.47," Gap MTD":-732956.0725122551," Ach":0.4377944815," vs LY":-0.6260673829," vs 3LM":-0.4435964278," vs LM":-0.9833404353}
{"szEmployeeId":17210037632,"szname":"Robianor","Channel Group":"Retail"," LY":69138830.3412550241," 3LM":91865660.9790283293," LM":2175362500.6851239204," Max":195918192.1572259367," T.MTD":108518218.2410490066," A.MTD":49555493.7919619977," Gap MTD":-58962724.4490870237," Ach":0.4566559845," vs LY":-0.28324657," vs 3LM":-0.4605656427," vs LM":-0.9772196617}
{"szEmployeeId":17210037632,"szname":"Robianor","Channel Group":"Wholesaler"," LY":498374737.0839520693," 3LM":545279564.6357492208," LM":14242364726.5222148895," Max":920478160.6211848259," T.MTD":629310011.8311885595," A.MTD":226268546.6779539585," Gap MTD":-403041465.153234601," Ach":0.3595502096," vs LY":-0.5459871261," vs 3LM":-0.5850412131," vs LM":-0.9841129931}
{"szEmployeeId":17210037632,"szname":"Robianor","Channel Group":"FS"," LY":0.0," 3LM":1474093.3899999999," LM":6355098.1799999997," Max":2645171.1700000004," T.MTD":968054.385250302," A.MTD":0.0," Gap MTD":-968054.385250302," Ach":0.0," vs LY":"0x7"," vs 3LM":-1.0," vs LM":-1.0}
{"szEmployeeId":17210037897,"szname":"Hindra","Channel Group":"MTI"," LY":18700890.254205998," 3LM":16615452.851360999," LM":472102609.5257771015," Max":38566090.908326," T.MTD":21499677.9374409989," A.MTD":10475990.9593379982," Gap MTD":-11023686.9781030007," Ach":0.4872626925," vs LY":-0.4398132486," vs 3LM":-0.3695031334," vs LM":-0.9778099279}
{"szEmployeeId":17210037897,"szname":"Hindra","Channel Group":"Retail"," LY":67795689.9826579988," 3LM":65870190.2653159648," LM":1941336608.010866642," Max":181246940.1391800046," T.MTD":83749160.2686474919," A.MTD":52493154.8669560179," Gap MTD":-31256005.4016915485," Ach":0.6267902233," vs LY":-0.2257154565," vs 3LM":-0.2030817786," vs LM":-0.9729603024}
{"szEmployeeId":17210037897,"szname":"Hindra","Channel Group":"Wholesaler"," LY":429088024.4598770738," 3LM":524660461.6096587777," LM":15877991498.9831428528," Max":1033374170.4735447168," T.MTD":632851161.7939109802," A.MTD":279172133.5830319524," Gap MTD":-353679028.2108793259," Ach":0.4411339513," vs LY":-0.3493826029," vs 3LM":-0.4678994245," vs LM":-0.982417667}
{"szEmployeeId":17210041467,"szname":"Doli Purnama Sari","Channel Group":"MTI"," LY":25401485.4222430028," 3LM":22925032.878569331," LM":837662370.8712861538," Max":56303815.3238439932," T.MTD":33092391.4637564085," A.MTD":12379955.0942330025," Gap MTD":-20712436.3695234098," Ach":0.3741027634," vs LY":-0.5126286952," vs 3LM":-0.459980923," vs LM":-0.9852208294}
{"szEmployeeId":17210041467,"szname":"Doli Purnama Sari","Channel Group":"Retail"," LY":92117233.1206629574," 3LM":119031203.6101675779," LM":2927672489.7117791176," Max":231709177.5064669251," T.MTD":171607608.5362435877," A.MTD":78697336.8095230162," Gap MTD":-92910271.7267207056," Ach":0.4585888556," vs LY":-0.1456827985," vs 3LM":-0.3388512052," vs LM":-0.9731194875}
