{"szEmployeeId":17210032876,"szname":"Asman","Channel Group":"Wholesaler","Project":"SMALL"," LY":87687600.3532610089," 3LM":126265060.5060066581," LM":132341229.7684389949," T.MTD":140017477.3383716941," A.MTD":12856092.5111609995," Gap MTD":-73989190.9286921173}
{"szEmployeeId":17210032876,"szname":"Asman","Channel Group":"Wholesaler","Project":"BIG"," LY":223930647.0053530037," 3LM":140816210.5931153595," LM":110912893.1494589895," T.MTD":179291921.346657455," A.MTD":0.0," Gap MTD":-63946050.0719371885}
{"szEmployeeId":17210032876,"szname":"Asman","Channel Group":"Wholesaler","Project":"MEDIUM"," LY":477264396.678728044," 3LM":570531099.2818179131," LM":506205202.4072809815," T.MTD":637708601.4574687481," A.MTD":77883059.4133580178," Gap MTD":-295521542.2799444795}
{"szEmployeeId":17210032876,"szname":"Asman","Channel Group":"Retail","Project":"SMALL"," LY":4570193.2407860002," 3LM":6051131.6631113347," LM":6484712.2058419995," T.MTD":6908527.3518893234," A.MTD":826756.5308999999," Gap MTD":-2656166.271823586}
{"szEmployeeId":17210032876,"szname":"Asman","Channel Group":"Retail","Project":"BIG"," LY":60964662.1011559889," 3LM":74834517.4702879936," LM":80019532.2542889863," T.MTD":81181164.1596216708," A.MTD":10707448.6571010016," Gap MTD":-41559401.8845587596}
{"szEmployeeId":17210032876,"szname":"Asman","Channel Group":"Retail","Project":"MEDIUM"," LY":11276302.1476609986," 3LM":16055656.4429416656," LM":15135774.8768059984," T.MTD":17383585.8145047799," A.MTD":2475406.8318900005," Gap MTD":-8664908.8898369968}
{"szEmployeeId":17210032876,"szname":"Asman","Channel Group":"MTI","Project":"SMALL"," LY":18879637.6975119971," 3LM":39860100.8586733341," LM":43374847.9786270112," T.MTD":38617018.1105255783," A.MTD":11214059.1535909977," Gap MTD":-20480462.3448023461}
{"szEmployeeId":17210032876,"szname":"Asman","Channel Group":"MTI","Project":"MEDIUM"," LY":2289369.2289890004," 3LM":2450583.9574746666," LM":3891488.9954929994," T.MTD":2317704.4209608603," A.MTD":2020720.6199999994," Gap MTD":99266.3895966036}
{"szEmployeeId":17210041467,"szname":"Doli Purnama Sari","Channel Group":"Wholesaler","Project":"SMALL"," LY":374252.23," 3LM":823363.3166666667," LM":1080450.3999999999," T.MTD":902175.9585874169," A.MTD":70270.27," Gap MTD":-615237.1016647578}
{"szEmployeeId":17210041467,"szname":"Doli Purnama Sari","Channel Group":"Retail","Project":"SMALL"," LY":20476746.3651020005," 3LM":58940250.6862490028," LM":71389970.9599190205," T.MTD":62463849.9125605896," A.MTD":19380085.6756509952," Gap MTD":-34769737.1287012622}
{"szEmployeeId":17210041467,"szname":"Doli Purnama Sari","Channel Group":"Retail","Project":"BIG"," LY":28076414.9792270027," 3LM":25227312.665338669," LM":33054130.3713940009," T.MTD":26870995.1365432031," A.MTD":2632206.8300000001," Gap MTD":-20219824.7677075863}
{"szEmployeeId":17210041467,"szname":"Doli Purnama Sari","Channel Group":"Retail","Project":"MEDIUM"," LY":26064677.9536479972," 3LM":36276333.2703333348," LM":35277871.4836260155," T.MTD":38521921.9031815901," A.MTD":9337610.3568450008," Gap MTD":-23805982.498053506}
{"szEmployeeId":17210041467,"szname":"Doli Purnama Sari","Channel Group":"MTI","Project":"SMALL"," LY":20755651.3579289988," 3LM":29890563.3735846654," LM":39858908.5274609998," T.MTD":31383057.0891272277," A.MTD":410090.0," Gap MTD":-27756955.3713769317}
{"szEmployeeId":17210037897,"szname":"Hindra","Channel Group":"Wholesaler","Project":"SMALL"," LY":40482762.2073599994," 3LM":58158388.1977323368," LM":57276634.8613700047," T.MTD":63330846.2210802063," A.MTD":6853603.1566559998," Gap MTD":-31403593.2808821946}
{"szEmployeeId":17210037897,"szname":"Hindra","Channel Group":"Wholesaler","Project":"BIG"," LY":62667120.3688140139," 3LM":37195936.9972180054," LM":65339522.920280993," T.MTD":42268797.6270288303," A.MTD":0.0," Gap MTD":-22243767.7671039104}
{"szEmployeeId":17210037897,"szname":"Hindra","Channel Group":"Wholesaler","Project":"MEDIUM"," LY":151126882.2775480151," 3LM":180100508.7975389957," LM":190424669.7397139668," T.MTD":202062690.3128934205," A.MTD":16181531.1696150005," Gap MTD":-94000734.4204589725}
{"szEmployeeId":17210037897,"szname":"Hindra","Channel Group":"Retail","Project":"SMALL"," LY":17886902.0599219985," 3LM":77133809.6588446796," LM":71215056.4784049839," T.MTD":83036096.7225583047," A.MTD":11498573.0632260013," Gap MTD":-36792601.4858158305}
{"szEmployeeId":17210037897,"szname":"Hindra","Channel Group":"Retail","Project":"BIG"," LY":46459562.283212997," 3LM":52338416.3465149701," LM":49287197.1257650107," T.MTD":57577341.3404079974," A.MTD":7638390.2540450003," Gap MTD":-24453823.4374942482}
{"szEmployeeId":17210037897,"szname":"Hindra","Channel Group":"Retail","Project":"MEDIUM"," LY":14218668.1631519981," 3LM":18786586.6024559923," LM":20315996.4046479948," T.MTD":20082106.6328704618," A.MTD":2611230.7908970001," Gap MTD":-9756505.9076045528}
{"szEmployeeId":17210037897,"szname":"Hindra","Channel Group":"MTI","Project":"SMALL"," LY":7395224.9923719987," 3LM":7463921.3944736663," LM":4107387.2315170001," T.MTD":7958121.143160658," A.MTD":672927.87," Gap MTD":-4780717.3962013554}
{"szEmployeeId":17210041719,"szname":"Muhammad Iqbal Purwa Atmaja","Channel Group":"Wholesaler","Project":"SMALL"," LY":925968.336214," 3LM":2313251.2799043334," LM":3061342.2485499997," T.MTD":2468783.9195584627," A.MTD":1998451.279725," Gap MTD":1070985.8525554659}
{"szEmployeeId":17210041719,"szname":"Muhammad Iqbal Purwa Atmaja","Channel Group":"Retail","Project":"SMALL"," LY":10503398.3338749986," 3LM":39275581.0465966836," LM":51463057.7993189916," T.MTD":42976264.1607134268," A.MTD":22114692.4809579998," Gap MTD":5200945.8612205293}
{"szEmployeeId":17210041719,"szname":"Muhammad Iqbal Purwa Atmaja","Channel Group":"Retail","Project":"BIG"," LY":27536028.1879030019," 3LM":21714716.8906599991," LM":26724544.0237079971," T.MTD":23071372.2788432389," A.MTD":4015585.1716160006," Gap MTD":-2915131.243820786}
{"szEmployeeId":17210041719,"szname":"Muhammad Iqbal Purwa Atmaja","Channel Group":"Retail","Project":"MEDIUM"," LY":18091843.8095639944," 3LM":25463609.0991073325," LM":29782224.6065990031," T.MTD":28284254.4492564574," A.MTD":10325803.0269290004," Gap MTD":-2070567.7301801378}
{"szEmployeeId":17210041719,"szname":"Muhammad Iqbal Purwa Atmaja","Channel Group":"MTI","Project":"SMALL"," LY":4148539.3897130005," 3LM":4871699.4093350004," LM":6176315.8119729999," T.MTD":5241325.1916284403," A.MTD":355675.61," Gap MTD":-2317025.1705470625}
{"szEmployeeId":17210036369,"szname":"Muhammad Tamrin","Channel Group":"Wholesaler","Project":"SMALL"," LY":43145934.8408650011," 3LM":109820392.4495286793," LM":108735818.5278480053," T.MTD":113696587.7821811587," A.MTD":11844956.282323001," Gap MTD":-57256844.396705851}
{"szEmployeeId":17210036369,"szname":"Muhammad Tamrin","Channel Group":"Wholesaler","Project":"BIG"," LY":280151433.1713870168," 3LM":157471447.7447110116," LM":58131441.0656209886," T.MTD":187521935.1475768089," A.MTD":67590810.6353479922," Gap MTD":13932243.1873990819}
{"szEmployeeId":17210036369,"szname":"Muhammad Tamrin","Channel Group":"Wholesaler","Project":"MEDIUM"," LY":275668504.6711800098," 3LM":269300115.7500609756," LM":259395684.7463839054," T.MTD":284197472.8614864349," A.MTD":32218136.0284850039," Gap MTD":-123961856.4679218978}
{"szEmployeeId":17210036369,"szname":"Muhammad Tamrin","Channel Group":"Retail","Project":"SMALL"," LY":13326615.2699910011," 3LM":47850893.7672839686," LM":42174177.4660939798," T.MTD":48562611.535796687," A.MTD":11668843.301148003," Gap MTD":-17975186.2511852309}
{"szEmployeeId":17210036369,"szname":"Muhammad Tamrin","Channel Group":"Retail","Project":"BIG"," LY":52771709.1465749964," 3LM":53888414.6478350088," LM":48762009.4115270004," T.MTD":56206391.468389459," A.MTD":16618497.3384240046," Gap MTD":-14660304.0854047649}
{"szEmployeeId":17210036369,"szname":"Muhammad Tamrin","Channel Group":"Retail","Project":"MEDIUM"," LY":20478383.699020002,