{"szEmployeeId":17210032876,"szname":"Asman","Channel Group":"Wholesaler","Project":"SMALL"," LY":85896828.4065279961," 3LM":136933849.0608583689," LM":137837339.3861630261," T.MTD":146273603.5034850538," A.MTD":31503510.3309480026," Gap MTD":-114770093.172536999,"CR":92,"CA":55}
{"szEmployeeId":17210032876,"szname":"Asman","Channel Group":"Wholesaler","Project":"BIG"," LY":171733556.6542290151," 3LM":174516903.9970926642," LM":187642944.1172069907," T.MTD":184832552.3968099356," A.MTD":14224201.8191600014," Gap MTD":-170608350.577649951,"CR":6,"CA":2}
{"szEmployeeId":17210032876,"szname":"Asman","Channel Group":"Wholesaler","Project":"MEDIUM"," LY":303911975.0555610061," 3LM":319296900.43874228," LM":310617337.1426020265," T.MTD":338130695.4622190595," A.MTD":78073210.6133709997," Gap MTD":-260057484.8488479853,"CR":37,"CA":24}
{"szEmployeeId":17210032876,"szname":"Asman","Channel Group":"Retail","Project":"BIG"," LY":1354807.8649249999," 3LM":2176288.0467233332," LM":1167927.9881000002," T.MTD":2281498.1407333938," A.MTD":0.0," Gap MTD":-2281498.1407333938,"CR":2,"CA":0}
{"szEmployeeId":17210032876,"szname":"Asman","Channel Group":"MTI","Project":"SMALL"," LY":25310863.6766800024," 3LM":35385997.7367009968," LM":35595077.7606020048," T.MTD":38361495.6351303831," A.MTD":5140055.0024320008," Gap MTD":-33221440.6326983795,"CR":13,"CA":7}
{"szEmployeeId":17210032876,"szname":"Asman","Channel Group":"MTI","Project":"MEDIUM"," LY":2664549.4076250005," 3LM":2881220.0551643334," LM":4870529.7599999998," T.MTD":3020154.8616224113," A.MTD":1035126.14," Gap MTD":-1985028.7216224112,"CR":1,"CA":1}
{"szEmployeeId":17210041467,"szname":"Doli Purnama Sari","Channel Group":"Retail","Project":"SMALL"," LY":43715882.9481310099," 3LM":109853334.7307913005," LM":105466063.0904150009," T.MTD":108762389.1395101547," A.MTD":20468831.7655379958," Gap MTD":-88293557.3739721179,"CR":225,"CA":81}
{"szEmployeeId":17210041467,"szname":"Doli Purnama Sari","Channel Group":"Retail","Project":"BIG"," LY":38160953.4409969896," 3LM":36157838.5386103243," LM":33167172.6186209954," T.MTD":36459743.5466386378," A.MTD":12273370.6465350017," Gap MTD":-24186372.9001036361,"CR":30,"CA":18}
{"szEmployeeId":17210041467,"szname":"Doli Purnama Sari","Channel Group":"Retail","Project":"MEDIUM"," LY":43496987.3686840087," 3LM":61119685.812441662," LM":60406117.8119000047," T.MTD":61232673.1515172794," A.MTD":16237940.4514980037," Gap MTD":-44994732.7000192627,"CR":81,"CA":42}
{"szEmployeeId":17210041467,"szname":"Doli Purnama Sari","Channel Group":"MTI","Project":"SMALL"," LY":22649609.6816240065," 3LM":24544996.9213910028," LM":54614665.9296160042," T.MTD":23045194.1623338945," A.MTD":7968043.3139579995," Gap MTD":-15077150.848375896,"CR":10,"CA":6}
{"szEmployeeId":17210037897,"szname":"Hindra","Channel Group":"Wholesaler","Project":"SMALL"," LY":64760708.9769670144," 3LM":95979250.6733599901," LM":98447189.8906679899," T.MTD":109581652.0857546777," A.MTD":34000244.7225629911," Gap MTD":-75581407.3631916791,"CR":46,"CA":34}
{"szEmployeeId":17210037897,"szname":"Hindra","Channel Group":"Wholesaler","Project":"BIG"," LY":53380885.1133939996," 3LM":112688733.894898653," LM":130789016.1630339772," T.MTD":135184259.6618936062," A.MTD":7321081.0849440005," Gap MTD":-127863178.5769495964,"CR":3,"CA":1}
{"szEmployeeId":17210037897,"szname":"Hindra","Channel Group":"Wholesaler","Project":"MEDIUM"," LY":105587267.0025639981," 3LM":112278296.7617943138," LM":97238554.8607280105," T.MTD":129539875.0831796676," A.MTD":31861525.1770160012," Gap MTD":-97678349.9061636478,"CR":11,"CA":10}
{"szEmployeeId":17210037897,"szname":"Hindra","Channel Group":"Retail","Project":"SMALL"," LY":13072375.0168389995," 3LM":61062786.2152196243," LM":68364260.9594679773," T.MTD":69372349.6339745671," A.MTD":15919849.2690629959," Gap MTD":-53452500.3649115711,"CR":107,"CA":49}
{"szEmployeeId":17210037897,"szname":"Hindra","Channel Group":"Retail","Project":"BIG"," LY":33507497.0684350021," 3LM":23084525.613414336," LM":22630725.8822060041," T.MTD":26149376.6560760811," A.MTD":6951405.5655730003," Gap MTD":-19197971.0905030817,"CR":19,"CA":12}
{"szEmployeeId":17210037897,"szname":"Hindra","Channel Group":"Retail","Project":"MEDIUM"," LY":15064038.5078990012," 3LM":16885013.1837473325," LM":17975322.7204819992," T.MTD":19324904.8451559693," A.MTD":4351929.9170980006," Gap MTD":-14972974.9280579668,"CR":24,"CA":13}
{"szEmployeeId":17210037897,"szname":"Hindra","Channel Group":"MTI","Project":"SMALL"," LY":5494819.65142," 3LM":6071402.5907939998," LM":8353352.2161090011," T.MTD":6612528.0378743652," A.MTD":3712612.5995389991," Gap MTD":-2899915.4383353665,"CR":2,"CA":2}
{"szEmployeeId":17210037897,"szname":"Hindra","Channel Group":"FS","Project":"SMALL"," LY":0.0," 3LM":1215217.1103000001," LM":2169442.3399999999," T.MTD":1135053.9960910974," A.MTD":399391.92," Gap MTD":-735662.0760910974,"CR":3,"CA":2}
{"szEmployeeId":17210036369,"szname":"Muhammad Tamrin","Channel Group":"Wholesaler","Project":"SMALL"," LY":86623123.2155359685," 3LM":111289924.0570583493," LM":121035029.0289050043," T.MTD":136339074.3210403919," A.MTD":32416507.4894800074," Gap MTD":-103922566.8315603733,"CR":94,"CA":54}
{"szEmployeeId":17210036369,"szname":"Muhammad Tamrin","Channel Group":"Wholesaler","Project":"BIG"," LY":171652420.2909970284," 3LM":116656677.5741079897," LM":176866324.2648090124," T.MTD":159218484.9475179613," A.MTD":8847020.7252190001," Gap MTD":-150371464.2222989798,"CR":6,"CA":3}
{"szEmployeeId":17210036369,"szname":"Muhammad Tamrin","Channel Group":"Wholesaler","Project":"MEDIUM"," LY":167270675.4651520252," 3LM":165863389.9270386398," LM":177425003.6623599827," T.MTD":207952234.111392647," A.MTD":37731191.9161580056," Gap MTD":-170221042.1952346265,"CR":37,"CA":23}
{"szEmployeeId":17210036369,"szname":"Muhammad Tamrin","Channel Group":"Retail","Project":"BIG"," LY":1454083.6365660001," 3LM":1511796.8920053334," LM":859459.4937799999," T.MTD":1938355.9931302594," A.MTD":418082.907387," Gap MTD":-1520273.0857432594,"CR":2,"CA":1}
{"szEmployeeId":17210036369,"szname":"Muhammad Tamrin","Channel Group":"MTI","Project":"SMALL"," LY":3850104.1614339999," 3LM":6850239.5702943327," LM":7776680.2764810007," T.MTD":5066845.6493003406," A.MTD":1621121.6270260001," Gap MTD":-3445724.022274341,"CR":13,"CA":6}
{"szEmployeeId":17210036369,"szname":"Muhammad Tamrin","Channel Group":"MTI","Project":"MEDIUM"," LY":201386.46," 3LM":625675.9533333334," LM":792969.3600000001," T.MTD":435073.3488392325," A.MTD":0.0," Gap MTD":-435073.3488392325,"CR":1,"CA":0}
{"szEmployeeId":17210036369,"szname":"Muhammad Tamrin","Channel Group":"FS","Project":"SMALL"," LY":0.0," 3LM":71959.46," LM":215878.38," T.MTD":49931.628778884," A.MTD":999280.1800000001," Gap MTD":949348.5512211161,"CR":1,"CA":1}
{"szEmployeeId":17210037632,"szname":"Robianor","Channel Group":"Wholesaler","Project":"SMALL"," LY":85538818.6983870119," 3LM":100519228.0362083465," LM":111461524.5595579892," T.MTD":112312007.4286870211," A.MTD":28559732.6233699955," Gap MTD":-83752274.8053169996,"CR":41,"CA":24}
{"szEmployeeId":17210037632,"szname":"Robianor","Channel Group":"Wholesaler","Project":"BIG"," LY":135774698.9929580092," 3LM":120715796.2805116475," LM":109719999.9075410068," T.MTD":148110124.9814464748," A.MTD":28990360.3316890039," Gap MTD":-119119764.6497574747,"CR":3,"CA":3}
{"szEmployeeId":17210037632,"szname":"Robianor","Channel Group":"Wholesaler","Project":"MEDIUM"," LY":302516224.2973610163," 3LM":330000878.4380882978," LM":348810485.4595379829," T.MTD":377816161.0914613008," A.MTD":45828518.7933909968," Gap MTD":-331987642.2980703115,"CR":28,"CA":15}
{"szEmployeeId":17210037632,"szname":"Robianor","Channel Group":"Retail","Project":"SMALL"," LY":24144509.0498119965," 3LM":42242838.1526700184," LM":55440372.4423980191," T.MTD":48158779.8998367563," A.MTD":11053441.8218450025," Gap MTD":-37105338.0779917464,"CR":83,"CA":23}
{"szEmployeeId":17210037632,"szname":"Robianor",