{"szEmployeeId":17210032876,"szname":"Asman","Channel Group":"WHOLESALER","Project":"SMALL"," LY":54808564.1830870062," 3LM":77449024.5231283158," LM":97967798.7256940305," T.MTD":64992175.1150315553," A.MTD":30896485.5572619922," Gap MTD":-34095689.5577695593}
{"szEmployeeId":17210032876,"szname":"Asman","Channel Group":"WHOLESALER","Project":"BIG"," LY":73817868.0867169946," 3LM":87889879.5102043152," LM":46529459.1832880005," T.MTD":72245784.5401849449," A.MTD":0.0," Gap MTD":-72245784.5401849449}
{"szEmployeeId":17210032876,"szname":"Asman","Channel Group":"WHOLESALER","Project":"MEDIUM"," LY":344200485.5759459138," 3LM":368224264.2312974334," LM":393615106.9732410908," T.MTD":301021488.8417291045," A.MTD":111882969.8688060045," Gap MTD":-189138518.9729230702}
{"szEmployeeId":17210032876,"szname":"Asman","Channel Group":"RETAIL","Project":"SMALL"," LY":1214294.4334089998," 3LM":3559593.9233250003," LM":4176666.0011610002," T.MTD":3029977.3852590099," A.MTD":1467341.9652200001," Gap MTD":-1562635.4200390098}
{"szEmployeeId":17210032876,"szname":"Asman","Channel Group":"RETAIL","Project":"BIG"," LY":42810634.0287959948," 3LM":47088716.4325166643," LM":49539148.4029560015," T.MTD":38630802.2914330363," A.MTD":22359997.3287639953," Gap MTD":-16270804.9626690373}
{"szEmployeeId":17210032876,"szname":"Asman","Channel Group":"RETAIL","Project":"MEDIUM"," LY":8127551.1666240003," 3LM":10145692.2866816651," LM":12176313.4808869995," T.MTD":8301298.0331001282," A.MTD":3306017.4080089997," Gap MTD":-4995280.6250911281}
{"szEmployeeId":17210032876,"szname":"Asman","Channel Group":"MTI","Project":"SMALL"," LY":23759941.1714939997," 3LM":36928938.6270763278," LM":39502747.3047500104," T.MTD":30083280.8472596519," A.MTD":12310287.7682799995," Gap MTD":-17772993.0789796524}
{"szEmployeeId":17210032876,"szname":"Asman","Channel Group":"MTI","Project":"MEDIUM"," LY":4847297.0306529999," 3LM":3153945.7723103333," LM":4076231.3469309993," T.MTD":2557192.9460024103," A.MTD":0.0," Gap MTD":-2557192.9460024103}
{"szEmployeeId":17210036369,"szname":"Muhammad Tamrin","Channel Group":"WHOLESALER","Project":"SMALL"," LY":33385109.7470450029," 3LM":88119860.0898076594," LM":82570037.7677609921," T.MTD":93206249.088354513," A.MTD":15122364.266725," Gap MTD":-78083884.8216295093}
{"szEmployeeId":17210036369,"szname":"Muhammad Tamrin","Channel Group":"WHOLESALER","Project":"BIG"," LY":80301813.409897998," 3LM":115277949.2147640139," LM":132321974.3888270259," T.MTD":128554855.3917328417," A.MTD":0.0," Gap MTD":-128554855.3917328417}
{"szEmployeeId":17210036369,"szname":"Muhammad Tamrin","Channel Group":"WHOLESALER","Project":"MEDIUM"," LY":148643056.517048955," 3LM":191152894.2763743401," LM":202058541.6288769543," T.MTD":198650258.889523685," A.MTD":47623591.6661350131," Gap MTD":-151026667.2233887017}
{"szEmployeeId":17210036369,"szname":"Muhammad Tamrin","Channel Group":"RETAIL","Project":"SMALL"," LY":9337717.4898339994," 3LM":43221741.1275340244," LM":44423949.13068901," T.MTD":44716345.7759534791," A.MTD":17786931.1717430018," Gap MTD":-26929414.6042104624}
{"szEmployeeId":17210036369,"szname":"Muhammad Tamrin","Channel Group":"RETAIL","Project":"BIG"," LY":35336213.3922130093," 3LM":40483984.6782873347," LM":45084680.6082060039," T.MTD":42289918.8717069551," A.MTD":13779621.0977190025," Gap MTD":-28510297.7739879638}
{"szEmployeeId":17210036369,"szname":"Muhammad Tamrin","Channel Group":"RETAIL","Project":"MEDIUM"," LY":14577300.9996970017," 3LM":20532853.2046993375," LM":19092951.3866230026," T.MTD":22232369.0502642691," A.MTD":14987566.5867249984," Gap MTD":-7244802.4635392763}
{"szEmployeeId":17210036369,"szname":"Muhammad Tamrin","Channel Group":"MTI","Project":"SMALL"," LY":123378.366485," 3LM":10006892.7649046686," LM":7403307.8853909988," T.MTD":9573088.8367541749," A.MTD":0.0," Gap MTD":-9573088.8367541749}
{"szEmployeeId":17210036369,"szname":"Muhammad Tamrin","Channel Group":"MTI","Project":"MEDIUM"," LY":5458062.847010999," 3LM":3682258.1330003329," LM":4165693.5351279997," T.MTD":4004914.095709959," A.MTD":616216.1899999999," Gap MTD":-3388697.9057099591}
{"szEmployeeId":17210037632,"szname":"Robianor","Channel Group":"WHOLESALER","Project":"SMALL"," LY":44801278.9896970019," 3LM":109266108.4129590392," LM":104528960.5107169598," T.MTD":106229123.4948109984," A.MTD":37905917.7842479944," Gap MTD":-68323205.7105629891}
{"szEmployeeId":17210037632,"szname":"Robianor","Channel Group":"WHOLESALER","Project":"BIG"," LY":33541260.9837170057," 3LM":41553543.0859490037," LM":44699098.5732770041," T.MTD":43288427.7041195706," A.MTD":15545945.7095199972," Gap MTD":-27742481.9945995733}
{"szEmployeeId":17210037632,"szname":"Robianor","Channel Group":"WHOLESALER","Project":"MEDIUM"," LY":194556987.3045629859," 3LM":269338513.2175557017," LM":270601153.546432972," T.MTD":272661368.1145894527," A.MTD":79236733.4866959751," Gap MTD":-193424634.6278934479}
{"szEmployeeId":17210037632,"szname":"Robianor","Channel Group":"RETAIL","Project":"SMALL"," LY":13634431.6899220012," 3LM":50452113.5433030128," LM":52503476.3597890213," T.MTD":48247468.1006995738," A.MTD":17988764.3272450007," Gap MTD":-30258703.7734545693}
{"szEmployeeId":17210037632,"szname":"Robianor","Channel Group":"RETAIL","Project":"BIG"," LY":23515598.7964850031," 3LM":25604141.8540226743," LM":27871090.0527350046," T.MTD":24849867.0555918142," A.MTD":12879503.0593350027," Gap MTD":-11970363.9962568209}
{"szEmployeeId":17210037632,"szname":"Robianor","Channel Group":"RETAIL","Project":"MEDIUM"," LY":17635111.2440359965," 3LM":16881545.9390223399," LM":17494829.9751850031," T.MTD":16306201.0332131572," A.MTD":6107740.6966470005," Gap MTD":-10198460.3365661539}
{"szEmployeeId":17210037632,"szname":"Robianor","Channel Group":"MTI","Project":"SMALL"," LY":1628232.9407929999," 3LM":1336728.6566666663," LM":1162738.3300000003," T.MTD":1612544.4969756359," A.MTD":624874.5800000001," Gap MTD":-987669.9169756358}
{"szEmployeeId":17210037713,"szname":"Rahmani","Channel Group":"WHOLESALER","Project":"SMALL"," LY":40188332.9162969962," 3LM":42764929.7368599996," LM":46945876.1569660008," T.MTD":44720065.9180461988," A.MTD":22957040.530697003," Gap MTD":-21763025.3873491995}
{"szEmployeeId":17210037713,"szname":"Rahmani","Channel Group":"WHOLESALER","Project":"BIG"," LY":91017968.664613992," 3LM":63864639.5714203417," LM":93134820.1770029962," T.MTD":78740642.2108339369," A.MTD":0.0," Gap MTD":-78740642.2108339369}
{"szEmployeeId":17210037713,"szname":"Rahmani","Channel Group":"WHOLESALER","Project":"MEDIUM"," LY":213320048.5150069892," 3LM":230211747.2222333252," LM":227455760.0006550252," T.MTD":262726056.246139884," A.MTD":64178670.0076409951," Gap MTD":-198547386.2384988666}
{"szEmployeeId":17210037713,"szname":"Rahmani","Channel Group":"RETAIL","Project":"SMALL"," LY":6799875.3924810002," 3LM":37359481.391460672," LM":39336609.3838049918," T.MTD":40659529.5605230033," A.MTD":10229388.3271000013," Gap MTD":-30430141.2334229946}
{"szEmployeeId":17210037713,"szname":"Rahmani","Channel Group":"RETAIL","Project":"BIG"," LY":46764989.4392259866," 3LM":46149681.4311263338," LM":45590866.7189130038," T.MTD":52539271.4441424981," A.MTD":15531174.3501509968," Gap MTD":-37008097.093991518}
{"szEmployeeId":17210037713,"szname":"Rahmani","Channel Group":"RETAIL","Project":"MEDIUM"," LY":21166724.4748769999," 3LM":26630364.2905366644," LM":24469565.4694950022," T.MTD":29358967.7040608488," A.MTD":12011364.5891560018," Gap MTD":-17347603.1149048582}
{"szEmployeeId":17210037713,"szname":"Rahmani","Channel Group":"MTI","Project":"SMALL"," LY":5823242.981013," 3LM":7844686.0846826639," LM":8293981.6773719992," T.MTD":8333466.9162536561," A.MTD":2318738.6563880001," Gap MTD":-6014728.2598656565}
{"szEmployeeId":17210037897,"szname":"Hindra","Channel Group":"WHOLESALER","Project":"SMALL"," LY":25211945.6495799981," 3LM":63010207.1132666543," LM":69291963.9919969887," T.MTD":67302768.2721009105," A.MTD":22443233.137887001,