{"szEmployeeId":17210032876,"szname":"Asman","Channel Group":"MTI"," LY":28846624.5998560004," 3LM":38436892.8574503362," LM":46645595.0697880015," Max":81878239.7002599835," T.MTD":40212279.2424942926," A.MTD":37236324.6306020021," Gap MTD":-2975954.6118922997," Ach":0.9259938838," vs LY":0.2908381881," vs 3LM":-0.0312347887," vs LM":-0.2017183064}
{"szEmployeeId":17210032876,"szname":"Asman","Channel Group":"Retail"," LY":1418052.8234870003," 3LM":2646894.4536319994," LM":2186324.1308999998," Max":3174612.0211699996," T.MTD":2720426.4347201716," A.MTD":1167927.9881000002," Gap MTD":-1552498.4466201714," Ach":0.4293179824," vs LY":-0.1763861199," vs 3LM":-0.5587553608," vs LM":-0.4658029102}
{"szEmployeeId":17210032876,"szname":"Asman","Channel Group":"Wholesaler"," LY":563618170.3901637793," 3LM":613937668.1453891993," LM":666873478.5888329744," Max":1034334705.8744932413," T.MTD":634317294.3227857351," A.MTD":627060323.302662015," Gap MTD":-7256971.0201236252," Ach":0.9885593991," vs LY":0.1125622917," vs 3LM":0.0213745724," vs LM":-0.0597012125}
{"szEmployeeId":17210036369,"szname":"Muhammad Tamrin","Channel Group":"MTI"," LY":3473282.4689009995," 3LM":6504056.535070667," LM":8083493.6554879993," Max":17936639.8392470032," T.MTD":5972585.7721536886," A.MTD":8569649.636481002," Gap MTD":2597063.8643273115," Ach":1.4348307355," vs LY":1.4673057009," vs 3LM":0.3175853547," vs LM":0.0601418151}
{"szEmployeeId":17210036369,"szname":"Muhammad Tamrin","Channel Group":"Retail"," LY":1376040.3850380001," 3LM":2205120.8158173328," LM":1570252.1818860001," Max":3336359.2008009991," T.MTD":2622227.828470943," A.MTD":859459.49378," Gap MTD":-1762768.3346909429," Ach":0.3277592757," vs LY":-0.3754111412," vs 3LM":-0.6102438072," vs LM":-0.4526614873}
{"szEmployeeId":17210036369,"szname":"Muhammad Tamrin","Channel Group":"Wholesaler"," LY":285096634.5240528584," 3LM":358231495.3284887075," LM":372077151.0543449521," Max":704116283.8517198563," T.MTD":472075186.3993753195," A.MTD":466576176.7878870368," Gap MTD":-5499009.6114882892," Ach":0.9883514114," vs LY":0.6365544882," vs 3LM":0.3024432047," vs LM":0.2539769654}
{"szEmployeeId":17210036369,"szname":"Muhammad Tamrin","Channel Group":"FS"," LY":0.0," 3LM":0.0," LM":0.0," Max":0.0," T.MTD":0.0," A.MTD":215878.38," Gap MTD":215878.38," Ach":"0x7"," vs LY":0.0," vs 3LM":0.0," vs LM":0.0}
{"szEmployeeId":17210037632,"szname":"Robianor","Channel Group":"MTI"," LY":1311082.4536030004," 3LM":1074006.6133333333," LM":872474.76," Max":1915342.6400000001," T.MTD":1089476.0378296834," A.MTD":1137663.9800000002," Gap MTD":48187.9421703168," Ach":1.0442303828," vs LY":-0.1322712184," vs 3LM":0.0592709262," vs LM":0.3039505922}
{"szEmployeeId":17210037632,"szname":"Robianor","Channel Group":"Retail"," LY":67487841.212842986," 3LM":89569919.0991549492," LM":91929721.7733409703," Max":186583015.1791020632," T.MTD":98496753.436041519," A.MTD":106216718.198205024," Gap MTD":7719964.7621634658," Ach":1.0783778601," vs LY":0.5738645108," vs 3LM":0.1858525637," vs LM":0.1554121578}
{"szEmployeeId":17210037632,"szname":"Robianor","Channel Group":"Wholesaler"," LY":504663596.6925289035," 3LM":557663630.4309140444," LM":551154643.4305779934," Max":909680732.5522921085," T.MTD":632558692.2677540779," A.MTD":569992009.9266369343," Gap MTD":-62566682.3411170244," Ach":0.9010895224," vs LY":0.1294494266," vs 3LM":0.0221071966," vs LM":0.0341780056}
{"szEmployeeId":17210037632,"szname":"Robianor","Channel Group":"FS"," LY":0.0," 3LM":644272.6699999999," LM":813000.0," Max":1932818.01," T.MTD":495078.2583747623," A.MTD":818181.98," Gap MTD":323103.7216252376," Ach":1.6526316116," vs LY":0.0," vs 3LM":0.2699312234," vs LM":0.0063738991}
{"szEmployeeId":17210037897,"szname":"Hindra","Channel Group":"MTI"," LY":7588029.4556139987," 3LM":6051612.4112149999," LM":5753468.3247560002," Max":10895890.6953409985," T.MTD":6830652.6725607514," A.MTD":8353352.2161089983," Gap MTD":1522699.5435482473," Ach":1.2229215298," vs LY":0.1008592237," vs 3LM":0.3803514912," vs LM":0.4518811514}
{"szEmployeeId":17210037897,"szname":"Hindra","Channel Group":"Retail"," LY":62963908.1377580017," 3LM":100790564.8137456328," LM":101572935.1203989387," Max":196484976.2470810413," T.MTD":112510874.242122069," A.MTD":108886309.5621559769," Gap MTD":-3624564.6799661284," Ach":0.9677847612," vs LY":0.7293448387," vs 3LM":0.0803224465," vs LM":0.0720012121}
{"szEmployeeId":17210037897,"szname":"Hindra","Channel Group":"Wholesaler"," LY":357504065.0528529882," 3LM":325573752.178288281," LM":283723622.1950179935," Max":558972694.0547339916," T.MTD":366450542.3777638078," A.MTD":326422260.9144300222," Gap MTD":-40028281.4633337632," Ach":0.8907675748," vs LY":-0.0869411209," vs 3LM":0.0026061952," vs LM":0.1504937741}
{"szEmployeeId":17210037897,"szname":"Hindra","Channel Group":"FS"," LY":0.0," 3LM":492069.6636333333," LM":1476208.9909000001," Max":1476208.9909000001," T.MTD":537930.707553309," A.MTD":1724350.4499999997," Gap MTD":1186419.7424466908," Ach":3.2055252206," vs LY":0.0," vs 3LM":2.5042811566," vs LM":0.1680937189}
{"szEmployeeId":17210041467,"szname":"Doli Purnama Sari","Channel Group":"MTI"," LY":20795616.6151109971," 3LM":32442170.5368869975," LM":18929425.7251229994," Max":64644647.3440150023," T.MTD":29360766.6658727452," A.MTD":29631493.8596159965," Gap MTD":270727.1937432536," Ach":1.0092207127," vs LY":0.4248913321," vs 3LM":-0.0866365176," vs LM":0.5653667623}
{"szEmployeeId":17210041467,"szname":"Doli Purnama Sari","Channel Group":"Retail"," LY":129038581.6388789713," 3LM":204483626.5903009176," LM":232980114.6656949818," Max":375643263.379744947," T.MTD":195639233.3341272473," A.MTD":196973058.9309360981," Gap MTD":1333825.5968087716," Ach":1.0068177818," vs LY":0.5264663981," vs 3LM":-0.036729433," vs LM":-0.1545499099}
{"szEmployeeId":17210041960,"szname":"Bahrudin Rahman","Channel Group":"MTI"," LY":16416485.9758860003," 3LM":18147988.1206676625," LM":22254788.8848839924," Max":36797306.0072409958," T.MTD":18893330.0332454443," A.MTD":12910042.3053649999," Gap MTD":-5983287.7278804444," Ach":0.683312168," vs LY":-0.2135928283," vs 3LM":-0.2886240491," vs LM":-0.4198982353}
{"szEmployeeId":17210041960,"szname":"Bahrudin Rahman","Channel Group":"Retail"," LY":57610458.2064299956," 3LM":96065066.2806572765," LM":108425614.9278570414," Max":203912216.928243041," T.MTD":104040305.5690749288," A.MTD":114644117.040776059," Gap MTD":10603811.4717010502," Ach":1.1019202261," vs LY":0.9899879399," vs 3LM":0.1934006968," vs LM":0.0573527032}
{"szEmployeeId":17210041960,"szname":"Bahrudin Rahman","Channel Group":"Wholesaler"," LY":537653065.8383328915," 3LM":564645516.4040704966," LM":622579099.9468852282," Max":1012718927.028873086," T.MTD":637816364.397679925," A.MTD":490102913.3934949636," Gap MTD":-147713451.0041848421," Ach":0.7684075555," vs LY":-0.0884402145," vs 3LM":-0.1320166385," vs LM":-0.2127861127}
