{"szEmployeeId":17210032876,"szname":"Asman","Channel":"Wholesaler","LY":891486691.0427371264,"3LM":876386814.7320029736,"LM":858211909.6433352232,"Target":923250101.4591659307,"Actual":168730611.946849972,"Ach":0.1827572092,"Gap":-754519489.5123159885,"vs LY":-0.8107312048,"vs 3LM":-0.8074701615,"vs LM":-0.8033928333}
{"szEmployeeId":17210032876,"szname":"Asman","Channel":"Retail","LY":114905099.8956109881,"3LM":120183485.4343539625,"LM":127821450.3079519868,"Target":124801663.4577450305,"Actual":51891174.8281879947,"Ach":0.415789128,"Gap":-72910488.6295570433,"vs LY":-0.548399724,"vs 3LM":-0.5682337333,"vs LM":-0.5940339066}
{"szEmployeeId":17210032876,"szname":"Asman","Channel":"MTI","LY":38788254.4771230072,"3LM":51872087.6668513268,"LM":55419921.5861569792,"Target":51948235.0830894187,"Actual":19465616.5041340031,"Ach":0.3747117967,"Gap":-32482618.5789554156,"vs LY":-0.4981569352,"vs 3LM":-0.6247381322,"vs LM":-0.6487613849}
{"szEmployeeId":17210037897,"szname":"Hindra","Channel":"Wholesaler","LY":215160669.5543959737,"3LM":226670136.711314261,"LM":204468073.3189939857,"Target":248423228.2641009688,"Actual":73987216.7283290327,"Ach":0.2978272895,"Gap":-174436011.5357719362,"vs LY":-0.6561303844,"vs 3LM":-0.6735908056,"vs LM":-0.6381478266}
{"szEmployeeId":17210037897,"szname":"Hindra","Channel":"Retail","LY":55839793.7187760025,"3LM":133509231.9515440315,"LM":126427683.0699760765,"Target":144930021.0203855336,"Actual":58054181.2412470132,"Ach":0.4005669828,"Gap":-86875839.7791385204,"vs LY":0.0396560835,"vs 3LM":-0.5651672892,"vs LM":-0.5408111591}
{"szEmployeeId":17210037897,"szname":"Hindra","Channel":"MTI","LY":13602522.1347399987,"3LM":6630355.9212406678,"LM":6342221.3869679999,"Target":6646750.7155133002,"Actual":2927796.2965689995,"Ach":0.4404853472,"Gap":-3718954.4189443006,"vs LY":-0.7847607769,"vs 3LM":-0.5584254705,"vs LM":-0.5383642232}
{"szEmployeeId":17210036369,"szname":"Muhammad Tamrin","Channel":"Wholesaler","LY":390327328.8937538266,"3LM":320663990.9788776636,"LM":371156289.3137600422,"Target":370102668.7429541349,"Actual":51703702.5968419984,"Ach":0.1397009721,"Gap":-318398966.146112144,"vs LY":-0.86753758,"vs 3LM":-0.8387604968,"vs LM":-0.8606956043}
{"szEmployeeId":17210036369,"szname":"Muhammad Tamrin","Channel":"Retail","LY":84824441.9894209951,"3LM":150467986.9362263083,"LM":155630374.2041790485,"Target":174297247.9664403796,"Actual":40768214.8752869964,"Ach":0.2339005082,"Gap":-133529033.0911533833,"vs LY":-0.5193812783,"vs 3LM":-0.7290572187,"vs LM":-0.7380446132}
{"szEmployeeId":17210036369,"szname":"Muhammad Tamrin","Channel":"MTI","LY":3546306.1941300002,"3LM":13756030.1231050044,"LM":18533037.224387005,"Target":15600083.2906054668,"Actual":1797495.4099969999,"Ach":0.1152234495,"Gap":-13802587.8806084674,"vs LY":-0.4931358683,"vs 3LM":-0.8693303668,"vs LM":-0.903011288}
{"szEmployeeId":17210037713,"szname":"Rahmani","Channel":"Wholesaler","LY":355748177.4265159965,"3LM":337193652.1556536555,"LM":272692214.098928988,"Target":396031712.9057658315,"Actual":81464446.7683990151,"Ach":0.2057018267,"Gap":-314567266.1373668313,"vs LY":-0.7710053011,"vs 3LM":-0.7584045659,"vs LM":-0.7012586258}
{"szEmployeeId":17210037713,"szname":"Rahmani","Channel":"Retail","LY":84806217.3757640123,"3LM":110386724.6325356811,"LM":104609193.6219879538,"Target":132077869.5096500069,"Actual":43832496.9636079893,"Ach":0.3318685948,"Gap":-88245372.5460420251,"vs LY":-0.4831452419,"vs 3LM":-0.6029187648,"vs LM":-0.5809881001}
{"szEmployeeId":17210037713,"szname":"Rahmani","Channel":"MTI","LY":3931490.7359239999,"3LM":6083476.1040556673,"LM":9990395.2745320015,"Target":6890417.5845840611,"Actual":2319026.894324,"Ach":0.3365582515,"Gap":-4571390.6902600611,"vs LY":-0.4101405675,"vs 3LM":-0.618799046,"vs LM":-0.7678743603}
{"szEmployeeId":17210037632,"szname":"Robianor","Channel":"Wholesaler","LY":262576599.3300200105,"3LM":364142815.3963080645,"LM":397074013.3786390424,"Target":396290813.6424007416,"Actual":84795117.3187170029,"Ach":0.2139719479,"Gap":-311495696.3236837387,"vs LY":-0.6770652163,"vs 3LM":-0.7671377445,"vs LM":-0.7864500963}
{"szEmployeeId":17210037632,"szname":"Robianor","Channel":"Retail","LY":54481213.359691985,"3LM":122532681.5260166526,"LM":102196098.0710120052,"Target":132470757.1793961078,"Actual":54096026.9602129906,"Ach":0.4083620273,"Gap":-78374730.2191831172,"vs LY":-0.0070700775,"vs 3LM":-0.5585175621,"vs LM":-0.470664458}
{"szEmployeeId":17210037632,"szname":"Robianor","Channel":"MTI","LY":1193015.1293690002,"3LM":1201138.323333333,"LM":1248354.4900000002,"Target":1238429.1782031839,"Actual":613481.73,"Ach":0.4953708624,"Gap":-624947.4482031839,"vs LY":-0.4857720452,"vs 3LM":-0.4892497241,"vs LM":-0.5085676906}
{"szEmployeeId":17210038077,"szname":"Sopian Sauri","Channel":"Wholesaler","LY":743635.0952250001,"3LM":2488357.8781326669,"LM":2388090.0252189999,"Target":3606763.7977251527,"Actual":1490321.5659440001,"Ach":0.4132018756,"Gap":-2116442.2317811525,"vs LY":1.0041033237,"vs 3LM":-0.4010823045,"vs LM":-0.3759357687}
{"szEmployeeId":17210038077,"szname":"Sopian Sauri","Channel":"Retail","LY":42759595.0815849826,"3LM":60789770.6316626593,"LM":58454462.3203690052,"Target":83028316.3037671298,"Actual":90629032.5819710344,"Ach":1.0915436639,"Gap":7600716.2782039046,"vs LY":1.1195016559,"vs 3LM":0.49085992,"vs LM":0.5504211139}
{"szEmployeeId":17210038077,"szname":"Sopian Sauri","Channel":"MTI","LY":2869762.0734140002,"3LM":3461685.6736310003,"LM":4001234.8900000006,"Target":3429919.8985076416,"Actual":8997779.5413429998,"Ach":2.6233206044,"Gap":5567859.6428353582,"vs LY":2.1353747493,"vs 3LM":1.5992479935,"vs LM":1.2487506454}
{"szEmployeeId":17210041467,"szname":"Doli Purnama Sari","Channel":"Wholesaler","LY":2001351.3363060001,"3LM":3355900.7860506671,"LM":1336216.164053,"Target":5075035.5658637006,"Actual":1490321.5659440001,"Ach":0.2936573639,"Gap":-3584713.9999197004,"vs LY":-0.2553423585,"vs 3LM":-0.5559101234,"vs LM":0.1153296944}
{"szEmployeeId":17210041467,"szname":"Doli Purnama Sari","Channel":"Retail","LY":90955534.4094910175,"3LM":84578492.17016536,"LM":87262962.205316022,"Target":127607126.5800296962,"Actual":90629032.5819710344,"Ach":0.7102192096,"Gap":-36978093.9980586618,"vs LY":-0.0035896862,"vs 3LM":0.0715375772,"vs LM":0.0385738725}
{"szEmployeeId":17210041467,"szname":"Doli Purnama Sari","Channel":"MTI","LY":24855039.8968270011,"3LM":18352254.3935193308,"LM":21618377.4340310022,"Target":27317837.8541066945,"Actual":8997779.5413429998,"Ach":0.3293737809,"Gap":-18320058.3127636947,"vs LY":-0.6379897365,"vs 3LM":-0.5097180244,"vs LM":-0.5837902466}
