{"szEmployeeId":17210032876,"szname":"Asman","Channel Group":"MTI"," LY":27975413.0843050033," 3LM":38100719.8452276736," LM":40465607.5206019953," Max":82254455.9899850041," T.MTD":40082479.2327979356," A.MTD":12582218.0146789998," Gap MTD":-27500261.2181189284," Ach":0.3139081777," vs LY":-0.5502401349," vs 3LM":-0.6697642967," vs LM":-0.6890639042}
{"szEmployeeId":17210032876,"szname":"Asman","Channel Group":"Wholesaler"," LY":561542360.1163181067," 3LM":639784824.8544560671," LM":627060323.3026617765," Max":1067578536.9868602753," T.MTD":663217520.7672020197," A.MTD":182011030.2052411139," Gap MTD":-481206490.5619615316," Ach":0.2744364021," vs LY":-0.6758730184," vs 3LM":-0.7155121173," vs LM":-0.7097392014}
{"szEmployeeId":17210036369,"szname":"Muhammad Tamrin","Channel Group":"MTI"," LY":4051490.6214339999," 3LM":7593357.6996649988," LM":8569649.636481002," Max":18423934.5146520026," T.MTD":7377622.7631668616," A.MTD":4165836.9513489995," Gap MTD":-3211785.8118178602," Ach":0.5646584388," vs LY":0.028223274," vs 3LM":-0.4513840759," vs LM":-0.5138847995}
{"szEmployeeId":17210036369,"szname":"Muhammad Tamrin","Channel Group":"Wholesaler"," LY":425546218.9716850519," 3LM":421387564.5048511028," LM":466576176.7878869772," Max":745491712.8408671618," T.MTD":504574412.2363101244," A.MTD":142956658.0169409811," Gap MTD":-361617754.2193690538," Ach":0.2833212596," vs LY":-0.664063146," vs 3LM":-0.6607478007," vs LM":-0.6936048921}
{"szEmployeeId":17210036369,"szname":"Muhammad Tamrin","Channel Group":"FS"," LY":0.0," 3LM":453628.83," LM":215878.38," Max":1145008.1100000001," T.MTD":347965.0005229969," A.MTD":210979.28," Gap MTD":-136985.7205229969," Ach":0.6063232787," vs LY":"0x7"," vs 3LM":-0.5349076909," vs LM":-0.0226937964}
{"szEmployeeId":17210037632,"szname":"Robianor","Channel Group":"MTI"," LY":1481940.9100000001," 3LM":1090674.1990090003," LM":1147795.51," Max":1915342.6400000001," T.MTD":1227656.6473911067," A.MTD":381482.0," Gap MTD":-846174.6473911067," Ach":0.3107399783," vs LY":-0.7425794798," vs 3LM":-0.6502328557," vs LM":-0.6676394038}
{"szEmployeeId":17210037632,"szname":"Robianor","Channel Group":"Retail"," LY":69619218.4995580316," 3LM":97781608.3690566421," LM":108730314.5953210145," Max":214805693.9947550893," T.MTD":111587993.7201159149," A.MTD":38070565.1514089853," Gap MTD":-73517428.5687069744," Ach":0.3411708006," vs LY":-0.4531601191," vs 3LM":-0.6106572004," vs LM":-0.6498624575}
{"szEmployeeId":17210037632,"szname":"Robianor","Channel Group":"Wholesaler"," LY":522408120.3987059593," 3LM":547610473.3093694448," LM":567488913.5295208693," Max":927065923.2099809647," T.MTD":630199710.357370615," A.MTD":160796598.4875530005," Gap MTD":-469403111.8698177338," Ach":0.2551518127," vs LY":-0.6922011887," vs 3LM":-0.7063668313," vs LM":-0.7166524409}
{"szEmployeeId":17210037632,"szname":"Robianor","Channel Group":"FS"," LY":0.0," 3LM":1100059.1566666667," LM":818181.98," Max":2645171.1699999999," T.MTD":984639.2751225345," A.MTD":1116920.72," Gap MTD":132281.4448774654," Ach":1.1343450827," vs LY":"0x7"," vs 3LM":0.0153278696," vs LM":0.3651250545}
{"szEmployeeId":17210037897,"szname":"Hindra","Channel Group":"MTI"," LY":5494819.65142," 3LM":6901057.2834066655," LM":8353352.2161090011," Max":10895890.6953409985," T.MTD":7922597.3193634693," A.MTD":3321599.0708040004," Gap MTD":-4600998.2485594684," Ach":0.4192563293," vs LY":-0.3955035321," vs 3LM":-0.5186825823," vs LM":-0.6023633405}
{"szEmployeeId":17210037897,"szname":"Hindra","Channel Group":"Retail"," LY":59818280.0348009989," 3LM":102097522.1680070311," LM":108970309.5621559769," Max":209858521.3489940763," T.MTD":123011292.8346654028," A.MTD":43209235.2182759941," Gap MTD":-79802057.6163893342," Ach":0.3512623453," vs LY":-0.277658348," vs 3LM":-0.5767846829," vs LM":-0.6034769894}
{"szEmployeeId":17210037897,"szname":"Hindra","Channel Group":"Wholesaler"," LY":223728861.0929249227," 3LM":291756935.9075523615," LM":326474760.9144300818," Max":592635029.0459427834," T.MTD":353408229.7014173269," A.MTD":94371152.6409640014," Gap MTD":-259037077.0604533255," Ach":0.2670315649," vs LY":-0.5781896346," vs 3LM":-0.6765418709," vs LM":-0.7109389027}
{"szEmployeeId":17210037897,"szname":"Hindra","Channel Group":"FS"," LY":0.0," 3LM":1476992.4903000002," LM":2169442.3399999999," Max":4988970.2608999992," T.MTD":1657880.1445538139," A.MTD":3671646.8499999996," Gap MTD":2013766.705446186," Ach":2.2146636245," vs LY":"0x7"," vs 3LM":1.4858940544," vs LM":0.6924380899}
{"szEmployeeId":17210041467,"szname":"Doli Purnama Sari","Channel Group":"MTI"," LY":22649609.6816240065," 3LM":23658919.5001933388," LM":54614665.9296160117," Max":67603268.8429360092," T.MTD":25073627.6716230139," A.MTD":9791536.126929," Gap MTD":-15282091.5446940102," Ach":0.3905113474," vs LY":-0.5676951495," vs 3LM":-0.5861376456," vs LM":-0.8207159934}
{"szEmployeeId":17210041467,"szname":"Doli Purnama Sari","Channel Group":"Retail"," LY":125990529.9416700304," 3LM":206115546.3394291699," LM":201066741.0028161705," Max":415355380.780501008," T.MTD":238826372.3283768892," A.MTD":74684910.9900000095," Gap MTD":-164141461.3383769393," Ach":0.3127163481," vs LY":-0.4072180582," vs 3LM":-0.6376551293," vs LM":-0.6285566145}
{"szEmployeeId":17210041960,"szname":"Bahrudin Rahman","Channel Group":"MTI"," LY":11153423.0593019985," 3LM":15556325.3933133297," LM":12910042.3053650018," Max":37439969.1791409999," T.MTD":16130470.8510300703," A.MTD":16609427.0424769986," Gap MTD":478956.1914469298," Ach":1.0296926355," vs LY":0.4891775336," vs 3LM":0.0676960415," vs LM":0.2865509384}
{"szEmployeeId":17210041960,"szname":"Bahrudin Rahman","Channel Group":"Retail"," LY":56464551.7352220118," 3LM":101348105.764896363," LM":114644117.0407760441," Max":228505117.230794996," T.MTD":111613281.2420806736," A.MTD":36885020.0137690008," Gap MTD":-74728261.2283117622," Ach":0.3304716034," vs LY":-0.3467579414," vs 3LM":-0.6360561479," vs LM":-0.6782650435}
{"szEmployeeId":17210041960,"szname":"Bahrudin Rahman","Channel Group":"Wholesaler"," LY":519938333.0506739616," 3LM":562879940.8593006134," LM":490102913.3934949636," Max":999226109.9082278013," T.MTD":620556247.906889081," A.MTD":157006492.8129250109," Gap MTD":-463549755.0939640403," Ach":0.2530092854," vs LY":-0.698028626," vs 3LM":-0.7210657524," vs LM":-0.6796458692}
