{"szEmployeeId":17210032876,"szname":"Asman","Channel Group":"MTI"," LY":36899908.9950089976," 3LM":39151335.2833686545," LM":39734904.6474610046," Max":76523261.0479320139," T.MTD":35943975.601516515," A.MTD":24032836.1035810001," Gap MTD":-11911139.4979355149," Ach":0.6686193083," vs LY":-0.3487020224," vs 3LM":-0.3861553909," vs LM":-0.3951706612}
{"szEmployeeId":17210032876,"szname":"Asman","Channel Group":"Retail"," LY":0.0," 3LM":2132612.5895026657," LM":3578918.8776199981," Max":3578918.8776199976," T.MTD":1993867.2743580032," A.MTD":0.0," Gap MTD":-1993867.2743580032," Ach":0.0," vs LY":"0x7"," vs 3LM":-1.0," vs LM":-1}
{"szEmployeeId":17210032876,"szname":"Asman","Channel Group":"Wholesaler"," LY":586424964.4511777163," 3LM":618068323.2682150602," LM":664811477.5665557384," Max":1023553779.4828531742," T.MTD":567462157.1241255999," A.MTD":252635801.5107240975," Gap MTD":-314826355.6134011149," Ach":0.4452029062," vs LY":-0.5691933038," vs 3LM":-0.5912493943," vs LM":-0.6199888088}
{"szEmployeeId":17210036369,"szname":"Muhammad Tamrin","Channel Group":"MTI"," LY":6670057.16603," 3LM":8050467.6715879999," LM":8335378.5007140003," Max":18904013.8446520045," T.MTD":9875377.9955497757," A.MTD":7145089.2870259993," Gap MTD":-2730288.7085237755," Ach":0.7235256504," vs LY":0.0712185982," vs 3LM":-0.1124628309," vs LM":-0.1427996597}
{"szEmployeeId":17210036369,"szname":"Muhammad Tamrin","Channel Group":"Retail"," LY":0.0," 3LM":1832672.6611370002," LM":1852792.776209," Max":4333153.0708910003," T.MTD":2291924.8148853169," A.MTD":0.0," Gap MTD":-2291924.8148853169," Ach":0.0," vs LY":"0x7"," vs 3LM":-1.0," vs LM":-1}
{"szEmployeeId":17210036369,"szname":"Muhammad Tamrin","Channel Group":"Wholesaler"," LY":292659644.2863691449," 3LM":408821530.188229382," LM":360537337.6859102249," Max":764215217.8025087118," T.MTD":513400707.8068329096," A.MTD":175828030.5743649304," Gap MTD":-337572677.2324678898," Ach":0.3424771877," vs LY":-0.3992064365," vs 3LM":-0.5699149443," vs LM":-0.5123167223}
{"szEmployeeId":17210036369,"szname":"Muhammad Tamrin","Channel Group":"FS"," LY":0.0," 3LM":566159.4633333333," LM":163175.68," Max":1145008.1100000001," T.MTD":431989.3827320291," A.MTD":62454.95," Gap MTD":-369534.4327320291," Ach":0.1445751967," vs LY":"0x7"," vs 3LM":-0.8896866448," vs LM":-0.6172533186}
{"szEmployeeId":17210037632,"szname":"Robianor","Channel Group":"MTI"," LY":1192624.78," 3LM":1006249.2951349999," LM":1079008.1683779999," Max":1825953.4599999997," T.MTD":1216626.6642918554," A.MTD":670536.08," Gap MTD":-546090.5842918555," Ach":0.5511436661," vs LY":-0.4377644241," vs 3LM":-0.3336282736," vs LM":-0.3785625543}
{"szEmployeeId":17210037632,"szname":"Robianor","Channel Group":"Retail"," LY":61080032.9120309949," 3LM":86242357.8048283905," LM":88973294.8645499945," Max":197962481.9720881581," T.MTD":96858261.24650985," A.MTD":55657595.9009289965," Gap MTD":-41200665.3455808088," Ach":0.5746293108," vs LY":-0.0887759347," vs 3LM":-0.3546373578," vs LM":-0.3744460516}
{"szEmployeeId":17210037632,"szname":"Robianor","Channel Group":"Wholesaler"," LY":488855975.2166098356," 3LM":546013172.6903584003," LM":579307129.6976358891," Max":929575179.3812482357," T.MTD":573786708.2421206236," A.MTD":233188840.1426160336," Gap MTD":-340597868.0995047688," Ach":0.4064033495," vs LY":-0.5229907131," vs 3LM":-0.5729245157," vs LM":-0.597469411}
{"szEmployeeId":17210037632,"szname":"Robianor","Channel Group":"FS"," LY":0.0," 3LM":1201366.0633333332," LM":0.0," Max":2645171.1699999999," T.MTD":1238403.8470775899," A.MTD":1715245.04," Gap MTD":476841.1929224101," Ach":1.3850449868," vs LY":"0x7"," vs 3LM":0.427745541," vs LM":"0x7"}
{"szEmployeeId":17210037897,"szname":"Hindra","Channel Group":"MTI"," LY":13796530.9525949992," 3LM":19012491.5848690011," LM":20101158.5058889985," Max":38566090.908326," T.MTD":20438820.4796760343," A.MTD":11117388.3767220024," Gap MTD":-9321432.10295403," Ach":0.5439349295," vs LY":-0.1941895818," vs 3LM":-0.4152587352," vs LM":-0.4469279781}
{"szEmployeeId":17210037897,"szname":"Hindra","Channel Group":"Retail"," LY":55356493.337560989," 3LM":69691346.5793886483," LM":85153409.1276709735," Max":185493880.0106929839," T.MTD":75440199.4642864466," A.MTD":42941178.4182990193," Gap MTD":-32499021.0459874272," Ach":0.5692081771," vs LY":-0.2242792881," vs 3LM":-0.3838377284," vs LM":-0.4957197973}
{"szEmployeeId":17210037897,"szname":"Hindra","Channel Group":"Wholesaler"," LY":594029107.942297101," 3LM":559767952.7061144114," LM":645387094.8622273207," Max":1044961856.3436578512," T.MTD":578320980.0560375452," A.MTD":231325884.219317019," Gap MTD":-346995095.836720407," Ach":0.3999956636," vs LY":-0.6105815673," vs 3LM":-0.5867468241," vs LM":-0.6415703288}
{"szEmployeeId":17210041467,"szname":"Doli Purnama Sari","Channel Group":"MTI"," LY":26609187.8993450068," 3LM":23391375.8613030016," LM":26422679.5193529911," Max":57243118.0438439995," T.MTD":26031925.0545938164," A.MTD":13642042.463773001," Gap MTD":-12389882.5908208173," Ach":0.5240504663," vs LY":-0.487318346," vs 3LM":-0.4167917892," vs LM":-0.4836995069}
{"szEmployeeId":17210041467,"szname":"Doli Purnama Sari","Channel Group":"Retail"," LY":95528774.5598290265," 3LM":128041383.2242654115," LM":154193353.082934916," Max":238904102.3174289465," T.MTD":143068074.9454062581," A.MTD":77028080.7156889737," Gap MTD":-66039994.2297172025," Ach":0.5384016018," vs LY":-0.1936661904," vs 3LM":-0.3984126165," vs LM":-0.5004448689}
{"szEmployeeId":17210042412,"szname":"Muhammad Rizky Algifari","Channel Group":"MTI"," LY":2613267.3227010001," 3LM":5061328.7987893336," LM":4474234.20414," Max":10895890.6953409985," T.MTD":6128429.1808170127," A.MTD":526306.3099999999," Gap MTD":-5602122.8708170131," Ach":0.0858794798," vs LY":-0.7986021922," vs 3LM":-0.8960142028," vs LM":-0.8823695216}
{"szEmployeeId":17210042412,"szname":"Muhammad Rizky Algifari","Channel Group":"Retail"," LY":54039068.2137760073," 3LM":93095864.2630303353," LM":77247219.8912120014," Max":216629546.1530410051," T.MTD":111608038.7829049379," A.MTD":54336315.6046509966," Gap MTD":-57271723.1782539263," Ach":0.4868494796," vs LY":0.0055006017," vs 3LM":-0.4163401776," vs LM":-0.2965919592}
{"szEmployeeId":17210042412,"szname":"Muhammad Rizky Algifari","Channel Group":"Wholesaler"," LY":303278845.601195991," 3LM":266485299.0720281005," LM":247948474.6177680194," Max":572582683.1916021109," T.MTD":313623630.1291461587," A.MTD":157949896.1263100207," Gap MTD":-155673734.002836287," Ach":0.5036288116," vs LY":-0.4791925041," vs 3LM":-0.407284767," vs LM":-0.3629729065}
{"szEmployeeId":17210042412,"szname":"Muhammad Rizky Algifari","Channel Group":"FS"," LY":0.0," 3LM":2643380.1833333336," LM":2776951.3399999999," Max":6250214.4108999996," T.MTD":2339901.9071318014," A.MTD":1078624.323603," Gap MTD":-1261277.5835288016," Ach":0.4609698895," vs LY":"0x7"," vs 3LM":-0.5919526331," vs LM":-0.6115796816}
{"szEmployeeId":17210042423,"szname":"Siti Fatimah Hadijah","Channel Group":"MTI"," LY":5340895.2104470003," 3LM":4424098.8493633326," LM":6710822.6524219997," Max":9947081.7072819993," T.MTD":5422490.0810869029," A.MTD":2918534.2794560003," Gap MTD":-2503955.801630903," Ach":0.5382276843," vs LY":-0.4535496084," vs 3LM":-0.3403098848," vs LM":-0.5651003714}
{"szEmployeeId":17210042423,"szname":"Siti Fatimah Hadijah","Channel Group":"Retail"," LY":50353795.9557820037," 3LM":70056196.4472176582," LM":85356076.5955079943," Max":177062526.2492409348," T.MTD":84677509.9189131111," A.MTD":51678067.1721690148," Gap MTD":-32999442.7467441037," Ach":0.610292712," vs LY":0.0262993324," vs 3LM":-0.2623341004," vs LM":-0.394559014}
