{"szEmployeeId":17210032876,"szname":"Asman","Channel":"Wholesaler","LY":891486691.0427371264,"3LM":876386814.7320029736,"LM":858211909.6433352232,"Target":923250101.4591659307,"Actual":308238036.3540560007,"Ach":0.3338619036,"Gap":-615012065.10510993,"vs LY":-0.6542426943,"vs 3LM":-0.6482854019,"vs LM":-0.6408369158}
{"szEmployeeId":17210032876,"szname":"Asman","Channel":"Retail","LY":114905099.8956109881,"3LM":120183485.4343539774,"LM":127821450.3079520017,"Target":124801663.4577450007,"Actual":84419617.9658540189,"Ach":0.6764302304,"Gap":-40382045.4918909818,"vs LY":-0.265310086,"vs 3LM":-0.2975772199,"vs LM":-0.3395504607}
{"szEmployeeId":17210032876,"szname":"Asman","Channel":"MTI","LY":38788254.4771230072,"3LM":51872087.6668513268,"LM":55419921.5861569867,"Target":51948235.0830894262,"Actual":26839803.5629560016,"Ach":0.5166643972,"Gap":-25108431.5201334246,"vs LY":-0.3080430165,"vs 3LM":-0.4825771476,"vs LM":-0.5157011631}
{"szEmployeeId":17210037897,"szname":"Hindra","Channel":"Wholesaler","LY":215160669.5543959737,"3LM":226670136.7113143206,"LM":204468073.3189939857,"Target":248423228.2641009688,"Actual":131374932.9324620068,"Ach":0.5288351409,"Gap":-117048295.331638962,"vs LY":-0.3894100943,"vs 3LM":-0.4204135806,"vs LM":-0.3574794793}
{"szEmployeeId":17210037897,"szname":"Hindra","Channel":"Retail","LY":55839793.7187760025,"3LM":133509231.9515440315,"LM":126427683.0699760765,"Target":144930021.0203855336,"Actual":106420398.4876029938,"Ach":0.7342881602,"Gap":-38509622.5327825397,"vs LY":0.9058164689,"vs 3LM":-0.2028985791,"vs LM":-0.1582508205}
{"szEmployeeId":17210037897,"szname":"Hindra","Channel":"MTI","LY":13602522.1347399987,"3LM":6630355.9212406678,"LM":6342221.3869680008,"Target":6646750.7155133002,"Actual":4667616.0540389996,"Ach":0.7022402756,"Gap":-1979134.6614743005,"vs LY":-0.6568565735,"vs 3LM":-0.2960233041,"vs LM":-0.2640408196}
{"szEmployeeId":17210036369,"szname":"Muhammad Tamrin","Channel":"Wholesaler","LY":390327328.8937538266,"3LM":320663990.978877604,"LM":371156289.3137600422,"Target":370102668.7429541349,"Actual":142111657.4885119796,"Ach":0.3839790131,"Gap":-227991011.2544421554,"vs LY":-0.6359167115,"vs 3LM":-0.556820655,"vs LM":-0.617111008}
{"szEmployeeId":17210036369,"szname":"Muhammad Tamrin","Channel":"Retail","LY":84824441.9894209951,"3LM":150467986.9362263381,"LM":155630374.2041790485,"Target":174297247.9664403498,"Actual":110622639.0710009933,"Ach":0.6346780592,"Gap":-63674608.8954393566,"vs LY":0.3041363607,"vs 3LM":-0.26480947,"vs LM":-0.2891963433}
{"szEmployeeId":17210036369,"szname":"Muhammad Tamrin","Channel":"MTI","LY":3546306.1941300002,"3LM":13756030.1231050044,"LM":18533037.224387005,"Target":15600083.2906054687,"Actual":2167873.7808069997,"Ach":0.138965526,"Gap":-13432209.509798469,"vs LY":-0.3886952615,"vs 3LM":-0.842405566,"vs LM":-0.8830265242}
{"szEmployeeId":17210037713,"szname":"Rahmani","Channel":"Wholesaler","LY":355748177.4265159965,"3LM":337193652.1556535959,"LM":272692214.098928988,"Target":396031712.9057658315,"Actual":167152392.8147840202,"Ach":0.4220682015,"Gap":-228879320.0909818113,"vs LY":-0.5301384422,"vs 3LM":-0.5042836906,"vs LM":-0.3870290966}
{"szEmployeeId":17210037713,"szname":"Rahmani","Channel":"Retail","LY":84806217.3757640123,"3LM":110386724.632535696,"LM":104609193.6219879538,"Target":132077869.5096500218,"Actual":70459397.8522130102,"Ach":0.533468613,"Gap":-61618471.6574370116,"vs LY":-0.1691717891,"vs 3LM":-0.3617040628,"vs LM":-0.3264511903}
{"szEmployeeId":17210037713,"szname":"Rahmani","Channel":"MTI","LY":3931490.7359239999,"3LM":6083476.1040556673,"LM":9990395.2745320015,"Target":6890417.5845840611,"Actual":2464972.8343240004,"Ach":0.3577392522,"Gap":-4425444.7502600607,"vs LY":-0.3730182773,"vs 3LM":-0.5948084956,"vs LM":-0.7532657351}
{"szEmployeeId":17210037632,"szname":"Robianor","Channel":"Wholesaler","LY":262576599.3300200105,"3LM":364142815.3963080645,"LM":397074013.3786390424,"Target":396290813.6424007416,"Actual":197407382.4632229805,"Ach":0.4981376698,"Gap":-198883431.1791777611,"vs LY":-0.2481912594,"vs 3LM":-0.4578847251,"vs LM":-0.5028448707}
{"szEmployeeId":17210037632,"szname":"Robianor","Channel":"Retail","LY":54481213.359691985,"3LM":122532681.5260166526,"LM":102196098.0710119903,"Target":132470757.1793961078,"Actual":91255860.4340050071,"Ach":0.6888755102,"Gap":-41214896.7453911006,"vs LY":0.674996844,"vs 3LM":-0.2552528901,"vs LM":-0.1070514222}
{"szEmployeeId":17210037632,"szname":"Robianor","Channel":"MTI","LY":1193015.1293690002,"3LM":1201138.3233333325,"LM":1248354.4900000002,"Target":1238429.1782031835,"Actual":874355.5300000003,"Ach":0.7060198075,"Gap":-364073.6482031832,"vs LY":-0.2671044076,"vs 3LM":-0.2720609167,"vs LM":-0.2995935554}
{"szEmployeeId":17210038077,"szname":"Sopian Sauri","Channel":"Wholesaler","LY":743635.0952250001,"3LM":2488357.8781326669,"LM":2388090.0252189999,"Target":3606763.7977251527,"Actual":1490321.5659440001,"Ach":0.4132018756,"Gap":-2116442.2317811525,"vs LY":1.0041033237,"vs 3LM":-0.4010823045,"vs LM":-0.3759357687}
{"szEmployeeId":17210038077,"szname":"Sopian Sauri","Channel":"Retail","LY":42759595.0815849826,"3LM":60789770.6316626593,"LM":58454462.3203690052,"Target":83028316.3037671298,"Actual":157762482.5249430537,"Ach":1.9001045613,"Gap":74734166.2211759239,"vs LY":2.6895223686,"vs 3LM":1.595214308,"vs LM":1.6988954523}
{"szEmployeeId":17210038077,"szname":"Sopian Sauri","Channel":"MTI","LY":2869762.0734140002,"3LM":3461685.6736310003,"LM":4001234.8900000006,"Target":3429919.8985076416,"Actual":12258635.1813430004,"Ach":3.5740295821,"Gap":8828715.2828353588,"vs LY":3.2716555825,"vs 3LM":2.5412328955,"vs LM":2.0637129582}
{"szEmployeeId":17210041467,"szname":"Doli Purnama Sari","Channel":"Wholesaler","LY":2001351.3363060001,"3LM":3355900.7860506671,"LM":1336216.164053,"Target":5075035.5658637006,"Actual":1490321.5659440001,"Ach":0.2936573639,"Gap":-3584713.9999197004,"vs LY":-0.2553423585,"vs 3LM":-0.5559101234,"vs LM":0.1153296944}
{"szEmployeeId":17210041467,"szname":"Doli Purnama Sari","Channel":"Retail","LY":90955534.4094910175,"3LM":84578492.17016536,"LM":87262962.205316022,"Target":127607126.5800297111,"Actual":157762482.5249430537,"Ach":1.2363140426,"Gap":30155355.9449133426,"vs LY":0.7345011884,"vs 3LM":0.8652789672,"vs LM":0.8078974004}
{"szEmployeeId":17210041467,"szname":"Doli Purnama Sari","Channel":"MTI","LY":24855039.8968270011,"3LM":18352254.3935193308,"LM":21618377.4340309985,"Target":27317837.8541066945,"Actual":12258635.1813430004,"Ach":0.4487410478,"Gap":-15059202.6727636941,"vs LY":-0.5067947896,"vs 3LM":-0.3320365488,"vs LM":-0.4329530411}
