{"szEmployeeId":17210032876,"szname":"Asman","Channel Group":"Wholesaler","Project":"SMALL"," LY":78406717.4908719659," 3LM":105849187.1731646061," LM":80994798.321419999," T.MTD":107031096.6204793304," A.MTD":53361102.5004509911," Gap MTD":-53669994.1200282648,"CR":87,"CA":70}
{"szEmployeeId":17210032876,"szname":"Asman","Channel Group":"Wholesaler","Project":"BIG"," LY":110822430.8967259824," 3LM":153449566.463162303," LM":80833747.9552729875," T.MTD":155163207.6916812062," A.MTD":55172639.6131699979," Gap MTD":-99990568.0785112232,"CR":6,"CA":3}
{"szEmployeeId":17210032876,"szname":"Asman","Channel Group":"Wholesaler","Project":"MEDIUM"," LY":286421020.0064259768," 3LM":280740763.54502666," LM":190185066.2626859546," T.MTD":283850679.2920827866," A.MTD":164392612.5039759874," Gap MTD":-119458066.7881067544,"CR":36,"CA":30}
{"szEmployeeId":17210032876,"szname":"Asman","Channel Group":"Retail","Project":"BIG"," LY":0.0," 3LM":2163243.2213043324," LM":0.0," T.MTD":2188073.6350604682," A.MTD":0.0," Gap MTD":-2188073.6350604682,"CR":1,"CA":0}
{"szEmployeeId":17210032876,"szname":"Asman","Channel Group":"MTI","Project":"SMALL"," LY":32780610.9125650004," 3LM":33979113.2894646674," LM":28353999.1635809951," T.MTD":34353725.5598622411," A.MTD":18880070.4011619985," Gap MTD":-15473655.1587002426,"CR":13,"CA":10}
{"szEmployeeId":17210032876,"szname":"Asman","Channel Group":"MTI","Project":"MEDIUM"," LY":454054.03," 3LM":3377146.5799999996," LM":1807837.8499999999," T.MTD":3413217.2008340163," A.MTD":1710189.2," Gap MTD":-1703028.0008340164,"CR":1,"CA":1}
{"szEmployeeId":17210041467,"szname":"Doli Purnama Sari","Channel Group":"Retail","Project":"SMALL"," LY":32233804.7099339887," 3LM":73089831.8221493214," LM":64200052.2597670108," T.MTD":78110126.2471959293," A.MTD":38748945.4497030005," Gap MTD":-39361180.797492981,"CR":225,"CA":156}
{"szEmployeeId":17210041467,"szname":"Doli Purnama Sari","Channel Group":"Retail","Project":"BIG"," LY":14314141.8225889988," 3LM":18188844.2246543318," LM":13636486.8557099998," T.MTD":19635797.7059599571," A.MTD":9327506.5629610028," Gap MTD":-10308291.1429989543,"CR":31,"CA":23}
{"szEmployeeId":17210041467,"szname":"Doli Purnama Sari","Channel Group":"Retail","Project":"MEDIUM"," LY":21518328.3283100054," 3LM":34071087.583336331," LM":24283200.9290160015," T.MTD":36726625.2404832542," A.MTD":21697106.1588980034," Gap MTD":-15029519.0815852638,"CR":81,"CA":65}
{"szEmployeeId":17210041467,"szname":"Doli Purnama Sari","Channel Group":"MTI","Project":"SMALL"," LY":37933368.0367610157," 3LM":22896710.9762570001," LM":17492132.5518770032," T.MTD":24527450.8063608147," A.MTD":10442659.5484650005," Gap MTD":-14084791.2578958198,"CR":10,"CA":7}
{"szEmployeeId":17210037897,"szname":"Hindra","Channel Group":"Wholesaler","Project":"SMALL"," LY":73577801.21810399," 3LM":84835599.6869589984," LM":74439832.0250170231," T.MTD":93620062.5485257506," A.MTD":41897656.3204120025," Gap MTD":-51722406.228113763,"CR":36,"CA":31}
{"szEmployeeId":17210037897,"szname":"Hindra","Channel Group":"Wholesaler","Project":"BIG"," LY":114724640.0738730133," 3LM":121123949.8072586805," LM":37993513.5568009913," T.MTD":134163697.0188826621," A.MTD":50596076.5622829944," Gap MTD":-83567620.4565996528,"CR":4,"CA":4}
{"szEmployeeId":17210037897,"szname":"Hindra","Channel Group":"Wholesaler","Project":"MEDIUM"," LY":209335390.5079059899," 3LM":279533864.2752920389," LM":233586972.0127690136," T.MTD":308273143.8469170332," A.MTD":149477373.0252680182," Gap MTD":-158795770.8216489851,"CR":24,"CA":23}
{"szEmployeeId":17210037897,"szname":"Hindra","Channel Group":"Retail","Project":"SMALL"," LY":30112994.7576670051," 3LM":34735797.669398658," LM":31851518.590921998," T.MTD":39275340.0674554482," A.MTD":17692505.4062830023," Gap MTD":-21582834.6611724533,"CR":87,"CA":54}
{"szEmployeeId":17210037897,"szname":"Hindra","Channel Group":"Retail","Project":"BIG"," LY":15827575.8026600014," 3LM":14300662.896546334," LM":12648458.886648003," T.MTD":16193208.2640251759," A.MTD":8754880.4659360014," Gap MTD":-7438327.7980891783,"CR":16,"CA":14}
{"szEmployeeId":17210037897,"szname":"Hindra","Channel Group":"Retail","Project":"MEDIUM"," LY":18620415.1595030017," 3LM":20789880.560843993," LM":17920727.8685309999," T.MTD":23464069.2751877196," A.MTD":9130667.278727999," Gap MTD":-14333401.9964597132,"CR":38,"CA":28}
{"szEmployeeId":17210037897,"szname":"Hindra","Channel Group":"MTI","Project":"SMALL"," LY":8940720.4596390016," 3LM":15170441.7596243341," LM":8911802.7609659992," T.MTD":17067091.1310744807," A.MTD":2707837.8575590001," Gap MTD":-14359253.2735154796,"CR":3,"CA":2}
{"szEmployeeId":17210037897,"szname":"Hindra","Channel Group":"MTI","Project":"MEDIUM"," LY":7562026.7728739996," 3LM":4586043.8712806674," LM":4732432.4768330008," T.MTD":4943387.8479319857," A.MTD":2943340.5493650003," Gap MTD":-2000047.2985669854,"CR":1,"CA":1}
{"szEmployeeId":17210036369,"szname":"Muhammad Tamrin","Channel Group":"Wholesaler","Project":"SMALL"," LY":57154254.7521570101," 3LM":87762367.1223029941," LM":82376850.3507779986," T.MTD":118185508.7323688567," A.MTD":37230558.0778510049," Gap MTD":-80954950.6545177698,"CR":93,"CA":61}
{"szEmployeeId":17210036369,"szname":"Muhammad Tamrin","Channel Group":"Wholesaler","Project":"BIG"," LY":55444263.427966997," 3LM":115880380.8195076734," LM":71651289.2494349927," T.MTD":154300106.5601667166," A.MTD":48350702.7043100074," Gap MTD":-105949403.8558567166,"CR":6,"CA":3}
{"szEmployeeId":17210036369,"szname":"Muhammad Tamrin","Channel Group":"Wholesaler","Project":"MEDIUM"," LY":66184980.7596350089," 3LM":157420106.9084596634," LM":129642483.9082320035," T.MTD":206844700.4007827044," A.MTD":51725708.1723829955," Gap MTD":-155118992.228399694,"CR":37,"CA":25}
{"szEmployeeId":17210036369,"szname":"Muhammad Tamrin","Channel Group":"Retail","Project":"BIG"," LY":0.0," 3LM":1832672.6611370002," LM":0.0," T.MTD":2597856.7274311492," A.MTD":0.0," Gap MTD":-2597856.7274311492,"CR":1,"CA":0}
{"szEmployeeId":17210036369,"szname":"Muhammad Tamrin","Channel Group":"MTI","Project":"SMALL"," LY":4794096.0822329996," 3LM":8195725.637533999," LM":8079568.5770260002," T.MTD":11257915.9792441782," A.MTD":3950014.4608100001," Gap MTD":-7307901.5184341762,"CR":13,"CA":8}
{"szEmployeeId":17210036369,"szname":"Muhammad Tamrin","Channel Group":"MTI","Project":"MEDIUM"," LY":637567.5389169999," 3LM":614420.42," LM":537207.21," T.MTD":607055.3854577151," A.MTD":382500.0," Gap MTD":-224555.3854577151,"CR":1,"CA":1}
{"szEmployeeId":17210036369,"szname":"Muhammad Tamrin","Channel Group":"FS","Project":"SMALL"," LY":0.0," 3LM":205308.41," LM":62454.95," T.MTD":206856.2145487031," A.MTD":559458.5600000001," Gap MTD":352602.3454512969,"CR":1,"CA":1}
{"szEmployeeId":17210037632,"szname":"Robianor","Channel Group":"Wholesaler","Project":"SMALL"," LY":51442090.6680819914," 3LM":81821614.6750786901," LM":65506136.6685030013," T.MTD":89858471.7267621011," A.MTD":56262349.9516069889," Gap MTD":-33596121.775155127,"CR":39,"CA":33}
{"szEmployeeId":17210037632,"szname":"Robianor","Channel Group":"Wholesaler","Project":"BIG"," LY":93706919.3989710361," 3LM":112969984.9475026578," LM":61304234.2357949913," T.MTD":119824116.9317866862," A.MTD":57919054.0457349867," Gap MTD":-61905062.8860516995,"CR":3,"CA":3}
{"szEmployeeId":17210037632,"szname":"Robianor","Channel Group":"Wholesaler","Project":"MEDIUM"," LY":189652797.000932008," 3LM":311742932.2762943506," LM":266220460.5281360745," T.MTD":329246702.6943086982," A.MTD":105202520.7196709961," Gap MTD":-224044181.9746376574,"CR":27,"CA":23}
{"szEmployeeId":17210037632,"szname":"Robianor","Channel Group":"Retail","Project":"SMALL"," LY":30777470.7647050023," 3LM":36243492.5129889995," LM":29738273.2834339924," T.MTD":39725887.3438431844," A.MTD":12946921.3167470004," Gap MTD":-26778966.0270961858,"CR":75,"CA":45}
{"szEmployeeId":17210037632,"szname":"Robianor","Channel Group":"Retail","Project":"BIG"," LY":28535434.6031640023,