{"szEmployeeId":17210032876,"szname":"Asman","Channel":"Wholesaler","LY":898722130.6591442823,"3LM":896635803.7528760433,"LM":883818919.2370542288,"Target":940953688.1064606905,"Actual":529058520.8690270185,"Ach":0.5622577684,"Gap":-411895167.237433672,"vs LY":-0.4113213608,"vs 3LM":-0.4099516006,"vs LM":-0.4013948906}
{"szEmployeeId":17210032876,"szname":"Asman","Channel":"Retail","LY":107669660.2792039961,"3LM":101894256.1681349874,"LM":108093719.9781949818,"Target":107210864.5687400699,"Actual":98318142.5151159912,"Ach":0.9170539097,"Gap":-8892722.0536240786,"vs LY":-0.0868537872,"vs 3LM":-0.0350963223,"vs LM":-0.0904361277}
{"szEmployeeId":17210032876,"szname":"Asman","Channel":"MTI","LY":38788254.4771230072,"3LM":51872087.6668513343,"LM":55419921.5861569867,"Target":51835447.3247993514,"Actual":40719703.0501560047,"Ach":0.7855570879,"Gap":-11115744.2746433467,"vs LY":0.0497946762,"vs 3LM":-0.2149977978,"vs LM":-0.2652515218}
{"szEmployeeId":17210037897,"szname":"Hindra","Channel":"Wholesaler","LY":221611557.7205849886,"3LM":255005732.3093622625,"LM":231056824.0811449587,"Target":278528571.8345968723,"Actual":194537567.0553139746,"Ach":0.6984474367,"Gap":-83991004.7792828977,"vs LY":-0.1221686763,"vs 3LM":-0.2371247293,"vs LM":-0.158053142}
{"szEmployeeId":17210037897,"szname":"Hindra","Channel":"Retail","LY":49388905.5525870025,"3LM":105173636.3534960449,"LM":99838932.3078250736,"Target":114824677.4498896599,"Actual":109374995.1313500404,"Ach":0.9525391019,"Gap":-5449682.3185396194,"vs LY":1.2145660834,"vs 3LM":0.0399468814,"vs LM":0.0955144712}
{"szEmployeeId":17210037897,"szname":"Hindra","Channel":"MTI","LY":13602522.1347399987,"3LM":6630355.9212406659,"LM":6342221.3869680008,"Target":6646750.7155132983,"Actual":6825093.44142,"Ach":1.0268315653,"Gap":178342.7259067018,"vs LY":-0.4982479445,"vs 3LM":0.0293705983,"vs LM":0.0761361083}
{"szEmployeeId":17210036369,"szname":"Muhammad Tamrin","Channel":"Wholesaler","LY":399723263.8197508454,"3LM":374035655.3605102301,"LM":428597411.0705040693,"Target":431346246.0193595886,"Actual":305761821.031463027,"Ach":0.7088547167,"Gap":-125584424.9878965616,"vs LY":-0.2350662353,"vs 3LM":-0.1825329574,"vs LM":-0.2865990015}
{"szEmployeeId":17210036369,"szname":"Muhammad Tamrin","Channel":"Retail","LY":75428507.0634240061,"3LM":97096322.5545936376,"LM":98189252.4474350363,"Target":113053670.6900349706,"Actual":95425369.5271699876,"Ach":0.844071395,"Gap":-17628301.1628649831,"vs LY":0.2651101453,"vs 3LM":-0.0172092308,"vs LM":-0.028148528}
{"szEmployeeId":17210036369,"szname":"Muhammad Tamrin","Channel":"MTI","LY":3546306.1941300002,"3LM":13756030.1231050044,"LM":18533037.224387005,"Target":15600083.2906054687,"Actual":10585037.4980869982,"Ach":0.678524422,"Gap":-5015045.7925184704,"vs LY":1.9848064207,"vs 3LM":-0.2305165514,"vs LM":-0.428855758}
{"szEmployeeId":17210037713,"szname":"Rahmani","Channel":"Wholesaler","LY":355748177.4265159965,"3LM":337193652.1556535959,"LM":272692214.098928988,"Target":396031712.9057658315,"Actual":237044231.3420790136,"Ach":0.5985486102,"Gap":-158987481.5636868179,"vs LY":-0.3336740808,"vs 3LM":-0.2970086186,"vs LM":-0.1307260747}
{"szEmployeeId":17210037713,"szname":"Rahmani","Channel":"Retail","LY":84806217.3757640123,"3LM":110386724.6325357109,"LM":104609193.6219879538,"Target":132077869.5096500218,"Actual":95085896.6114310324,"Ach":0.7199230042,"Gap":-36991972.8982189894,"vs LY":0.1212137453,"vs 3LM":-0.1386111244,"vs LM":-0.091036903}
{"szEmployeeId":17210037713,"szname":"Rahmani","Channel":"MTI","LY":3931490.7359239999,"3LM":6083476.1040556673,"LM":9990395.2745320015,"Target":6890417.5845840611,"Actual":4546234.0340519994,"Ach":0.659790786,"Gap":-2344183.5505320616,"vs LY":0.1563639188,"vs 3LM":-0.2526913961,"vs LM":-0.5449395235}
{"szEmployeeId":17210037632,"szname":"Robianor","Channel":"Wholesaler","LY":261237094.8736329973,"3LM":396033507.5435407162,"LM":420231130.0038800836,"Target":431194329.5398020744,"Actual":327561044.0788519382,"Ach":0.7596599065,"Gap":-103633285.4609501362,"vs LY":0.2538841172,"vs 3LM":-0.1728956317,"vs LM":-0.2205217065}
{"szEmployeeId":17210037632,"szname":"Robianor","Channel":"Retail","LY":55820717.8160789832,"3LM":90641989.3787840009,"LM":79038981.4457710087,"Target":97567241.2819946557,"Actual":85298773.1375499815,"Ach":0.8742562772,"Gap":-12268468.1444446743,"vs LY":0.5280844904,"vs 3LM":-0.0589485765,"vs LM":0.07919879}
{"szEmployeeId":17210037632,"szname":"Robianor","Channel":"MTI","LY":1193015.1293690002,"3LM":1201138.3233333325,"LM":1248354.4900000002,"Target":1238429.1782031835,"Actual":1162738.3300000001,"Ach":0.9388815691,"Gap":-75690.8482031834,"vs LY":-0.0253783868,"vs 3LM":-0.0319696679,"vs LM":-0.0685832115}
{"szEmployeeId":17210038077,"szname":"Sopian Sauri","Channel":"Wholesaler","LY":743635.0952250001,"3LM":2488357.8781326669,"LM":2388090.0252189999,"Target":3606763.7977251527,"Actual":1824826.0159440001,"Ach":0.5059455285,"Gap":-1781937.7817811526,"vs LY":1.453926701,"vs 3LM":-0.2666545146,"vs LM":-0.2358638089}
{"szEmployeeId":17210038077,"szname":"Sopian Sauri","Channel":"Retail","LY":42759595.0815849826,"3LM":60789770.6316626593,"LM":58454462.3203690052,"Target":83028316.3037671298,"Actual":193501526.1783659756,"Ach":2.3305485983,"Gap":110473209.8745988458,"vs LY":3.5253357944,"vs 3LM":2.18312644,"vs LM":2.3102952024}
{"szEmployeeId":17210038077,"szname":"Sopian Sauri","Channel":"MTI","LY":2869762.0734140002,"3LM":3461685.6736310003,"LM":4001234.8900000006,"Target":3429919.8985076416,"Actual":40597914.346927993,"Ach":11.8364030497,"Gap":37167994.4484203532,"vs LY":13.1467875414,"vs 3LM":10.7277876083,"vs LM":9.1463461814}
{"szEmployeeId":17210041467,"szname":"Doli Purnama Sari","Channel":"Wholesaler","LY":2001351.3363060001,"3LM":3355900.7860506671,"LM":1336216.164053,"Target":5075035.5658637006,"Actual":1824826.0159440001,"Ach":0.3595691089,"Gap":-3250209.5499197003,"vs LY":-0.0882030642,"vs 3LM":-0.4562336218,"vs LM":0.3656667724}
{"szEmployeeId":17210041467,"szname":"Doli Purnama Sari","Channel":"Retail","LY":90955534.4094910175,"3LM":84578492.17016536,"LM":87262962.205316022,"Target":127607126.5800297111,"Actual":193501526.1783659756,"Ach":1.5163849494,"Gap":65894399.5983362645,"vs LY":1.1274299297,"vs 3LM":1.2878337177,"vs LM":1.2174531014}
{"szEmployeeId":17210041467,"szname":"Doli Purnama Sari","Channel":"MTI","LY":24855039.8968270011,"3LM":18352254.3935193308,"LM":21618377.4340309985,"Target":27317837.8541066945,"Actual":40597914.346927993,"Ach":1.4861320491,"Gap":13280076.4928212985,"vs LY":0.6333876154,"vs 3LM":1.2121486263,"vs LM":0.8779353109}
