{"szEmployeeId":17210032876,"szname":"Asman","Channel Group":"WHOLESALER","Project":"SMALL"," LY":54808564.1830870062," 3LM":78280345.8151943237," LM":98112213.1256940216," T.MTD":65611491.9159144014," A.MTD":87176231.4747249931," Gap MTD":21564739.5588105954}
{"szEmployeeId":17210032876,"szname":"Asman","Channel Group":"WHOLESALER","Project":"BIG"," LY":73817868.0867169946," 3LM":87889879.5102043152," LM":46529459.1832880005," T.MTD":72144070.7081883699," A.MTD":50871891.4528319836," Gap MTD":-21272179.25535639}
{"szEmployeeId":17210032876,"szname":"Asman","Channel Group":"WHOLESALER","Project":"MEDIUM"," LY":344200485.5759459138," 3LM":368224264.2312974334," LM":393615106.9732410908," T.MTD":300616558.7390593886," A.MTD":358520531.4557649493," Gap MTD":57903972.716705583}
{"szEmployeeId":17210032876,"szname":"Asman","Channel Group":"RETAIL","Project":"SMALL"," LY":1214294.4334089998," 3LM":3559593.9233250008," LM":4176666.0011610002," T.MTD":3024529.3956273459," A.MTD":4422836.843142," Gap MTD":1398307.4475146548}
{"szEmployeeId":17210032876,"szname":"Asman","Channel Group":"RETAIL","Project":"BIG"," LY":42810634.0287959948," 3LM":47088716.4325166717," LM":49539148.4029560015," T.MTD":38577281.8043579534," A.MTD":50980444.5133019984," Gap MTD":12403162.7089440506}
{"szEmployeeId":17210032876,"szname":"Asman","Channel Group":"RETAIL","Project":"MEDIUM"," LY":8127551.1666240003," 3LM":10145692.2866816651," LM":12176313.4808869995," T.MTD":8290048.4098564396," A.MTD":11127448.4130419996," Gap MTD":2837400.0031855605}
{"szEmployeeId":17210032876,"szname":"Asman","Channel Group":"MTI","Project":"SMALL"," LY":23759941.1714939997," 3LM":36928938.6270763278," LM":39502747.3047500029," T.MTD":30044024.2969389595," A.MTD":35702034.6725910082," Gap MTD":5658010.3756520431}
{"szEmployeeId":17210032876,"szname":"Asman","Channel Group":"MTI","Project":"MEDIUM"," LY":4847297.0306529999," 3LM":3153945.7723103333," LM":4076231.3469309993," T.MTD":2553994.7300569387," A.MTD":2152972.8554929998," Gap MTD":-401021.8745639389}
{"szEmployeeId":17210036369,"szname":"Muhammad Tamrin","Channel Group":"WHOLESALER","Project":"SMALL"," LY":41587049.8382890075," 3LM":115723087.495050326," LM":114889870.7194749713," T.MTD":118459984.4143528789," A.MTD":108735818.5278480202," Gap MTD":-9724165.8865048401}
{"szEmployeeId":17210036369,"szname":"Muhammad Tamrin","Channel Group":"WHOLESALER","Project":"BIG"," LY":171319782.0745120049," 3LM":179142588.7861843407," LM":225456794.5658300519," T.MTD":197074639.9380184412," A.MTD":58131441.0656209886," Gap MTD":-138943198.8723974228}
{"szEmployeeId":17210036369,"szname":"Muhammad Tamrin","Channel Group":"WHOLESALER","Project":"MEDIUM"," LY":223502520.5950840414," 3LM":274202458.5185409784," LM":285356120.9261830449," T.MTD":280628160.6822211146," A.MTD":259395684.7463839352," Gap MTD":-21232475.9358371831}
{"szEmployeeId":17210036369,"szname":"Muhammad Tamrin","Channel Group":"RETAIL","Project":"SMALL"," LY":11250343.1610889994," 3LM":49112500.2657736838," LM":51480690.9443650171," T.MTD":50033089.3873551637," A.MTD":38642063.4010619968," Gap MTD":-11391025.9862931911}
{"szEmployeeId":17210036369,"szname":"Muhammad Tamrin","Channel Group":"RETAIL","Project":"BIG"," LY":44674190.426737994," 3LM":48802692.4229463339," LM":54040208.229636021," T.MTD":50504666.6897048801," A.MTD":46645793.2781129926," Gap MTD":-3858873.41159188}
{"szEmployeeId":17210036369,"szname":"Muhammad Tamrin","Channel Group":"RETAIL","Project":"MEDIUM"," LY":19599582.3944259956," 3LM":26790729.5368180014," LM":27317505.9988579974," T.MTD":28243321.0050049089," A.MTD":31358080.6971449964," Gap MTD":3114759.6921400861}
{"szEmployeeId":17210036369,"szname":"Muhammad Tamrin","Channel Group":"MTI","Project":"SMALL"," LY":11028242.8616769947," 3LM":16537637.2660366725," LM":15333932.8149149939," T.MTD":15796589.0675501935," A.MTD":8487927.6189759988," Gap MTD":-7308661.4485741956}
{"szEmployeeId":17210036369,"szname":"Muhammad Tamrin","Channel Group":"MTI","Project":"MEDIUM"," LY":5458062.847010999," 3LM":3682258.1330003329," LM":4165693.5351279997," T.MTD":3847048.8157923762," A.MTD":4201621.5081000002," Gap MTD":354572.692307624}
{"szEmployeeId":17210037632,"szname":"Robianor","Channel Group":"WHOLESALER","Project":"SMALL"," LY":66964895.0740030035," 3LM":128983921.8287753463," LM":126265793.9363389909," T.MTD":115550835.8100306988," A.MTD":112992658.1774539798," Gap MTD":-2558177.6325767012}
{"szEmployeeId":17210037632,"szname":"Robianor","Channel Group":"WHOLESALER","Project":"BIG"," LY":33541260.9837170057," 3LM":41553543.0859490037," LM":44699098.5732770115," T.MTD":40358336.1278793365," A.MTD":44912161.5541669875," Gap MTD":4553825.4262876511}
{"szEmployeeId":17210037632,"szname":"Robianor","Channel Group":"WHOLESALER","Project":"MEDIUM"," LY":300306638.9287769198," 3LM":374305923.062212348," LM":374804474.6799609661," T.MTD":352111782.0898308754," A.MTD":338889216.7947679758," Gap MTD":-13222565.2950628791}
{"szEmployeeId":17210037632,"szname":"Robianor","Channel Group":"RETAIL","Project":"SMALL"," LY":15244406.1717050001," 3LM":63747751.5118083432," LM":65949587.5830940157," T.MTD":56732659.6141601503," A.MTD":50985348.9992619827," Gap MTD":-5747310.6148981433}
{"szEmployeeId":17210037632,"szname":"Robianor","Channel Group":"RETAIL","Project":"BIG"," LY":36392781.9723910019," 3LM":47385202.3227143213," LM":50226906.6824929938," T.MTD":42719839.1047423482," A.MTD":41431311.3567489982," Gap MTD":-1288527.7479933531}
{"szEmployeeId":17210037632,"szname":"Robianor","Channel Group":"RETAIL","Project":"MEDIUM"," LY":29077033.8064849935," 3LM":29488886.6729876734," LM":28930722.5715560019," T.MTD":26509385.0159322843," A.MTD":29002250.7323659956," Gap MTD":2492865.7164337221}
{"szEmployeeId":17210037632,"szname":"Robianor","Channel Group":"MTI","Project":"SMALL"," LY":1628232.9407929999," 3LM":1336728.6566666665," LM":1162738.3300000001," T.MTD":1239662.2374241468," A.MTD":1186806.75," Gap MTD":-52855.4874241468}
{"szEmployeeId":17210037897,"szname":"Hindra","Channel Group":"WHOLESALER","Project":"SMALL"," LY":35034722.3903269917," 3LM":58454096.0290676579," LM":62181173.7716270089," T.MTD":76987185.0444596857," A.MTD":57276634.8613700047," Gap MTD":-19710550.1830896847}
{"szEmployeeId":17210037897,"szname":"Hindra","Channel Group":"WHOLESALER","Project":"BIG"," LY":70440186.0384660065," 3LM":27422898.3331633247," LM":0.0," T.MTD":39543270.0497442633," A.MTD":65339522.9202810004," Gap MTD":25796252.8705367371}
{"szEmployeeId":17210037897,"szname":"Hindra","Channel Group":"WHOLESALER","Project":"MEDIUM"," LY":153085736.0944810212," 3LM":185639836.9027789831," LM":195145213.9444300234," T.MTD":258311941.6989652514," A.MTD":190424669.7397139668," Gap MTD":-67887271.9592513442}
{"szEmployeeId":17210037897,"szname":"Hindra","Channel Group":"RETAIL","Project":"SMALL"," LY":14156029.3516070023," 3LM":78522032.7376626581," LM":88357846.4493500441," T.MTD":102982090.2764118612," A.MTD":70687128.5984050035," Gap MTD":-32294961.6780068576}
{"szEmployeeId":17210037897,"szname":"Hindra","Channel Group":"RETAIL","Project":"BIG"," LY":50828707.0935060084," 3LM":55530497.0033069924," LM":54872940.2440410033," T.MTD":73927751.0982164592," A.MTD":49287197.1257650107," Gap MTD":-24640553.9724514596}
{"szEmployeeId":17210037897,"szname":"Hindra","Channel Group":"RETAIL","Project":"MEDIUM"," LY":14079045.7871889994," 3LM":19278782.9761996642," LM":17759982.3068960011," T.MTD":24797678.7955734506," A.MTD":20315996.4046479985," Gap MTD":-4481682.3909254577}
{"szEmployeeId":17210037897,"szname":"Hindra","Channel Group":"MTI","Project":"SMALL"," LY":5823242.981013," 3LM":7844686.0846826648," LM":8293981.6773719992," T.MTD":9690083.0366290826," A.MTD":4107387.2315170001," Gap MTD":-5582695.8051120816}
{"szEmployeeId":17210038077,"szname":"Sopian Sauri","Channel Group":"WHOLESALER","Project":"SMALL"," LY":37565484.6664199978," 3LM":44884545.7085796595," LM":36137824.3408270031,