{"Kabupaten":"Balangan","Channel Group":"MTI","CR on JKS":2," LY":6587342.0619569989," 3LM":4987813.6066033337," LM":5300468.2551279999," Max":9746441.0206150003," T.MTD":5547613.2043904271," A.MTD":0.0," Gap MTD":-5547613.2043904271," Ach":0.0," vs LY":-1.0," vs 3LM":-1.0," vs LM":-1.0}
{"Kabupaten":"Balangan","Channel Group":"RETAIL","CR on JKS":214," LY":81775782.100605011," 3LM":177500350.5016373098," LM":185938980.2606320083," Max":292698726.2498738766," T.MTD":188990084.3178068697," A.MTD":13711378.0667199977," Gap MTD":-175278706.2510869205," Ach":0.0725507802," vs LY":-0.8323296003," vs 3LM":-0.9227529522," vs LM":-0.9262587218}
{"Kabupaten":"Balangan","Channel Group":"WHOLESALER","CR on JKS":30," LY":140471764.5676279664," 3LM":185249478.730445683," LM":207097269.9650789797," Max":260252753.1529789567," T.MTD":194494313.5810917318," A.MTD":3080720.6017049998," Gap MTD":-191413592.9793867469," Ach":0.0158396436," vs LY":-0.9780687556," vs 3LM":-0.9833698825," vs LM":-0.9851242819}
{"Kabupaten":"Barito Selatan","Channel Group":"RETAIL","CR on JKS":58," LY":26854812.4393160008," 3LM":51354378.8210039884," LM":54711135.0791859925," Max":83308009.3291980177," T.MTD":55720699.542688787," A.MTD":0.0," Gap MTD":-55720699.542688787," Ach":0.0," vs LY":-1.0," vs 3LM":-1.0," vs LM":-1.0}
{"Kabupaten":"Barito Selatan","Channel Group":"WHOLESALER","CR on JKS":36," LY":306219523.9774600863," 3LM":420760939.8783007264," LM":371103229.8802829981," Max":635231390.1381219625," T.MTD":434765230.455591023," A.MTD":0.0," Gap MTD":-434765230.455591023," Ach":0.0," vs LY":-1.0," vs 3LM":-1.0," vs LM":-1.0}
{"Kabupaten":"Barito Timur","Channel Group":"MTI","CR on JKS":2," LY":1628232.9407929999," 3LM":10526300.4480596688," LM":8473235.4153909981," Max":16419016.069435006," T.MTD":10441688.4243255239," A.MTD":315480.13," Gap MTD":-10126208.2943255231," Ach":0.0302135169," vs LY":-0.8062438598," vs 3LM":-0.970029344," vs LM":-0.9627674537}
{"Kabupaten":"Barito Timur","Channel Group":"RETAIL","CR on JKS":148," LY":94601457.1589330286," 3LM":138586008.6728290319," LM":144394543.0306770205," Max":231874600.8649139702," T.MTD":146516391.038615644," A.MTD":13721509.885193998," Gap MTD":-132794881.1534216851," Ach":0.0936517054," vs LY":-0.854954561," vs 3LM":-0.9009892123," vs LM":-0.9049721022}
{"Kabupaten":"Barito Timur","Channel Group":"WHOLESALER","CR on JKS":62," LY":568478665.8171050549," 3LM":552634889.6560642719," LM":518697910.9607509971," Max":885548237.5295336246," T.MTD":617776871.9160786867," A.MTD":29561539.5112920031," Gap MTD":-588215332.4047869444," Ach":0.047851483," vs LY":-0.9479988586," vs 3LM":-0.9465080109," vs LM":-0.943008177}
{"Kabupaten":"Barito Utara","Channel Group":"RETAIL","CR on JKS":1," LY":0.0," 3LM":828674.5365426667," LM":1191891.5629660003," Max":1191891.5629660003," T.MTD":924212.8037339374," A.MTD":0.0," Gap MTD":-924212.8037339374," Ach":0.0," vs LY":null," vs 3LM":-1.0," vs LM":-1.0}
{"Kabupaten":"Malinau","Channel Group":"RETAIL","CR on JKS":2," LY":3694504.3717869995," 3LM":4137837.6974896672," LM":5317477.2540390007," Max":7096035.8384300005," T.MTD":4162837.3427243223," A.MTD":0.0," Gap MTD":-4162837.3427243223," Ach":0.0," vs LY":-1.0," vs 3LM":-1.0," vs LM":-1.0}
{"Kabupaten":"Tabalong","Channel Group":"MTI","CR on JKS":46," LY":94761147.2290750146," 3LM":82934316.3906243443," LM":105641346.9463119954," Max":159374814.311571002," T.MTD":79231427.4490751028," A.MTD":54497221.0122499913," Gap MTD":-24734206.436825078," Ach":0.6878232889," vs LY":-0.4248991005," vs 3LM":-0.342886957," vs LM":-0.4841298167}
{"Kabupaten":"Tabalong","Channel Group":"RETAIL","CR on JKS":817," LY":283101227.0853360891," 3LM":327735439.5497223735," LM":382012452.0596881509," Max":610139032.4471462965," T.MTD":347768768.9569734335," A.MTD":34185023.757058993," Gap MTD":-313583745.1999145746," Ach":0.0982981418," vs LY":-0.8792480552," vs 3LM":-0.8956932341," vs LM":-0.910513326}
{"Kabupaten":"Tabalong","Channel Group":"WHOLESALER","CR on JKS":180," LY":860207573.7065441608," 3LM":1104676989.6042761803," LM":1209737645.5504312515," Max":1818990952.5149581432," T.MTD":1077006510.6189513206," A.MTD":25137296.4375980012," Gap MTD":-1051869214.1813533306," Ach":0.023339967," vs LY":-0.9707776388," vs 3LM":-0.9772446637," vs LM":-0.9792208695}
{"Kabupaten":"(blank)","Channel Group":"MTI","CR on JKS":2," LY":7615305.2226919997," 3LM":11472276.6318366621," LM":8435659.2840449996," Max":15709875.3820520006," T.MTD":9310350.3479531594," A.MTD":0.0," Gap MTD":-9310350.3479531594," Ach":0.0," vs LY":-1.0," vs 3LM":-1.0," vs LM":-1.0}
{"Kabupaten":"Grand Total","Channel Group":null,"CR on JKS":1600," LY":2475997338.6792340279," 3LM":3073385694.7254371643," LM":3208053245.5046062469," Max":5027581776.4117898941," T.MTD":3172656999.9999995232," A.MTD":174210169.401817888," Gap MTD":-2998446830.5981788635," Ach":0.0549098656," vs LY":-0.9296404052," vs 3LM":-0.9433165288," vs LM":-0.9456959857}
