{"szEmployeeId":17210032876,"szname":"Asman","Channel Group":"Wholesaler","Project":"SMALL"," LY":85896828.4065279961," 3LM":126263711.6409047097," LM":128800042.0428530574," T.MTD":131505949.6561881602," A.MTD":68046245.0376449823," Gap MTD":-63459704.6185431555,"CR":90,"CA":79}
{"szEmployeeId":17210032876,"szname":"Asman","Channel Group":"Wholesaler","Project":"BIG"," LY":171733556.6542290151," 3LM":192998515.6611123383," LM":187642944.1172069907," T.MTD":199987849.1177138984," A.MTD":41570355.8743200004," Gap MTD":-158417493.2433939278,"CR":6,"CA":3}
{"szEmployeeId":17210032876,"szname":"Asman","Channel Group":"Wholesaler","Project":"MEDIUM"," LY":289344407.5498020053," 3LM":320522597.5524386168," LM":310617337.1426020265," T.MTD":331723721.9933004379," A.MTD":169010059.2804639637," Gap MTD":-162713662.7128363848,"CR":37,"CA":32}
{"szEmployeeId":17210032876,"szname":"Asman","Channel Group":"MTI","Project":"SMALL"," LY":25310863.6766800024," 3LM":34847625.8618943393," LM":33501979.5606019981," T.MTD":36747975.0599622056," A.MTD":15622961.3246790022," Gap MTD":-21125013.7352832034,"CR":13,"CA":11}
{"szEmployeeId":17210032876,"szname":"Asman","Channel Group":"MTI","Project":"MEDIUM"," LY":2664549.4076250005," 3LM":3253093.9833333334," LM":3734345.0699999998," T.MTD":3334504.1728357277," A.MTD":2037027.0199999996," Gap MTD":-1297477.1528357281,"CR":1,"CA":1}
{"szEmployeeId":17210041467,"szname":"Doli Purnama Sari","Channel Group":"Retail","Project":"SMALL"," LY":43229396.5655220076," 3LM":109392948.6278276592," LM":105455563.0904149711," T.MTD":125795118.5090901852," A.MTD":59517923.1386729851," Gap MTD":-66277195.3704171106,"CR":229,"CA":180}
{"szEmployeeId":17210041467,"szname":"Doli Purnama Sari","Channel Group":"Retail","Project":"BIG"," LY":39264146.0074639991," 3LM":35170529.2733423337," LM":33138765.510501001," T.MTD":41326059.5037955716," A.MTD":18740571.7863360047," Gap MTD":-22585487.7174595743,"CR":31,"CA":27}
{"szEmployeeId":17210041467,"szname":"Doli Purnama Sari","Channel Group":"Retail","Project":"MEDIUM"," LY":43496987.3686840087," 3LM":61552068.4382589906," LM":60406117.8119000122," T.MTD":71705194.3154910952," A.MTD":31392439.9801919945," Gap MTD":-40312754.335299097,"CR":81,"CA":73}
{"szEmployeeId":17210041467,"szname":"Doli Purnama Sari","Channel Group":"MTI","Project":"SMALL"," LY":22649609.6816240065," 3LM":23658919.5001933388," LM":29631493.8596160002," T.MTD":25073627.6716230065," A.MTD":21372229.8651979975," Gap MTD":-3701397.8064250047,"CR":10,"CA":8}
{"szEmployeeId":17210037897,"szname":"Hindra","Channel Group":"Wholesaler","Project":"SMALL"," LY":64760708.9769670144," 3LM":97662409.9961126745," LM":98447189.8906679749," T.MTD":116928340.294721961," A.MTD":66519076.3513389826," Gap MTD":-50409263.943382971,"CR":46,"CA":43}
{"szEmployeeId":17210037897,"szname":"Hindra","Channel Group":"Wholesaler","Project":"BIG"," LY":53380885.1133939996," 3LM":83510033.5883789957," LM":130789016.1630339921," T.MTD":104009985.0361295342," A.MTD":5770947.7537810002," Gap MTD":-98239037.2823485434,"CR":3,"CA":1}
{"szEmployeeId":17210037897,"szname":"Hindra","Channel Group":"Wholesaler","Project":"MEDIUM"," LY":105587267.0025639981," 3LM":110584492.3230606616," LM":97186054.8607280105," T.MTD":132469904.3705657721," A.MTD":64972527.8082850054," Gap MTD":-67497376.5622807443,"CR":11,"CA":10}
{"szEmployeeId":17210037897,"szname":"Hindra","Channel Group":"Retail","Project":"SMALL"," LY":13011564.2140469998," 3LM":62055509.3914110065," LM":68364260.9594679773," T.MTD":75025370.590545401," A.MTD":37076663.1327990294," Gap MTD":-37948707.4577464387,"CR":105,"CA":78}
{"szEmployeeId":17210037897,"szname":"Hindra","Channel Group":"Retail","Project":"BIG"," LY":31803488.1156470031," 3LM":24575468.1804846711," LM":22546725.8822060041," T.MTD":29369055.9015019946," A.MTD":17209439.9077199996," Gap MTD":-12159615.993781995,"CR":18,"CA":16}
{"szEmployeeId":17210037897,"szname":"Hindra","Channel Group":"Retail","Project":"MEDIUM"," LY":15003227.7051069997," 3LM":15466544.5961113367," LM":17975322.7204819992," T.MTD":18616866.3426179178," A.MTD":8425899.6445670016," Gap MTD":-10190966.6980509199,"CR":23,"CA":19}
{"szEmployeeId":17210037897,"szname":"Hindra","Channel Group":"MTI","Project":"SMALL"," LY":5494819.65142," 3LM":6901057.2834066655," LM":8353352.2161090001," T.MTD":7922597.3193634693," A.MTD":3969617.0928730001," Gap MTD":-3952980.2264904692,"CR":2,"CA":2}
{"szEmployeeId":17210037897,"szname":"Hindra","Channel Group":"FS","Project":"SMALL"," LY":0.0," 3LM":1476992.4903000002," LM":2169442.3399999999," T.MTD":1657880.1445538139," A.MTD":3671646.8499999996," Gap MTD":2013766.705446186,"CR":3,"CA":3}
{"szEmployeeId":17210036369,"szname":"Muhammad Tamrin","Channel Group":"Wholesaler","Project":"SMALL"," LY":86623123.2155359834," 3LM":100284325.680202648," LM":112284848.8607180119," T.MTD":117616335.8431380987," A.MTD":60960261.8142849952," Gap MTD":-56656074.0288530812,"CR":93,"CA":78}
{"szEmployeeId":17210036369,"szname":"Muhammad Tamrin","Channel Group":"Wholesaler","Project":"BIG"," LY":171652420.2909970284," 3LM":146958326.9385036826," LM":176866324.2648090124," T.MTD":180566812.7507776618," A.MTD":34640351.3440349996," Gap MTD":-145926461.4067426622,"CR":6,"CA":4}
{"szEmployeeId":17210036369,"szname":"Muhammad Tamrin","Channel Group":"Wholesaler","Project":"MEDIUM"," LY":167270675.4651519954," 3LM":174144911.8861450255," LM":177425003.6623599529," T.MTD":206391263.6423943043," A.MTD":102275316.1771659851," Gap MTD":-104115947.465228349,"CR":38,"CA":33}
{"szEmployeeId":17210036369,"szname":"Muhammad Tamrin","Channel Group":"MTI","Project":"SMALL"," LY":3850104.1614339999," 3LM":6945574.2229983322," LM":7776680.2764810007," T.MTD":6843614.7971542962," A.MTD":6439511.7348619998," Gap MTD":-404103.0622922955,"CR":13,"CA":11}
{"szEmployeeId":17210036369,"szname":"Muhammad Tamrin","Channel Group":"MTI","Project":"MEDIUM"," LY":201386.46," 3LM":647783.4766666668," LM":792969.3600000001," T.MTD":534007.966012565," A.MTD":230315.31," Gap MTD":-303692.656012565,"CR":1,"CA":1}
{"szEmployeeId":17210036369,"szname":"Muhammad Tamrin","Channel Group":"FS","Project":"SMALL"," LY":0.0," 3LM":453628.83," LM":215878.38," T.MTD":347965.0005229969," A.MTD":390294.6," Gap MTD":42329.5994770031,"CR":1,"CA":1}
{"szEmployeeId":17210037632,"szname":"Robianor","Channel Group":"Wholesaler","Project":"SMALL"," LY":84117197.1083869934," 3LM":99191848.4548186809," LM":108958428.1624420136," T.MTD":112644951.2305244207," A.MTD":49522441.0424560085," Gap MTD":-63122510.1880684122,"CR":39,"CA":32}
{"szEmployeeId":17210037632,"szname":"Robianor","Channel Group":"Wholesaler","Project":"BIG"," LY":135774698.9929580092," 3LM":116366306.1723760068," LM":109719999.9075410068," T.MTD":136889167.1395841837," A.MTD":45022882.8270810097," Gap MTD":-91866284.3125031739,"CR":3,"CA":3}
{"szEmployeeId":17210037632,"szname":"Robianor","Channel Group":"Wholesaler","Project":"MEDIUM"," LY":298497305.3952000737," 3LM":332052318.6821749806," LM":348810485.4595380425," T.MTD":380665591.9872621894," A.MTD":179228458.454262048," Gap MTD":-201437133.5330001116,"CR":28,"CA":23}
{"szEmployeeId":17210037632,"szname":"Robianor","Channel Group":"Retail","Project":"SMALL"," LY":23176476.8563969955," 3LM":45665187.9275606647," LM":55440372.4423980191," T.MTD":52386055.4421303943," A.MTD":30050604.2897049934," Gap MTD":-22335451.1524253897,"CR":82,"CA":53}
{"szEmployeeId":17210037632,"szname":"Robianor","Channel Group":"Retail","Project":"BIG"," LY":26651922.3205219954," 3LM":27349075.069395002," LM":28248474.0020340011," T.MTD":30784936.9288588017," A.MTD":17495332.7071600035," Gap MTD":-13289604.2216988094,"CR":23,"CA":20}
{"szEmployeeId":17210037632,"szname":"Robianor","Channel Group":"Retail","Project":"MEDIUM"," LY":19790819.3226389997," 3LM":24767345.3721010052," LM":25030968.1508890055," T.MTD":28417001.3491268046," A.MTD":16769313.331129998," Gap MTD":-11647688.0179968029,"CR":32,