{"szEmployeeId":17210032876,"szname":"Asman","Channel Group":"Wholesaler","Project":"SMALL"," LY":101897961.0967779756," 3LM":137030431.1459297538," LM":145339229.3115180135," T.MTD":143164297.0432427824," A.MTD":134125064.4211530536," Gap MTD":-9039232.6220897753,"CR":76,"CA":69}
{"szEmployeeId":17210032876,"szname":"Asman","Channel Group":"Wholesaler","Project":"BIG"," LY":0.0," 3LM":33196514.5517659932," LM":38323958.5381549895," T.MTD":34688544.0128303915," A.MTD":37116756.766539," Gap MTD":2428212.7537086084,"CR":1,"CA":1}
{"szEmployeeId":17210032876,"szname":"Asman","Channel Group":"Wholesaler","Project":"MEDIUM"," LY":405061930.2599040866," 3LM":426680302.142334342," LM":468254795.3420610428," T.MTD":439666739.6241083145," A.MTD":411390394.0032041073," Gap MTD":-28276345.6209041551,"CR":55,"CA":52}
{"szEmployeeId":17210032876,"szname":"Asman","Channel Group":"Wholesaler","Project":"SPRBIG"," LY":56658279.0334819928," 3LM":17030420.3053586595," LM":14955495.3970989976," T.MTD":16797713.6426043138," A.MTD":44428108.1117660031," Gap MTD":27630394.4691616893,"CR":1,"CA":1}
{"szEmployeeId":17210032876,"szname":"Asman","Channel Group":"Retail","Project":"BIG"," LY":1418052.8234870003," 3LM":2646894.4536319994," LM":2186324.1308999998," T.MTD":2720426.4347201716," A.MTD":1167927.9881000002," Gap MTD":-1552498.4466201714,"CR":2,"CA":1}
{"szEmployeeId":17210032876,"szname":"Asman","Channel Group":"MTI","Project":"SMALL"," LY":24942994.2345190011," 3LM":35530694.7933089957," LM":43207088.8697880059," T.MTD":37210903.4124899656," A.MTD":33501979.5606019981," Gap MTD":-3708923.851887973,"CR":13,"CA":12}
{"szEmployeeId":17210032876,"szname":"Asman","Channel Group":"MTI","Project":"MEDIUM"," LY":3903630.3653370002," 3LM":2906198.0641413326," LM":3438506.1999999997," T.MTD":3001375.830004327," A.MTD":3734345.0699999998," Gap MTD":732969.2399956728,"CR":1,"CA":1}
{"szEmployeeId":17210041467,"szname":"Doli Purnama Sari","Channel Group":"Retail","Project":"SMALL"," LY":45797300.2240120247," 3LM":106201463.2225637287," LM":124178055.3256269693," T.MTD":101319882.8128796965," A.MTD":105455563.0904149562," Gap MTD":4135680.2775352476,"CR":226,"CA":196}
{"szEmployeeId":17210041467,"szname":"Doli Purnama Sari","Channel Group":"Retail","Project":"BIG"," LY":35810357.7032170072," 3LM":38283903.0002456754," LM":41525093.437304996," T.MTD":36539215.2286509648," A.MTD":31111378.028621003," Gap MTD":-5427837.2000299562,"CR":30,"CA":29}
{"szEmployeeId":17210041467,"szname":"Doli Purnama Sari","Channel Group":"Retail","Project":"MEDIUM"," LY":47430923.711649999," 3LM":59998260.3674916476," LM":67276965.9027629942," T.MTD":57780135.2925965413," A.MTD":60406117.8119000122," Gap MTD":2625982.5193034778,"CR":80,"CA":76}
{"szEmployeeId":17210041467,"szname":"Doli Purnama Sari","Channel Group":"MTI","Project":"SMALL"," LY":20795616.6151109971," 3LM":32442170.5368869975," LM":18929425.7251229994," T.MTD":29360766.6658727452," A.MTD":29631493.8596159965," Gap MTD":270727.1937432536,"CR":10,"CA":9}
{"szEmployeeId":17210037897,"szname":"Hindra","Channel Group":"Wholesaler","Project":"SMALL"," LY":73671707.2523709834," 3LM":94597986.0937659889," LM":92083151.1630300134," T.MTD":104830531.5706992149," A.MTD":87530512.9684099853," Gap MTD":-17300018.6022892371,"CR":40,"CA":37}
{"szEmployeeId":17210037897,"szname":"Hindra","Channel Group":"Wholesaler","Project":"BIG"," LY":118227511.7605800182," 3LM":62173568.4207609966," LM":51224821.5442580059," T.MTD":70608925.9665991962," A.MTD":81130720.6861359775," Gap MTD":10521794.7195367776,"CR":2,"CA":2}
{"szEmployeeId":17210037897,"szname":"Hindra","Channel Group":"Wholesaler","Project":"MEDIUM"," LY":165604846.0399020016," 3LM":168802197.6637612879," LM":140415649.4877299666," T.MTD":191011084.8404652774," A.MTD":157761027.2598839402," Gap MTD":-33250057.5805813223,"CR":18,"CA":18}
{"szEmployeeId":17210037897,"szname":"Hindra","Channel Group":"Retail","Project":"SMALL"," LY":18917818.4798160009," 3LM":61114785.3954030052," LM":60494745.6251390278," T.MTD":68122241.560501352," A.MTD":68364260.9594679773," Gap MTD":242019.3989666358,"CR":107,"CA":86}
{"szEmployeeId":17210037897,"szname":"Hindra","Channel Group":"Retail","Project":"BIG"," LY":26368045.9392940067," 3LM":23371542.4221560024," LM":27397261.9682480022," T.MTD":26265102.6314648464," A.MTD":22546725.8822060041," Gap MTD":-3718376.7492588488,"CR":19,"CA":17}
{"szEmployeeId":17210037897,"szname":"Hindra","Channel Group":"Retail","Project":"MEDIUM"," LY":17678043.7186480016," 3LM":16304236.9961866662," LM":13680927.5270120017," T.MTD":18123530.0501559265," A.MTD":17975322.7204819992," Gap MTD":-148207.3296739197,"CR":24,"CA":22}
{"szEmployeeId":17210037897,"szname":"Hindra","Channel Group":"MTI","Project":"SMALL"," LY":7588029.4556139987," 3LM":6051612.4112149999," LM":5753468.3247560002," T.MTD":6830652.6725607514," A.MTD":8353352.2161089983," Gap MTD":1522699.5435482473,"CR":2,"CA":2}
{"szEmployeeId":17210037897,"szname":"Hindra","Channel Group":"FS","Project":"SMALL"," LY":0.0," 3LM":492069.6636333333," LM":1476208.9909000001," T.MTD":537930.707553309," A.MTD":1724350.4499999997," Gap MTD":1186419.7424466908,"CR":2,"CA":2}
{"szEmployeeId":17210036369,"szname":"Muhammad Tamrin","Channel Group":"Wholesaler","Project":"SMALL"," LY":71804629.4187439829," 3LM":74415836.2536313534," LM":76482742.1197659969," T.MTD":92709373.6623362899," A.MTD":108538303.6606969982," Gap MTD":15828929.9983607288,"CR":77,"CA":70}
{"szEmployeeId":17210036369,"szname":"Muhammad Tamrin","Channel Group":"Wholesaler","Project":"BIG"," LY":0.0," 3LM":18711975.0402543321," LM":27353789.1737600006," T.MTD":27637557.3579825088," A.MTD":35872226.1198789924," Gap MTD":8234668.7618964836,"CR":1,"CA":1}
{"szEmployeeId":17210036369,"szname":"Muhammad Tamrin","Channel Group":"Wholesaler","Project":"MEDIUM"," LY":210535248.3550389707," 3LM":235037614.4138732851," LM":267015394.5408189893," T.MTD":308073181.2854836583," A.MTD":263596277.6515899599," Gap MTD":-44476903.6338937208,"CR":56,"CA":55}
{"szEmployeeId":17210036369,"szname":"Muhammad Tamrin","Channel Group":"Wholesaler","Project":"SPRBIG"," LY":2756756.7502700002," 3LM":30066069.6207296737," LM":1225225.22," T.MTD":43655074.0935727879," A.MTD":58569369.3557209969," Gap MTD":14914295.2621482089,"CR":1,"CA":1}
{"szEmployeeId":17210036369,"szname":"Muhammad Tamrin","Channel Group":"Retail","Project":"BIG"," LY":1376040.3850380001," 3LM":2205120.8158173328," LM":1570252.1818860001," T.MTD":2622227.828470943," A.MTD":859459.49378," Gap MTD":-1762768.3346909429,"CR":2,"CA":1}
{"szEmployeeId":17210036369,"szname":"Muhammad Tamrin","Channel Group":"MTI","Project":"SMALL"," LY":3051615.8332279995," 3LM":6061862.8650706671," LM":7675836.9054879993," T.MTD":5593412.2698463984," A.MTD":7776680.2764810007," Gap MTD":2183268.0066346014,"CR":13,"CA":11}
{"szEmployeeId":17210036369,"szname":"Muhammad Tamrin","Channel Group":"MTI","Project":"MEDIUM"," LY":421666.635673," 3LM":442193.67," LM":407656.75," T.MTD":379173.5023072897," A.MTD":792969.3600000001," Gap MTD":413795.8576927104,"CR":1,"CA":1}
{"szEmployeeId":17210036369,"szname":"Muhammad Tamrin","Channel Group":"FS","Project":"SMALL"," LY":0.0," 3LM":0.0," LM":0.0," T.MTD":0.0," A.MTD":215878.38," Gap MTD":215878.38,"CR":1,"CA":1}
{"szEmployeeId":17210037632,"szname":"Robianor","Channel Group":"Wholesaler","Project":"SMALL"," LY":111654757.9202450067," 3LM":147316403.1139400005," LM":146772030.1998630166," T.MTD":163715120.2276458144," A.MTD":164729542.4605270028," Gap MTD":1014422.2328812189,"CR":40,"CA":39}
{"szEmployeeId":17210037632,"szname":"Robianor","Channel Group":"Wholesaler","Project":"BIG"," LY":56809023.8697869852," 3LM":36439008.6277580038," LM":19705765.7558300048," T.MTD":44271639.0168942884," A.MTD":22219999.9339260012," Gap MTD":-22051639.0829682872,"CR":1,"CA":1}
{"szEmployeeId":17210037632,"szname":"Robianor","Channel Group":"Wholesaler","Project":"MEDIUM"," LY":336199814.9024970531,