{"szEmployeeId":17210032876.0,"szname":"Asman","Channel Group":"Wholesaler","Project":"SMALL"," LY":85896828.4065279961," 3LM":134916444.3743956983," LM":137837339.3861630261," T.MTD":138479227.7358149588," A.MTD":4255000.0254040007," Gap MTD":-134224227.7104109824,"CR":92.0,"CA":9.0}
{"szEmployeeId":17210032876.0,"szname":"Asman","Channel Group":"Wholesaler","Project":"BIG"," LY":171733556.6542290151," 3LM":192998515.6611123383," LM":187642944.1172069907," T.MTD":196989767.9305375218," A.MTD":0.0," Gap MTD":-196989767.9305375218,"CR":6.0,"CA":0.0}
{"szEmployeeId":17210032876.0,"szname":"Asman","Channel Group":"Wholesaler","Project":"MEDIUM"," LY":303911975.0555610061," 3LM":320522597.5524386168," LM":310617337.1426020265," T.MTD":326756989.6170238853," A.MTD":16497071.9750839975," Gap MTD":-310259917.6419398785,"CR":37.0,"CA":7.0}
{"szEmployeeId":17210032876.0,"szname":"Asman","Channel Group":"Retail","Project":"BIG"," LY":1354807.8649249999," 3LM":1561507.4745003332," LM":1167927.9881000002," T.MTD":1601671.3067213562," A.MTD":0.0," Gap MTD":-1601671.3067213562,"CR":2.0,"CA":0.0}
{"szEmployeeId":17210032876.0,"szname":"Asman","Channel Group":"MTI","Project":"SMALL"," LY":25310863.6766800024," 3LM":34847625.8618943244," LM":35595077.7606020048," T.MTD":36187268.727838695," A.MTD":0.0," Gap MTD":-36187268.727838695,"CR":13.0,"CA":0.0}
{"szEmployeeId":17210032876.0,"szname":"Asman","Channel Group":"MTI","Project":"MEDIUM"," LY":2664549.4076250005," 3LM":3253093.9833333334," LM":4870529.7599999998," T.MTD":3285074.682063933," A.MTD":0.0," Gap MTD":-3285074.682063933,"CR":1.0,"CA":0.0}
{"szEmployeeId":17210041467.0,"szname":"Doli Purnama Sari","Channel Group":"Retail","Project":"SMALL"," LY":43715882.9481310099," 3LM":108796634.7684293389," LM":105466063.0904150009," T.MTD":126357434.4971503615," A.MTD":2676864.9377430002," Gap MTD":-123680569.5594073683,"CR":225.0,"CA":11.0}
{"szEmployeeId":17210041467.0,"szname":"Doli Purnama Sari","Channel Group":"Retail","Project":"BIG"," LY":38160953.4409969896," 3LM":33516947.5711253323," LM":33167172.6186209954," T.MTD":39791277.1885007992," A.MTD":988018.1119809999," Gap MTD":-38803259.0765197948,"CR":30.0,"CA":1.0}
{"szEmployeeId":17210041467.0,"szname":"Doli Purnama Sari","Channel Group":"Retail","Project":"MEDIUM"," LY":43496987.3686840087," 3LM":61552068.4382589981," LM":60406117.8119000122," T.MTD":72453449.5597284138," A.MTD":1445236.125763," Gap MTD":-71008213.4339654297,"CR":81.0,"CA":5.0}
{"szEmployeeId":17210041467.0,"szname":"Doli Purnama Sari","Channel Group":"MTI","Project":"SMALL"," LY":22649609.6816240065," 3LM":23658919.5001933388," LM":54614665.9296160117," T.MTD":25297838.7546202913," A.MTD":0.0," Gap MTD":-25297838.7546202913,"CR":10.0,"CA":0.0}
{"szEmployeeId":17210037897.0,"szname":"Hindra","Channel Group":"Wholesaler","Project":"SMALL"," LY":64760708.9769670144," 3LM":97662409.9961126596," LM":98447189.8906679899," T.MTD":117044602.640368402," A.MTD":0.0," Gap MTD":-117044602.640368402,"CR":46.0,"CA":0.0}
{"szEmployeeId":17210037897.0,"szname":"Hindra","Channel Group":"Wholesaler","Project":"BIG"," LY":53380885.1133939996," 3LM":83510033.5883789957," LM":130789016.1630339772," T.MTD":104097165.109135136," A.MTD":0.0," Gap MTD":-104097165.109135136,"CR":3.0,"CA":0.0}
{"szEmployeeId":17210037897.0,"szname":"Hindra","Channel Group":"Wholesaler","Project":"MEDIUM"," LY":105587267.0025639981," 3LM":110584492.3230606765," LM":97238554.8607280105," T.MTD":132599890.4584460258," A.MTD":0.0," Gap MTD":-132599890.4584460258,"CR":11.0,"CA":0.0}
{"szEmployeeId":17210037897.0,"szname":"Hindra","Channel Group":"Retail","Project":"SMALL"," LY":13072375.0168389995," 3LM":61688061.946006," LM":68364260.9594679773," T.MTD":74630415.2799770981," A.MTD":0.0," Gap MTD":-74630415.2799770981,"CR":107.0,"CA":0.0}
{"szEmployeeId":17210037897.0,"szname":"Hindra","Channel Group":"Retail","Project":"BIG"," LY":33507497.0684350021," 3LM":24575468.1804846711," LM":22630725.8822060041," T.MTD":29399538.9846247509," A.MTD":0.0," Gap MTD":-29399538.9846247509,"CR":19.0,"CA":0.0}
{"szEmployeeId":17210037897.0,"szname":"Hindra","Channel Group":"Retail","Project":"MEDIUM"," LY":15064038.5078990012," 3LM":15466544.5961113367," LM":17975322.7204819992," T.MTD":18636459.0895558484," A.MTD":0.0," Gap MTD":-18636459.0895558484,"CR":24.0,"CA":0.0}
{"szEmployeeId":17210037897.0,"szname":"Hindra","Channel Group":"MTI","Project":"SMALL"," LY":5494819.65142," 3LM":6901057.2834066655," LM":8353352.2161090011," T.MTD":7932441.1883093687," A.MTD":0.0," Gap MTD":-7932441.1883093687,"CR":2.0,"CA":0.0}
{"szEmployeeId":17210037897.0,"szname":"Hindra","Channel Group":"FS","Project":"SMALL"," LY":0.0," 3LM":1476992.4903000002," LM":2169442.3399999999," T.MTD":1659487.2495834783," A.MTD":0.0," Gap MTD":-1659487.2495834783,"CR":3.0,"CA":0.0}
{"szEmployeeId":17210036369.0,"szname":"Muhammad Tamrin","Channel Group":"Wholesaler","Project":"SMALL"," LY":86623123.2155359685," 3LM":107346867.1052676439," LM":121035029.0289050043," T.MTD":124191502.9457163811," A.MTD":1104594.6099089999," Gap MTD":-123086908.3358073831,"CR":94.0,"CA":4.0}
{"szEmployeeId":17210036369.0,"szname":"Muhammad Tamrin","Channel Group":"Wholesaler","Project":"BIG"," LY":171652420.2909970284," 3LM":146958326.9385036826," LM":176866324.2648089826," T.MTD":176777131.2146206498," A.MTD":0.0," Gap MTD":-176777131.2146206498,"CR":6.0,"CA":0.0}
{"szEmployeeId":17210036369.0,"szname":"Muhammad Tamrin","Channel Group":"Wholesaler","Project":"MEDIUM"," LY":167270675.4651520252," 3LM":174144911.8861449957," LM":177425003.6623599827," T.MTD":202217888.5530072153," A.MTD":7629909.8999879993," Gap MTD":-194587978.6530191898,"CR":37.0,"CA":5.0}
{"szEmployeeId":17210036369.0,"szname":"Muhammad Tamrin","Channel Group":"Retail","Project":"BIG"," LY":1454083.6365660001," 3LM":1241953.7510176667," LM":859459.49378," T.MTD":1452082.6734084135," A.MTD":0.0," Gap MTD":-1452082.6734084135,"CR":2.0,"CA":0.0}
{"szEmployeeId":17210036369.0,"szname":"Muhammad Tamrin","Channel Group":"MTI","Project":"SMALL"," LY":3850104.1614339999," 3LM":6945574.2229983322," LM":7776680.2764810007," T.MTD":6769832.2076313095," A.MTD":0.0," Gap MTD":-6769832.2076313095,"CR":13.0,"CA":0.0}
{"szEmployeeId":17210036369.0,"szname":"Muhammad Tamrin","Channel Group":"MTI","Project":"MEDIUM"," LY":201386.46," 3LM":647783.4766666668," LM":792969.3600000001," T.MTD":536219.9986505185," A.MTD":0.0," Gap MTD":-536219.9986505185,"CR":1.0,"CA":0.0}
{"szEmployeeId":17210036369.0,"szname":"Muhammad Tamrin","Channel Group":"FS","Project":"SMALL"," LY":0.0," 3LM":453628.83," LM":215878.38," T.MTD":355342.4069654599," A.MTD":0.0," Gap MTD":-355342.4069654599,"CR":1.0,"CA":0.0}
{"szEmployeeId":17210037632.0,"szname":"Robianor","Channel Group":"Wholesaler","Project":"SMALL"," LY":85538818.6983870119," 3LM":101968799.8062883466," LM":111461524.5595579892," T.MTD":115676517.7254516035," A.MTD":0.0," Gap MTD":-115676517.7254516035,"CR":41.0,"CA":0.0}
{"szEmployeeId":17210037632.0,"szname":"Robianor","Channel Group":"Wholesaler","Project":"BIG"," LY":135774698.9929580092," 3LM":116366306.1723760068," LM":109719999.9075410068," T.MTD":136982234.969345212," A.MTD":0.0," Gap MTD":-136982234.969345212,"CR":3.0,"CA":0.0}
{"szEmployeeId":17210037632.0,"szname":"Robianor","Channel Group":"Wholesaler","Project":"MEDIUM"," LY":302516224.2973610163," 3LM":332052318.6821750402," LM":348810485.4595381021," T.MTD":381008971.9914475083," A.MTD":0.0," Gap MTD":-381008971.9914475083,"CR":28.0,"CA":0.0}
{"szEmployeeId":17210037632.0,"szname":"Robianor","Channel Group":"Retail","Project":"SMALL"," LY":24144509.0498119965," 3LM":45020724.8591836691," LM":55440372.4423980117," T.MTD":51709581.2478687018," A.MTD":0.0," Gap MTD":-51709581.2478687018,"CR":83.0,"CA":0.0}
{"szEmployeeId":17210037632.0,"szname":"Robianor","Channel Group":"Retail","Project":"BIG"," LY":26651922.3205219954," 3LM":27349075.069395002," LM":28258974.0020340011," T.MTD":30818189.7517301589,