{"szEmployeeId":17210032876,"szname":"Asman","Channel Group":"MTI"," LY":27975413.0843050033," 3LM":38267217.7918653265," LM":40465607.5206019953," Max":81878239.7002599835," T.MTD":41381650.4967527837," A.MTD":1968388.2824320002," Gap MTD":-39413262.2143207863," Ach":0.0475666934," vs LY":-0.9296386339," vs 3LM":-0.9485620226," vs LM":-0.9513565123}
{"szEmployeeId":17210032876,"szname":"Asman","Channel Group":"Retail"," LY":1354807.8649249999," 3LM":2176288.0467233332," LM":1167927.9881000002," Max":3383891.6584600001," T.MTD":2281498.1407333938," A.MTD":0.0," Gap MTD":-2281498.1407333938," Ach":0.0," vs LY":-1.0," vs 3LM":-1.0," vs LM":-1.0}
{"szEmployeeId":17210032876,"szname":"Asman","Channel Group":"Wholesaler"," LY":561542360.1163179874," 3LM":630747653.4966934919," LM":636097620.6459720135," Max":1058530138.2770311832," T.MTD":669236851.3625136614," A.MTD":54139182.0067759976," Gap MTD":-615097669.3557376862," Ach":0.0808968931," vs LY":-0.9035884274," vs 3LM":-0.9141666533," vs LM":-0.9148885639}
{"szEmployeeId":17210036369,"szname":"Muhammad Tamrin","Channel Group":"MTI"," LY":4051490.6214339999," 3LM":7475915.5236276658," LM":8569649.636481002," Max":18423934.5146520026," T.MTD":5501918.9981395742," A.MTD":443243.24081," Gap MTD":-5058675.7573295748," Ach":0.0805615715," vs LY":-0.8905974906," vs 3LM":-0.940710507," vs LM":-0.948277554}
{"szEmployeeId":17210036369,"szname":"Muhammad Tamrin","Channel Group":"Retail"," LY":1454083.6365660001," 3LM":1511796.8920053332," LM":859459.4937799999," Max":3336359.2008009991," T.MTD":1938355.9931302592," A.MTD":0.0," Gap MTD":-1938355.9931302592," Ach":0.0," vs LY":-1.0," vs 3LM":-1.0," vs LM":-1.0}
{"szEmployeeId":17210036369,"szname":"Muhammad Tamrin","Channel Group":"Wholesaler"," LY":425546218.9716850519," 3LM":393809991.5582049489," LM":475326356.9560739994," Max":750288756.0632647276," T.MTD":503509793.3799513578," A.MTD":26637161.2913019955," Gap MTD":-476872632.0886492729," Ach":0.0529029656," vs LY":-0.9374047751," vs 3LM":-0.9323603721," vs LM":-0.9439602688}
{"szEmployeeId":17210036369,"szname":"Muhammad Tamrin","Channel Group":"FS"," LY":0.0," 3LM":71959.46," LM":215878.38," Max":215878.38," T.MTD":49931.628778884," A.MTD":0.0," Gap MTD":-49931.628778884," Ach":0.0," vs LY":0.0," vs 3LM":-1.0," vs LM":-1.0}
{"szEmployeeId":17210037632,"szname":"Robianor","Channel Group":"MTI"," LY":1481940.9100000001," 3LM":1065648.4966666666," LM":1147795.51," Max":1915342.6400000001," T.MTD":1052577.7004456974," A.MTD":259158.58," Gap MTD":-793419.1204456973," Ach":0.2462132533," vs LY":-0.8251221906," vs 3LM":-0.7568066949," vs LM":-0.774211889}
{"szEmployeeId":17210037632,"szname":"Robianor","Channel Group":"Retail"," LY":69472259.6894540191," 3LM":92690008.8855606765," LM":106227218.198205024," Max":200689633.4195761085," T.MTD":104191463.5692726076," A.MTD":12392785.1409380026," Gap MTD":-91798678.4283346087," Ach":0.1189424231," vs LY":-0.8216153441," vs 3LM":-0.8662985872," vs LM":-0.8833370077}
{"szEmployeeId":17210037632,"szname":"Robianor","Channel Group":"Wholesaler"," LY":523829741.9887059331," 3LM":551235902.7548080683," LM":569992009.9266369343," Max":925383268.2553801537," T.MTD":638238293.5015951395," A.MTD":52856096.4252350032," Gap MTD":-585382197.0763599873," Ach":0.0828156144," vs LY":-0.8990968015," vs 3LM":-0.9041134727," vs LM":-0.9072687064}
{"szEmployeeId":17210037632,"szname":"Robianor","Channel Group":"FS"," LY":0.0," 3LM":916999.9966666667," LM":818181.98," Max":1932818.01," T.MTD":617665.2286867846," A.MTD":0.0," Gap MTD":-617665.2286867846," Ach":0.0," vs LY":0.0," vs 3LM":-1.0," vs LM":-1.0}
{"szEmployeeId":17210037897,"szname":"Hindra","Channel Group":"MTI"," LY":5494819.65142," 3LM":6071402.5907939989," LM":8353352.2161090001," Max":10895890.6953409985," T.MTD":6612528.0378743652," A.MTD":3602342.3295390001," Gap MTD":-3010185.7083353647," Ach":0.5447753581," vs LY":-0.3444111803," vs 3LM":-0.4066704891," vs LM":-0.5687548859}
{"szEmployeeId":17210037897,"szname":"Hindra","Channel Group":"Retail"," LY":61643910.5931729972," 3LM":101032325.012381345," LM":108970309.5621559471," Max":207437420.5565620363," T.MTD":114846631.1352065653," A.MTD":10045477.7233989965," Gap MTD":-104801153.411807552," Ach":0.0874686321," vs LY":-0.8370402262," vs 3LM":-0.9005716465," vs LM":-0.9078145436}
{"szEmployeeId":17210037897,"szname":"Hindra","Channel Group":"Wholesaler"," LY":223728861.0929249227," 3LM":320946281.3300529718," LM":326474760.9144300222," Max":565501978.1834440231," T.MTD":374305786.8308278322," A.MTD":42481341.7135859951," Gap MTD":-331824445.1172419786," Ach":0.1134936814," vs LY":-0.810121316," vs 3LM":-0.867637221," vs LM":-0.8698786344}
{"szEmployeeId":17210037897,"szname":"Hindra","Channel Group":"FS"," LY":0.0," 3LM":1215217.1103000001," LM":2169442.3399999999," Max":2447145.0309000001," T.MTD":1135053.9960910971," A.MTD":303716.22," Gap MTD":-831337.7760910972," Ach":0.2675786536," vs LY":0.0," vs 3LM":-0.7500724624," vs LM":-0.8600026309}
{"szEmployeeId":17210041467,"szname":"Doli Purnama Sari","Channel Group":"MTI"," LY":22649609.6816240065," 3LM":24544996.9213910028," LM":54614665.9296160117," Max":67141367.762936011," T.MTD":23045194.1623338982," A.MTD":5408429.7839579992," Gap MTD":-17636764.3783759028," Ach":0.2346879677," vs LY":-0.7612131132," vs 3LM":-0.7796524562," vs LM":-0.9009711093}
{"szEmployeeId":17210041467,"szname":"Doli Purnama Sari","Channel Group":"Retail"," LY":125373823.757812053," 3LM":207130859.0818433464," LM":199039353.5209361613," Max":398543139.4793499708," T.MTD":206454805.8376660347," A.MTD":19595872.3232829981," Gap MTD":-186858933.5143829584," Ach":0.0949160386," vs LY":-0.8437004493," vs 3LM":-0.9053937573," vs LM":-0.9015477493}
{"szEmployeeId":17210041960,"szname":"Bahrudin Rahman","Channel Group":"MTI"," LY":11153423.0593019985," 3LM":15951460.1057749987," LM":12910042.3053650018," Max":36797306.0072410032," T.MTD":16514132.994034335," A.MTD":860540.5424279999," Gap MTD":-15653592.4516063351," Ach":0.0521093383," vs LY":-0.9228451626," vs 3LM":-0.9460525534," vs LM":-0.9333433213}
{"szEmployeeId":17210041960,"szname":"Bahrudin Rahman","Channel Group":"Retail"," LY":56648560.7236890048," 3LM":102954475.9171720147," LM":114644117.0407760441," Max":223935050.2425219715," T.MTD":120275562.7091500312," A.MTD":12404542.9171680007," Gap MTD":-107871019.7919820398," Ach":0.1031343578," vs LY":-0.7810263357," vs 3LM":-0.8795142921," vs LM":-0.8917995686}
{"szEmployeeId":17210041960,"szname":"Bahrudin Rahman","Channel Group":"Wholesaler"," LY":561107257.2989549637," 3LM":521409580.3581076264," LM":490102913.3934950829," Max":1045367575.7397707701," T.MTD":632710304.2968159914," A.MTD":38912660.4217299968," Gap MTD":-593797643.8750858307," Ach":0.0615015437," vs LY":-0.9306502279," vs 3LM":-0.9253702619," vs LM":-0.9206030828}
