{"szEmployeeId":17210032876,"szname":"Asman","Channel Group":"Wholesaler","Project":"SMALL"," LY":125032369.7903909832," 3LM":105373329.6339613348," LM":142764086.0247960687," T.MTD":111977615.7040697038," A.MTD":5826567.6602640012," Gap MTD":-106151048.0438057184,"CR":88,"CA":15}
{"szEmployeeId":17210032876,"szname":"Asman","Channel Group":"Wholesaler","Project":"BIG"," LY":179819457.5685679913," 3LM":182259048.0845439136," LM":237749828.7624719739," T.MTD":193092045.86327672," A.MTD":0.0," Gap MTD":-193092045.86327672,"CR":6,"CA":0}
{"szEmployeeId":17210032876,"szname":"Asman","Channel Group":"Wholesaler","Project":"MEDIUM"," LY":301839407.0421029925," 3LM":283264436.7051033974," LM":313017883.5867510438," T.MTD":299047731.6707452536," A.MTD":27546126.1701979972," Gap MTD":-271501605.5005472302,"CR":37,"CA":10}
{"szEmployeeId":17210032876,"szname":"Asman","Channel Group":"MTI","Project":"SMALL"," LY":34048485.336887002," 3LM":32043444.3307293281," LM":32516065.1205199957," T.MTD":33675542.3507985249," A.MTD":2565018.9399999999," Gap MTD":-31110523.4107985198,"CR":12,"CA":4}
{"szEmployeeId":17210032876,"szname":"Asman","Channel Group":"MTI","Project":"MEDIUM"," LY":5347152.8199999994," 3LM":2089511.7266666666," LM":1288976.6000000001," T.MTD":2207064.4111101273," A.MTD":1630180.1999999997," Gap MTD":-576884.2111101276,"CR":1,"CA":1}
{"szEmployeeId":17210041467,"szname":"Doli Purnama Sari","Channel Group":"Retail","Project":"SMALL"," LY":31226344.9602750018," 3LM":74062804.7866286635," LM":85803408.4558459222," T.MTD":84525569.8998676986," A.MTD":3011335.2318580002," Gap MTD":-81514234.6680096984,"CR":226,"CA":16}
{"szEmployeeId":17210041467,"szname":"Doli Purnama Sari","Channel Group":"Retail","Project":"BIG"," LY":18598564.8715630025," 3LM":18948709.7258466668," LM":26531955.3852670044," T.MTD":21490497.1032086387," A.MTD":810495.514588," Gap MTD":-20680001.5886206403,"CR":31,"CA":3}
{"szEmployeeId":17210041467,"szname":"Doli Purnama Sari","Channel Group":"Retail","Project":"MEDIUM"," LY":29724813.6679720059," 3LM":33674327.7941589952," LM":37612627.9416919947," T.MTD":38389460.4269579202," A.MTD":2696711.817545," Gap MTD":-35692748.609412916,"CR":81,"CA":13}
{"szEmployeeId":17210041467,"szname":"Doli Purnama Sari","Channel Group":"MTI","Project":"SMALL"," LY":21067413.3808609992," 3LM":24608924.1904339977," LM":27319349.7488129959," T.MTD":28127651.8698370345," A.MTD":0.0," Gap MTD":-28127651.8698370345,"CR":10,"CA":0}
{"szEmployeeId":17210041467,"szname":"Doli Purnama Sari","Channel Group":null,"Project":null," LY":0.0," 3LM":1252189.1978926666," LM":327297.328547," T.MTD":1466820.7001287369," A.MTD":0.0," Gap MTD":-1466820.7001287369,"CR":2,"CA":0}
{"szEmployeeId":17210037897,"szname":"Hindra","Channel Group":"Wholesaler","Project":"SMALL"," LY":100543384.1775839925," 3LM":85978566.7004426569," LM":101744081.6900020093," T.MTD":94951119.2868289798," A.MTD":9587732.68035," Gap MTD":-85363386.6064789742,"CR":35,"CA":9}
{"szEmployeeId":17210037897,"szname":"Hindra","Channel Group":"Wholesaler","Project":"BIG"," LY":120065088.6087739766," 3LM":153331539.3366906345," LM":184530526.1671060026," T.MTD":162446996.0731525719," A.MTD":3952432.4253920005," Gap MTD":-158494563.64776057,"CR":4,"CA":1}
{"szEmployeeId":17210037897,"szname":"Hindra","Channel Group":"Wholesaler","Project":"MEDIUM"," LY":267741167.2562770247," 3LM":332437713.9800442457," LM":413730047.5923050046," T.MTD":343706919.9669519067," A.MTD":19230445.971059002," Gap MTD":-324476473.995892942,"CR":24,"CA":3}
{"szEmployeeId":17210037897,"szname":"Hindra","Channel Group":"Retail","Project":"SMALL"," LY":43230585.9313339889," 3LM":32987281.8854586631," LM":38618528.2982709855," T.MTD":34521294.554891333," A.MTD":1363756.8787309998," Gap MTD":-33157537.6761603244,"CR":76,"CA":6}
{"szEmployeeId":17210037897,"szname":"Hindra","Channel Group":"Retail","Project":"BIG"," LY":20874087.2691209987," 3LM":15547821.3867093325," LM":19276665.198001001," T.MTD":15695805.8430353701," A.MTD":681767.5825189999," Gap MTD":-15014038.2605163697,"CR":16,"CA":2}
{"szEmployeeId":17210037897,"szname":"Hindra","Channel Group":"Retail","Project":"MEDIUM"," LY":25965583.9924449958," 3LM":19048877.4212129973," LM":24128209.7438619994," T.MTD":20300994.5033945665," A.MTD":1508243.249726," Gap MTD":-18792751.253668569,"CR":36,"CA":6}
{"szEmployeeId":17210037897,"szname":"Hindra","Channel Group":"MTI","Project":"SMALL"," LY":12336513.0842719991," 3LM":13413728.2438680045," LM":25084787.3637219965," T.MTD":14243787.340592552," A.MTD":0.0," Gap MTD":-14243787.340592552,"CR":3,"CA":0}
{"szEmployeeId":17210037897,"szname":"Hindra","Channel Group":"MTI","Project":"MEDIUM"," LY":3948288.1514409995," 3LM":4545227.6550033344," LM":5959909.9388120007," T.MTD":4339856.3683692692," A.MTD":0.0," Gap MTD":-4339856.3683692692,"CR":1,"CA":0}
{"szEmployeeId":17210037897,"szname":"Hindra","Channel Group":null,"Project":null," LY":0.0," 3LM":7137220.5485086665," LM":9300993.7346480004," T.MTD":7793226.0627835626," A.MTD":593579.302251," Gap MTD":-7199646.7605325626,"CR":6,"CA":2}
{"szEmployeeId":17210036369,"szname":"Muhammad Tamrin","Channel Group":"Wholesaler","Project":"SMALL"," LY":113480663.18141599," 3LM":106474886.9578472972," LM":156001335.8220089972," T.MTD":141382526.3368082345," A.MTD":12291982.0213430002," Gap MTD":-129090544.315465197,"CR":95,"CA":13}
{"szEmployeeId":17210036369,"szname":"Muhammad Tamrin","Channel Group":"Wholesaler","Project":"BIG"," LY":124915563.3332720101," 3LM":137773310.2745219767," LM":204235581.9986810088," T.MTD":187005086.0684174299," A.MTD":7894054.057564999," Gap MTD":-179111032.0108524263,"CR":6,"CA":1}
{"szEmployeeId":17210036369,"szname":"Muhammad Tamrin","Channel Group":"Wholesaler","Project":"MEDIUM"," LY":163784132.7492799759," 3LM":159168780.9462310672," LM":207006536.0926600099," T.MTD":207360950.5606728792," A.MTD":25008932.4883559979," Gap MTD":-182352018.072316885,"CR":38,"CA":10}
{"szEmployeeId":17210036369,"szname":"Muhammad Tamrin","Channel Group":"MTI","Project":"SMALL"," LY":9220977.0389109999," 3LM":6974813.0117993336," LM":7157107.3343200004," T.MTD":7259344.758858365," A.MTD":206126.13," Gap MTD":-7053218.6288583651,"CR":12,"CA":2}
{"szEmployeeId":17210036369,"szname":"Muhammad Tamrin","Channel Group":"MTI","Project":"MEDIUM"," LY":849455.8," 3LM":842946.8487383334," LM":1075381.986215," T.MTD":600613.3949328524," A.MTD":654273.8799999999," Gap MTD":53660.4850671475,"CR":1,"CA":1}
{"szEmployeeId":17210036369,"szname":"Muhammad Tamrin","Channel Group":"FS","Project":"SMALL"," LY":0.0," 3LM":253926.1233333334," LM":139864.86," T.MTD":126272.4056000528," A.MTD":0.0," Gap MTD":-126272.4056000528,"CR":1,"CA":0}
{"szEmployeeId":17210036369,"szname":"Muhammad Tamrin","Channel Group":null,"Project":null," LY":0.0," 3LM":8477537.2385876663," LM":0.0," T.MTD":4265206.4747101823," A.MTD":0.0," Gap MTD":-4265206.4747101823,"CR":2,"CA":0}
{"szEmployeeId":17210037632,"szname":"Robianor","Channel Group":"Wholesaler","Project":"SMALL"," LY":88350037.5852690041," 3LM":89288579.6174676567," LM":105461039.3184039891," T.MTD":98181803.522206679," A.MTD":6102018.0901739988," Gap MTD":-92079785.4320326895,"CR":38,"CA":9}
{"szEmployeeId":17210037632,"szname":"Robianor","Channel Group":"Wholesaler","Project":"BIG"," LY":174758019.7379460037," 3LM":121249835.9633599669," LM":159793967.4430250227," T.MTD":133458157.7678986639," A.MTD":0.0," Gap MTD":-133458157.7678986639,"CR":3,"CA":0}
{"szEmployeeId":17210037632,"szname":"Robianor","Channel Group":"Wholesaler","Project":"MEDIUM"," LY":322210295.1637119055," 3LM":337235625.9019020796," LM":393709168.3486639261," T.MTD":366635819.7358340621," A.MTD":25503603.5626380034," Gap MTD":-341132216.1731960773,"CR":27,"CA":7}
{"szEmployeeId":17210037632,"szname":"Robianor","Channel Group":"Retail","Project":"SMALL"," LY":47293369.0814419985," 3LM":32076964.4236306697," LM":38092878.9507310092," T.MTD":36086794.2876992151," A.MTD":8296644.4777190015,