{"szEmployeeId":17210032876,"szname":"Asman","Channel Group":"Wholesaler","Project":"SMALL"," LY":125983189.2822459936," 3LM":120829854.4632547051," LM":3183093372.9465231895," T.MTD":137222901.2916999757," A.MTD":122775196.0208849758," Gap MTD":-14447705.270814985,"CR":87,"CA":80}
{"szEmployeeId":17210032876,"szname":"Asman","Channel Group":"Wholesaler","Project":"BIG"," LY":170709637.7590119839," 3LM":184487849.2866586745," LM":4774376955.5818128586," T.MTD":207281447.4957223535," A.MTD":186719720.7622050047," Gap MTD":-20561726.7335173301,"CR":6,"CA":6}
{"szEmployeeId":17210032876,"szname":"Asman","Channel Group":"Wholesaler","Project":"MEDIUM"," LY":295562063.95212394," 3LM":306133671.7976176143," LM":8881493946.164434433," T.MTD":346528560.5409649014," A.MTD":313673648.35739398," Gap MTD":-32854912.1835708395,"CR":36,"CA":35}
{"szEmployeeId":17210032876,"szname":"Asman","Channel Group":"MTI","Project":"SMALL"," LY":24753422.0440990031," 3LM":34936984.8610823378," LM":803037892.8856878281," T.MTD":40178430.6197497845," A.MTD":31700227.1061109975," Gap MTD":-8478203.513638787,"CR":13,"CA":12}
{"szEmployeeId":17210032876,"szname":"Asman","Channel Group":"MTI","Project":"MEDIUM"," LY":3280675.5262150001," 3LM":3407015.9433333334," LM":108270637.9111699909," T.MTD":3788660.051863315," A.MTD":3461246.8899999997," Gap MTD":-327413.1618633154,"CR":1,"CA":1}
{"szEmployeeId":17210041467,"szname":"Doli Purnama Sari","Channel Group":"Retail","Project":"SMALL"," LY":34267695.0941339955," 3LM":66938230.4249246269," LM":1286047594.4663181305," T.MTD":96419463.721671164," A.MTD":81728788.6375240386," Gap MTD":-14690675.0841471683,"CR":225,"CA":212}
{"szEmployeeId":17210041467,"szname":"Doli Purnama Sari","Channel Group":"Retail","Project":"BIG"," LY":26291842.6464550085," 3LM":18104041.6928780004," LM":745570406.3974710703," T.MTD":26188965.4515760727," A.MTD":21848144.6403859966," Gap MTD":-4340820.8111900715,"CR":31,"CA":29}
{"szEmployeeId":17210041467,"szname":"Doli Purnama Sari","Channel Group":"Retail","Project":"MEDIUM"," LY":31557695.3800740167," 3LM":33988931.4923649952," LM":961450836.4618310928," T.MTD":48999179.3629964218," A.MTD":40516751.1454560086," Gap MTD":-8482428.2175404187,"CR":81,"CA":76}
{"szEmployeeId":17210041467,"szname":"Doli Purnama Sari","Channel Group":"MTI","Project":"SMALL"," LY":25401485.4222429991," 3LM":22925032.878569331," LM":851487527.7264060974," T.MTD":33092391.4637564234," A.MTD":26205111.949353002," Gap MTD":-6887279.5144034158,"CR":10,"CA":9}
{"szEmployeeId":17210037897,"szname":"Hindra","Channel Group":"Wholesaler","Project":"SMALL"," LY":84227490.9462799877," 3LM":92425486.1364959925," LM":2621971328.2427024841," T.MTD":110226454.1554955542," A.MTD":87902513.2505019903," Gap MTD":-22323940.9049935676,"CR":36,"CA":32}
{"szEmployeeId":17210037897,"szname":"Hindra","Channel Group":"Wholesaler","Project":"BIG"," LY":87960277.8117869794," 3LM":133444769.2766159773," LM":6017261616.5310249329," T.MTD":154217771.1698026955," A.MTD":157449708.0464600027," Gap MTD":3231936.8766573332,"CR":4,"CA":4}
{"szEmployeeId":17210037897,"szname":"Hindra","Channel Group":"Wholesaler","Project":"MEDIUM"," LY":256900255.7018099725," 3LM":298790206.1965466738," LM":7518809611.816327095," T.MTD":368406936.4686129093," A.MTD":313870969.8929769397," Gap MTD":-54535966.5756359473,"CR":24,"CA":23}
{"szEmployeeId":17210037897,"szname":"Hindra","Channel Group":"Retail","Project":"SMALL"," LY":20056721.6573059931," 3LM":31403022.5775683373," LM":670035487.8405488729," T.MTD":40010242.0314661041," A.MTD":40400986.9899500012," Gap MTD":390744.9584839105,"CR":87,"CA":69}
{"szEmployeeId":17210037897,"szname":"Hindra","Channel Group":"Retail","Project":"BIG"," LY":18858206.9844480008," 3LM":14289088.0081366673," LM":595316902.4387578964," T.MTD":18361278.5499572642," A.MTD":16973131.213477999," Gap MTD":-1388147.3364792657,"CR":16,"CA":14}
{"szEmployeeId":17210037897,"szname":"Hindra","Channel Group":"Retail","Project":"MEDIUM"," LY":28880761.3409040049," 3LM":20178079.6796109974," LM":705894434.0542598963," T.MTD":25377639.6872242093," A.MTD":25029252.9862280004," Gap MTD":-348386.7009962057,"CR":38,"CA":32}
{"szEmployeeId":17210037897,"szname":"Hindra","Channel Group":"MTI","Project":"SMALL"," LY":13259989.5579969995," 3LM":12343972.3459629994," LM":369538081.0607071519," T.MTD":16172703.8967919908," A.MTD":15998906.2661639974," Gap MTD":-173797.6306279956,"CR":3,"CA":3}
{"szEmployeeId":17210037897,"szname":"Hindra","Channel Group":"MTI","Project":"MEDIUM"," LY":5440900.6962089986," 3LM":4271480.5053979997," LM":112281587.9016210139," T.MTD":5326974.0406490108," A.MTD":4194144.1297250008," Gap MTD":-1132829.91092401,"CR":1,"CA":1}
{"szEmployeeId":17210036369,"szname":"Muhammad Tamrin","Channel Group":"Wholesaler","Project":"SMALL"," LY":99650442.1387000531," 3LM":105182920.9870369732," LM":2824803439.3696446419," T.MTD":129290316.375230059," A.MTD":71071945.7499690056," Gap MTD":-58218370.625261046,"CR":93,"CA":80}
{"szEmployeeId":17210036369,"szname":"Muhammad Tamrin","Channel Group":"Wholesaler","Project":"BIG"," LY":62207430.2440779954," 3LM":173363170.2561996579," LM":3979500296.9098906517," T.MTD":207982401.2346918285," A.MTD":82282548.677245006," Gap MTD":-125699852.5574468225,"CR":6,"CA":5}
{"szEmployeeId":17210036369,"szname":"Muhammad Tamrin","Channel Group":"Wholesaler","Project":"MEDIUM"," LY":89919268.4157639891," 3LM":165621718.6456516981," LM":4717331659.1716995239," T.MTD":202729569.6579274833," A.MTD":163601581.9716860056," Gap MTD":-39127987.6862414554,"CR":37,"CA":35}
{"szEmployeeId":17210036369,"szname":"Muhammad Tamrin","Channel Group":"MTI","Project":"SMALL"," LY":3897837.5951339998," 3LM":7308200.3978346661," LM":149776517.674707979," T.MTD":9214100.4702820778," A.MTD":7671205.5236860011," Gap MTD":-1542894.9465960772,"CR":13,"CA":10}
{"szEmployeeId":17210036369,"szname":"Muhammad Tamrin","Channel Group":"MTI","Project":"MEDIUM"," LY":448648.639636," 3LM":820357.6523423333," LM":11081768.0180869997," T.MTD":571023.4771637183," A.MTD":415809.91," Gap MTD":-155213.5671637183,"CR":1,"CA":1}
{"szEmployeeId":17210036369,"szname":"Muhammad Tamrin","Channel Group":"FS","Project":"SMALL"," LY":0.0," 3LM":583727.0299999999," LM":1914356.7699999998," T.MTD":312588.7847048221," A.MTD":163175.68," Gap MTD":-149413.1047048221,"CR":1,"CA":1}
{"szEmployeeId":17210037632,"szname":"Robianor","Channel Group":"Wholesaler","Project":"SMALL"," LY":82374615.0460359901," 3LM":95519568.8906086534," LM":2422974463.5859851837," T.MTD":110687108.9926712811," A.MTD":88280029.3411529958," Gap MTD":-22407079.6515182927,"CR":39,"CA":36}
{"szEmployeeId":17210037632,"szname":"Robianor","Channel Group":"Wholesaler","Project":"BIG"," LY":129298351.9612390101," 3LM":122185345.2467883527," LM":3453280581.6516466141," T.MTD":140230480.9346803725," A.MTD":138830135.0657469928," Gap MTD":-1400345.8689333647,"CR":3,"CA":3}
{"szEmployeeId":17210037632,"szname":"Robianor","Channel Group":"Wholesaler","Project":"MEDIUM"," LY":286701770.0766769648," 3LM":327574650.4983522892," LM":8594612460.8380794525," T.MTD":378392421.9038367867," A.MTD":227661161.8245510161," Gap MTD":-150731260.0792856812,"CR":28,"CA":25}
{"szEmployeeId":17210037632,"szname":"Robianor","Channel Group":"Retail","Project":"SMALL"," LY":20280123.493623998," 3LM":41384526.9507743344," LM":730331952.5053745508," T.MTD":49016603.6172513291," A.MTD":36067347.5573420078," Gap MTD":-12949256.0599093474,"CR":75,"CA":55}
{"szEmployeeId":17210037632,"szname":"Robianor","Channel Group":"Retail","Project":"BIG"," LY":27158870.6086119972," 3LM":26306779.679771997," LM":795573276.6431620121," T.MTD":31972395.2639121041," A.MTD":27157172.4438700043," Gap MTD":-4815222.8200420961,"CR":21,"CA":20}
{"szEmployeeId":17210037632,"szname":"Robianor","Channel Group":"Retail","Project":"MEDIUM"," LY":21699836.239018999," 3LM":24174354.3484819978," LM":683556472.3617891073," T.MTD":27529219.3598855622," A.MTD":20430174.615952,