{"szEmployeeId":17210032876,"szname":"Asman","Channel Group":"MTI"," LY":33234664.9425650015," 3LM":37356259.8694646657," LM":30161837.0135809965," Max":73218720.4572989941," T.MTD":37766942.7606962547," A.MTD":6852207.2154040011," Gap MTD":-30914735.5452922545," Ach":0.1814339927," vs LY":-0.7938234904," vs 3LM":-0.8165713795," vs LM":-0.7728186379}
{"szEmployeeId":17210032876,"szname":"Asman","Channel Group":"Retail"," LY":0.0," 3LM":2163243.2213043324," LM":0.0," Max":3578918.8776199976," T.MTD":2188073.6350604682," A.MTD":0.0," Gap MTD":-2188073.6350604682," Ach":0.0," vs LY":"0x7"," vs 3LM":-1.0," vs LM":"0x7"}
{"szEmployeeId":17210032876,"szname":"Asman","Channel Group":"Wholesaler"," LY":475650168.3940237164," 3LM":540039517.181353569," LM":352013612.5393791199," Max":993805787.6647043228," T.MTD":546044983.6042432785," A.MTD":121857866.8533820212," Gap MTD":-424187116.7508615255," Ach":0.2231645203," vs LY":-0.743807792," vs 3LM":-0.7743537964," vs LM":-0.6538262655}
{"szEmployeeId":17210036369,"szname":"Muhammad Tamrin","Channel Group":"MTI"," LY":5431663.62115," 3LM":8810146.0575339999," LM":8616775.7870260011," Max":18796975.2708690017," T.MTD":11864971.3647018932," A.MTD":909527.03081," Gap MTD":-10955444.3338918928," Ach":0.0766564876," vs LY":-0.8325509284," vs 3LM":-0.896763683," vs LM":-0.8944469424}
{"szEmployeeId":17210036369,"szname":"Muhammad Tamrin","Channel Group":"Retail"," LY":0.0," 3LM":1832672.6611370002," LM":0.0," Max":4333153.0708910003," T.MTD":2597856.7274311488," A.MTD":0.0," Gap MTD":-2597856.7274311488," Ach":0.0," vs LY":"0x7"," vs 3LM":-1.0," vs LM":"0x7"}
{"szEmployeeId":17210036369,"szname":"Muhammad Tamrin","Channel Group":"Wholesaler"," LY":178783498.9397591054," 3LM":361062854.8502703309," LM":283670623.5084448457," Max":751450395.3860816956," T.MTD":479330315.693318069," A.MTD":29212408.3570750058," Gap MTD":-450117907.3362429142," Ach":0.060944212," vs LY":-0.8366045607," vs 3LM":-0.9190932882," vs LM":-0.8970199734}
{"szEmployeeId":17210036369,"szname":"Muhammad Tamrin","Channel Group":"FS"," LY":0.0," 3LM":205308.41," LM":62454.95," Max":1145008.1100000001," T.MTD":206856.2145487031," A.MTD":0.0," Gap MTD":-206856.2145487031," Ach":0.0," vs LY":"0x7"," vs 3LM":-1.0," vs LM":-1}
{"szEmployeeId":17210037632,"szname":"Robianor","Channel Group":"MTI"," LY":1422998.6700000002," 3LM":903789.5327926668," LM":939189.25," Max":1825953.46," T.MTD":1008560.1854626004," A.MTD":239121.62," Gap MTD":-769438.5654626004," Ach":0.2370920679," vs LY":-0.831959351," vs 3LM":-0.7354233355," vs LM":-0.7453957017}
{"szEmployeeId":17210037632,"szname":"Robianor","Channel Group":"Retail"," LY":80079931.6256539971," 3LM":84315012.2939103544," LM":72837206.7012519985," Max":197982994.3009111583," T.MTD":93216950.9014685452," A.MTD":16887406.1734070033," Gap MTD":-76329544.7280615121," Ach":0.181162396," vs LY":-0.7891181245," vs 3LM":-0.799710565," vs LM":-0.7681486298}
{"szEmployeeId":17210037632,"szname":"Robianor","Channel Group":"Wholesaler"," LY":334801807.0679849386," 3LM":506534531.8988757133," LM":393030831.432433784," Max":925045977.5387041569," T.MTD":538929291.3528574705," A.MTD":58435776.6740470082," Gap MTD":-480493514.6788107157," Ach":0.1084293944," vs LY":-0.8254615852," vs 3LM":-0.8846361442," vs LM":-0.8513201205}
{"szEmployeeId":17210037632,"szname":"Robianor","Channel Group":"FS"," LY":0.0," 3LM":1216782.5800000001," LM":1715245.04," Max":2691420.7199999997," T.MTD":1845197.5602112832," A.MTD":727272.97," Gap MTD":-1117924.5902112832," Ach":0.3941436872," vs LY":"0x7"," vs 3LM":-0.4022983383," vs LM":-0.5759947104}
{"szEmployeeId":17210037897,"szname":"Hindra","Channel Group":"MTI"," LY":16502747.2325130012," 3LM":19756485.6309050024," LM":13644235.2377990037," Max":38486811.6859010011," T.MTD":22010478.9790064618," A.MTD":2914421.6285570003," Gap MTD":-19096057.3504494615," Ach":0.1324106409," vs LY":-0.8233977902," vs 3LM":-0.8524827906," vs LM":-0.7863990486}
{"szEmployeeId":17210037897,"szname":"Hindra","Channel Group":"Retail"," LY":64560985.7198299915," 3LM":69826341.1267889887," LM":62420705.3461010307," Max":185745523.823581934," T.MTD":78932617.6066683382," A.MTD":13638410.6332309972," Gap MTD":-65294206.9734373391," Ach":0.1727854852," vs LY":-0.7887515118," vs 3LM":-0.804681007," vs LM":-0.7815082262}
{"szEmployeeId":17210037897,"szname":"Hindra","Channel Group":"Wholesaler"," LY":397637831.799883008," 3LM":485493413.7695095539," LM":346020317.5945869684," Max":1037000507.1207815409," T.MTD":536056903.4143252969," A.MTD":67897132.7351779938," Gap MTD":-468159770.6791474223," Ach":0.1266603085," vs LY":-0.8292488106," vs 3LM":-0.8601481898," vs LM":-0.8037770348}
{"szEmployeeId":17210041467,"szname":"Doli Purnama Sari","Channel Group":"MTI"," LY":37933368.0367610157," 3LM":22896710.9762570001," LM":17492132.5518770032," Max":57082397.414203994," T.MTD":24527450.8063608259," A.MTD":4127605.4511709996," Gap MTD":-20399845.3551898301," Ach":0.1682851383," vs LY":-0.8911880051," vs 3LM":-0.819729329," vs LM":-0.764030747}
{"szEmployeeId":17210041467,"szname":"Doli Purnama Sari","Channel Group":"Retail"," LY":68066274.8608330488," 3LM":125349763.6301400363," LM":102119740.0444930643," Max":239686738.3844669163," T.MTD":134472549.1936392486," A.MTD":24193607.306556996," Gap MTD":-110278941.8870822638," Ach":0.179914841," vs LY":-0.6445580817," vs 3LM":-0.8069912012," vs LM":-0.7630858902}
{"szEmployeeId":17210042412,"szname":"Muhammad Rizky Algifari","Channel Group":"MTI"," LY":1283243.194594," 3LM":3241929.4156709993," LM":816531.54," Max":10895890.6953409985," T.MTD":3982012.9156207987," A.MTD":0.0," Gap MTD":-3982012.9156207987," Ach":0.0," vs LY":-1," vs 3LM":-1.0," vs LM":-1}
{"szEmployeeId":17210042412,"szname":"Muhammad Rizky Algifari","Channel Group":"Retail"," LY":58886052.71633102," 3LM":83197071.5796729624," LM":71447138.7885580212," Max":216838358.8887220025," T.MTD":101024006.1250056624," A.MTD":16110499.6324180067," Gap MTD":-84913506.4925877005," Ach":0.1594719933," vs LY":-0.7264123016," vs 3LM":-0.8063573714," vs LM":-0.7745116193}
{"szEmployeeId":17210042412,"szname":"Muhammad Rizky Algifari","Channel Group":"Wholesaler"," LY":241254366.4663739502," 3LM":252882203.8972823322," LM":217408431.7757470012," Max":569545714.0387109518," T.MTD":297422198.2807697058," A.MTD":67472391.094957009," Gap MTD":-229949807.1858127117," Ach":0.2268572806," vs LY":-0.7203267568," vs 3LM":-0.7331864795," vs LM":-0.6896514521}
{"szEmployeeId":17210042412,"szname":"Muhammad Rizky Algifari","Channel Group":"FS"," LY":0.0," 3LM":2787993.0902699996," LM":1219164.86081," Max":6250214.4109000005," T.MTD":3571782.6786036398," A.MTD":140540.54," Gap MTD":-3431242.1386036398," Ach":0.0393474499," vs LY":"0x7"," vs 3LM":-0.9495907861," vs LM":-0.8847239249}
{"szEmployeeId":17210042423,"szname":"Siti Fatimah Hadijah","Channel Group":"MTI"," LY":3210519.6396340001," 3LM":5771689.5683116671," LM":7482483.8656709995," Max":10068072.6856639981," T.MTD":6534842.3421556875," A.MTD":900474.79," Gap MTD":-5634367.5521556875," Ach":0.1377959471," vs LY":-0.7195236625," vs 3LM":-0.8439841957," vs LM":-0.8796556323}
{"szEmployeeId":17210042423,"szname":"Siti Fatimah Hadijah","Channel Group":"Retail"," LY":31261397.2308279797," 3LM":68711569.5441319942," LM":64477192.378174983," Max":178313324.0653550327," T.MTD":73465157.6578443348," A.MTD":11435759.1928500067," Gap MTD":-62029398.4649943188," Ach":0.1556623515," vs LY":-0.6341891212," vs 3LM":-0.8335686513," vs LM":-0.8226386917}
