{"szEmployeeId":17210032876,"szname":"Asman","Channel Group":"MTI"," LY":27975413.0843050033," 3LM":38100719.8452276736," LM":37236324.6306020021," Max":74139666.1358560026," T.MTD":40082479.2327979356," A.MTD":39441001.9068130031," Gap MTD":-641477.3259849316," Ach":0.9839960667," vs LY":0.4098452019," vs 3LM":0.0351773422," vs LM":0.0592077037}
{"szEmployeeId":17210032876,"szname":"Asman","Channel Group":"Wholesaler"," LY":546974792.6105589867," 3LM":639784824.8544561863," LM":627060323.3026617765," Max":1024502178.0724083185," T.MTD":663217520.7672020197," A.MTD":509652995.587625742," Gap MTD":-153564525.1795763671," Ach":0.7684552649," vs LY":-0.0682331207," vs 3LM":-0.2033993684," vs LM":-0.1872345026}
{"szEmployeeId":17210036369,"szname":"Muhammad Tamrin","Channel Group":"MTI"," LY":4051490.6214339999," 3LM":7663627.9737190008," LM":8569649.636481002," Max":18904013.8446520045," T.MTD":7472046.6743338462," A.MTD":9478283.8848620001," Gap MTD":2006237.2105281537," Ach":1.2684990201," vs LY":1.3394559609," vs 3LM":0.2367881005," vs LM":0.1060293346}
{"szEmployeeId":17210036369,"szname":"Muhammad Tamrin","Channel Group":"Wholesaler"," LY":425546218.9716850519," 3LM":421866659.121517837," LM":466576176.7878869772," Max":750721482.6833878756," T.MTD":504479988.3251431584," A.MTD":357444798.8652881384," Gap MTD":-147035189.4598551691," Ach":0.7085410861," vs LY":-0.1600329578," vs 3LM":-0.1527066879," vs LM":-0.2338983072}
{"szEmployeeId":17210036369,"szname":"Muhammad Tamrin","Channel Group":"FS"," LY":0.0," 3LM":453628.83," LM":215878.38," Max":1145008.1100000001," T.MTD":347965.0005229968," A.MTD":390294.6," Gap MTD":42329.5994770032," Ach":1.1216490147," vs LY":"0x7"," vs 3LM":-0.1396168537," vs LM":0.8079374136}
{"szEmployeeId":17210037632,"szname":"Robianor","Channel Group":"MTI"," LY":1481940.9100000001," 3LM":1090674.1990090001," LM":1137663.98," Max":1915342.6400000001," T.MTD":1227656.6473911062," A.MTD":677855.8600000001," Gap MTD":-549800.7873911061," Ach":0.55215427," vs LY":-0.5425891441," vs 3LM":-0.3784983081," vs LM":-0.4041686544}
{"szEmployeeId":17210037632,"szname":"Robianor","Channel Group":"Retail"," LY":69619218.4995580316," 3LM":97781608.369056657," LM":108719814.5953210145," Max":215661114.1342751384," T.MTD":111587993.7201159149," A.MTD":94258719.0818590522," Gap MTD":-17329274.6382569931," Ach":0.844703054," vs LY":0.3539180863," vs 3LM":-0.0360281381," vs LM":-0.1330125108}
{"szEmployeeId":17210037632,"szname":"Robianor","Channel Group":"Wholesaler"," LY":518389201.4965449572," 3LM":547610473.3093694448," LM":567488913.52952075," Max":929480504.4660162926," T.MTD":630199710.3573707342," A.MTD":539187698.4584599733," Gap MTD":-91012011.8989106715," Ach":0.8555822696," vs LY":0.0401213932," vs 3LM":-0.0153809601," vs LM":-0.0498709568}
{"szEmployeeId":17210037632,"szname":"Robianor","Channel Group":"FS"," LY":0.0," 3LM":1100059.1566666667," LM":818181.98," Max":2645171.1699999999," T.MTD":984639.2751225345," A.MTD":1935102.7," Gap MTD":950463.4248774655," Ach":1.9652909943," vs LY":"0x7"," vs 3LM":0.759089671," vs LM":1.3651250545}
{"szEmployeeId":17210037897,"szname":"Hindra","Channel Group":"MTI"," LY":5494819.65142," 3LM":6901057.2834066655," LM":8353352.2161090001," Max":10895890.6953410022," T.MTD":7922597.3193634683," A.MTD":4251238.7228730004," Gap MTD":-3671358.5964904679," Ach":0.5365965922," vs LY":-0.2263187889," vs 3LM":-0.3839728395," vs LM":-0.491073929}
{"szEmployeeId":17210037897,"szname":"Hindra","Channel Group":"Retail"," LY":59818280.0348009989," 3LM":102097522.1680070311," LM":108886309.5621559769," Max":210929307.3580650687," T.MTD":123011292.8346653879," A.MTD":90936494.8969899267," Gap MTD":-32074797.9376753606," Ach":0.7392532247," vs LY":0.5202124642," vs 3LM":-0.1093173177," vs LM":-0.1648491416}
{"szEmployeeId":17210037897,"szname":"Hindra","Channel Group":"Wholesaler"," LY":223728861.0929249227," 3LM":291756935.9075523615," LM":326422260.9144300222," Max":578144283.113298893," T.MTD":353408229.7014172673," A.MTD":292447002.598701179," Gap MTD":-60961227.1027162373," Ach":0.8275047891," vs LY":0.3071492036," vs 3LM":0.0023652109," vs LM":-0.1040837663}
{"szEmployeeId":17210037897,"szname":"Hindra","Channel Group":"FS"," LY":0.0," 3LM":1476992.4903000002," LM":2169442.3399999999," Max":5685186.4808999998," T.MTD":1657880.1445538139," A.MTD":4367863.0699999994," Gap MTD":2709982.9254461857," Ach":2.634607263," vs LY":"0x7"," vs 3LM":1.9572682994," vs LM":1.0133575295}
{"szEmployeeId":17210041467,"szname":"Doli Purnama Sari","Channel Group":"MTI"," LY":22649609.6816240065," 3LM":23658919.5001933388," LM":29631493.8596160002," Max":66209522.9196029976," T.MTD":25073627.6716230139," A.MTD":24455619.095197998," Gap MTD":-618008.5764250131," Ach":0.9753522472," vs LY":0.079736889," vs 3LM":0.0336743863," vs LM":-0.1746747832}
{"szEmployeeId":17210041467,"szname":"Doli Purnama Sari","Channel Group":"Retail"," LY":125990529.9416700304," 3LM":206115546.3394291699," LM":199000446.4128161371," Max":410902508.9293071628," T.MTD":238826372.3283768594," A.MTD":166350405.8679068685," Gap MTD":-72475966.4604697824," Ach":0.6965328169," vs LY":0.3203405521," vs 3LM":-0.1929264492," vs LM":-0.1640701874}
{"szEmployeeId":17210041960,"szname":"Bahrudin Rahman","Channel Group":"MTI"," LY":11153423.0593019985," 3LM":15556325.3933133315," LM":12910042.3053650018," Max":39973298.0478729978," T.MTD":16130470.8510300703," A.MTD":24155234.3085810021," Gap MTD":8024763.4575509299," Ach":1.4974909618," vs LY":1.1657238482," vs 3LM":0.5527596459," vs LM":0.8710422272}
{"szEmployeeId":17210041960,"szname":"Bahrudin Rahman","Channel Group":"Retail"," LY":48348335.5786500126," 3LM":101348105.764896363," LM":114644117.0407760441," Max":226240720.6134819984," T.MTD":111613281.2420806736," A.MTD":73574214.2120760083," Gap MTD":-38039067.0300047174," Ach":0.659188704," vs LY":0.5217527828," vs 3LM":-0.2740445057," vs LM":-0.3582382061}
{"szEmployeeId":17210041960,"szname":"Bahrudin Rahman","Channel Group":"Wholesaler"," LY":513457251.9948209524," 3LM":562879940.8593008518," LM":490102913.3934949636," Max":1007560806.4145628214," T.MTD":620556247.906889081," A.MTD":438519715.3513091207," Gap MTD":-182036532.555580169," Ach":0.7066558702," vs LY":-0.1459469826," vs 3LM":-0.2209356143," vs LM":-0.1052497274}
