{"Nama Depo":"Depo Tanjung","LOB":"GPPJ","LY":1888564794.0068850517,"3LM":1853469490.6937570572,"LM":2007531621.9398903847,"BP":2171900000,"Actual":1082009241.2266237736,"Gap":-1089890758.7733762264,"vs BP":0.4981855708,"vs LY":-0.4270732756,"vs 3LM":-0.4162249518,"vs LM":-0.4610250571}
{"Nama Depo":"Depo Tanjung","LOB":"GEN","LY":179644000.3651348948,"3LM":175806695.273517102,"LM":156944325.740842849,"BP":206600000,"Actual":105935755.9300300181,"Gap":-100664244.0699699819,"vs BP":0.5127577731,"vs LY":-0.4103017317,"vs 3LM":-0.3974304803,"vs LM":-0.3250106021}
{"Nama Depo":"Depo Tanjung","LOB":"GBS","LY":913983529.8014848232,"3LM":693137262.7696086168,"LM":896411392.7345064878,"BP":868300000,"Actual":425344475.0092701912,"Gap":-442955524.9907298088,"vs BP":0.4898588909,"vs LY":-0.5346256676,"vs 3LM":-0.3863488549,"vs LM":-0.5255030464}
{"Nama Depo":"Depo Tanjung","LOB":"MBR","LY":32468442.7200169936,"3LM":74638886.1819300205,"LM":84697217.8355250061,"BP":81200000,"Actual":26491233.851413995,"Gap":-54708766.148586005,"vs BP":0.3262467223,"vs LY":-0.184092872,"vs 3LM":-0.6450746359,"vs LM":-0.6872242734}
{"Nama Depo":"Depo Tanjung","LOB":"HGJ","LY":1513765.6537800001,"3LM":1769582.6333333331,"LM":1554209.9299999999,"BP":2000000,"Actual":888120.73,"Gap":-1111879.27,"vs BP":0.444060365,"vs LY":-0.4133036856,"vs 3LM":-0.4981185319,"vs LM":-0.4285709331}
{"Nama Depo":"Depo Tanjung","LOB":"RANS","LY":28002263.114265006,"3LM":31224704.464081347,"LM":39627880.4775220752,"BP":35100000,"Actual":21452679.1200000122,"Gap":-13647320.8799999878,"vs BP":0.6111874393,"vs LY":-0.2338948094,"vs 3LM":-0.3129581372,"vs LM":-0.4586468198}
{"Nama Depo":"Depo Tanjung","LOB":"GSJ","LY":341351.316215,"3LM":19069.069399,"LM":0.0,"BP":200000,"Actual":247845.94,"Gap":47845.94,"vs BP":1.2392297,"vs LY":-0.2739271002,"vs 3LM":11.9972750539,"vs LM":0.0}
{"Nama Depo":"Depo Tanjung","LOB":"ABBOTT","LY":0.0,"3LM":9136563.0633333325,"LM":6457331.54,"BP":15000000,"Actual":2544696.3900000001,"Gap":-12455303.6099999994,"vs BP":0.169646426,"vs LY":0.0,"vs 3LM":-0.7214820965,"vs LM":-0.6059213664}
{"Nama Depo":"Depo Tanjung","LOB":"FLORA","LY":0.0,"3LM":100086222.8534703851,"LM":100217635.1153399795,"BP":75000000,"Actual":32132050.5199999958,"Gap":-42867949.4800000042,"vs BP":0.4284273403,"vs LY":0.0,"vs 3LM":-0.6789563078,"vs LM":-0.6793772824}
{"Nama Depo":"Depo Tanjung","LOB":"TOTAL","LY":3044518146.9777817726,"3LM":2939288477.0024299622,"LM":3293441615.3136262894,"BP":3455300000,"Actual":1697046098.7173383236,"Gap":-1758253901.2826616764,"vs BP":0.4911429105,"vs LY":-0.4425895932,"vs 3LM":-0.4226337047,"vs LM":-0.4847195436}
