{"Nama Depo":"Depo Tanjung","LOB":"GPPJ","LY":1882394184.1284599304,"3LM":2055153107.6400477886,"LM":2103830201.5635921955,"BP":2515444048.8769831657,"Actual":993017192.3822295666,"Gap":-1522426856.4947535992,"vs BP":0.3947681495,"vs LY":-0.4724711749,"vs 3LM":-0.5168159546,"vs LM":-0.5279955618}
{"Nama Depo":"Depo Tanjung","LOB":"GEN","LY":173228282.7921449542,"3LM":156553820.6698176563,"LM":130398418.7274380028,"BP":244561027.1687497497,"Actual":113840966.2870541066,"Gap":-130720060.8816956431,"vs BP":0.4654910376,"vs LY":-0.3428269076,"vs 3LM":-0.2728317597,"vs LM":-0.1269758683}
{"Nama Depo":"Depo Tanjung","LOB":"GBS","LY":626859126.1698743105,"3LM":781903260.8447831869,"LM":714030160.1945900917,"BP":786998915.0470011234,"Actual":216473825.5036267638,"Gap":-570525089.5433743,"vs BP":0.2750624192,"vs LY":-0.6546691011,"vs 3LM":-0.7231450023,"vs LM":-0.6968281768}
{"Nama Depo":"Depo Tanjung","LOB":"MBR","LY":29382260.8328159973,"3LM":77269006.9773583263,"LM":78470512.6722519845,"BP":37975209.3892500103,"Actual":27771971.9719430059,"Gap":-10203237.4173070043,"vs BP":0.7313184685,"vs LY":-0.0548047977,"vs 3LM":-0.6405807055,"vs LM":-0.6460839744}
{"Nama Depo":"Depo Tanjung","LOB":"HGJ","LY":2022522.3064839998,"3LM":2514889.5624720003,"LM":1119956.799997,"BP":646616.9519999998,"Actual":717114.4700000001,"Gap":70497.5180000003,"vs BP":1.1090251621,"vs LY":-0.6454355694,"vs 3LM":-0.7148525006,"vs LM":-0.3596945257}
{"Nama Depo":"Depo Tanjung","LOB":"RANS","LY":16830127.763156008,"3LM":26266167.7196889967,"LM":19405993.274187997,"BP":46124387.6674999744,"Actual":15376591.8600000013,"Gap":-30747795.807499975,"vs BP":0.3333722709,"vs LY":-0.086365114,"vs 3LM":-0.4145856364,"vs LM":-0.2076369582}
{"Nama Depo":"Depo Tanjung","LOB":"GSJ","LY":1888107.6249540003,"3LM":339472.9416509999,"LM":177194.577027,"BP":1209604.5892499997,"Actual":0.0,"Gap":-1209604.5892499997,"vs BP":0.0,"vs LY":-1.0,"vs 3LM":-1.0,"vs LM":-1.0}
{"Nama Depo":"Depo Tanjung","LOB":"ABBOTT","LY":0.0,"3LM":15961279.2833333332,"LM":9091540.5500000007,"BP":25000000.0,"Actual":3795758.5500000007,"Gap":-21204241.4499999993,"vs BP":0.151830342,"vs LY":0.0,"vs 3LM":-0.7621895788,"vs LM":-0.5824955596}
{"Nama Depo":"Depo Tanjung","LOB":"FLORA","LY":0.0,"3LM":25303869.6313216649,"LM":75911608.8939650208,"BP":180000000.0,"Actual":35417845.9399999902,"Gap":-144582154.0600000024,"vs BP":0.1967658108,"vs LY":0.0,"vs 3LM":0.3997007753,"vs LM":-0.5334330749}
{"Nama Depo":"Depo Tanjung","LOB":"TOTAL","LY":2732604611.6178898811,"3LM":3141264875.2704734802,"LM":3132435587.2530498505,"BP":3837959809.6907343864,"Actual":1406411266.9648532867,"Gap":-2431548542.725880146,"vs BP":0.3664476276,"vs LY":-0.4853220766,"vs 3LM":-0.5522786766,"vs LM":-0.5510167}
