{"Nama Depo":"Depo Tanjung","LOB":"GPPJ","LY":1540947717.8747835159,"3LM":1841562701.0384385586,"LM":1494649131.0787587166,"BP":1974300000.0,"Actual":173196439.6043469012,"Gap":-1801103560.3956530094,"vs BP":0.0877254924,"vs LY":-0.8876039481,"vs 3LM":-0.9059513752,"vs LM":-0.8841223428}
{"Nama Depo":"Depo Tanjung","LOB":"GEN","LY":160458637.2664270103,"3LM":166958059.6023819745,"LM":148178443.7479220033,"BP":143336122.3903401494,"Actual":15880000.1687150039,"Gap":-127456122.2216251493,"vs BP":0.1107885431,"vs LY":-0.9010336842,"vs 3LM":-0.9048862918,"vs LM":-0.8928319142}
{"Nama Depo":"Depo Tanjung","LOB":"GBS","LY":427703639.3283365965,"3LM":632343518.5896331072,"LM":419392555.6148911715,"BP":739603949.147359848,"Actual":34590344.671115011,"Gap":-705013604.4762448072,"vs BP":0.0467687398,"vs LY":-0.9191254376,"vs 3LM":-0.9452981747,"vs LM":-0.91752275}
{"Nama Depo":"Depo Tanjung","LOB":"MBR","LY":21878209.8985139951,"3LM":72563317.7941723466,"LM":88078614.3420449942,"BP":49459049.7768400162,"Actual":7608203.5992710004,"Gap":-41850846.1775690168,"vs BP":0.1538283415,"vs LY":-0.6522474355,"vs 3LM":-0.8951508306,"vs LM":-0.9136203078}
{"Nama Depo":"Depo Tanjung","LOB":"HGJ","LY":2390549.2113379999,"3LM":1624831.5899989998,"LM":2562450.5,"BP":507741.2795400001,"Actual":0.0,"Gap":-507741.2795400001,"vs BP":0.0,"vs LY":-1.0,"vs 3LM":-1.0,"vs LM":-1.0}
{"Nama Depo":"Depo Tanjung","LOB":"RANS","LY":24871358.1421220154,"3LM":24484075.396303352,"LM":23356133.4428370446,"BP":36097348.7162200063,"Actual":2028848.9400000006,"Gap":-34068499.7762200087,"vs BP":0.0562049295,"vs LY":-0.9184262907,"vs 3LM":-0.9171359789,"vs LM":-0.9131342118}
{"Nama Depo":"Depo Tanjung","LOB":"GSJ","LY":1653667.2350480002,"3LM":78133.928408,"LM":0.0,"BP":7245914.4861399997,"Actual":0.0,"Gap":-7245914.4861399997,"vs BP":0.0,"vs LY":-1.0,"vs 3LM":-1.0,"vs LM":0.0}
{"Nama Depo":"Depo Tanjung","LOB":"ABBOTT","LY":0.0,"3LM":10014632.7333333325,"LM":16032357.6599999983,"BP":25000000.0,"Actual":0.0,"Gap":-25000000.0,"vs BP":0.0,"vs LY":0.0,"vs 3LM":-1.0,"vs LM":-1.0}
{"Nama Depo":"Depo Tanjung","LOB":"FLORA","LY":0.0,"3LM":91984214.1130120158,"LM":141815366.7877980173,"BP":180000000.0,"Actual":24336181.9799999967,"Gap":-155663818.0200000107,"vs BP":0.135201011,"vs LY":0.0,"vs 3LM":-0.7354308865,"vs LM":-0.8283953105}
{"Nama Depo":"Depo Tanjung","LOB":"TOTAL","LY":2179903778.956568718,"3LM":2841613484.7856812477,"LM":2334065053.1742515564,"BP":3155550125.7964396477,"Actual":257640018.9634478986,"Gap":-2897910106.8329916,"vs BP":0.0816466254,"vs LY":-0.8818112884,"vs 3LM":-0.9093331939,"vs LM":-0.8896174643}
