{"Nama Depo":"Depo Tanjung","LOB":"GPPJ","LY":1940562557.4670436382,"3LM":1917061467.9550702572,"LM":2309064873.3729963303,"BP":2171900000,"Actual":1083035188.5387673378,"Gap":-1088864811.4612326622,"vs BP":0.498657944,"vs LY":-0.4418962767,"vs 3LM":-0.4350545318,"vs LM":-0.5309637243}
{"Nama Depo":"Depo Tanjung","LOB":"GEN","LY":197509715.8695499599,"3LM":171795543.7981422544,"LM":210263861.905661881,"BP":206600000,"Actual":99998295.0455939919,"Gap":-106601704.9544060081,"vs BP":0.4840188531,"vs LY":-0.4937044256,"vs 3LM":-0.417922649,"vs LM":-0.5244152079}
{"Nama Depo":"Depo Tanjung","LOB":"GBS","LY":835635799.7985346317,"3LM":796101878.4591356516,"LM":1072501687.0279814005,"BP":868300000,"Actual":317576012.3816618323,"Gap":-550723987.6183381081,"vs BP":0.3657445726,"vs LY":-0.6199588236,"vs 3LM":-0.6010862165,"vs LM":-0.7038922957}
{"Nama Depo":"Depo Tanjung","LOB":"MBR","LY":32369936.4113699906,"3LM":81564759.9003119767,"LM":71918447.5233659148,"BP":81200000,"Actual":51058303.4539930001,"Gap":-30141696.5460069999,"vs BP":0.6287968406,"vs LY":0.5773371565,"vs 3LM":-0.3740151566,"vs LM":-0.2900527582}
{"Nama Depo":"Depo Tanjung","LOB":"HGJ","LY":1007025.1835080001,"3LM":1934696.4266666665,"LM":1687428.8500000001,"BP":2000000,"Actual":843714.4299999999,"Gap":-1156285.5700000001,"vs BP":0.421857215,"vs LY":-0.1621714692,"vs 3LM":-0.5639034536,"vs LM":-0.499999997}
{"Nama Depo":"Depo Tanjung","LOB":"RANS","LY":44310964.1300000101,"3LM":36382790.2744230255,"LM":46164356.9029101506,"BP":35100000,"Actual":16878617.700000003,"Gap":-18221382.299999997,"vs BP":0.4808722991,"vs LY":-0.6190871034,"vs 3LM":-0.5360823738,"vs LM":-0.6343798802}
{"Nama Depo":"Depo Tanjung","LOB":"GSJ","LY":248468.407475,"3LM":82840.5385583333,"LM":248521.615675,"BP":200000,"Actual":40675.68,"Gap":-159324.32,"vs BP":0.2033784,"vs LY":-0.8362943587,"vs 3LM":-0.5089882235,"vs LM":-0.8363294078}
{"Nama Depo":"Depo Tanjung","LOB":"ABBOTT","LY":9895578.3300000001,"3LM":11446471.1733333338,"LM":11849724.3200000003,"BP":15000000,"Actual":12332090.9900000002,"Gap":-2667909.0099999998,"vs BP":0.8221393993,"vs LY":0.246222361,"vs 3LM":0.0773705541,"vs LM":0.0407069951}
{"Nama Depo":"Depo Tanjung","LOB":"FLORA","LY":0.0,"3LM":103232693.4518609792,"LM":67665078.4524450004,"BP":75000000,"Actual":37537938.7699999884,"Gap":-37462061.2300000116,"vs BP":0.5005058503,"vs LY":0.0,"vs 3LM":-0.6363754784,"vs LM":-0.4452391155}
{"Nama Depo":"Depo Tanjung","LOB":"TOTAL","LY":3061540045.5974807739,"3LM":3119603141.977502346,"LM":3791363979.9710359573,"BP":3455300000,"Actual":1619300836.9900164604,"Gap":-1835999163.0099835396,"vs BP":0.4686426177,"vs LY":-0.4710829148,"vs 3LM":-0.4809272964,"vs LM":-0.572897552}
