{"Nama Depo":"Depo Tanjung","LOB":"GPPJ","LY":1751404776.3870506287,"3LM":2044250774.0946843624,"LM":2010949482.9050941467,"BP":1944831001.6499798298,"Actual":1689152118.7008609772,"Gap":-255678882.9491188526,"vs BP":0.8685341386,"vs LY":-0.0355444147,"vs 3LM":-0.1737060149,"vs LM":-0.1600225997}
{"Nama Depo":"Depo Tanjung","LOB":"GEN","LY":169279300.0797289312,"3LM":169283632.9967759848,"LM":200854498.8892549276,"BP":215867019.0974997878,"Actual":114930636.0621859878,"Gap":-100936383.0353138,"vs BP":0.53241406,"vs LY":-0.3210591253,"vs 3LM":-0.3210765032,"vs LM":-0.427791577}
{"Nama Depo":"Depo Tanjung","LOB":"GBS","LY":820834526.2918435335,"3LM":753101321.1628273726,"LM":859045476.4116690159,"BP":1216869361.7532515526,"Actual":648332442.9536734819,"Gap":-568536918.7995780706,"vs BP":0.5327872189,"vs LY":-0.2101545169,"vs 3LM":-0.1391165774,"vs LM":-0.2452874024}
{"Nama Depo":"Depo Tanjung","LOB":"MBR","LY":30456626.6611550041,"3LM":56914600.6350176558,"LM":69245111.7642119825,"BP":27754192.6800000072,"Actual":72124170.0606659651,"Gap":44369977.3806659579,"vs BP":2.5986765637,"vs LY":1.3680944992,"vs 3LM":0.2672349319,"vs LM":0.0415777839}
{"Nama Depo":"Depo Tanjung","LOB":"HGJ","LY":2974668.7585890004,"3LM":4213562.1840546662,"LM":5873360.4847249994,"BP":6359637.691000009,"Actual":551351.402694,"Gap":-5808286.288306009,"vs BP":0.0866954109,"vs LY":-0.8146511604,"vs 3LM":-0.8691483883,"vs LM":-0.9061267559}
{"Nama Depo":"Depo Tanjung","LOB":"RANS","LY":397897.250538,"3LM":31913382.5355886668,"LM":25989626.1944539994,"BP":7573437.4212499922,"Actual":22546942.1200000048,"Gap":14973504.6987500116,"vs BP":2.9771081302,"vs LY":55.6652372931,"vs 3LM":-0.2934956959,"vs LM":-0.132463778}
{"Nama Depo":"Depo Tanjung","LOB":"GSJ","LY":1206157.4117069999,"3LM":441430.8922143333,"LM":551489.1464829999,"BP":7977874.8890000014,"Actual":237293.66,"Gap":-7740581.2290000012,"vs BP":0.0297439686,"vs LY":-0.8032647665,"vs 3LM":-0.4624443731,"vs LM":-0.5697219764}
{"Nama Depo":"Depo Tanjung","LOB":"ABBOTT","LY":0.0,"3LM":23374677.1266666651,"LM":30435881.0799999982,"BP":0.0,"Actual":8356416.2199999988,"Gap":8356416.2199999988,"vs BP":1.0,"vs LY":0.0,"vs 3LM":-0.6425013199,"vs LM":-0.725441948}
{"Nama Depo":"Depo Tanjung","LOB":"TOTAL","LY":2776553952.8406119347,"3LM":3083493381.6278300285,"LM":3202944926.8758926392,"BP":3427232525.1819806099,"Actual":2556231371.1800804138,"Gap":-871001154.0019001961,"vs BP":0.7458587512,"vs LY":-0.0793510897,"vs 3LM":-0.1709950193,"vs LM":-0.2019121685}
