{"Nama Depo":"Depo Tanjung","LOB":"GPPJ","LY":1540947717.8747835159,"3LM":1841562701.0384500027,"LM":1494649131.078754425,"BP":1974300000.0,"Actual":1307793355.0095386505,"Gap":-666506644.9904613495,"vs BP":0.6624086284,"vs LY":-0.1513058231,"vs 3LM":-0.2898458715,"vs LM":-0.1250164819}
{"Nama Depo":"Depo Tanjung","LOB":"GEN","LY":160458637.2664270103,"3LM":166958059.6023819149,"LM":148178443.7479219139,"BP":143336122.3903401494,"Actual":113982572.2445140332,"Gap":-29353550.1458261162,"vs BP":0.7952117746,"vs LY":-0.2896451435,"vs 3LM":-0.3172981735,"vs LM":-0.2307749403}
{"Nama Depo":"Depo Tanjung","LOB":"GBS","LY":427703639.3283365965,"3LM":632343518.589632988,"LM":419392555.6148907542,"BP":739603949.1473599672,"Actual":381114577.8904443979,"Gap":-358489371.2569155693,"vs BP":0.515295488,"vs LY":-0.1089283727,"vs 3LM":-0.3972981984,"vs LM":-0.0912700457}
{"Nama Depo":"Depo Tanjung","LOB":"MBR","LY":21878209.8985139988,"3LM":72563317.7941723466,"LM":88078614.3420449942,"BP":49459049.7768400237,"Actual":45309535.135811992,"Gap":-4149514.6410280317,"vs BP":0.9161020145,"vs LY":1.0709891415,"vs 3LM":-0.3755862258,"vs LM":-0.4855784747}
{"Nama Depo":"Depo Tanjung","LOB":"HGJ","LY":2390549.2113379999,"3LM":1624831.5899989998,"LM":2562450.4999999986,"BP":507741.2795400001,"Actual":732699.1099999999,"Gap":224957.8304599998,"vs BP":1.4430560199,"vs LY":-0.6935017667,"vs 3LM":-0.5490615061,"vs LM":-0.7140631165}
{"Nama Depo":"Depo Tanjung","LOB":"RANS","LY":24871358.1421220154,"3LM":24484075.3963033371,"LM":23356133.4428370632,"BP":36097348.716219984,"Actual":27810642.320000004,"Gap":-8286706.39621998,"vs BP":0.7704344864,"vs LY":0.1181794802,"vs 3LM":0.1358665528,"vs LM":0.1907211606}
{"Nama Depo":"Depo Tanjung","LOB":"GSJ","LY":1653667.2350480002,"3LM":78133.928408,"LM":0.0,"BP":7245914.4861400006,"Actual":0.0,"Gap":-7245914.4861400006,"vs BP":0.0,"vs LY":-1.0,"vs 3LM":-1.0,"vs LM":0.0}
{"Nama Depo":"Depo Tanjung","LOB":"ABBOTT","LY":0.0,"3LM":10014632.7333333325,"LM":16032357.6599999983,"BP":25000000.0,"Actual":507297.3,"Gap":-24492702.6999999993,"vs BP":0.020291892,"vs LY":0.0,"vs 3LM":-0.949344393,"vs LM":-0.9683579102}
{"Nama Depo":"Depo Tanjung","LOB":"FLORA","LY":0.0,"3LM":91984214.1130120009,"LM":141815366.7877980471,"BP":180000000.0,"Actual":71499357.6600000262,"Gap":-108500642.3399999738,"vs BP":0.3972186537,"vs LY":0.0,"vs 3LM":-0.2226996953,"vs LM":-0.4958278551}
{"Nama Depo":"Depo Tanjung","LOB":"TOTAL","LY":2179903778.956568718,"3LM":2841613484.7856926918,"LM":2334065053.1742472649,"BP":3155550125.7964401245,"Actual":1948750036.6703088284,"Gap":-1206800089.1261310577,"vs BP":0.617562694,"vs LY":-0.1060385071,"vs 3LM":-0.3142100264,"vs LM":-0.1650832379}
