{"Nama Depo":"Depo Tanjung","LOB":"GPPJ","LY":1540947717.8747832775,"3LM":1841562701.0384404659,"LM":1494649131.0787432194,"BP":1974300000.0,"Actual":238928626.897669971,"Gap":-1735371373.1023299694,"vs BP":0.1210194129,"vs LY":-0.8449469608,"vs 3LM":-0.8702576748,"vs LM":-0.8401440031}
{"Nama Depo":"Depo Tanjung","LOB":"GEN","LY":160458637.2664269805,"3LM":166958059.6023820639,"LM":148178443.7479204237,"BP":143336122.3903401494,"Actual":22744518.2238369994,"Gap":-120591604.1665031463,"vs BP":0.1586795976,"vs LY":-0.8582530762,"vs 3LM":-0.8637710675,"vs LM":-0.8465058908}
{"Nama Depo":"Depo Tanjung","LOB":"GBS","LY":427703639.3283365965,"3LM":632343518.5896337032,"LM":419392555.6148796678,"BP":739603949.147359848,"Actual":40342687.1213609874,"Gap":-699261262.0259988308,"vs BP":0.0545463382,"vs LY":-0.9056760724,"vs 3LM":-0.9362013116,"vs LM":-0.9038068593}
{"Nama Depo":"Depo Tanjung","LOB":"MBR","LY":21878209.8985139988,"3LM":72563317.7941723317,"LM":88078614.3420450091,"BP":49459049.7768400162,"Actual":8214284.6766560003,"Gap":-41244765.1001840159,"vs BP":0.1660825413,"vs LY":-0.624544937,"vs 3LM":-0.8867983862,"vs LM":-0.90673917}
{"Nama Depo":"Depo Tanjung","LOB":"HGJ","LY":2390549.2113379999,"3LM":1624831.5899989998,"LM":2562450.5,"BP":507741.2795400001,"Actual":0.0,"Gap":-507741.2795400001,"vs BP":0.0,"vs LY":-1.0,"vs 3LM":-1.0,"vs LM":-1.0}
{"Nama Depo":"Depo Tanjung","LOB":"RANS","LY":24871358.1421220154,"3LM":24484075.3963033296,"LM":23356133.4428370669,"BP":36097348.7162200063,"Actual":4218122.1300000008,"Gap":-31879226.5862200037,"vs BP":0.1168540705,"vs LY":-0.8304024209,"vs 3LM":-0.8277197704,"vs LM":-0.8193998103}
{"Nama Depo":"Depo Tanjung","LOB":"GSJ","LY":1653667.2350480002,"3LM":78133.928408,"LM":0.0,"BP":7245914.4861399997,"Actual":0.0,"Gap":-7245914.4861399997,"vs BP":0.0,"vs LY":-1.0,"vs 3LM":-1.0,"vs LM":0.0}
{"Nama Depo":"Depo Tanjung","LOB":"ABBOTT","LY":0.0,"3LM":10014632.7333333325,"LM":16032357.6599999983,"BP":25000000.0,"Actual":0.0,"Gap":-25000000.0,"vs BP":0.0,"vs LY":0.0,"vs 3LM":-1.0,"vs LM":-1.0}
{"Nama Depo":"Depo Tanjung","LOB":"FLORA","LY":0.0,"3LM":91984214.1130120307,"LM":141815366.7877980769,"BP":180000000.0,"Actual":34275732.4299999997,"Gap":-145724267.5699999928,"vs BP":0.1904207357,"vs LY":0.0,"vs 3LM":-0.6273737536,"vs LM":-0.7583073456}
{"Nama Depo":"Depo Tanjung","LOB":"TOTAL","LY":2179903778.9565682411,"3LM":2841613484.7856841087,"LM":2334065053.174223423,"BP":3155550125.7964396477,"Actual":348723971.4795239568,"Gap":-2806826154.3169159889,"vs BP":0.1105113079,"vs LY":-0.8400278146,"vs 3LM":-0.8772795902,"vs LM":-0.8505937223}
