{"Nama Depo":"Depo Tanjung","LOB":"GPPJ","LY":1901632981.9230952263,"3LM":2070077456.0481948853,"LM":2050679638.4514603615,"BP":1954774544.8652336597,"Actual":2013412651.8773393631,"Gap":58638107.0121057034,"vs BP":1.029997376,"vs LY":0.0587808852,"vs 3LM":-0.0273732773,"vs LM":-0.0181729929}
{"Nama Depo":"Depo Tanjung","LOB":"GEN","LY":216283831.7845280766,"3LM":173299212.4175736904,"LM":138408544.3927600384,"BP":244270536.4049595892,"Actual":120659267.3914189637,"Gap":-123611269.0135406256,"vs BP":0.493957516,"vs LY":-0.442125348,"vs 3LM":-0.3037517845,"vs LM":-0.1282383041}
{"Nama Depo":"Depo Tanjung","LOB":"GBS","LY":880647260.1716116667,"3LM":797560850.8923307657,"LM":772634145.9280904531,"BP":1086832773.0494003296,"Actual":632317151.1469464302,"Gap":-454515621.9024538994,"vs BP":0.5817980161,"vs LY":-0.2819858986,"vs 3LM":-0.2071863226,"vs LM":-0.1816085861}
{"Nama Depo":"Depo Tanjung","LOB":"MBR","LY":28249542.0152509883,"3LM":71266523.0994866639,"LM":84091396.4956109971,"BP":60621348.0235999525,"Actual":77920766.4308809787,"Gap":17299418.4072810262,"vs BP":1.2853684217,"vs LY":1.758301936,"vs 3LM":0.0933712358,"vs LM":-0.0733800403}
{"Nama Depo":"Depo Tanjung","LOB":"HGJ","LY":444144.079184,"3LM":4000072.4660340003,"LM":551351.4026939999,"BP":10319102.0509200022,"Actual":1119956.799997,"Gap":-9199145.2509230021,"vs BP":0.1085323892,"vs LY":1.521606957,"vs 3LM":-0.7200158723,"vs LM":1.0312940069}
{"Nama Depo":"Depo Tanjung","LOB":"RANS","LY":2057069.9597250002,"3LM":31754905.4418043196,"LM":33402883.6904249936,"BP":7939647.0842000004,"Actual":17873203.9799999967,"Gap":9933556.8957999963,"vs BP":2.2511333049,"vs LY":7.6886709397,"vs 3LM":-0.4371514029,"vs LM":-0.4649203301}
{"Nama Depo":"Depo Tanjung","LOB":"GSJ","LY":1883603.1315000001,"3LM":455186.4469906666,"LM":289735.101443,"BP":11700883.1700799856,"Actual":149567.55,"Gap":-11551315.6200799849,"vs BP":0.0127825864,"vs LY":-0.920594977,"vs 3LM":-0.6714147555,"vs LM":-0.4837782883}
{"Nama Depo":"Depo Tanjung","LOB":"ABBOTT","LY":0.0,"3LM":15304340.8400000017,"LM":8356416.2199999997,"BP":25000000.0,"Actual":9091540.5500000007,"Gap":-15908459.4499999993,"vs BP":0.363661622,"vs LY":0.0,"vs 3LM":-0.4059502043,"vs LM":0.087971244}
{"Nama Depo":"Depo Tanjung","LOB":"FLORA","LY":0.0,"3LM":0.0,"LM":0.0,"BP":180000000.0,"Actual":74372051.2399999797,"Gap":-105627948.7600000203,"vs BP":0.4131780624,"vs LY":0.0,"vs 3LM":0.0,"vs LM":0.0}
{"Nama Depo":"Depo Tanjung","LOB":"TOTAL","LY":3031198433.0648946762,"3LM":3163718547.6524152756,"LM":3088414111.6824836731,"BP":3581458834.648393631,"Actual":2946916156.9665827751,"Gap":-634542677.6818107367,"vs BP":0.8228256398,"vs LY":-0.0278049352,"vs 3LM":-0.0685277111,"vs LM":-0.0458157325}
