{"Nama Depo":"Depo Tanjung","LOB":"GPPJ","LY":1557095597.5967257023,"3LM":1974386267.1628067493,"LM":2045983263.1307337284,"BP":1753822107.9750649929,"Actual":768208231.4708693027,"Gap":-985613876.5041956902,"vs BP":0.4380194707,"vs LY":-0.5066402906,"vs 3LM":-0.6109128977,"vs LM":-0.6245285847}
{"Nama Depo":"Depo Tanjung","LOB":"GEN","LY":155695955.7704969943,"3LM":177991922.562764734,"LM":191967501.5144571364,"BP":217672761.8423807621,"Actual":53350469.6720479652,"Gap":-164322292.1703327894,"vs BP":0.2450948351,"vs LY":-0.6573419688,"vs 3LM":-0.7002646586,"vs LM":-0.7220859299}
{"Nama Depo":"Depo Tanjung","LOB":"GBS","LY":815048605.1388248205,"3LM":864903161.9773272276,"LM":905794804.9244931936,"BP":1150270311.7162432671,"Actual":195012804.8366371989,"Gap":-955257506.8796060085,"vs BP":0.1695365019,"vs LY":-0.7607347542,"vs 3LM":-0.7745264286,"vs LM":-0.7847053176}
{"Nama Depo":"Depo Tanjung","LOB":"MBR","LY":32667216.7080889978,"3LM":28729391.377179008,"LM":30190055.0548219718,"BP":33946538.7586000115,"Actual":15193879.4572669994,"Gap":-18752659.3013330102,"vs BP":0.4475825817,"vs LY":-0.5348890726,"vs 3LM":-0.4711381366,"vs LM":-0.496725679}
{"Nama Depo":"Depo Tanjung","LOB":"HGJ","LY":2281981.8264770005,"3LM":792475.9378359999,"LM":952325.1800000001,"BP":4871377.790500029,"Actual":330432.38,"Gap":-4540945.4105000291,"vs BP":0.0678314009,"vs LY":-0.8551993814,"vs 3LM":-0.5830379647,"vs LM":-0.6530256818}
{"Nama Depo":"Depo Tanjung","LOB":"RANS","LY":0.0,"3LM":41645904.3583789766,"LM":45963133.2850459218,"BP":7817789.574919981,"Actual":12970257.8500000052,"Gap":5152468.2750800243,"vs BP":1.6590697058,"vs LY":0.0,"vs 3LM":-0.6885586218,"vs LM":-0.7178117129}
{"Nama Depo":"Depo Tanjung","LOB":"GSJ","LY":0.0,"3LM":414001.0319476666,"LM":400832.3489180001,"BP":4254866.6079399986,"Actual":240251.32,"Gap":-4014615.2879399988,"vs BP":0.0564650651,"vs LY":0.0,"vs 3LM":-0.4196842484,"vs LM":-0.4006189355}
{"Nama Depo":"Depo Tanjung","LOB":"ABBOTT","LY":0.0,"3LM":8865803.5533333328,"LM":4433007.1699999999,"BP":0.0,"Actual":24796145.8699999973,"Gap":24796145.8699999973,"vs BP":0.0,"vs LY":0.0,"vs 3LM":1.7968300584,"vs LM":4.5935271294}
{"Nama Depo":"Depo Tanjung","LOB":"TOTAL","LY":2562789357.0406136513,"3LM":3097728927.9615740776,"LM":3225684922.6084699631,"BP":3172655754.2656497955,"Actual":1070102472.856821537,"Gap":-2102553281.4088282585,"vs BP":0.3372891848,"vs LY":-0.5824461851,"vs 3LM":-0.6545525778,"vs LM":-0.6682557353}
