{"Nama Depo":"Depo Tanjung","LOB":"GPPJ","LY":1888564794.0068850517,"3LM":1853469490.6937673092,"LM":2007531621.9398782253,"BP":2171900000,"Actual":295662189.3455206752,"Gap":-1876237810.6544792652,"vs BP":0.1361306641,"vs LY":-0.8434460971,"vs 3LM":-0.8404817609,"vs LM":-0.8527235207}
{"Nama Depo":"Depo Tanjung","LOB":"GEN","LY":179644000.3651349247,"3LM":175806695.2735169232,"LM":156944325.7408427298,"BP":206600000,"Actual":28780131.9276960045,"Gap":-177819868.0723040104,"vs BP":0.1393036395,"vs LY":-0.8397935257,"vs 3LM":-0.8362967242,"vs LM":-0.8166220296}
{"Nama Depo":"Depo Tanjung","LOB":"GBS","LY":913983529.8014848232,"3LM":693137262.7696088552,"LM":896411392.7345039845,"BP":868300000,"Actual":73786235.1201559752,"Gap":-794513764.8798440695,"vs BP":0.0849778131,"vs LY":-0.9192696228,"vs 3LM":-0.8935474413,"vs LM":-0.9176870846}
{"Nama Depo":"Depo Tanjung","LOB":"MBR","LY":32468442.7200169936,"3LM":74638886.1819300205,"LM":84697217.8355250061,"BP":81200000,"Actual":7523843.4114309996,"Gap":-73676156.5885690004,"vs BP":0.0926581701,"vs LY":-0.7682721196,"vs 3LM":-0.8991967352,"vs LM":-0.911167762}
{"Nama Depo":"Depo Tanjung","LOB":"HGJ","LY":1513765.6537800001,"3LM":1769582.6333333328,"LM":1554209.9300000002,"BP":2000000,"Actual":222030.63,"Gap":-1777969.3700000001,"vs BP":0.111015315,"vs LY":-0.8533256258,"vs 3LM":-0.8745293801,"vs LM":-0.8571424454}
{"Nama Depo":"Depo Tanjung","LOB":"RANS","LY":28002263.114265006,"3LM":31224704.4640813284,"LM":39627880.477522105,"BP":35100000,"Actual":8979271.9000000022,"Gap":-26120728.0999999978,"vs BP":0.2558197123,"vs LY":-0.6793376356,"vs 3LM":-0.712430524,"vs LM":-0.7734102407}
{"Nama Depo":"Depo Tanjung","LOB":"GSJ","LY":341351.316215,"3LM":19069.069399,"LM":0.0,"BP":200000,"Actual":207170.26,"Gap":7170.26,"vs BP":1.0358513,"vs LY":-0.3930878536,"vs 3LM":9.8642039979,"vs LM":0.0}
{"Nama Depo":"Depo Tanjung","LOB":"ABBOTT","LY":0.0,"3LM":9136563.0633333325,"LM":6457331.54,"BP":15000000,"Actual":2544696.3900000001,"Gap":-12455303.6099999994,"vs BP":0.169646426,"vs LY":0.0,"vs 3LM":-0.7214820965,"vs LM":-0.6059213664}
{"Nama Depo":"Depo Tanjung","LOB":"FLORA","LY":0.0,"3LM":100086222.8534703404,"LM":100217635.1153400093,"BP":75000000,"Actual":9726136.0599999987,"Gap":-65273863.9399999976,"vs BP":0.1296818141,"vs LY":0.0,"vs 3LM":-0.9028224287,"vs LM":-0.9029498546}
{"Nama Depo":"Depo Tanjung","LOB":"TOTAL","LY":3044518146.9777817726,"3LM":2939288477.0024404526,"LM":3293441615.3136119843,"BP":3455300000,"Actual":427431705.0448036194,"Gap":-3027868294.9551963806,"vs BP":0.123703211,"vs LY":-0.8596061234,"vs 3LM":-0.8545798725,"vs LM":-0.8702173122}
