{"Nama Depo":"Depo Tanjung","LOB":"GPPJ","LY":1565567376.9705016613,"3LM":1985265278.8707692623,"LM":1973199592.5909211636,"BP":1823418013.9879791737,"Actual":1198851941.1690950394,"Gap":-624566072.8188841343,"vs BP":0.6574751,"vs LY":-0.2342380412,"vs 3LM":-0.396125065,"vs LM":-0.3924325012}
{"Nama Depo":"Depo Tanjung","LOB":"GEN","LY":156270607.6551820338,"3LM":154275952.6497037113,"LM":126361806.1303669661,"BP":237847373.9830009639,"Actual":106414775.1278850436,"Gap":-131432598.8551159203,"vs BP":0.4474078202,"vs LY":-0.3190352509,"vs 3LM":-0.3102309641,"vs LM":-0.1578564885}
{"Nama Depo":"Depo Tanjung","LOB":"GBS","LY":967402342.894677043,"3LM":799443080.9576722383,"LM":639255556.7395845652,"BP":1187952073.3059978485,"Actual":358811946.4838225245,"Gap":-829140126.8221752644,"vs BP":0.3020424431,"vs LY":-0.629097501,"vs 3LM":-0.5511726162,"vs LM":-0.4387034376}
{"Nama Depo":"Depo Tanjung","LOB":"MBR","LY":22134030.6284710057,"3LM":31617955.6074570119,"LM":41035629.1022040099,"BP":28527349.9734999426,"Actual":37332336.3689430058,"Gap":8804986.3954430632,"vs BP":1.308650695,"vs LY":0.6866488077,"vs 3LM":0.1807321394,"vs LM":-0.0902457892}
{"Nama Depo":"Depo Tanjung","LOB":"HGJ","LY":2189425.0356699997,"3LM":854074.3955853335,"LM":1191820.556756,"BP":4186052.1349999895,"Actual":2390214.4038670002,"Gap":-1795837.7311329893,"vs BP":0.5709948961,"vs LY":0.0917087203,"vs 3LM":1.798602108,"vs LM":1.0055153356}
{"Nama Depo":"Depo Tanjung","LOB":"RANS","LY":0.0,"3LM":38168354.6389716715,"LM":33878314.9717780054,"BP":7573437.4189999923,"Actual":21889772.8600000106,"Gap":14316335.4410000183,"vs BP":2.8903352136,"vs LY":0.0,"vs 3LM":-0.4264941974,"vs LM":-0.3538706728}
{"Nama Depo":"Depo Tanjung","LOB":"GSJ","LY":2559999.4596290006,"3LM":414001.0418273333,"LM":248468.437114,"BP":5850441.5860000048,"Actual":250622.49,"Gap":-5599819.0960000046,"vs BP":0.0428382176,"vs LY":-0.9021005692,"vs 3LM":-0.3946331901,"vs LM":0.008669322}
{"Nama Depo":"Depo Tanjung","LOB":"ABBOTT","LY":0.0,"3LM":16423085.803333329,"LM":32567425.0799999982,"BP":0.0,"Actual":1242751.3500000001,"Gap":1242751.3500000001,"vs BP":1.0,"vs LY":0.0,"vs 3LM":-0.9243289985,"vs LM":-0.961840663}
{"Nama Depo":"Depo Tanjung","LOB":"TOTAL","LY":2716123782.6441307068,"3LM":3026461783.9653201103,"LM":2847738613.6087241173,"BP":3295354742.3904776573,"Actual":1727184360.2536125183,"Gap":-1568170382.136865139,"vs BP":0.5241269894,"vs LY":-0.3640995409,"vs 3LM":-0.4293057426,"vs LM":-0.3934891524}
