{"Nama Depo":"Depo Tanjung","LOB":"GPPJ","LY":1940562557.4670438766,"3LM":1917061467.9550733566,"LM":2309064873.3729863167,"BP":2171900000,"Actual":462766026.0256715417,"Gap":-1709133973.9743285179,"vs BP":0.2130696745,"vs LY":-0.7615299624,"vs 3LM":-0.758606579,"vs LM":-0.7995872566}
{"Nama Depo":"Depo Tanjung","LOB":"GEN","LY":197509715.8695499301,"3LM":171795543.7981421649,"LM":210263861.9056617022,"BP":206600000,"Actual":48043669.9257640094,"Gap":-158556330.0742359757,"vs BP":0.2325443849,"vs LY":-0.7567528781,"vs 3LM":-0.7203439108,"vs LM":-0.7715077166}
{"Nama Depo":"Depo Tanjung","LOB":"GBS","LY":835635799.7985347509,"3LM":796101878.4591356516,"LM":1072501687.0279772282,"BP":868300000,"Actual":140870497.0468869209,"Gap":-727429502.9531130791,"vs BP":0.1622371266,"vs LY":-0.83142118,"vs 3LM":-0.8230496613,"vs LM":-0.8686524238}
{"Nama Depo":"Depo Tanjung","LOB":"MBR","LY":32369936.411369998,"3LM":81564759.9003119767,"LM":71918447.5233659595,"BP":81200000,"Actual":14652249.4692590013,"Gap":-66547750.5307409987,"vs BP":0.180446422,"vs LY":-0.5473500694,"vs 3LM":-0.8203605394,"vs LM":-0.7962657708}
{"Nama Depo":"Depo Tanjung","LOB":"HGJ","LY":1007025.1835080001,"3LM":1934696.4266666665,"LM":1687428.8500000001,"BP":2000000,"Actual":710496.4099999999,"Gap":-1289503.5900000001,"vs BP":0.355248205,"vs LY":-0.294460137,"vs 3LM":-0.6327607783,"vs LM":-0.5789473375}
{"Nama Depo":"Depo Tanjung","LOB":"RANS","LY":44310964.1300000101,"3LM":36382790.2744230032,"LM":46164356.9029101059,"BP":35100000,"Actual":9851073.9299999997,"Gap":-25248926.0700000003,"vs BP":0.2806573769,"vs LY":-0.7776831508,"vs 3LM":-0.729238086,"vs LM":-0.7866086611}
{"Nama Depo":"Depo Tanjung","LOB":"GSJ","LY":248468.407475,"3LM":82840.5385583333,"LM":248521.615675,"BP":200000,"Actual":0.0,"Gap":-200000.0,"vs BP":0.0,"vs LY":-1.0,"vs 3LM":-1.0,"vs LM":-1.0}
{"Nama Depo":"Depo Tanjung","LOB":"ABBOTT","LY":9895578.3300000001,"3LM":11446471.1733333319,"LM":11849724.3200000003,"BP":15000000,"Actual":9157637.8399999999,"Gap":-5842362.1600000001,"vs BP":0.6105091893,"vs LY":-0.0745727501,"vs 3LM":-0.1999597342,"vs LM":-0.2271855789}
{"Nama Depo":"Depo Tanjung","LOB":"FLORA","LY":0.0,"3LM":103232693.451861009,"LM":67665078.4524449855,"BP":75000000,"Actual":19449897.299999997,"Gap":-55550102.700000003,"vs BP":0.259331964,"vs LY":0.0,"vs 3LM":-0.8115916901,"vs LM":-0.7125563475}
{"Nama Depo":"Depo Tanjung","LOB":"TOTAL","LY":3061540045.5974812508,"3LM":3119603141.9775056839,"LM":3791363979.9710216522,"BP":3455300000,"Actual":705501547.9475814104,"Gap":-2749798452.0524187088,"vs BP":0.2041795352,"vs LY":-0.7695599151,"vs 3LM":-0.773848943,"vs LM":-0.8139188029}
