{"Nama Depo":"Depo Tanjung","LOB":"GPPJ","LY":1695991996.2879903316,"3LM":2097917011.2927560806,"LM":2139241193.8631825447,"BP":2028100000.0,"Actual":627594387.1297975779,"Gap":-1400505612.8702025414,"vs BP":0.3094494291,"vs LY":-0.6299543934,"vs 3LM":-0.700848802,"vs LM":-0.7066275701}
{"Nama Depo":"Depo Tanjung","LOB":"GEN","LY":199251046.4026589394,"3LM":163701426.4839946628,"LM":222297316.3317840695,"BP":189681119.325380981,"Actual":61376053.0151440576,"Gap":-128305066.3102369308,"vs BP":0.32357492,"vs LY":-0.6919662199,"vs 3LM":-0.6250731937,"vs LM":-0.7239010617}
{"Nama Depo":"Depo Tanjung","LOB":"GBS","LY":824113994.311239481,"3LM":750090715.3607007265,"LM":763607839.9594242573,"BP":826470089.2218446732,"Actual":192945117.6368016601,"Gap":-633524971.5850429535,"vs BP":0.2334568669,"vs LY":-0.7658756932,"vs 3LM":-0.742770956,"vs LM":-0.7473243365}
{"Nama Depo":"Depo Tanjung","LOB":"MBR","LY":26303614.1508389972,"3LM":71234245.1786943227,"LM":51140826.3682199568,"BP":57547953.8357400075,"Actual":46412000.8819629997,"Gap":-11135952.9537770078,"vs BP":0.8064926342,"vs LY":0.7644723883,"vs 3LM":-0.3484594275,"vs LM":-0.0924667398}
{"Nama Depo":"Depo Tanjung","LOB":"HGJ","LY":3553152.8314389996,"3LM":954465.2242303332,"LM":1192087.4700000002,"BP":577712.8483900002,"Actual":553970.3,"Gap":-23742.5483900001,"vs BP":0.9589025093,"vs LY":-0.8440904948,"vs 3LM":-0.4196013789,"vs LM":-0.535293916}
{"Nama Depo":"Depo Tanjung","LOB":"RANS","LY":16109207.5571539942,"3LM":27832992.14549933,"LM":30690099.4718849733,"BP":46124387.6675799936,"Actual":8418680.2200000025,"Gap":-37705707.4475799948,"vs BP":0.1825212354,"vs LY":-0.4773994816,"vs 3LM":-0.6975287394,"vs LM":-0.7256874248}
{"Nama Depo":"Depo Tanjung","LOB":"GSJ","LY":339008.947657,"3LM":174712.2955556666,"LM":57207.208197,"BP":20891472.3402800038,"Actual":0.0,"Gap":-20891472.3402800038,"vs BP":0.0,"vs LY":-1.0,"vs 3LM":-1.0,"vs LM":-1.0}
{"Nama Depo":"Depo Tanjung","LOB":"ABBOTT","LY":0.0,"3LM":7455985.586666666,"LM":4919999.9900000002,"BP":25000000.0,"Actual":1118270.27,"Gap":-23881729.7300000004,"vs BP":0.0447308108,"vs LY":0.0,"vs 3LM":-0.8500171095,"vs LM":-0.7727092943}
{"Nama Depo":"Depo Tanjung","LOB":"FLORA","LY":0.0,"3LM":44712425.1837460026,"LM":58225666.6572730243,"BP":180000000.0,"Actual":64247948.6799999848,"Gap":-115752051.3200000226,"vs BP":0.3569330482,"vs LY":0.0,"vs 3LM":0.4369148713,"vs LM":0.1034300227}
{"Nama Depo":"Depo Tanjung","LOB":"TOTAL","LY":2765662020.4889779091,"3LM":3164073978.7518429756,"LM":3271372237.3199658394,"BP":3374392735.2392158508,"Actual":1002666428.133706212,"Gap":-2371726307.1055092812,"vs BP":0.2971398135,"vs LY":-0.6374587998,"vs 3LM":-0.683109044,"vs LM":-0.6935028008}
