{"Nama Depo":"Depo Tanjung","LOB":"GPPJ","LY":1901632981.9230952263,"3LM":2070077456.0481967926,"LM":2050679638.4514625072,"BP":1954774544.865224123,"Actual":196551240.0252309144,"Gap":-1758223304.8399932384,"vs BP":0.1005493143,"vs LY":-0.8966408125,"vs 3LM":-0.905051263,"vs LM":-0.9041531225}
{"Nama Depo":"Depo Tanjung","LOB":"GEN","LY":216283831.7845280766,"3LM":173299212.4175736308,"LM":138408544.3927600086,"BP":244270536.4049616456,"Actual":9292565.9213280007,"Gap":-234977970.4836336374,"vs BP":0.0380421072,"vs LY":-0.9570353186,"vs 3LM":-0.9463784873,"vs LM":-0.9328613276}
{"Nama Depo":"Depo Tanjung","LOB":"GBS","LY":880647260.1716116667,"3LM":797560850.8923305273,"LM":772634145.9280916452,"BP":1086832773.0494019985,"Actual":31768537.4739709981,"Gap":-1055064235.5754309893,"vs BP":0.0292303823,"vs LY":-0.9639259225,"vs 3LM":-0.9601678826,"vs LM":-0.9588828197}
{"Nama Depo":"Depo Tanjung","LOB":"MBR","LY":28249542.015250992,"3LM":71377548.8151639849,"LM":84424473.6426429749,"BP":60621348.0235998854,"Actual":5329440.4995369995,"Gap":-55291907.5240628868,"vs BP":0.0879135927,"vs LY":-0.8113441805,"vs 3LM":-0.9253344982,"vs LM":-0.9368732754}
{"Nama Depo":"Depo Tanjung","LOB":"HGJ","LY":444144.079184,"3LM":4000072.4660340003,"LM":551351.4026939999,"BP":10319102.0509200003,"Actual":133638.74,"Gap":-10185463.3109200001,"vs BP":0.0129506172,"vs LY":-0.6991094866,"vs 3LM":-0.9665909203,"vs LM":-0.7576160334}
{"Nama Depo":"Depo Tanjung","LOB":"RANS","LY":2057069.9597250002,"3LM":31505955.2916626632,"LM":32656033.2399999946,"BP":7939647.0842000069,"Actual":2336703.8900000001,"Gap":-5602943.1942000072,"vs BP":0.2943082816,"vs LY":0.1359379777,"vs 3LM":-0.9258329459,"vs LM":-0.9284449562}
{"Nama Depo":"Depo Tanjung","LOB":"GSJ","LY":1883603.1315000001,"3LM":437705.9665096666,"LM":237293.66,"BP":11700883.1700799912,"Actual":0.0,"Gap":-11700883.1700799912,"vs BP":0.0,"vs LY":-1.0,"vs 3LM":-1.0,"vs LM":-1.0}
{"Nama Depo":"Depo Tanjung","LOB":"ABBOTT","LY":0.0,"3LM":15304340.839999998,"LM":8356416.2200000007,"BP":0.0,"Actual":2260754.0600000001,"Gap":2260754.0600000001,"vs BP":1.0,"vs LY":0.0,"vs 3LM":-0.8522802071,"vs LM":-0.7294588972}
{"Nama Depo":"Depo Tanjung","LOB":"TOTAL","LY":3031198433.0648946762,"3LM":3163563142.7374715805,"LM":3087947896.9376506805,"BP":3376458834.6483879089,"Actual":247672880.6100669205,"Gap":-3128785954.0383210182,"vs BP":0.0733528506,"vs LY":-0.9182920927,"vs 3LM":-0.9217107832,"vs LM":-0.9197936983}
