{"Nama Depo":"Depo Tanjung","LOB":"GPPJ","LY":1695991996.2879898548,"3LM":2097917011.2927548885,"LM":2139241193.863162756,"BP":2028100000.0,"Actual":267454406.8237390518,"Gap":-1760645593.1762609482,"vs BP":0.1318743685,"vs LY":-0.842302082,"vs 3LM":-0.8725143057,"vs LM":-0.8749769743}
{"Nama Depo":"Depo Tanjung","LOB":"GEN","LY":199251046.4026589394,"3LM":163701426.483994633,"LM":222297316.3317912221,"BP":189681119.325380981,"Actual":24166176.1842819937,"Gap":-165514943.1410989761,"vs BP":0.1274042259,"vs LY":-0.8787149346,"vs 3LM":-0.8523765082,"vs LM":-0.8912889432}
{"Nama Depo":"Depo Tanjung","LOB":"GBS","LY":824113994.311239481,"3LM":750090715.3607007265,"LM":763607839.9594268799,"BP":826470089.2218446732,"Actual":68791942.5922010839,"Gap":-757678146.6296435595,"vs BP":0.0832358527,"vs LY":-0.9165261808,"vs 3LM":-0.9082885027,"vs LM":-0.9099119483}
{"Nama Depo":"Depo Tanjung","LOB":"MBR","LY":26303614.1508389972,"3LM":71234245.1786943078,"LM":51140826.3682199717,"BP":57547953.8357400075,"Actual":10375488.2787339985,"Gap":-47172465.5570060089,"vs BP":0.1802929138,"vs LY":-0.6055489478,"vs 3LM":-0.854346905,"vs LM":-0.7971192682}
{"Nama Depo":"Depo Tanjung","LOB":"HGJ","LY":3553152.8314389996,"3LM":954465.2242303332,"LM":1192087.4700000002,"BP":577712.8483900002,"Actual":182066.69,"Gap":-395646.1583900001,"vs BP":0.315150841,"vs LY":-0.9487591166,"vs 3LM":-0.8092474347,"vs LM":-0.8472706957}
{"Nama Depo":"Depo Tanjung","LOB":"RANS","LY":16109207.5571539924,"3LM":27832992.14549933,"LM":30690099.4718849435,"BP":46124387.6675799936,"Actual":2694813.8400000003,"Gap":-43429573.82757999,"vs BP":0.0584249239,"vs LY":-0.8327159278,"vs 3LM":-0.9031791542,"vs LM":-0.9121927303}
{"Nama Depo":"Depo Tanjung","LOB":"GSJ","LY":339008.947657,"3LM":174712.2955556666,"LM":57207.208197,"BP":20891472.3402800038,"Actual":0.0,"Gap":-20891472.3402800038,"vs BP":0.0,"vs LY":-1.0,"vs 3LM":-1.0,"vs LM":-1.0}
{"Nama Depo":"Depo Tanjung","LOB":"ABBOTT","LY":0.0,"3LM":7455985.586666666,"LM":4919999.9900000002,"BP":25000000.0,"Actual":0.0,"Gap":-25000000.0,"vs BP":0.0,"vs LY":0.0,"vs 3LM":-1.0,"vs LM":-1.0}
{"Nama Depo":"Depo Tanjung","LOB":"FLORA","LY":0.0,"3LM":44712425.1837460026,"LM":58225666.6572730169,"BP":180000000.0,"Actual":27014136.0399999991,"Gap":-152985863.9600000083,"vs BP":0.1500785336,"vs LY":0.0,"vs 3LM":-0.3958248534,"vs LM":-0.5360441951}
{"Nama Depo":"Depo Tanjung","LOB":"TOTAL","LY":2765662020.4889774323,"3LM":3164073978.7518420219,"LM":3271372237.3199548721,"BP":3374392735.2392158508,"Actual":400679030.4489560723,"Gap":-2973713704.7902593613,"vs BP":0.1187410778,"vs LY":-0.8551236458,"vs 3LM":-0.8733660992,"vs LM":-0.8775195846}
