{"Nama Depo":"Depo Tanjung","LOB":"GPPJ","LY":1655627054.4788150787,"3LM":1921913444.1215295792,"LM":1936612980.8906490803,"BP":1962064840.3745532036,"Actual":598196456.6504979134,"Gap":-1363868383.7240552902,"vs BP":0.3048810846,"vs LY":-0.6386888853,"vs 3LM":-0.6887495332,"vs LM":-0.6911120278}
{"Nama Depo":"Depo Tanjung","LOB":"GEN","LY":173513545.4156350195,"3LM":173884088.8463241458,"LM":144498550.3042871654,"BP":218856746.4760808945,"Actual":56766177.6487009376,"Gap":-162090568.8273799419,"vs BP":0.2593759551,"vs LY":-0.6728429616,"vs 3LM":-0.6735401265,"vs LM":-0.6071505387}
{"Nama Depo":"Depo Tanjung","LOB":"GBS","LY":930269402.4795291424,"3LM":867632736.9363223314,"LM":853278881.2089393139,"BP":1163020350.8413832188,"Actual":189251307.8694859445,"Gap":-973769042.9718972445,"vs BP":0.1627239865,"vs LY":-0.7965629017,"vs 3LM":-0.7818762481,"vs LM":-0.7782069707}
{"Nama Depo":"Depo Tanjung","LOB":"MBR","LY":11306560.3453409988,"3LM":29488853.9322440028,"LM":23628182.6653450057,"BP":14941521.2060999665,"Actual":13079515.645554997,"Gap":-1862005.5605449695,"vs BP":0.8753804559,"vs LY":0.1568076626,"vs 3LM":-0.5564590039,"vs LM":-0.4464442809}
{"Nama Depo":"Depo Tanjung","LOB":"HGJ","LY":2759819.651513,"3LM":979622.7624293334,"LM":418077.45,"BP":4665161.542680026,"Actual":657376.5399999999,"Gap":-4007785.002680026,"vs BP":0.1409118492,"vs LY":-0.7618045296,"vs 3LM":-0.3289493005,"vs LM":0.5723798067}
{"Nama Depo":"Depo Tanjung","LOB":"RANS","LY":0.0,"3LM":35658947.6347853094,"LM":34663615.6600909829,"BP":7953051.000690029,"Actual":15635070.0900000073,"Gap":7682019.0893099783,"vs BP":1.9659210143,"vs LY":0.0,"vs 3LM":-0.5615386564,"vs LM":-0.5489486658}
{"Nama Depo":"Depo Tanjung","LOB":"GSJ","LY":0.0,"3LM":394174.0210466667,"LM":592702.33945,"BP":3191149.9556999989,"Actual":0.0,"Gap":-3191149.9556999989,"vs BP":0.0,"vs LY":0.0,"vs 3LM":-1.0,"vs LM":-1.0}
{"Nama Depo":"Depo Tanjung","LOB":"ABBOTT","LY":0.0,"3LM":7388134.4966666652,"LM":12268825.1599999964,"BP":0.0,"Actual":3391805.3799999999,"Gap":3391805.3799999999,"vs BP":0.0,"vs LY":0.0,"vs 3LM":-0.5409117983,"vs LM":-0.7235427732}
{"Nama Depo":"Depo Tanjung","LOB":"TOTAL","LY":2773476382.3708338737,"3LM":3037340002.7513475418,"LM":3005961815.6787610054,"BP":3374692821.3971877098,"Actual":876977709.82423985,"Gap":-2497715111.572947979,"vs BP":0.2598688996,"vs LY":-0.6837983855,"vs 3LM":-0.7112678498,"vs LM":-0.7082538756}
