{"Nama Depo":"Depo Tanjung","LOB":"GPPJ","LY":1540947717.8747835159,"3LM":1841562701.0384454727,"LM":1494649131.0787563324,"BP":1974300000.0,"Actual":768812274.9541914463,"Gap":-1205487725.0458085537,"vs BP":0.3894100567,"vs LY":-0.5010782871,"vs 3LM":-0.5825218036,"vs LM":-0.4856235762}
{"Nama Depo":"Depo Tanjung","LOB":"GEN","LY":160458637.2664270103,"3LM":166958059.6023820341,"LM":148178443.7479219437,"BP":143336122.3903401494,"Actual":72361433.0439460129,"Gap":-70974689.3463941365,"vs BP":0.5048373839,"vs LY":-0.5490337306,"vs 3LM":-0.5665891589,"vs LM":-0.5116601901}
{"Nama Depo":"Depo Tanjung","LOB":"GBS","LY":427703639.3283365965,"3LM":632343518.589632988,"LM":419392555.6148908734,"BP":739603949.1473599672,"Actual":220552640.7470657825,"Gap":-519051308.4002941847,"vs BP":0.2982037089,"vs LY":-0.4843330277,"vs 3LM":-0.6512138825,"vs LM":-0.4741140781}
{"Nama Depo":"Depo Tanjung","LOB":"MBR","LY":21878209.8985139951,"3LM":72563317.7941723317,"LM":88078614.3420449644,"BP":49459049.7768400237,"Actual":26191211.735018,"Gap":-23267838.0418220237,"vs BP":0.5295534761,"vs LY":0.1971368707,"vs 3LM":-0.6390571362,"vs LM":-0.7026382405}
{"Nama Depo":"Depo Tanjung","LOB":"HGJ","LY":2390549.2113379999,"3LM":1624831.5899989998,"LM":2562450.5,"BP":507741.2795400001,"Actual":532872.08,"Gap":25130.8004599999,"vs BP":1.0494952872,"vs LY":-0.7770921939,"vs 3LM":-0.6720447317,"vs LM":-0.7920459029}
{"Nama Depo":"Depo Tanjung","LOB":"RANS","LY":24871358.1421220154,"3LM":24484075.3963033259,"LM":23356133.4428370446,"BP":36097348.716219984,"Actual":16110094.5700000003,"Gap":-19987254.1462199837,"vs BP":0.4462957847,"vs LY":-0.3522631745,"vs 3LM":-0.3420174416,"vs LM":-0.3102413715}
{"Nama Depo":"Depo Tanjung","LOB":"GSJ","LY":1653667.2350480002,"3LM":78133.928408,"LM":0.0,"BP":7245914.4861400006,"Actual":0.0,"Gap":-7245914.4861400006,"vs BP":0.0,"vs LY":-1.0,"vs 3LM":-1.0,"vs LM":0.0}
{"Nama Depo":"Depo Tanjung","LOB":"ABBOTT","LY":0.0,"3LM":10014632.7333333325,"LM":16032357.6599999983,"BP":25000000.0,"Actual":0.0,"Gap":-25000000.0,"vs BP":0.0,"vs LY":0.0,"vs 3LM":-1.0,"vs LM":-1.0}
{"Nama Depo":"Depo Tanjung","LOB":"FLORA","LY":0.0,"3LM":91984214.1130120307,"LM":141815366.7877981067,"BP":180000000.0,"Actual":61648944.1600000113,"Gap":-118351055.8399999887,"vs BP":0.3424941342,"vs LY":0.0,"vs 3LM":-0.329787782,"vs LM":-0.5652872777}
{"Nama Depo":"Depo Tanjung","LOB":"TOTAL","LY":2179903778.956568718,"3LM":2841613484.7856879234,"LM":2334065053.1742491722,"BP":3155550125.7964401245,"Actual":1166209471.2902212143,"Gap":-1989340654.5062184334,"vs BP":0.3695740599,"vs LY":-0.4650179138,"vs 3LM":-0.5895960244,"vs LM":-0.5003526274}
