{"Nama Depo":"Depo Tanjung","LOB":"GPPJ","LY":1888564794.0068850517,"3LM":1853469490.6937906742,"LM":2007531621.939925909,"BP":2171900000,"Actual":2309064873.3729786873,"Gap":137164873.3729786873,"vs BP":1.0631543227,"vs LY":0.2226558923,"vs 3LM":0.2458067883,"vs LM":0.1502009972}
{"Nama Depo":"Depo Tanjung","LOB":"GEN","LY":179644000.3651349247,"3LM":175806695.2735170424,"LM":156944325.7408428788,"BP":206600000,"Actual":210263861.9056619704,"Gap":3663861.9056619704,"vs BP":1.0177340847,"vs LY":0.1704474487,"vs 3LM":0.1959946211,"vs LM":0.3397353546}
{"Nama Depo":"Depo Tanjung","LOB":"GBS","LY":913983529.8014848232,"3LM":693137262.7696086168,"LM":896411392.7345142365,"BP":868300000,"Actual":1072501687.0279927254,"Gap":204201687.0279927254,"vs BP":1.2351741184,"vs LY":0.1734365577,"vs 3LM":0.5473150047,"vs LM":0.1964391525}
{"Nama Depo":"Depo Tanjung","LOB":"MBR","LY":32468442.7200169973,"3LM":74638886.1819299757,"LM":84697217.8355250359,"BP":81200000,"Actual":72202555.3281179667,"Gap":-8997444.6718820333,"vs BP":0.8891940311,"vs LY":1.2237763588,"vs 3LM":-0.0326415757,"vs LM":-0.1475215223}
{"Nama Depo":"Depo Tanjung","LOB":"HGJ","LY":1513765.6537800001,"3LM":1769582.6333333335,"LM":1554209.9300000002,"BP":2000000,"Actual":1687428.8499999999,"Gap":-312571.1500000001,"vs BP":0.843714425,"vs LY":0.1147226427,"vs 3LM":-0.046425514,"vs LM":0.0857148815}
{"Nama Depo":"Depo Tanjung","LOB":"RANS","LY":28002263.114265006,"3LM":31224704.4640813358,"LM":39627880.4775220528,"BP":35100000,"Actual":45561503.75,"Gap":10461503.75,"vs BP":1.2980485399,"vs LY":0.6270650541,"vs 3LM":0.4591492388,"vs LM":0.1497335513}
{"Nama Depo":"Depo Tanjung","LOB":"GSJ","LY":341351.316215,"3LM":19069.069399,"LM":0.0,"BP":200000,"Actual":247845.94,"Gap":47845.94,"vs BP":1.2392297,"vs LY":-0.2739271002,"vs 3LM":11.9972750539,"vs LM":0.0}
{"Nama Depo":"Depo Tanjung","LOB":"ABBOTT","LY":0.0,"3LM":9136563.0633333325,"LM":6457331.54,"BP":15000000,"Actual":11849724.3200000022,"Gap":-3150275.6799999978,"vs BP":0.7899816213,"vs LY":0.0,"vs 3LM":0.2969564417,"vs LM":0.8350806748}
{"Nama Depo":"Depo Tanjung","LOB":"FLORA","LY":0.0,"3LM":100086222.8534703404,"LM":100217635.1153400093,"BP":75000000,"Actual":67060346.0199999809,"Gap":-7939653.9800000191,"vs BP":0.8941379469,"vs LY":0.0,"vs 3LM":-0.3299742551,"vs LM":-0.330852839}
{"Nama Depo":"Depo Tanjung","LOB":"TOTAL","LY":3044518146.9777817726,"3LM":2939288477.0024638176,"LM":3293441615.3136701584,"BP":3455300000,"Actual":3790439826.5147514343,"Gap":335139826.5147513151,"vs BP":1.096992975,"vs LY":0.2450048394,"vs 3LM":0.2895773437,"vs LM":0.1509054264}
