{"Nama Depo":"Depo Tanjung","LOB":"GPPJ","LY":1751404776.3870506287,"3LM":2044250774.0946829319,"LM":2010949482.9050955772,"BP":1944831001.6499798298,"Actual":1068869297.8376358747,"Gap":-875961703.812343955,"vs BP":0.5495949504,"vs LY":-0.3897074438,"vs 3LM":-0.4771339645,"vs LM":-0.4684753113}
{"Nama Depo":"Depo Tanjung","LOB":"GEN","LY":169279300.0797289312,"3LM":169283632.996775955,"LM":200854498.889254868,"BP":215867019.0974997878,"Actual":63677787.6947479993,"Gap":-152189231.4027518034,"vs BP":0.2949861816,"vs LY":-0.6238300391,"vs 3LM":-0.6238396674,"vs LM":-0.6829655893}
{"Nama Depo":"Depo Tanjung","LOB":"GBS","LY":820834526.2918435335,"3LM":753101321.1628266573,"LM":859045476.4116669893,"BP":1216869361.7532515526,"Actual":277462176.4340391159,"Gap":-939407185.3192124367,"vs BP":0.2280131172,"vs LY":-0.6619755047,"vs 3LM":-0.6315739083,"vs LM":-0.6770110733}
{"Nama Depo":"Depo Tanjung","LOB":"MBR","LY":30456626.6611550041,"3LM":56914600.6350176558,"LM":69245111.7642119527,"BP":27754192.6800000072,"Actual":47211212.4572890103,"Gap":19457019.7772890031,"vs BP":1.7010479462,"vs LY":0.5501129847,"vs 3LM":-0.1704903148,"vs LM":-0.3182015126}
{"Nama Depo":"Depo Tanjung","LOB":"HGJ","LY":2974668.7585890004,"3LM":4213562.1840546662,"LM":5873360.4847249994,"BP":6359637.691000009,"Actual":306306.333147,"Gap":-6053331.3578530094,"vs BP":0.0481641169,"vs LY":-0.897028423,"vs 3LM":-0.9273046606,"vs LM":-0.947848198}
{"Nama Depo":"Depo Tanjung","LOB":"RANS","LY":397897.250538,"3LM":31913382.535588678,"LM":25989626.1944540069,"BP":7573437.4212499922,"Actual":15700900.7400000058,"Gap":8127463.3187500136,"vs BP":2.0731538226,"vs LY":38.4596864361,"vs 3LM":-0.5080151494,"vs LM":-0.3958781622}
{"Nama Depo":"Depo Tanjung","LOB":"GSJ","LY":1206157.4117069999,"3LM":441430.8922143333,"LM":551489.146483,"BP":7977874.8890000014,"Actual":127027.91,"Gap":-7850846.9790000012,"vs BP":0.0159225247,"vs LY":-0.8946838043,"vs 3LM":-0.712236021,"vs LM":-0.7696638079}
{"Nama Depo":"Depo Tanjung","LOB":"ABBOTT","LY":0.0,"3LM":23374677.1266666651,"LM":30435881.0799999982,"BP":0.0,"Actual":6390816.2199999988,"Gap":6390816.2199999988,"vs BP":1.0,"vs LY":0.0,"vs 3LM":-0.726592321,"vs LM":-0.7900236171}
{"Nama Depo":"Depo Tanjung","LOB":"TOTAL","LY":2776553952.8406119347,"3LM":3083493381.6278276443,"LM":3202944926.8758916855,"BP":3427232525.1819806099,"Actual":1479745525.6268591881,"Gap":-1947486999.5551214218,"vs BP":0.4317610535,"vs LY":-0.4670568083,"vs 3LM":-0.5201074423,"vs LM":-0.5380046927}
