{"Nama Depo":"Depo Tanjung","LOB":"GPPJ","LY":1901632981.9230952263,"3LM":2070077456.0481975079,"LM":2050679638.4514598846,"BP":1954774544.8652336597,"Actual":1413115873.7259604931,"Gap":-541658671.1392731667,"vs BP":0.7229047858,"vs LY":-0.2568934767,"vs 3LM":-0.31736087,"vs LM":-0.3109036403}
{"Nama Depo":"Depo Tanjung","LOB":"GEN","LY":216283831.7845280766,"3LM":173299212.417573601,"LM":138408544.3927600086,"BP":244270536.4049595892,"Actual":85420022.0253580213,"Gap":-158850514.379601568,"vs BP":0.3496943319,"vs LY":-0.6050559058,"vs 3LM":-0.5070951516,"vs LM":-0.3828414105}
{"Nama Depo":"Depo Tanjung","LOB":"GBS","LY":880647260.1716116667,"3LM":797560850.8923306465,"LM":772634145.9280906916,"BP":1086832773.0494003296,"Actual":282182032.1188201308,"Gap":-804650740.9305801392,"vs BP":0.2596370289,"vs LY":-0.6795742803,"vs 3LM":-0.646193727,"vs LM":-0.6347792372}
{"Nama Depo":"Depo Tanjung","LOB":"MBR","LY":28249542.015250992,"3LM":71266523.099486649,"LM":84091396.495611012,"BP":60621348.0235999525,"Actual":59426925.0470389947,"Gap":-1194422.9765609577,"vs BP":0.9802969908,"vs LY":1.1036420702,"vs 3LM":-0.1661312709,"vs LM":-0.293305528}
{"Nama Depo":"Depo Tanjung","LOB":"HGJ","LY":444144.079184,"3LM":4000072.4660339993,"LM":551351.402694,"BP":10319102.0509200022,"Actual":640164.8921609999,"Gap":-9678937.1587590016,"vs BP":0.0620368797,"vs LY":0.4413450999,"vs 3LM":-0.8399616763,"vs LM":0.1610832747}
{"Nama Depo":"Depo Tanjung","LOB":"RANS","LY":2057069.9597250002,"3LM":31754905.4418043233,"LM":33402883.6904249936,"BP":7939647.0842000004,"Actual":12353694.4099999964,"Gap":4414047.325799996,"vs BP":1.5559500667,"vs LY":5.0054809277,"vs 3LM":-0.610967369,"vs LM":-0.6301608411}
{"Nama Depo":"Depo Tanjung","LOB":"GSJ","LY":1883603.1315000001,"3LM":455186.4469906666,"LM":289735.101443,"BP":11700883.1700799856,"Actual":149567.55,"Gap":-11551315.6200799849,"vs BP":0.0127825864,"vs LY":-0.920594977,"vs 3LM":-0.6714147555,"vs LM":-0.4837782883}
{"Nama Depo":"Depo Tanjung","LOB":"ABBOTT","LY":0.0,"3LM":15304340.839999998,"LM":8356416.2199999988,"BP":25000000.0,"Actual":5789745.0500000007,"Gap":-19210254.9499999993,"vs BP":0.231589802,"vs LY":0.0,"vs 3LM":-0.6216926223,"vs LM":-0.3071497521}
{"Nama Depo":"Depo Tanjung","LOB":"FLORA","LY":0.0,"3LM":0.0,"LM":0.0,"BP":180000000.0,"Actual":61767273.759999983,"Gap":-118232726.2400000095,"vs BP":0.3431515209,"vs LY":0.0,"vs 3LM":0.0,"vs LM":0.0}
{"Nama Depo":"Depo Tanjung","LOB":"TOTAL","LY":3031198433.0648946762,"3LM":3163718547.6524176598,"LM":3088414111.6824831963,"BP":3581458834.648393631,"Actual":1920845298.5793385506,"Gap":-1660613536.0690550804,"vs BP":0.5363304137,"vs LY":-0.3663082965,"vs 3LM":-0.3928520285,"vs LM":-0.3780480113}
