{"Nama Depo":"Depo Tanjung","LOB":"GPPJ","LY":1901632981.9230952263,"3LM":2070077456.0481936932,"LM":2050679638.4514536858,"BP":1954774544.8652243614,"Actual":0,"Gap":-1954774544.8652243614,"vs BP":0,"vs LY":-1,"vs 3LM":-1,"vs LM":-1}
{"Nama Depo":"Depo Tanjung","LOB":"GEN","LY":216283831.7845280766,"3LM":173299212.417573601,"LM":138408544.3927600086,"BP":244270536.4049616456,"Actual":0,"Gap":-244270536.4049616456,"vs BP":0,"vs LY":-1,"vs 3LM":-1,"vs LM":-1}
{"Nama Depo":"Depo Tanjung","LOB":"GBS","LY":880647260.1716116667,"3LM":797560850.892331481,"LM":772634145.9280904531,"BP":1086832773.0494019985,"Actual":0,"Gap":-1086832773.0494019985,"vs BP":0,"vs LY":-1,"vs 3LM":-1,"vs LM":-1}
{"Nama Depo":"Depo Tanjung","LOB":"MBR","LY":28249542.015250992,"3LM":71377548.8151639849,"LM":84424473.6426429451,"BP":60621348.0235998854,"Actual":0,"Gap":-60621348.0235998854,"vs BP":0,"vs LY":-1,"vs 3LM":-1,"vs LM":-1}
{"Nama Depo":"Depo Tanjung","LOB":"HGJ","LY":444144.079184,"3LM":4000072.4660340003,"LM":551351.402694,"BP":10319102.0509200003,"Actual":0,"Gap":-10319102.0509200003,"vs BP":0,"vs LY":-1,"vs 3LM":-1,"vs LM":-1}
{"Nama Depo":"Depo Tanjung","LOB":"RANS","LY":2057069.9597250002,"3LM":31505955.2916626818,"LM":32656033.2399999946,"BP":7939647.0842000069,"Actual":0,"Gap":-7939647.0842000069,"vs BP":0,"vs LY":-1,"vs 3LM":-1,"vs LM":-1}
{"Nama Depo":"Depo Tanjung","LOB":"GSJ","LY":1883603.1315000001,"3LM":437705.9665096666,"LM":237293.66,"BP":11700883.1700799912,"Actual":0,"Gap":-11700883.1700799912,"vs BP":0,"vs LY":-1,"vs 3LM":-1,"vs LM":-1}
{"Nama Depo":"Depo Tanjung","LOB":"ABBOTT","LY":0.0,"3LM":15304340.839999998,"LM":8356416.2199999988,"BP":0.0,"Actual":0,"Gap":0.0,"vs BP":1,"vs LY":0,"vs 3LM":-1,"vs LM":-1}
{"Nama Depo":"Depo Tanjung","LOB":"TOTAL","LY":3031198433.0648946762,"3LM":3163563142.7374696732,"LM":3087947896.937640667,"BP":3376458834.6483879089,"Actual":0,"Gap":-3376458834.6483879089,"vs BP":0,"vs LY":-1,"vs 3LM":-1,"vs LM":-1}
