{"Nama Depo":"Depo Tanjung","LOB":"GPPJ","LY":1882394184.128459692,"3LM":2055153107.6400477886,"LM":2103830201.5635924339,"BP":2515444048.8769831657,"Actual":1056323129.4149059057,"Gap":-1459120919.4620771408,"vs BP":0.4199350528,"vs LY":-0.4388406327,"vs 3LM":-0.4860124409,"vs LM":-0.4979047603}
{"Nama Depo":"Depo Tanjung","LOB":"GEN","LY":173228282.7921449542,"3LM":156553820.6698176563,"LM":130398418.7274379879,"BP":244561027.1687497497,"Actual":120873158.2327110171,"Gap":-123687868.9360387325,"vs BP":0.4942453817,"vs LY":-0.3022319665,"vs 3LM":-0.2279130735,"vs LM":-0.073047362}
{"Nama Depo":"Depo Tanjung","LOB":"GBS","LY":626859126.1698743105,"3LM":781903260.8447831869,"LM":714030160.1945903301,"BP":786998915.0470011234,"Actual":266983023.0234055817,"Gap":-520015892.0235955715,"vs BP":0.3392419201,"vs LY":-0.5740940638,"vs 3LM":-0.6585472444,"vs LM":-0.6260899918}
{"Nama Depo":"Depo Tanjung","LOB":"MBR","LY":29382260.832816001,"3LM":77269006.9773583263,"LM":78470512.6722519845,"BP":37975209.3892500103,"Actual":28834571.9832039922,"Gap":-9140637.406046018,"vs BP":0.7592998813,"vs LY":-0.0186401194,"vs 3LM":-0.6268287492,"vs LM":-0.6325425819}
{"Nama Depo":"Depo Tanjung","LOB":"HGJ","LY":2022522.3064839998,"3LM":2514889.5624720003,"LM":1119956.799997,"BP":646616.9519999998,"Actual":809006.36,"Gap":162389.4080000002,"vs BP":1.2511369482,"vs LY":-0.600001267,"vs 3LM":-0.6783133653,"vs LM":-0.2776450306}
{"Nama Depo":"Depo Tanjung","LOB":"RANS","LY":16830127.7631560043,"3LM":26266167.7196889967,"LM":19405993.274187997,"BP":46124387.6674999744,"Actual":16870792.8500000052,"Gap":-29253594.8174999692,"vs BP":0.3657673024,"vs LY":0.0024162079,"vs 3LM":-0.3576987313,"vs LM":-0.1306400754}
{"Nama Depo":"Depo Tanjung","LOB":"GSJ","LY":1888107.6249540003,"3LM":339472.941651,"LM":177194.577027,"BP":1209604.5892499997,"Actual":0.0,"Gap":-1209604.5892499997,"vs BP":0.0,"vs LY":-1.0,"vs 3LM":-1.0,"vs LM":-1.0}
{"Nama Depo":"Depo Tanjung","LOB":"ABBOTT","LY":0.0,"3LM":15961279.2833333332,"LM":9091540.5500000007,"BP":25000000.0,"Actual":3795758.5499999998,"Gap":-21204241.4499999993,"vs BP":0.151830342,"vs LY":0.0,"vs 3LM":-0.7621895788,"vs LM":-0.5824955596}
{"Nama Depo":"Depo Tanjung","LOB":"FLORA","LY":0.0,"3LM":25303869.6313216686,"LM":75911608.8939650059,"BP":180000000.0,"Actual":35603054.9500000104,"Gap":-144396945.0499999821,"vs BP":0.1977947497,"vs LY":0.0,"vs 3LM":0.40702017,"vs LM":-0.5309932767}
{"Nama Depo":"Depo Tanjung","LOB":"TOTAL","LY":2732604611.6178894043,"3LM":3141264875.2704734802,"LM":3132435587.2530498505,"BP":3837959809.6907343864,"Actual":1530092495.3642261028,"Gap":-2307867314.3265075684,"vs BP":0.3986734023,"vs LY":-0.4400607798,"vs 3LM":-0.5129056109,"vs LM":-0.5115326548}
