{"Nama Depo":"Depo Tanjung","LOB":"GPPJ","LY":1557095597.5967257023,"3LM":1974386267.162804842,"LM":2045983263.1307346821,"BP":1753822107.9750649929,"Actual":703565301.6335419416,"Gap":-1050256806.3415230513,"vs BP":0.4011611545,"vs LY":-0.5481553588,"vs 3LM":-0.6436536693,"vs LM":-0.656123628}
{"Nama Depo":"Depo Tanjung","LOB":"GEN","LY":155695955.7704969943,"3LM":177991922.5627648532,"LM":191967501.514457196,"BP":217672761.8423807621,"Actual":49224275.4264739528,"Gap":-168448486.4159068167,"vs BP":0.2261388839,"vs LY":-0.6838435836,"vs 3LM":-0.7234465771,"vs LM":-0.7435801631}
{"Nama Depo":"Depo Tanjung","LOB":"GBS","LY":815048605.1388248205,"3LM":864903161.9773272276,"LM":905794804.9244931936,"BP":1150270311.7162432671,"Actual":173249202.5311190486,"Gap":-977021109.1851241589,"vs BP":0.1506160776,"vs LY":-0.7874369683,"vs 3LM":-0.7996894795,"vs LM":-0.8087323955}
{"Nama Depo":"Depo Tanjung","LOB":"MBR","LY":32667216.7080889978,"3LM":28729391.3771790005,"LM":30190055.0548219755,"BP":33946538.7586000115,"Actual":14090895.7470009997,"Gap":-19855643.0115990117,"vs BP":0.4150907946,"vs LY":-0.5686533116,"vs 3LM":-0.5095303078,"vs LM":-0.5332603494}
{"Nama Depo":"Depo Tanjung","LOB":"HGJ","LY":2281981.8264770005,"3LM":792475.9378359999,"LM":952325.1800000001,"BP":4871377.790500029,"Actual":284486.45,"Gap":-4586891.3405000288,"vs BP":0.0583995868,"vs LY":-0.875333604,"vs 3LM":-0.6410156619,"vs LM":-0.7012717337}
{"Nama Depo":"Depo Tanjung","LOB":"RANS","LY":0.0,"3LM":41645904.3583789766,"LM":45963133.2850459293,"BP":7817789.574919981,"Actual":11123151.8100000024,"Gap":3305362.2350800214,"vs BP":1.4228001027,"vs LY":0.0,"vs 3LM":-0.7329112675,"vs LM":-0.7579983997}
{"Nama Depo":"Depo Tanjung","LOB":"GSJ","LY":0.0,"3LM":414001.0319476668,"LM":400832.3489180001,"BP":4254866.6079399986,"Actual":240251.32,"Gap":-4014615.2879399988,"vs BP":0.0564650651,"vs LY":0.0,"vs 3LM":-0.4196842484,"vs LM":-0.4006189355}
{"Nama Depo":"Depo Tanjung","LOB":"ABBOTT","LY":0.0,"3LM":8865803.5533333328,"LM":4433007.1699999999,"BP":0.0,"Actual":24796145.8699999973,"Gap":24796145.8699999973,"vs BP":0.0,"vs LY":0.0,"vs 3LM":1.7968300584,"vs LM":4.5935271294}
{"Nama Depo":"Depo Tanjung","LOB":"TOTAL","LY":2562789357.0406136513,"3LM":3097728927.9615721703,"LM":3225684922.6084709167,"BP":3172655754.2656497955,"Actual":976573710.7881362438,"Gap":-2196082043.4775133133,"vs BP":0.3078095408,"vs LY":-0.6189410932,"vs 3LM":-0.6847452655,"vs LM":-0.6972507439}
