{"Nama Depo":"Depo Tanjung","LOB":"GPPJ","LY":1901632981.9230952263,"3LM":2070077456.0482003689,"LM":2050679638.4514575005,"BP":1954774544.8652336597,"Actual":1587228683.1118836403,"Gap":-367545861.7533500195,"vs BP":0.8119753182,"vs LY":-0.1653338482,"vs 3LM":-0.2332515489,"vs LM":-0.2259987112}
{"Nama Depo":"Depo Tanjung","LOB":"GEN","LY":216283831.7845280766,"3LM":173299212.4175735414,"LM":138408544.3927600384,"BP":244270536.4049595892,"Actual":96001939.2672320008,"Gap":-148268597.1377275884,"vs BP":0.3930148133,"vs LY":-0.5561298389,"vs 3LM":-0.446033609,"vs LM":-0.306387191}
{"Nama Depo":"Depo Tanjung","LOB":"GBS","LY":880647260.1716116667,"3LM":797560850.8923307657,"LM":772634145.9280924797,"BP":1086832773.0494003296,"Actual":375848109.1166841984,"Gap":-710984663.9327161312,"vs BP":0.3458196315,"vs LY":-0.573213787,"vs 3LM":-0.5287530617,"vs LM":-0.5135497038}
{"Nama Depo":"Depo Tanjung","LOB":"MBR","LY":28249542.015250992,"3LM":71266523.0994866341,"LM":84091396.495611012,"BP":60621348.0235999525,"Actual":67680476.3763030022,"Gap":7059128.3527030498,"vs BP":1.1164462451,"vs LY":1.3958079157,"vs 3LM":-0.0503188112,"vs LM":-0.1951557568}
{"Nama Depo":"Depo Tanjung","LOB":"HGJ","LY":444144.079184,"3LM":4000072.4660340003,"LM":551351.402694,"BP":10319102.0509200022,"Actual":655480.212161,"Gap":-9663621.8387590013,"vs BP":0.0635210514,"vs LY":0.4758278741,"vs 3LM":-0.8361329157,"vs LM":0.1888610584}
{"Nama Depo":"Depo Tanjung","LOB":"RANS","LY":2057069.9597250002,"3LM":31754905.4418043196,"LM":33402883.6904250011,"BP":7939647.0842000004,"Actual":13510424.2300000023,"Gap":5570777.1458000019,"vs BP":1.7016403987,"vs LY":5.5678000722,"vs 3LM":-0.5745405618,"vs LM":-0.5955312016}
{"Nama Depo":"Depo Tanjung","LOB":"GSJ","LY":1883603.1315000001,"3LM":455186.4469906667,"LM":289735.101443,"BP":11700883.1700799856,"Actual":149567.55,"Gap":-11551315.6200799849,"vs BP":0.0127825864,"vs LY":-0.920594977,"vs 3LM":-0.6714147555,"vs LM":-0.4837782883}
{"Nama Depo":"Depo Tanjung","LOB":"ABBOTT","LY":0.0,"3LM":15304340.8400000017,"LM":8356416.2199999988,"BP":25000000.0,"Actual":5789745.0499999998,"Gap":-19210254.9499999993,"vs BP":0.231589802,"vs LY":0.0,"vs 3LM":-0.6216926223,"vs LM":-0.3071497521}
{"Nama Depo":"Depo Tanjung","LOB":"FLORA","LY":0.0,"3LM":0.0,"LM":0.0,"BP":180000000.0,"Actual":63540927.8099999875,"Gap":-116459072.1900000125,"vs BP":0.3530051545,"vs LY":0.0,"vs 3LM":0.0,"vs LM":0.0}
{"Nama Depo":"Depo Tanjung","LOB":"TOTAL","LY":3031198433.0648946762,"3LM":3163718547.6524205208,"LM":3088414111.6824827194,"BP":3581458834.648393631,"Actual":2210405352.7242636681,"Gap":-1371053481.9241297245,"vs BP":0.6171801645,"vs LY":-0.2707817051,"vs 3LM":-0.3013268028,"vs LM":-0.2842911369}
