{"Nama Depo":"Depo Tanjung","LOB":"GPPJ","LY":1751404776.3870506287,"3LM":2044250774.0946819782,"LM":2010949482.9050943851,"BP":1944831001.6499795914,"Actual":1187750171.2754666805,"Gap":-757080830.3745129108,"vs BP":0.6107215333,"vs LY":-0.3218300034,"vs 3LM":-0.4189802023,"vs LM":-0.4093585237}
{"Nama Depo":"Depo Tanjung","LOB":"GEN","LY":169279300.0797289312,"3LM":169283632.9967760146,"LM":200854498.8892549574,"BP":215867019.0974997878,"Actual":77958070.7365929931,"Gap":-137908948.3609067798,"vs BP":0.3611393304,"vs LY":-0.5394707404,"vs 3LM":-0.5394825279,"vs LM":-0.6118679384}
{"Nama Depo":"Depo Tanjung","LOB":"GBS","LY":820834526.2918435335,"3LM":753101321.1628273726,"LM":859045476.4116691351,"BP":1216869361.7532515526,"Actual":307636277.9481782913,"Gap":-909233083.8050732613,"vs BP":0.2528096175,"vs LY":-0.6252152315,"vs 3LM":-0.5915074515,"vs LM":-0.6418859229}
{"Nama Depo":"Depo Tanjung","LOB":"MBR","LY":30456626.6611550041,"3LM":56914600.6350176558,"LM":69245111.7642119974,"BP":27754192.6800000072,"Actual":53944101.6110579967,"Gap":26189908.9310579896,"vs BP":1.9436379301,"vs LY":0.7711778199,"vs 3LM":-0.0521922141,"vs LM":-0.220968813}
{"Nama Depo":"Depo Tanjung","LOB":"HGJ","LY":2974668.7585890004,"3LM":4213562.1840546662,"LM":5873360.4847250003,"BP":6359637.691000009,"Actual":428828.864407,"Gap":-5930808.8265930088,"vs BP":0.0674297633,"vs LY":-0.8558397929,"vs 3LM":-0.8982265253,"vs LM":-0.9269874775}
{"Nama Depo":"Depo Tanjung","LOB":"RANS","LY":397897.250538,"3LM":31913382.5355886705,"LM":25989626.1944539994,"BP":7573437.4212499922,"Actual":18511489.3999999985,"Gap":10938051.9787500054,"vs BP":2.4442651824,"vs LY":45.5232905605,"vs 3LM":-0.4199458682,"vs LM":-0.2877354502}
{"Nama Depo":"Depo Tanjung","LOB":"GSJ","LY":1206157.4117069999,"3LM":441430.8922143334,"LM":551489.1464829999,"BP":7977874.8890000014,"Actual":127027.91,"Gap":-7850846.9790000012,"vs BP":0.0159225247,"vs LY":-0.8946838043,"vs 3LM":-0.712236021,"vs LM":-0.7696638079}
{"Nama Depo":"Depo Tanjung","LOB":"ABBOTT","LY":0.0,"3LM":23374677.1266666651,"LM":30435881.0799999982,"BP":0.0,"Actual":6390816.2199999997,"Gap":6390816.2199999997,"vs BP":1.0,"vs LY":0.0,"vs 3LM":-0.726592321,"vs LM":-0.7900236171}
{"Nama Depo":"Depo Tanjung","LOB":"TOTAL","LY":2776553952.8406119347,"3LM":3083493381.6278276443,"LM":3202944926.8758926392,"BP":3427232525.1819806099,"Actual":1652746783.965703249,"Gap":-1774485741.2162773609,"vs BP":0.4822394663,"vs LY":-0.4047489038,"vs 3LM":-0.4640018384,"vs LM":-0.4839915073}
