{"Nama Depo":"Depo Tanjung","LOB":"GPPJ","LY":1940562557.4670436382,"3LM":1917061467.9550902843,"LM":2309064873.3729834557,"BP":2171900000,"Actual":2256830302.418648243,"Gap":84930302.418648243,"vs BP":1.0391041496,"vs LY":0.1629773509,"vs 3LM":0.177234189,"vs LM":-0.022621526}
{"Nama Depo":"Depo Tanjung","LOB":"GEN","LY":197509715.8695499599,"3LM":171795543.798142463,"LM":210263861.905661881,"BP":206600000,"Actual":196276487.1446980536,"Gap":-10323512.8553019464,"vs BP":0.9500313995,"vs LY":-0.0062438889,"vs 3LM":0.1425004561,"vs LM":-0.0665229614}
{"Nama Depo":"Depo Tanjung","LOB":"GBS","LY":835635799.7985347509,"3LM":796101878.4591331482,"LM":1072501687.0279886723,"BP":868300000,"Actual":815861051.0619516373,"Gap":-52438948.9380483627,"vs BP":0.9396073374,"vs LY":-0.0236643149,"vs 3LM":0.0248199045,"vs LM":-0.2392915919}
{"Nama Depo":"Depo Tanjung","LOB":"MBR","LY":32369936.411369998,"3LM":81564759.9003120214,"LM":71918447.5233660042,"BP":81200000,"Actual":78227918.763515994,"Gap":-2972081.236484006,"vs BP":0.9633980143,"vs LY":1.4166843509,"vs 3LM":-0.0409103287,"vs LM":0.0877309155}
{"Nama Depo":"Depo Tanjung","LOB":"HGJ","LY":1007025.1835080001,"3LM":1934696.4266666665,"LM":1687428.8500000001,"BP":2000000,"Actual":1997745.0800000001,"Gap":-2254.9199999999,"vs BP":0.99887254,"vs LY":0.9838084615,"vs 3LM":0.032588396,"vs LM":0.183898853}
{"Nama Depo":"Depo Tanjung","LOB":"RANS","LY":44310964.1300000101,"3LM":36382790.2744229883,"LM":46164356.9029100835,"BP":35100000,"Actual":32040379.3000000082,"Gap":-3059620.6999999918,"vs BP":0.9128313191,"vs LY":-0.276919834,"vs 3LM":-0.1193534345,"vs LM":-0.3059498399}
{"Nama Depo":"Depo Tanjung","LOB":"GSJ","LY":248468.407475,"3LM":82840.5385583333,"LM":248521.615675,"BP":200000,"Actual":672970.3,"Gap":472970.3,"vs BP":3.3648515,"vs LY":1.7084743161,"vs 3LM":7.1236833042,"vs LM":1.7078944347}
{"Nama Depo":"Depo Tanjung","LOB":"ABBOTT","LY":9895578.3300000001,"3LM":11446471.1733333319,"LM":11849724.3200000003,"BP":15000000,"Actual":13735345.9400000013,"Gap":-1264654.0599999987,"vs BP":0.9156897293,"vs LY":0.3880286207,"vs 3LM":0.1999633539,"vs LM":0.1591278893}
{"Nama Depo":"Depo Tanjung","LOB":"FLORA","LY":0.0,"3LM":103232693.4518610239,"LM":67665078.4524450004,"BP":75000000,"Actual":60924781.1399999931,"Gap":-14075218.8600000069,"vs BP":0.8123304152,"vs LY":0.0,"vs 3LM":-0.4098305575,"vs LM":-0.0996126431}
{"Nama Depo":"Depo Tanjung","LOB":"TOTAL","LY":3061540045.5974812508,"3LM":3119603141.9775204659,"LM":3791363979.9710302353,"BP":3455300000,"Actual":3456566981.1488142014,"Gap":1266981.1488139294,"vs BP":1.0003666776,"vs LY":0.1290288318,"vs 3LM":0.1080149698,"vs LM":-0.0883051589}
