{"Nama Depo":"Depo Tanjung","LOB":"GPPJ","LY":1416538369.6544132233,"3LM":1790025023.1162395477,"LM":1940562557.4670357704,"BP":1750865933.9627935886,"Actual":1670897516.441726923,"Gap":-79968417.5210666656,"vs BP":0.9543263616,"vs LY":0.1795638948,"vs 3LM":-0.0665507494,"vs LM":-0.1389623024}
{"Nama Depo":"Depo Tanjung","LOB":"GEN","LY":145510909.5488049388,"3LM":179204117.8337039948,"LM":197509715.8695499599,"BP":200501454.5299389362,"Actual":131437379.4508980215,"Gap":-69064075.0790409148,"vs BP":0.6555432715,"vs LY":-0.0967180409,"vs 3LM":-0.2665493347,"vs LM":-0.3345270187}
{"Nama Depo":"Depo Tanjung","LOB":"GBS","LY":825068004.546043396,"3LM":725774322.9761193991,"LM":835635799.7985333204,"BP":929758973.862200737,"Actual":611720233.6572217941,"Gap":-318038740.2049789429,"vs BP":0.6579342075,"vs LY":-0.2585820438,"vs 3LM":-0.1571481461,"vs LM":-0.2679583213}
{"Nama Depo":"Depo Tanjung","LOB":"MBR","LY":23185839.411154002,"3LM":28905529.676633656,"LM":32369936.4113700017,"BP":27063736.7377700098,"Actual":21966444.8730949983,"Gap":-5097291.8646750115,"vs BP":0.811656021,"vs LY":-0.0525922101,"vs 3LM":-0.2400608078,"vs LM":-0.3213936353}
{"Nama Depo":"Depo Tanjung","LOB":"HGJ","LY":27227149.0340189822,"3LM":1637113.3495420001,"LM":1007025.1835080001,"BP":5107230.7909499835,"Actual":418077.45,"Gap":-4689153.3409499833,"vs BP":0.0818599094,"vs LY":-0.9846448319,"vs 3LM":-0.744625227,"vs LM":-0.5848391313}
{"Nama Depo":"Depo Tanjung","LOB":"RANS","LY":0.0,"3LM":32394861.7954623401,"LM":44310964.1299999952,"BP":6346325.8587499829,"Actual":33824819.3500000164,"Gap":27478493.4912500344,"vs BP":5.3298270689,"vs LY":0.0,"vs 3LM":0.0441414927,"vs LM":-0.2366489871}
{"Nama Depo":"Depo Tanjung","LOB":"GSJ","LY":0.0,"3LM":747828.986246,"LM":248468.407475,"BP":2127433.303679998,"Actual":569684.3300000001,"Gap":-1557748.973679998,"vs BP":0.2677801128,"vs LY":0.0,"vs 3LM":-0.2382157679,"vs LM":1.2927837619}
{"Nama Depo":"Depo Tanjung","LOB":"ABBOTT","LY":0.0,"3LM":3298526.1099999999,"LM":9895578.3300000001,"BP":0.0,"Actual":12268825.1599999983,"Gap":12268825.1599999983,"vs BP":0.0,"vs LY":0.0,"vs 3LM":2.719487053,"vs LM":0.2398290177}
{"Nama Depo":"Depo Tanjung","LOB":"TOTAL","LY":2437530272.1944346428,"3LM":2761987323.8439474106,"LM":3061540045.597471714,"BP":2921771089.0460829735,"Actual":2483102980.7129411697,"Gap":-438668108.3331418037,"vs BP":0.8498622599,"vs LY":0.0186962636,"vs 3LM":-0.1009723472,"vs LM":-0.188936632}
