{"Nama Depo":"Depo Tanjung","LOB":"GPPJ","LY":1695991996.2879900932,"3LM":2097917011.2927725315,"LM":2139241193.8633606434,"BP":2028100000.0,"Actual":1018930706.456256628,"Gap":-1009169293.543743372,"vs BP":0.5024065413,"vs LY":-0.3992125501,"vs 3LM":-0.5143131492,"vs LM":-0.5236952666}
{"Nama Depo":"Depo Tanjung","LOB":"GEN","LY":199251046.402658999,"3LM":163701426.4839948416,"LM":222297316.3317867815,"BP":189681119.3253798485,"Actual":92606746.1088621467,"Gap":-97074373.2165177017,"vs BP":0.4882233215,"vs LY":-0.5352257979,"vs 3LM":-0.4342948128,"vs LM":-0.5834104179}
{"Nama Depo":"Depo Tanjung","LOB":"GBS","LY":824113994.311239481,"3LM":750090715.3607007265,"LM":763607839.9594300985,"BP":826470089.221840024,"Actual":321737997.0144720078,"Gap":-504732092.2073680162,"vs BP":0.3892917617,"vs LY":-0.6095952754,"vs 3LM":-0.571067885,"vs LM":-0.5786606944}
{"Nama Depo":"Depo Tanjung","LOB":"MBR","LY":26303614.1508390009,"3LM":71234245.1786943227,"LM":51140826.3682200015,"BP":57547953.8357400596,"Actual":78403265.692028001,"Gap":20855311.8562879413,"vs BP":1.3623988425,"vs LY":1.9807031552,"vs 3LM":0.1006400853,"vs LM":0.5330856238}
{"Nama Depo":"Depo Tanjung","LOB":"HGJ","LY":3553152.8314390001,"3LM":954465.2242303332,"LM":1192087.4699999995,"BP":577712.8483900002,"Actual":1460485.6299999999,"Gap":882772.7816099997,"vs BP":2.5280476868,"vs LY":-0.5889606501,"vs 3LM":0.530161176,"vs LM":0.2251497199}
{"Nama Depo":"Depo Tanjung","LOB":"RANS","LY":16109207.5571539942,"3LM":27832992.14549933,"LM":30690099.4718850516,"BP":46124387.6675799936,"Actual":16470628.9799999855,"Gap":-29653758.6875800081,"vs BP":0.3570915477,"vs LY":0.0224357046,"vs 3LM":-0.408233621,"vs LM":-0.4633243533}
{"Nama Depo":"Depo Tanjung","LOB":"GSJ","LY":339008.947657,"3LM":174712.2955556667,"LM":57207.208197,"BP":20891472.3402800001,"Actual":0.0,"Gap":-20891472.3402800001,"vs BP":0.0,"vs LY":-1.0,"vs 3LM":-1.0,"vs LM":-1.0}
{"Nama Depo":"Depo Tanjung","LOB":"ABBOTT","LY":0.0,"3LM":7455985.5866666669,"LM":4919999.9900000012,"BP":25000000.0,"Actual":9174474.7799999993,"Gap":-15825525.2200000007,"vs BP":0.3669789912,"vs LY":0.0,"vs 3LM":0.2304845112,"vs LM":0.8647306501}
{"Nama Depo":"Depo Tanjung","LOB":"FLORA","LY":0.0,"3LM":44712425.1837460175,"LM":58225666.6572730392,"BP":180000000.0,"Actual":115212255.0699999481,"Gap":-64787744.9300000519,"vs BP":0.6400680837,"vs LY":0.0,"vs 3LM":1.5767391189,"vs LM":0.9787193807}
{"Nama Depo":"Depo Tanjung","LOB":"TOTAL","LY":2765662020.4889774323,"3LM":3164073978.7518596649,"LM":3271372237.3201522827,"BP":3374392735.2392101288,"Actual":1653996559.7316188812,"Gap":-1720396175.5075912476,"vs BP":0.4901612496,"vs LY":-0.4019527522,"vs 3LM":-0.4772573047,"vs LM":-0.4944028256}
