{"Nama Depo":"Depo Tanjung","LOB":"GPPJ","LY":1565567376.9705016613,"3LM":1985265278.8707666397,"LM":1973199592.5909209251,"BP":1823418013.9879791737,"Actual":1011316644.4071439505,"Gap":-812101369.5808352232,"vs BP":0.5546268802,"vs LY":-0.3540254739,"vs 3LM":-0.4905886608,"vs LM":-0.4874737213}
{"Nama Depo":"Depo Tanjung","LOB":"GEN","LY":156270607.6551820338,"3LM":154275952.6497037113,"LM":126361806.1303669363,"BP":237847373.9830009639,"Actual":88496731.4767560065,"Gap":-149350642.5062449574,"vs BP":0.3720736117,"vs LY":-0.4336956079,"vs 3LM":-0.4263737805,"vs LM":-0.2996560101}
{"Nama Depo":"Depo Tanjung","LOB":"GBS","LY":967402342.894677043,"3LM":799443080.9576722383,"LM":639255556.7395851612,"BP":1187952073.3059978485,"Actual":310919724.6032323837,"Gap":-877032348.7027654648,"vs BP":0.2617274986,"vs LY":-0.6786035026,"vs 3LM":-0.6110795978,"vs LM":-0.5136221792}
{"Nama Depo":"Depo Tanjung","LOB":"MBR","LY":22134030.6284710057,"3LM":31617955.6074570082,"LM":41035629.102203995,"BP":28527349.9734999426,"Actual":30327217.4730080105,"Gap":1799867.499508068,"vs BP":1.0630926988,"vs LY":0.3701624427,"vs 3LM":-0.0408229473,"vs LM":-0.2609540018}
{"Nama Depo":"Depo Tanjung","LOB":"HGJ","LY":2189425.0356699997,"3LM":854074.3955853333,"LM":1191820.5567559998,"BP":4186052.1349999895,"Actual":1672287.3721600003,"Gap":-2513764.7628399893,"vs BP":0.3994903356,"vs LY":-0.236197931,"vs 3LM":0.9580113639,"vs LM":0.4031368755}
{"Nama Depo":"Depo Tanjung","LOB":"RANS","LY":0.0,"3LM":38168354.6389716566,"LM":33878314.9717780054,"BP":7573437.4189999923,"Actual":18500998.5800000057,"Gap":10927561.1610000134,"vs BP":2.4428799707,"vs LY":0.0,"vs 3LM":-0.5152791166,"vs LM":-0.4538985013}
{"Nama Depo":"Depo Tanjung","LOB":"GSJ","LY":2559999.4596290006,"3LM":414001.0418273333,"LM":248468.437114,"BP":5850441.5860000048,"Actual":250622.49,"Gap":-5599819.0960000046,"vs BP":0.0428382176,"vs LY":-0.9021005692,"vs 3LM":-0.3946331901,"vs LM":0.008669322}
{"Nama Depo":"Depo Tanjung","LOB":"ABBOTT","LY":0.0,"3LM":16423085.8033333328,"LM":32567425.0799999945,"BP":0.0,"Actual":1094490.99,"Gap":1094490.99,"vs BP":1.0,"vs LY":0.0,"vs 3LM":-0.9333565566,"vs LM":-0.9663930757}
{"Nama Depo":"Depo Tanjung","LOB":"TOTAL","LY":2716123782.6441307068,"3LM":3026461783.9653177261,"LM":2847738613.6087245941,"BP":3295354742.3904776573,"Actual":1462578717.3923001289,"Gap":-1832776024.9981775284,"vs BP":0.4438304315,"vs LY":-0.461519859,"vs 3LM":-0.5167364329,"vs LM":-0.486406965}
