{"Nama Depo":"Depo Tanjung","LOB":"GPPJ","LY":1882394184.1284599304,"3LM":2055153107.6400477886,"LM":2103830201.5635921955,"BP":2515444048.877017498,"Actual":485847398.6484481096,"Gap":-2029596650.2285695076,"vs BP":0.1931457783,"vs LY":-0.7418992245,"vs 3LM":-0.7635955215,"vs LM":-0.769065299}
{"Nama Depo":"Depo Tanjung","LOB":"GEN","LY":173228282.7921449542,"3LM":156553820.6698176563,"LM":130398418.7274380028,"BP":244561027.1687497795,"Actual":59806855.3757589459,"Gap":-184754171.7929908335,"vs BP":0.2445477763,"vs LY":-0.654751208,"vs 3LM":-0.6179789473,"vs LM":-0.5413529093}
{"Nama Depo":"Depo Tanjung","LOB":"GBS","LY":626859126.1698743105,"3LM":781903260.8447831869,"LM":714030160.1945903301,"BP":786998915.0469999313,"Actual":134924368.3006658554,"Gap":-652074546.7463340759,"vs BP":0.1714416192,"vs LY":-0.7847612603,"vs 3LM":-0.8274410978,"vs LM":-0.8110382785}
{"Nama Depo":"Depo Tanjung","LOB":"MBR","LY":29382260.8328159973,"3LM":77269006.9773583263,"LM":78470512.6722519994,"BP":37975209.3892500028,"Actual":9816773.8741279989,"Gap":-28158435.5151220039,"vs BP":0.2585047991,"vs LY":-0.6658945365,"vs 3LM":-0.8729532803,"vs LM":-0.8748985633}
{"Nama Depo":"Depo Tanjung","LOB":"HGJ","LY":2022522.3064839998,"3LM":2514889.5624720003,"LM":1119956.799997,"BP":646616.9519999998,"Actual":345739.67,"Gap":-300877.2819999998,"vs BP":0.5346900803,"vs LY":-0.8290552006,"vs 3LM":-0.8625229214,"vs LM":-0.6912919588}
{"Nama Depo":"Depo Tanjung","LOB":"RANS","LY":16830127.7631560043,"3LM":26266167.7196889967,"LM":19405993.2741880007,"BP":46124387.6675000638,"Actual":8935827.1900000051,"Gap":-37188560.4775000587,"vs BP":0.1937332427,"vs LY":-0.4690576735,"vs 3LM":-0.6597970711,"vs LM":-0.539532604}
{"Nama Depo":"Depo Tanjung","LOB":"GSJ","LY":1888107.6249540003,"3LM":339472.941651,"LM":177194.577027,"BP":1209604.5892499997,"Actual":0.0,"Gap":-1209604.5892499997,"vs BP":0.0,"vs LY":-1.0,"vs 3LM":-1.0,"vs LM":-1.0}
{"Nama Depo":"Depo Tanjung","LOB":"ABBOTT","LY":0.0,"3LM":15961279.2833333332,"LM":9091540.5500000007,"BP":25000000.0,"Actual":2868223.4199999999,"Gap":-22131776.5799999982,"vs BP":0.1147289368,"vs LY":0.0,"vs 3LM":-0.820301157,"vs LM":-0.6845173374}
{"Nama Depo":"Depo Tanjung","LOB":"FLORA","LY":0.0,"3LM":25303869.6313216649,"LM":75911608.8939650059,"BP":180000000.0,"Actual":18420676.5700000003,"Gap":-161579323.4300000072,"vs BP":0.1023370921,"vs LY":0.0,"vs 3LM":-0.2720213612,"vs LM":-0.7573404537}
{"Nama Depo":"Depo Tanjung","LOB":"TOTAL","LY":2732604611.6178898811,"3LM":3141264875.2704734802,"LM":3132435587.2530498505,"BP":3837959809.6907672882,"Actual":720965863.0490009785,"Gap":-3116993946.6417660713,"vs BP":0.1878513322,"vs LY":-0.7361616606,"vs 3LM":-0.7704854918,"vs LM":-0.7698385672}
