{"Nama Depo":"Depo Tanjung","LOB":"GPPJ","LY":1901632981.9230952263,"3LM":2070077456.0482022762,"LM":2050679638.4514555931,"BP":1954774544.8652336597,"Actual":1663314642.0602226257,"Gap":-291459902.805011034,"vs BP":0.850898456,"vs LY":-0.1253229946,"vs 3LM":-0.1964964223,"vs LM":-0.18889591}
{"Nama Depo":"Depo Tanjung","LOB":"GEN","LY":216283831.7845280766,"3LM":173299212.417573601,"LM":138408544.3927600384,"BP":244270536.4049595892,"Actual":101216182.5569530278,"Gap":-143054353.8480065465,"vs BP":0.4143609952,"vs LY":-0.5320215028,"vs 3LM":-0.4159455133,"vs LM":-0.2687143485}
{"Nama Depo":"Depo Tanjung","LOB":"GBS","LY":880647260.1716116667,"3LM":797560850.8923310041,"LM":772634145.9280905724,"BP":1086832773.0494003296,"Actual":406967961.4486011267,"Gap":-679864811.6007992029,"vs BP":0.3744531556,"vs LY":-0.53787631,"vs 3LM":-0.4897342805,"vs LM":-0.4732720996}
{"Nama Depo":"Depo Tanjung","LOB":"MBR","LY":28249542.015250992,"3LM":71266523.0994866639,"LM":84091396.4956109971,"BP":60621348.0235999525,"Actual":69573374.5554890037,"Gap":8952026.5318890512,"vs BP":1.1476711888,"vs LY":1.4628142473,"vs 3LM":-0.0237579788,"vs LM":-0.1726457467}
{"Nama Depo":"Depo Tanjung","LOB":"HGJ","LY":444144.079184,"3LM":4000072.4660340003,"LM":551351.4026939999,"BP":10319102.0509200022,"Actual":655480.2121609999,"Gap":-9663621.8387590013,"vs BP":0.0635210514,"vs LY":0.4758278741,"vs 3LM":-0.8361329157,"vs LM":0.1888610584}
{"Nama Depo":"Depo Tanjung","LOB":"RANS","LY":2057069.9597250002,"3LM":31754905.4418043382,"LM":33402883.6904249899,"BP":7939647.0842000004,"Actual":14270780.1799999997,"Gap":6331133.0957999993,"vs BP":1.7974073695,"vs LY":5.9374306462,"vs 3LM":-0.5505960424,"vs LM":-0.5727680187}
{"Nama Depo":"Depo Tanjung","LOB":"GSJ","LY":1883603.1315000001,"3LM":455186.4469906666,"LM":289735.101443,"BP":11700883.1700799856,"Actual":149567.55,"Gap":-11551315.6200799849,"vs BP":0.0127825864,"vs LY":-0.920594977,"vs 3LM":-0.6714147555,"vs LM":-0.4837782883}
{"Nama Depo":"Depo Tanjung","LOB":"ABBOTT","LY":0.0,"3LM":15304340.839999998,"LM":8356416.2199999988,"BP":25000000.0,"Actual":5789745.0499999998,"Gap":-19210254.9499999993,"vs BP":0.231589802,"vs LY":0.0,"vs 3LM":-0.6216926223,"vs LM":-0.3071497521}
{"Nama Depo":"Depo Tanjung","LOB":"FLORA","LY":0.0,"3LM":0.0,"LM":0.0,"BP":180000000.0,"Actual":65346097.1799999774,"Gap":-114653902.8200000226,"vs BP":0.3630338732,"vs LY":0.0,"vs 3LM":0.0,"vs LM":0.0}
{"Nama Depo":"Depo Tanjung","LOB":"TOTAL","LY":3031198433.0648946762,"3LM":3163718547.652422905,"LM":3088414111.6824789047,"BP":3581458834.648393631,"Actual":2327283830.7934269905,"Gap":-1254175003.8549668789,"vs BP":0.6498144857,"vs LY":-0.2322232008,"vs 3LM":-0.264383416,"vs LM":-0.2464469638}
