{"Nama Depo":"Depo Tanjung","LOB":"GPPJ","LY":1940562557.4670436382,"3LM":1917061467.955073595,"LM":2309064873.3729829788,"BP":2171900000,"Actual":1929969374.7894666195,"Gap":-241930625.2105333805,"vs BP":0.8886087641,"vs LY":-0.0054588205,"vs 3LM":0.0067331732,"vs LM":-0.1641770671}
{"Nama Depo":"Depo Tanjung","LOB":"GEN","LY":197509715.8695499003,"3LM":171795543.7981422842,"LM":210263861.905661881,"BP":206600000,"Actual":171423724.8120309711,"Gap":-35176275.1879690289,"vs BP":0.8297372934,"vs LY":-0.1320744701,"vs 3LM":-0.002164311,"vs LM":-0.1847209346}
{"Nama Depo":"Depo Tanjung","LOB":"GBS","LY":835635799.7985346317,"3LM":796101878.4591341019,"LM":1072501687.0279831886,"BP":868300000,"Actual":632530532.8319109678,"Gap":-235769467.1680890322,"vs BP":0.7284700367,"vs LY":-0.2430547698,"vs 3LM":-0.2054653431,"vs LM":-0.4102288691}
{"Nama Depo":"Depo Tanjung","LOB":"MBR","LY":32369936.4113699943,"3LM":81564759.9003119618,"LM":71918447.5233659446,"BP":81200000,"Actual":73405931.3778449893,"Gap":-7794068.6221550107,"vs BP":0.9040139332,"vs LY":1.2677193568,"vs 3LM":-0.1000288425,"vs LM":0.020682925}
{"Nama Depo":"Depo Tanjung","LOB":"HGJ","LY":1007025.1835080001,"3LM":1934696.4266666665,"LM":1687428.8500000001,"BP":2000000,"Actual":1997745.0800000001,"Gap":-2254.9199999999,"vs BP":0.99887254,"vs LY":0.9838084615,"vs 3LM":0.032588396,"vs LM":0.183898853}
{"Nama Depo":"Depo Tanjung","LOB":"RANS","LY":44310964.1300000101,"3LM":36382790.2744229957,"LM":46164356.9029101282,"BP":35100000,"Actual":28555892.5800000131,"Gap":-6544107.4199999869,"vs BP":0.8135581932,"vs LY":-0.3555569566,"vs 3LM":-0.2151263725,"vs LM":-0.3814298629}
{"Nama Depo":"Depo Tanjung","LOB":"GSJ","LY":248468.407475,"3LM":82840.5385583333,"LM":248521.615675,"BP":200000,"Actual":417835.16,"Gap":217835.16,"vs BP":2.0891758,"vs LY":0.6816430074,"vs 3LM":4.0438489087,"vs LM":0.6812829696}
{"Nama Depo":"Depo Tanjung","LOB":"ABBOTT","LY":9895578.3300000001,"3LM":11446471.1733333319,"LM":11849724.3200000003,"BP":15000000,"Actual":12332090.9900000002,"Gap":-2667909.0099999998,"vs BP":0.8221393993,"vs LY":0.246222361,"vs 3LM":0.0773705541,"vs LM":0.0407069951}
{"Nama Depo":"Depo Tanjung","LOB":"FLORA","LY":0.0,"3LM":103232693.4518609792,"LM":67665078.4524449855,"BP":75000000,"Actual":53872690.1499999985,"Gap":-21127309.8500000015,"vs BP":0.7183025353,"vs LY":0.0,"vs 3LM":-0.4781431313,"vs LM":-0.2038331828}
{"Nama Depo":"Depo Tanjung","LOB":"TOTAL","LY":3061540045.5974807739,"3LM":3119603141.9775042534,"LM":3791363979.9710245132,"BP":3455300000,"Actual":2904505817.771253109,"Gap":-550794182.2287464142,"vs BP":0.8405943964,"vs LY":-0.0512925604,"vs 3LM":-0.0689502204,"vs LM":-0.2339153315}
