{"Nama Depo":"Depo Tanjung","LOB":"GPPJ","LY":1811943606.5821352005,"3LM":1985265278.8707706928,"LM":0,"BP":1823418013.9879791737,"Actual":1811943606.5821354389,"Gap":-11474407.4058437347,"vs BP":0.9937071986,"vs LY":2.220446049e-16,"vs 3LM":-0.0873040365,"vs LM":0}
{"Nama Depo":"Depo Tanjung","LOB":"GEN","LY":152756231.6159870028,"3LM":154275952.6497037113,"LM":0,"BP":237847373.9830009639,"Actual":152756231.6159870028,"Gap":-85091142.3670139611,"vs BP":0.6422447684,"vs LY":0.0,"vs 3LM":-0.009850667,"vs LM":0}
{"Nama Depo":"Depo Tanjung","LOB":"GBS","LY":522756815.5595846772,"3LM":799443080.9576722383,"LM":0,"BP":1187952073.3059978485,"Actual":522756815.5595846772,"Gap":-665195257.7464132309,"vs BP":0.4400487421,"vs LY":0.0,"vs 3LM":-0.346098768,"vs LM":0}
{"Nama Depo":"Depo Tanjung","LOB":"MBR","LY":52695765.1538649946,"3LM":31617955.6074570008,"LM":0,"BP":28527349.9734999426,"Actual":52695765.1538649946,"Gap":24168415.1803650521,"vs BP":1.8472015523,"vs LY":0.0,"vs 3LM":0.666640494,"vs LM":0}
{"Nama Depo":"Depo Tanjung","LOB":"HGJ","LY":3569199.1424150001,"3LM":854074.3955853336,"LM":0,"BP":4186052.1349999895,"Actual":3569199.1424150001,"Gap":-616852.9925849894,"vs BP":0.852640872,"vs LY":0.0,"vs 3LM":3.1790260437,"vs LM":0}
{"Nama Depo":"Depo Tanjung","LOB":"RANS","LY":31629930.5600000024,"3LM":38168354.6389716715,"LM":0,"BP":7573437.4189999923,"Actual":31629930.5600000024,"Gap":24056493.1410000101,"vs BP":4.1764299102,"vs LY":0.0,"vs 3LM":-0.1713048451,"vs LM":0}
{"Nama Depo":"Depo Tanjung","LOB":"GSJ","LY":444772.03,"3LM":414001.0418273333,"LM":0,"BP":5850441.5860000048,"Actual":444772.03,"Gap":-5405669.5560000045,"vs BP":0.0760236682,"vs LY":0.0,"vs 3LM":0.0743258713,"vs LM":0}
{"Nama Depo":"Depo Tanjung","LOB":"ABBOTT","LY":7120725.2199999997,"3LM":16423085.8033333328,"LM":0,"BP":0.0,"Actual":7120725.2199999997,"Gap":7120725.2199999997,"vs BP":1.0,"vs LY":0.0,"vs 3LM":-0.5664197761,"vs LM":0}
{"Nama Depo":"Depo Tanjung","LOB":"TOTAL","LY":2582917045.863986969,"3LM":3026461783.9653215408,"LM":0,"BP":3295354742.3904776573,"Actual":2582917045.863986969,"Gap":-712437696.5264906883,"vs BP":0.7838054619,"vs LY":0.0,"vs 3LM":-0.146555539,"vs LM":0}
