{"Nama Depo":"Depo Tanjung","LOB":"GPPJ","LY":1901632981.9230952263,"3LM":2070077456.04819417,"LM":2050679638.451464653,"BP":1954774544.8652336597,"Actual":1320737124.6927864552,"Gap":-634037420.1724472046,"vs BP":0.6756467789,"vs LY":-0.3054721194,"vs 3LM":-0.3619866151,"vs LM":-0.35595151}
{"Nama Depo":"Depo Tanjung","LOB":"GEN","LY":216283831.7845280766,"3LM":173299212.4175736606,"LM":138408544.3927599788,"BP":244270536.4049595892,"Actual":69457156.2201500237,"Gap":-174813380.1848095655,"vs BP":0.2843452069,"vs LY":-0.6788610797,"vs 3LM":-0.5992067405,"vs LM":-0.4981729161}
{"Nama Depo":"Depo Tanjung","LOB":"GBS","LY":880647260.1716116667,"3LM":797560850.8923306465,"LM":772634145.9280903339,"BP":1086832773.0494003296,"Actual":261723512.0781510472,"Gap":-825109260.971249342,"vs BP":0.2408130474,"vs LY":-0.7028055115,"vs 3LM":-0.6718450864,"vs LM":-0.6612581602}
{"Nama Depo":"Depo Tanjung","LOB":"MBR","LY":28249542.015250992,"3LM":71266523.0994866341,"LM":84091396.4956109971,"BP":60621348.0235999525,"Actual":51725981.8149749786,"Gap":-8895366.2086249739,"vs BP":0.8532634707,"vs LY":0.8310378904,"vs 3LM":-0.2741896256,"vs LM":-0.3848837816}
{"Nama Depo":"Depo Tanjung","LOB":"HGJ","LY":444144.079184,"3LM":4000072.4660340003,"LM":551351.4026939999,"BP":10319102.0509200022,"Actual":624657.682161,"Gap":-9694444.3687590025,"vs BP":0.0605341123,"vs LY":0.4064302812,"vs 3LM":-0.8438384086,"vs LM":0.1329574553}
{"Nama Depo":"Depo Tanjung","LOB":"RANS","LY":2057069.9597250002,"3LM":31754905.4418043196,"LM":33402883.6904249862,"BP":7939647.0842000004,"Actual":11983263.7199999951,"Gap":4043616.6357999947,"vs BP":1.5092942536,"vs LY":4.8254040721,"vs 3LM":-0.6226326751,"vs LM":-0.6412506228}
{"Nama Depo":"Depo Tanjung","LOB":"GSJ","LY":1883603.1315000001,"3LM":455186.4469906666,"LM":289735.101443,"BP":11700883.1700799856,"Actual":110486.47,"Gap":-11590396.700079985,"vs BP":0.0094425753,"vs LY":-0.9413430206,"vs 3LM":-0.7572720569,"vs LM":-0.6186638435}
{"Nama Depo":"Depo Tanjung","LOB":"ABBOTT","LY":0.0,"3LM":15304340.839999998,"LM":8356416.2200000007,"BP":25000000.0,"Actual":4801904.5099999998,"Gap":-20198095.4900000021,"vs BP":0.1920761804,"vs LY":0.0,"vs 3LM":-0.6862390507,"vs LM":-0.425363172}
{"Nama Depo":"Depo Tanjung","LOB":"FLORA","LY":0.0,"3LM":0.0,"LM":0.0,"BP":180000000.0,"Actual":53982896.2700000107,"Gap":-126017103.7299999893,"vs BP":0.2999049793,"vs LY":0.0,"vs 3LM":0.0,"vs LM":0.0}
{"Nama Depo":"Depo Tanjung","LOB":"TOTAL","LY":3031198433.0648946762,"3LM":3163718547.6524143219,"LM":3088414111.6824879646,"BP":3581458834.648393631,"Actual":1775146983.4582235813,"Gap":-1806311851.1901700497,"vs BP":0.4956491378,"vs LY":-0.4143745378,"vs 3LM":-0.4389048973,"vs LM":-0.4252237818}
