{"Nama Depo":"Depo Tanjung","LOB":"GPPJ","LY":1888564794.0068855286,"3LM":1853469490.6937739849,"LM":2007531621.9398741722,"BP":2171900000,"Actual":875977400.8388334513,"Gap":-1295922599.1611666679,"vs BP":0.4033230816,"vs LY":-0.5361676742,"vs 3LM":-0.5273850445,"vs LM":-0.5636544943}
{"Nama Depo":"Depo Tanjung","LOB":"GEN","LY":179644000.3651348948,"3LM":175806695.2735170424,"LM":156944325.7408429384,"BP":206600000,"Actual":89415765.7001430094,"Gap":-117184234.2998569906,"vs BP":0.4327965426,"vs LY":-0.5022613306,"vs 3LM":-0.491397267,"vs LM":-0.4302707965}
{"Nama Depo":"Depo Tanjung","LOB":"GBS","LY":913983529.8014849424,"3LM":693137262.7696121931,"LM":896411392.7345170975,"BP":868300000,"Actual":320077559.9355571866,"Gap":-548222440.064442873,"vs BP":0.3686255441,"vs LY":-0.6497994225,"vs 3LM":-0.5382190843,"vs LM":-0.6429345248}
{"Nama Depo":"Depo Tanjung","LOB":"MBR","LY":32468442.7200169973,"3LM":74638886.1819300056,"LM":84697217.8355250657,"BP":81200000,"Actual":25581389.6833969988,"Gap":-55618610.3166030049,"vs BP":0.3150417449,"vs LY":-0.2121152867,"vs 3LM":-0.6572645843,"vs LM":-0.6979665881}
{"Nama Depo":"Depo Tanjung","LOB":"HGJ","LY":1513765.6537800001,"3LM":1769582.6333333328,"LM":1554209.9299999999,"BP":2000000,"Actual":222030.63,"Gap":-1777969.3700000001,"vs BP":0.111015315,"vs LY":-0.8533256258,"vs 3LM":-0.8745293801,"vs LM":-0.8571424454}
{"Nama Depo":"Depo Tanjung","LOB":"RANS","LY":28002263.114265006,"3LM":31224704.464081347,"LM":39627880.4775220901,"BP":35100000,"Actual":16841008.5300000086,"Gap":-18258991.4699999914,"vs BP":0.4798008128,"vs LY":-0.3985840194,"vs 3LM":-0.4606511473,"vs LM":-0.5750212142}
{"Nama Depo":"Depo Tanjung","LOB":"GSJ","LY":341351.316215,"3LM":19069.069399,"LM":0.0,"BP":200000,"Actual":247845.94,"Gap":47845.94,"vs BP":1.2392297,"vs LY":-0.2739271002,"vs 3LM":11.9972750539,"vs LM":0.0}
{"Nama Depo":"Depo Tanjung","LOB":"ABBOTT","LY":0.0,"3LM":9136563.0633333307,"LM":6457331.54,"BP":15000000,"Actual":2544696.3900000001,"Gap":-12455303.6099999994,"vs BP":0.169646426,"vs LY":0.0,"vs 3LM":-0.7214820965,"vs LM":-0.6059213664}
{"Nama Depo":"Depo Tanjung","LOB":"FLORA","LY":0.0,"3LM":100086222.8534703851,"LM":100217635.1153399944,"BP":75000000,"Actual":26836366.7299999967,"Gap":-48163633.2700000033,"vs BP":0.3578182231,"vs LY":0.0,"vs 3LM":-0.7318675242,"vs LM":-0.7322191179}
{"Nama Depo":"Depo Tanjung","LOB":"TOTAL","LY":3044518146.9777822495,"3LM":2939288477.0024504662,"LM":3293441615.3136205673,"BP":3455300000,"Actual":1357744064.3779308796,"Gap":-2097555935.6220691204,"vs BP":0.392945349,"vs LY":-0.5540364686,"vs 3LM":-0.5380704973,"vs LM":-0.5877430898}
