{"Nama Depo":"Depo Tanjung","LOB":"GPPJ","LY":1901632981.9230952263,"3LM":2070077456.0481965542,"LM":2050679638.451458931,"BP":1954774544.8652336597,"Actual":897710585.009278059,"Gap":-1057063959.8559556007,"vs BP":0.4592399606,"vs LY":-0.527926475,"vs 3LM":-0.5663396158,"vs LM":-0.5622375294}
{"Nama Depo":"Depo Tanjung","LOB":"GEN","LY":216283831.7845280766,"3LM":173299212.417573601,"LM":138408544.3927600384,"BP":244270536.4049595892,"Actual":47040029.6640560031,"Gap":-197230506.7409035861,"vs BP":0.1925734899,"vs LY":-0.7825078774,"vs 3LM":-0.7285617805,"vs LM":-0.6601363747}
{"Nama Depo":"Depo Tanjung","LOB":"GBS","LY":880647260.1716116667,"3LM":797560850.8923305273,"LM":772634145.9280906916,"BP":1086832773.0494003296,"Actual":157394720.2725640535,"Gap":-929438052.7768362761,"vs BP":0.1448196302,"vs LY":-0.8212738205,"vs 3LM":-0.802654907,"vs LM":-0.7962881642}
{"Nama Depo":"Depo Tanjung","LOB":"MBR","LY":28249542.015250992,"3LM":71266523.0994866341,"LM":84091396.4956109971,"BP":60621348.0235999525,"Actual":34273368.3517530039,"Gap":-26347979.6718469486,"vs BP":0.565367968,"vs LY":0.2132362476,"vs 3LM":-0.5190817952,"vs LM":-0.5924271711}
{"Nama Depo":"Depo Tanjung","LOB":"HGJ","LY":444144.079184,"3LM":4000072.4660340003,"LM":551351.4026939999,"BP":10319102.0509200022,"Actual":598226.145945,"Gap":-9720875.9049750026,"vs BP":0.057972694,"vs LY":0.3469191057,"vs 3LM":-0.8504461729,"vs LM":0.0850179088}
{"Nama Depo":"Depo Tanjung","LOB":"RANS","LY":2057069.9597250002,"3LM":31754905.4418043308,"LM":33402883.6904249974,"BP":7939647.0842000004,"Actual":9289755.2399999984,"Gap":1350108.155799998,"vs BP":1.1700463687,"vs LY":3.5160132722,"vs 3LM":-0.7074544827,"vs LM":-0.7218876272}
{"Nama Depo":"Depo Tanjung","LOB":"GSJ","LY":1883603.1315000001,"3LM":455186.4469906666,"LM":289735.101443,"BP":11700883.1700799856,"Actual":0.0,"Gap":-11700883.1700799856,"vs BP":0.0,"vs LY":-1.0,"vs 3LM":-1.0,"vs LM":-1.0}
{"Nama Depo":"Depo Tanjung","LOB":"ABBOTT","LY":0.0,"3LM":15304340.839999998,"LM":8356416.2200000007,"BP":25000000.0,"Actual":4801904.5099999998,"Gap":-20198095.4900000021,"vs BP":0.1920761804,"vs LY":0.0,"vs 3LM":-0.6862390507,"vs LM":-0.425363172}
{"Nama Depo":"Depo Tanjung","LOB":"FLORA","LY":0.0,"3LM":0.0,"LM":0.0,"BP":180000000.0,"Actual":48207416.980000034,"Gap":-131792583.019999966,"vs BP":0.2678189832,"vs LY":0.0,"vs 3LM":0.0,"vs LM":0.0}
{"Nama Depo":"Depo Tanjung","LOB":"TOTAL","LY":3031198433.0648946762,"3LM":3163718547.6524167061,"LM":3088414111.6824827194,"BP":3581458834.648393631,"Actual":1199316006.1735961437,"Gap":-2382142828.4747972488,"vs BP":0.3348680137,"vs LY":-0.604342628,"vs 3LM":-0.6209157079,"vs LM":-0.6116725404}
