{"Nama Depo":"Depo Tanjung","LOB":"GPPJ","LY":1565567376.9705016613,"3LM":1985265278.8707687855,"LM":2148603246.7880415916,"BP":1823418013.9879875183,"Actual":2148603246.7880401611,"Gap":325185232.8000526428,"vs BP":1.1783382803,"vs LY":0.372411867,"vs 3LM":0.0822751345,"vs LM":-6.661338148e-16}
{"Nama Depo":"Depo Tanjung","LOB":"GEN","LY":156270607.6551820338,"3LM":154275952.6497037113,"LM":180634593.9707059562,"BP":237847373.9830008149,"Actual":180634593.970705986,"Gap":-57212780.0122948289,"vs BP":0.7594559105,"vs LY":0.1559089497,"vs 3LM":0.1708538555,"vs LM":2.220446049e-16}
{"Nama Depo":"Depo Tanjung","LOB":"GBS","LY":967402342.894677043,"3LM":799443080.957672596,"LM":761002930.3372335434,"BP":1187952073.3059985638,"Actual":761002930.3372341394,"Gap":-426949142.9687644243,"vs BP":0.6406007005,"vs LY":-0.2133542616,"vs 3LM":-0.0480836617,"vs LM":8.881784197e-16}
{"Nama Depo":"Depo Tanjung","LOB":"MBR","LY":22134030.6284710057,"3LM":31617955.6074570008,"LM":60771005.6728600189,"BP":28527349.9735000692,"Actual":60771005.6728600115,"Gap":32243655.6993599422,"vs BP":2.1302716772,"vs LY":1.7455914692,"vs 3LM":0.9220409576,"vs LM":-1.110223025e-16}
{"Nama Depo":"Depo Tanjung","LOB":"HGJ","LY":2189425.0356699997,"3LM":854074.3955853336,"LM":5575505.5106830001,"BP":4186052.1350000016,"Actual":5575505.5106830001,"Gap":1389453.3756829984,"vs BP":1.3319245272,"vs LY":1.5465615035,"vs 3LM":5.5281262844,"vs LM":0.0}
{"Nama Depo":"Depo Tanjung","LOB":"RANS","LY":0.0,"3LM":38168354.6389716566,"LM":35511475.8100000098,"BP":7573437.4190000128,"Actual":35511475.8100000024,"Gap":27938038.3909999877,"vs BP":4.6889508483,"vs LY":0.0,"vs 3LM":-0.0696094672,"vs LM":-2.220446049e-16}
{"Nama Depo":"Depo Tanjung","LOB":"GSJ","LY":2559999.4596290006,"3LM":414001.0418273333,"LM":444772.0299999999,"BP":5850441.5859999955,"Actual":444772.0299999999,"Gap":-5405669.5559999952,"vs BP":0.0760236682,"vs LY":-0.8262608891,"vs 3LM":0.0743258713,"vs LM":0.0}
{"Nama Depo":"Depo Tanjung","LOB":"ABBOTT","LY":0.0,"3LM":16423085.8033333328,"LM":7120725.2199999988,"BP":0.0,"Actual":7120725.2199999988,"Gap":7120725.2199999988,"vs BP":1.0,"vs LY":0.0,"vs 3LM":-0.5664197761,"vs LM":0.0}
{"Nama Depo":"Depo Tanjung","LOB":"TOTAL","LY":2716123782.6441307068,"3LM":3026461783.9653201103,"LM":3199664255.3395242691,"BP":3295354742.3904876709,"Actual":3199664255.3395233154,"Gap":-95690487.0509643555,"vs BP":0.9709620073,"vs LY":0.1780259338,"vs 3LM":0.0572293601,"vs LM":-3.330669074e-16}
