{"Nama Depo":"Depo Tanjung","LOB":"GPPJ","LY":1888564794.0068852901,"3LM":1853469490.6937577724,"LM":2007531621.9399130344,"BP":2171900000,"Actual":1903826359.0368680954,"Gap":-268073640.9631319046,"vs BP":0.8765718307,"vs LY":0.0080810386,"vs 3LM":0.0271689761,"vs LM":-0.0516580968}
{"Nama Depo":"Depo Tanjung","LOB":"GEN","LY":179644000.3651349247,"3LM":175806695.2735169828,"LM":156944325.7408429086,"BP":206600000,"Actual":179349414.9588899314,"Gap":-27250585.0411100686,"vs BP":0.868099782,"vs LY":-0.0016398288,"vs 3LM":0.0201512217,"vs LM":0.1427581986}
{"Nama Depo":"Depo Tanjung","LOB":"GBS","LY":913983529.8014848232,"3LM":693137262.7696092129,"LM":896411392.7345110178,"BP":868300000,"Actual":773645913.150567174,"Gap":-94654086.849432826,"vs BP":0.8909891894,"vs LY":-0.153545017,"vs 3LM":0.1161510926,"vs LM":-0.1369521635}
{"Nama Depo":"Depo Tanjung","LOB":"MBR","LY":32468442.7200169936,"3LM":74638886.1819299906,"LM":84697217.8355250061,"BP":81200000,"Actual":66875967.0207389668,"Gap":-14324032.9792610332,"vs BP":0.823595653,"vs LY":1.0597220383,"vs 3LM":-0.104006364,"vs LM":-0.2104112894}
{"Nama Depo":"Depo Tanjung","LOB":"HGJ","LY":1513765.6537800001,"3LM":1769582.6333333338,"LM":1554209.9299999999,"BP":2000000,"Actual":1287774.79,"Gap":-712225.21,"vs BP":0.643887395,"vs LY":-0.1492905214,"vs 3LM":-0.2722720229,"vs LM":-0.1714280258}
{"Nama Depo":"Depo Tanjung","LOB":"RANS","LY":28002263.114265006,"3LM":31224704.4640813433,"LM":39627880.4775220826,"BP":35100000,"Actual":40534066.2800000161,"Gap":5434066.2800000161,"vs BP":1.1548167031,"vs LY":0.4475282271,"vs 3LM":0.2981409104,"vs LM":0.02286738}
{"Nama Depo":"Depo Tanjung","LOB":"GSJ","LY":341351.316215,"3LM":19069.069399,"LM":0.0,"BP":200000,"Actual":247845.94,"Gap":47845.94,"vs BP":1.2392297,"vs LY":-0.2739271002,"vs 3LM":11.9972750539,"vs LM":0.0}
{"Nama Depo":"Depo Tanjung","LOB":"ABBOTT","LY":0.0,"3LM":9136563.0633333325,"LM":6457331.54,"BP":15000000,"Actual":11849724.3200000022,"Gap":-3150275.6799999978,"vs BP":0.7899816213,"vs LY":0.0,"vs 3LM":0.2969564417,"vs LM":0.8350806748}
{"Nama Depo":"Depo Tanjung","LOB":"FLORA","LY":0.0,"3LM":100086222.8534703851,"LM":100217635.1153400093,"BP":75000000,"Actual":54887792.8299999982,"Gap":-20112207.1700000018,"vs BP":0.7318372377,"vs LY":0.0,"vs 3LM":-0.4515949222,"vs LM":-0.4523140287}
{"Nama Depo":"Depo Tanjung","LOB":"TOTAL","LY":3044518146.9777817726,"3LM":2939288477.0024313927,"LM":3293441615.3136539459,"BP":3455300000,"Actual":3032504858.3270645142,"Gap":-422795141.6729357839,"vs BP":0.877638659,"vs LY":-0.0039458752,"vs 3LM":0.0317139274,"vs LM":-0.0792292038}
