{"Nama Depo":"Depo Tanjung","LOB":"GPPJ","LY":3704900166.338848114,"3LM":1974386267.1628036499,"LM":0,"BP":1753822107.9750654697,"Actual":1658916903.2081024647,"Gap":-94905204.7669630051,"vs BP":0.9458866413,"vs LY":-0.5522370837,"vs 3LM":-0.1597809756,"vs LM":0}
{"Nama Depo":"Depo Tanjung","LOB":"GEN","LY":303366007.4669252038,"3LM":177991922.5627648532,"LM":0,"BP":217672761.8423804641,"Actual":111398505.9524680078,"Gap":-106274255.8899124563,"vs BP":0.5117705358,"vs LY":-0.6327917327,"vs 3LM":-0.374137296,"vs LM":0}
{"Nama Depo":"Depo Tanjung","LOB":"GBS","LY":1390619851.0294733047,"3LM":864903161.9773272276,"LM":0,"BP":1150270311.7162423134,"Actual":484825046.1049793959,"Gap":-665445265.6112629175,"vs BP":0.4214879243,"vs LY":-0.6513604737,"vs 3LM":-0.4394458624,"vs LM":0}
{"Nama Depo":"Depo Tanjung","LOB":"MBR","LY":66545314.7070139796,"3LM":28729391.3771789931,"LM":0,"BP":33946538.7586000189,"Actual":36355259.6521920115,"Gap":2408720.8935919926,"vs BP":1.0709563031,"vs LY":-0.4536766441,"vs 3LM":0.2654378638,"vs LM":0}
{"Nama Depo":"Depo Tanjung","LOB":"HGJ","LY":2144145.7367560002,"3LM":792475.9378360001,"LM":0,"BP":4871377.7905000169,"Actual":1191820.5567560003,"Gap":-3679557.2337440168,"vs BP":0.2446577966,"vs LY":-0.4441513297,"vs 3LM":0.5039201821,"vs LM":0}
{"Nama Depo":"Depo Tanjung","LOB":"RANS","LY":74704780.3150459677,"3LM":41645904.3583789691,"LM":0,"BP":7817789.5749199726,"Actual":28741647.0299999975,"Gap":20923857.4550800249,"vs BP":3.6764416277,"vs LY":-0.6152636162,"vs 3LM":-0.309856576,"vs LM":0}
{"Nama Depo":"Depo Tanjung","LOB":"GSJ","LY":641083.668918,"3LM":414001.0319476668,"LM":0,"BP":4254866.6079400014,"Actual":240251.32,"Gap":-4014615.2879400016,"vs BP":0.0564650651,"vs LY":-0.6252418652,"vs 3LM":-0.4196842484,"vs LM":0}
{"Nama Depo":"Depo Tanjung","LOB":"ABBOTT","LY":35573649.3699999973,"3LM":8865803.5533333328,"LM":0,"BP":0.0,"Actual":31140642.1999999993,"Gap":31140642.1999999993,"vs BP":0.0,"vs LY":-0.1246149116,"vs 3LM":2.5124444178,"vs LM":0}
{"Nama Depo":"Depo Tanjung","LOB":"TOTAL","LY":5578494998.6329813004,"3LM":3097728927.9615707397,"LM":0,"BP":3172655754.2656493187,"Actual":2352810076.0244979858,"Gap":-819845678.2411513329,"vs BP":0.7415900931,"vs LY":-0.5782356932,"vs 3LM":-0.240472575,"vs LM":0}
