{"Nama Depo":"Depo Tanjung","LOB":"GPPJ","LY":1888564794.0068850517,"3LM":1853469490.6937682629,"LM":2007531621.9399261475,"BP":2171900000,"Actual":2149054018.2834610939,"Gap":-22845981.7165389061,"vs BP":0.9894811079,"vs LY":0.1379297258,"vs 3LM":0.1594763383,"vs LM":0.0704957246}
{"Nama Depo":"Depo Tanjung","LOB":"GEN","LY":179644000.3651348948,"3LM":175806695.2735168934,"LM":156944325.740842998,"BP":206600000,"Actual":192906504.226679951,"Gap":-13693495.773320049,"vs BP":0.9337197688,"vs LY":0.0738265894,"vs 3LM":0.0972648336,"vs LM":0.2291397176}
{"Nama Depo":"Depo Tanjung","LOB":"GBS","LY":913983529.8014848232,"3LM":693137262.769608736,"LM":896411392.734513402,"BP":868300000,"Actual":928409074.2414631844,"Gap":60109074.2414631844,"vs BP":1.0692261594,"vs LY":0.0157831558,"vs 3LM":0.3394303324,"vs LM":0.0356953088}
{"Nama Depo":"Depo Tanjung","LOB":"MBR","LY":32468442.7200169936,"3LM":74638886.1819300056,"LM":84697217.8355249912,"BP":81200000,"Actual":71200137.2949659675,"Gap":-9999862.7050340325,"vs BP":0.8768489815,"vs LY":1.192902749,"vs 3LM":-0.0460718141,"vs LM":-0.1593568347}
{"Nama Depo":"Depo Tanjung","LOB":"HGJ","LY":1513765.6537800001,"3LM":1769582.6333333328,"LM":1554209.9299999999,"BP":2000000,"Actual":1687428.8500000001,"Gap":-312571.1499999999,"vs BP":0.843714425,"vs LY":0.1147226427,"vs 3LM":-0.046425514,"vs LM":0.0857148815}
{"Nama Depo":"Depo Tanjung","LOB":"RANS","LY":28002263.114265006,"3LM":31224704.4640813358,"LM":39627880.4775220603,"BP":35100000,"Actual":42156775.5,"Gap":7056775.5,"vs BP":1.201047735,"vs LY":0.505477444,"vs 3LM":0.3501096719,"vs LM":0.0638160556}
{"Nama Depo":"Depo Tanjung","LOB":"GSJ","LY":341351.316215,"3LM":19069.069399,"LM":0.0,"BP":200000,"Actual":247845.94,"Gap":47845.94,"vs BP":1.2392297,"vs LY":-0.2739271002,"vs 3LM":11.9972750539,"vs LM":0.0}
{"Nama Depo":"Depo Tanjung","LOB":"ABBOTT","LY":0.0,"3LM":9136563.0633333325,"LM":6457331.54,"BP":15000000,"Actual":11849724.3200000022,"Gap":-3150275.6799999978,"vs BP":0.7899816213,"vs LY":0.0,"vs 3LM":0.2969564417,"vs LM":0.8350806748}
{"Nama Depo":"Depo Tanjung","LOB":"FLORA","LY":0.0,"3LM":100086222.8534703404,"LM":100217635.1153399795,"BP":75000000,"Actual":63902144.2199999988,"Gap":-11097855.7800000012,"vs BP":0.8520285896,"vs LY":0.0,"vs 3LM":-0.3615290657,"vs LM":-0.3623662727}
{"Nama Depo":"Depo Tanjung","LOB":"TOTAL","LY":3044518146.9777817726,"3LM":2939288477.0024409294,"LM":3293441615.3136687279,"BP":3455300000,"Actual":3461413652.8765697479,"Gap":6113652.8765702024,"vs BP":1.0017693552,"vs LY":0.136933165,"vs 3LM":0.1776365879,"vs LM":0.0510019782}
