{"Nama Depo":"Depo Tanjung","LOB":"GPPJ","LY":1751404776.3870506287,"3LM":2055928700.8365619183,"LM":2148603246.788040638,"BP":1990771195.6733522415,"Actual":33345811.9246990085,"Gap":-1957425383.7486531734,"vs BP":0.0167501981,"vs LY":-0.9809605339,"vs 3LM":-0.9837806574,"vs LM":-0.9844802376}
{"Nama Depo":"Depo Tanjung","LOB":"GEN","LY":169279300.0797289312,"3LM":166321300.5385101438,"LM":180634593.9707059264,"BP":248154463.6046091318,"Actual":3009970.3354909997,"Gap":-245144493.2691181302,"vs BP":0.0121294225,"vs LY":-0.9822189108,"vs 3LM":-0.9819026768,"vs LM":-0.9833366894}
{"Nama Depo":"Depo Tanjung","LOB":"GBS","LY":820834526.2918435335,"3LM":768684430.6671031713,"LM":761002930.3372335434,"BP":1068088754.2418951988,"Actual":4547928.1146719996,"Gap":-1063540826.1272232533,"vs BP":0.0042580058,"vs LY":-0.994459385,"vs 3LM":-0.9940834913,"vs LM":-0.9940237706}
{"Nama Depo":"Depo Tanjung","LOB":"MBR","LY":30456626.6611550041,"3LM":43998896.6099620014,"LM":60771005.672860004,"BP":34935644.045610033,"Actual":791028.820178,"Gap":-34144615.2254320309,"vs BP":0.0226424571,"vs LY":-0.9740276942,"vs 3LM":-0.9820216214,"vs LM":-0.9869834502}
{"Nama Depo":"Depo Tanjung","LOB":"HGJ","LY":2974668.7585890004,"3LM":2573217.0824796665,"LM":5575505.5106830001,"BP":5257599.9120900147,"Actual":30630.635314,"Gap":-5226969.2767760148,"vs BP":0.005825973,"vs LY":-0.9897028416,"vs 3LM":-0.9880963656,"vs LM":-0.9945062138}
{"Nama Depo":"Depo Tanjung","LOB":"RANS","LY":397897.250538,"3LM":38450974.6889413074,"LM":35511475.8099999875,"BP":7939647.0818099752,"Actual":311336.96,"Gap":-7628310.1218099752,"vs BP":0.039212947,"vs LY":-0.2175443294,"vs 3LM":-0.9919030151,"vs LM":-0.9912327789}
{"Nama Depo":"Depo Tanjung","LOB":"GSJ","LY":1206157.4117069999,"3LM":364690.9386773333,"LM":444772.03,"BP":5850441.5859000022,"Actual":0.0,"Gap":-5850441.5859000022,"vs BP":0.0,"vs LY":-1.0,"vs 3LM":-1.0,"vs LM":-1.0}
{"Nama Depo":"Depo Tanjung","LOB":"ABBOTT","LY":0.0,"3LM":14707052.4900000002,"LM":7120725.2199999988,"BP":0.0,"Actual":0.0,"Gap":0.0,"vs BP":1.0,"vs LY":0.0,"vs 3LM":-1.0,"vs LM":-1.0}
{"Nama Depo":"Depo Tanjung","LOB":"TOTAL","LY":2776553952.8406119347,"3LM":3091029263.8522353172,"LM":3199664255.3395233154,"BP":3360997746.1452660561,"Actual":42036706.7903540134,"Gap":-3318961039.3549118042,"vs BP":0.0125072106,"vs LY":-0.9848601153,"vs 3LM":-0.9864004177,"vs LM":-0.9868621507}
