{"Nama Depo":"Depo Tanjung","LOB":"GPPJ","LY":1936612980.890650034,"3LM":2184341148.7875347137,"LM":2257845617.7286548615,"BP":2171900000,"Actual":97740135.7286068499,"Gap":-2074159864.2713930607,"vs BP":0.0450021344,"vs LY":-0.9495303725,"vs 3LM":-0.9552541801,"vs LM":-0.9567108863}
{"Nama Depo":"Depo Tanjung","LOB":"GEN","LY":144498550.3042868972,"3LM":187828224.9304008484,"LM":196276487.1446977258,"BP":206600000,"Actual":10055099.132600002,"Gap":-196544900.8673999906,"vs BP":0.0486694053,"vs LY":-0.9304138408,"vs 3LM":-0.9464665168,"vs LM":-0.9487707403}
{"Nama Depo":"Depo Tanjung","LOB":"GBS","LY":853278881.208938241,"3LM":928258043.6081523895,"LM":815861051.0619498491,"BP":868300000,"Actual":42452869.7564179972,"Gap":-825847130.2435820103,"vs BP":0.048891938,"vs LY":-0.9502473685,"vs 3LM":-0.9542660901,"vs LM":-0.9479655639}
{"Nama Depo":"Depo Tanjung","LOB":"MBR","LY":23628182.6653449982,"3LM":78181137.5659273118,"LM":77927747.3388909698,"BP":81200000,"Actual":2839384.6763949995,"Gap":-78360615.323605001,"vs BP":0.0349677916,"vs LY":-0.879830594,"vs 3LM":-0.9636819729,"vs LM":-0.963563881}
{"Nama Depo":"Depo Tanjung","LOB":"HGJ","LY":418077.45,"3LM":1746461.2866666669,"LM":1997745.0800000001,"BP":2000000,"Actual":0.0,"Gap":-2000000.0,"vs BP":0.0,"vs LY":-1.0,"vs 3LM":-1.0,"vs LM":-1.0}
{"Nama Depo":"Depo Tanjung","LOB":"RANS","LY":34663615.6600910127,"3LM":39409624.4790023342,"LM":32436636.0565750562,"BP":35100000,"Actual":2668674.8499999992,"Gap":-32431325.1500000022,"vs BP":0.0760306225,"vs LY":-0.923012219,"vs 3LM":-0.9322836773,"vs LM":-0.9177265224}
{"Nama Depo":"Depo Tanjung","LOB":"GSJ","LY":592702.3394499999,"3LM":309641.4493683334,"LM":680402.7324300001,"BP":200000,"Actual":0.0,"Gap":-200000.0,"vs BP":0.0,"vs LY":-1.0,"vs 3LM":-1.0,"vs LM":-1.0}
{"Nama Depo":"Depo Tanjung","LOB":"ABBOTT","LY":12268825.1599999964,"3LM":10680800.5999999996,"LM":13735345.9399999995,"BP":15000000,"Actual":0.0,"Gap":-15000000.0,"vs BP":0.0,"vs LY":-1.0,"vs 3LM":-1.0,"vs LM":-1.0}
{"Nama Depo":"Depo Tanjung","LOB":"FLORA","LY":0.0,"3LM":76479760.3980916589,"LM":61556567.626489982,"BP":75000000,"Actual":5941672.0599999996,"Gap":-69058327.9399999976,"vs BP":0.0792222941,"vs LY":0.0,"vs 3LM":-0.9223105299,"vs LM":-0.9034762286}
{"Nama Depo":"Depo Tanjung","LOB":"TOTAL","LY":3005961815.6787610054,"3LM":3507234843.1051449776,"LM":3458317600.7096881866,"BP":3455300000,"Actual":161697836.2040198445,"Gap":-3293602163.7959799767,"vs BP":0.0467970469,"vs LY":-0.9462076213,"vs 3LM":-0.9538959199,"vs LM":-0.9532437865}
