{"Nama Depo":"Depo Tanjung","LOB":"GPPJ","LY":1901632981.9230952263,"3LM":2070077456.0481951237,"LM":2050679638.4514582157,"BP":1954774544.8652336597,"Actual":2103830201.5635919571,"Gap":149055656.6983582973,"vs BP":1.0762520962,"vs LY":0.106328204,"vs 3LM":0.0163050641,"vs LM":0.0259185112}
{"Nama Depo":"Depo Tanjung","LOB":"GEN","LY":216283831.7845280766,"3LM":173299212.417573601,"LM":138408544.3927599788,"BP":244270536.4049595594,"Actual":130398418.7274379879,"Gap":-113872117.6775215715,"vs BP":0.5338278642,"vs LY":-0.3970958548,"vs 3LM":-0.2475533102,"vs LM":-0.0578730576}
{"Nama Depo":"Depo Tanjung","LOB":"GBS","LY":880647260.1716116667,"3LM":797560850.8923305273,"LM":772634145.9280911684,"BP":1086832773.0494003296,"Actual":714030160.1945897341,"Gap":-372802612.8548105955,"vs BP":0.656982544,"vs LY":-0.1891984538,"vs 3LM":-0.1047326867,"vs LM":-0.0758495933}
{"Nama Depo":"Depo Tanjung","LOB":"MBR","LY":28249542.0152509883,"3LM":71266523.0994866341,"LM":84091396.495611012,"BP":60621348.0235999525,"Actual":78935530.396194011,"Gap":18314182.3725940585,"vs BP":1.3021078048,"vs LY":1.7942233667,"vs 3LM":0.107610235,"vs LM":-0.0613126469}
{"Nama Depo":"Depo Tanjung","LOB":"HGJ","LY":444144.079184,"3LM":4000072.4660340003,"LM":551351.402694,"BP":10319102.0509200022,"Actual":1119956.799997,"Gap":-9199145.2509230021,"vs BP":0.1085323892,"vs LY":1.521606957,"vs 3LM":-0.7200158723,"vs LM":1.0312940069}
{"Nama Depo":"Depo Tanjung","LOB":"RANS","LY":2057069.9597250002,"3LM":31754905.4418043345,"LM":33402883.6904250048,"BP":7939647.0842000004,"Actual":19286359.0399999954,"Gap":11346711.955799995,"vs BP":2.4291204427,"vs LY":8.3756456599,"vs 3LM":-0.3926494577,"vs LM":-0.422613951}
{"Nama Depo":"Depo Tanjung","LOB":"GSJ","LY":1883603.1315000001,"3LM":455186.4469906666,"LM":289735.101443,"BP":11700883.1700799856,"Actual":149567.55,"Gap":-11551315.6200799849,"vs BP":0.0127825864,"vs LY":-0.920594977,"vs 3LM":-0.6714147555,"vs LM":-0.4837782883}
{"Nama Depo":"Depo Tanjung","LOB":"ABBOTT","LY":0.0,"3LM":15304340.839999998,"LM":8356416.2199999997,"BP":25000000.0,"Actual":9091540.5500000007,"Gap":-15908459.4499999993,"vs BP":0.363661622,"vs LY":0.0,"vs 3LM":-0.4059502043,"vs LM":0.087971244}
{"Nama Depo":"Depo Tanjung","LOB":"FLORA","LY":0.0,"3LM":0.0,"LM":0.0,"BP":180000000.0,"Actual":75118054.8399999887,"Gap":-104881945.1600000113,"vs BP":0.4173225269,"vs LY":0.0,"vs 3LM":0.0,"vs LM":0.0}
{"Nama Depo":"Depo Tanjung","LOB":"TOTAL","LY":3031198433.0648946762,"3LM":3163718547.6524152756,"LM":3088414111.6824822426,"BP":3581458834.648393631,"Actual":3131959789.6618108749,"Gap":-449499044.9865828156,"vs BP":0.8744927512,"vs LY":0.0332414254,"vs 3LM":-0.0100384271,"vs LM":0.0140996888}
