{"Nama Depo":"Depo Tanjung","LOB":"GPPJ","LY":1882394184.1284599304,"3LM":2055153107.6400477886,"LM":2103830201.5635921955,"BP":2277170000.0,"Actual":1908316184.7228417397,"Gap":-368853815.2771582603,"vs BP":0.8380209579,"vs LY":0.0137707611,"vs 3LM":-0.0714481672,"vs LM":-0.0929324128}
{"Nama Depo":"Depo Tanjung","LOB":"GEN","LY":173228282.7921449542,"3LM":156553820.6698176563,"LM":130398418.7274380028,"BP":240911971.3472500443,"Actual":203919880.9718132019,"Gap":-36992090.3754368424,"vs BP":0.8464497627,"vs LY":0.177174291,"vs 3LM":0.3025544832,"vs LM":0.5638217316}
{"Nama Depo":"Depo Tanjung","LOB":"GBS","LY":626859126.1698744297,"3LM":781903260.8447831869,"LM":714030160.1945903301,"BP":785905719.1892495155,"Actual":608461353.0557028055,"Gap":-177444366.13354671,"vs BP":0.7742167263,"vs LY":-0.029349135,"vs 3LM":-0.2218201617,"vs LM":-0.1478492269}
{"Nama Depo":"Depo Tanjung","LOB":"MBR","LY":29382260.8328159973,"3LM":77269006.9773583263,"LM":78470512.6722519994,"BP":59172563.7252499834,"Actual":50302292.6582290009,"Gap":-8870271.0670209825,"vs BP":0.8500948665,"vs LY":0.7119953071,"vs 3LM":-0.3489978113,"vs LM":-0.3589656682}
{"Nama Depo":"Depo Tanjung","LOB":"HGJ","LY":2022522.3064839998,"3LM":2514889.5624720003,"LM":1119956.799997,"BP":646616.9519999998,"Actual":1176772.1499999999,"Gap":530155.1980000001,"vs BP":1.8198906576,"vs LY":-0.4181660463,"vs 3LM":-0.5320780015,"vs LM":0.0507299478}
{"Nama Depo":"Depo Tanjung","LOB":"RANS","LY":16830127.7631560043,"3LM":26266167.7196889967,"LM":19405993.2741880007,"BP":46124387.6674999967,"Actual":30052103.0299999826,"Gap":-16072284.6375000142,"vs BP":0.6515447586,"vs LY":0.7856134815,"vs 3LM":0.144137331,"vs LM":0.5485990645}
{"Nama Depo":"Depo Tanjung","LOB":"GSJ","LY":1888107.6249540003,"3LM":339472.9416509999,"LM":177194.577027,"BP":1209604.5892499997,"Actual":54909.01,"Gap":-1154695.5792499997,"vs BP":0.0453941813,"vs LY":-0.9709184957,"vs 3LM":-0.8382521749,"vs LM":-0.6901202569}
{"Nama Depo":"Depo Tanjung","LOB":"ABBOTT","LY":0.0,"3LM":15961279.2833333313,"LM":9091540.5500000007,"BP":25000000.0,"Actual":4479055.8500000006,"Gap":-20520944.1499999985,"vs BP":0.179162234,"vs LY":0.0,"vs 3LM":-0.7193798962,"vs LM":-0.507338077}
{"Nama Depo":"Depo Tanjung","LOB":"FLORA","LY":0.0,"3LM":25303869.6313216686,"LM":75911608.8939650059,"BP":180000000.0,"Actual":55102984.6899999902,"Gap":-124897015.3100000024,"vs BP":0.3061276927,"vs LY":0.0,"vs 3LM":1.1776505133,"vs LM":-0.2741164956}
{"Nama Depo":"Depo Tanjung","LOB":"TOTAL","LY":2732604611.6178898811,"3LM":3141264875.2704734802,"LM":3132435587.2530498505,"BP":3616140863.4704995155,"Actual":2861865536.138586998,"Gap":-754275327.3319129944,"vs BP":0.7914142851,"vs LY":0.0473031934,"vs 3LM":-0.0889448519,"vs LM":-0.0863768922}
