{"Nama Depo":"Depo Tanjung","LOB":"GPPJ","LY":1751404776.3870506287,"3LM":2055928700.8365638256,"LM":2148603246.7880473137,"BP":1990771195.7119498253,"Actual":1251921652.9837949276,"Gap":-738849542.7281548977,"vs BP":0.6288626517,"vs LY":-0.2851899973,"vs 3LM":-0.3910675733,"vs LM":-0.4173323275}
{"Nama Depo":"Depo Tanjung","LOB":"GEN","LY":169279300.0797289312,"3LM":166321300.5385100245,"LM":180634593.9707059264,"BP":248154463.6105495989,"Actual":124436268.0433359742,"Gap":-123718195.5672136247,"vs BP":0.5014468256,"vs LY":-0.2649055851,"vs 3LM":-0.2518320405,"vs LM":-0.3111160752}
{"Nama Depo":"Depo Tanjung","LOB":"GBS","LY":820834526.2918435335,"3LM":768684430.6671034098,"LM":761002930.3372330666,"BP":1068088754.2470304966,"Actual":475453550.266539216,"Gap":-592635203.9804912806,"vs BP":0.4451442339,"vs LY":-0.4207680902,"vs 3LM":-0.3814710806,"vs LM":-0.3752277011}
{"Nama Depo":"Depo Tanjung","LOB":"MBR","LY":30456626.6611550041,"3LM":43896248.3985543475,"LM":60463061.0386370122,"BP":34935644.0507400185,"Actual":42023987.1435999721,"Gap":7088343.0928599536,"vs BP":1.2028971638,"vs LY":0.3797978224,"vs 3LM":-0.0426519651,"vs LM":-0.3049642803}
{"Nama Depo":"Depo Tanjung","LOB":"HGJ","LY":2974668.7585890004,"3LM":2573217.0824796665,"LM":5575505.5106830001,"BP":5257599.9142499967,"Actual":4880257.7530189995,"Gap":-377342.1612309972,"vs BP":0.9282291982,"vs LY":0.6406054418,"vs 3LM":0.8965588975,"vs LM":-0.1246968111}
{"Nama Depo":"Depo Tanjung","LOB":"RANS","LY":397897.250538,"3LM":38571218.2324526757,"LM":35872206.440534018,"BP":7939647.0845099846,"Actual":14637732.5099999998,"Gap":6698085.4254900152,"vs BP":1.8436250823,"vs LY":35.7877196694,"vs 3LM":-0.6205011617,"vs LM":-0.5919478069}
{"Nama Depo":"Depo Tanjung","LOB":"GSJ","LY":1206157.4117069999,"3LM":391211.9596926667,"LM":524335.0930459999,"BP":5850441.5859000012,"Actual":341036.91,"Gap":-5509404.6759000011,"vs BP":0.0582925075,"vs LY":-0.7172533977,"vs 3LM":-0.1282554085,"vs LM":-0.3495821384}
{"Nama Depo":"Depo Tanjung","LOB":"ABBOTT","LY":0.0,"3LM":14707052.4900000002,"LM":7120725.2199999979,"BP":0.0,"Actual":25394960.3600000031,"Gap":25394960.3600000031,"vs BP":1.0,"vs LY":0.0,"vs 3LM":0.7267199106,"vs LM":2.5663446595}
{"Nama Depo":"Depo Tanjung","LOB":"TOTAL","LY":2776553952.8406119347,"3LM":3091073380.2053561211,"LM":3199796604.3988866806,"BP":3360997746.2049293518,"Actual":1939089445.9702892303,"Gap":-1421908300.2346401215,"vs BP":0.5769386332,"vs LY":-0.3016201093,"vs 3LM":-0.3726808757,"vs LM":-0.3939960298}
