{"Nama Depo":"Depo Tanjung","LOB":"GPPJ","LY":1940562557.4670436382,"3LM":1917061467.9550716877,"LM":2309064873.3730015755,"BP":2171900000,"Actual":753838353.7579529285,"Gap":-1418061646.2420470715,"vs BP":0.3470870453,"vs LY":-0.611536175,"vs 3LM":-0.6067740308,"vs LM":-0.6735308902}
{"Nama Depo":"Depo Tanjung","LOB":"GEN","LY":197509715.8695499599,"3LM":171795543.7981422544,"LM":210263861.9056616724,"BP":206600000,"Actual":72801674.6916630268,"Gap":-133798325.3083369732,"vs BP":0.3523798388,"vs LY":-0.6314020585,"vs 3LM":-0.5762307154,"vs LM":-0.6537604036}
{"Nama Depo":"Depo Tanjung","LOB":"GBS","LY":835635799.7985346317,"3LM":796101878.4591331482,"LM":1072501687.0279954672,"BP":868300000,"Actual":225378002.8547169268,"Gap":-642921997.145283103,"vs BP":0.2595623665,"vs LY":-0.7302915901,"vs 3LM":-0.7168980391,"vs LM":-0.7898576705}
{"Nama Depo":"Depo Tanjung","LOB":"MBR","LY":32369936.411369998,"3LM":81564759.9003120065,"LM":71918447.5233659595,"BP":81200000,"Actual":28763573.7358140051,"Gap":-52436426.2641859949,"vs BP":0.3542312036,"vs LY":-0.1114108669,"vs 3LM":-0.6473529283,"vs LM":-0.600052911}
{"Nama Depo":"Depo Tanjung","LOB":"HGJ","LY":1007025.1835080001,"3LM":1934696.4266666665,"LM":1687428.8500000001,"BP":2000000,"Actual":710496.4099999999,"Gap":-1289503.5900000001,"vs BP":0.355248205,"vs LY":-0.294460137,"vs 3LM":-0.6327607783,"vs LM":-0.5789473375}
{"Nama Depo":"Depo Tanjung","LOB":"RANS","LY":44310964.1300000101,"3LM":36382790.2744230106,"LM":46164356.9029101059,"BP":35100000,"Actual":13273961.5700000003,"Gap":-21826038.4299999997,"vs BP":0.3781755433,"vs LY":-0.7004361825,"vs 3LM":-0.6351582309,"vs LM":-0.712462981}
{"Nama Depo":"Depo Tanjung","LOB":"GSJ","LY":248468.407475,"3LM":82840.5385583333,"LM":248521.615675,"BP":200000,"Actual":13558.56,"Gap":-186441.44,"vs BP":0.0677928,"vs LY":-0.9454314529,"vs 3LM":-0.8363294078,"vs LM":-0.9454431359}
{"Nama Depo":"Depo Tanjung","LOB":"ABBOTT","LY":9895578.3300000001,"3LM":11446471.1733333319,"LM":11849724.3200000003,"BP":15000000,"Actual":9157637.8399999999,"Gap":-5842362.1600000001,"vs BP":0.6105091893,"vs LY":-0.0745727501,"vs 3LM":-0.1999597342,"vs LM":-0.2271855789}
{"Nama Depo":"Depo Tanjung","LOB":"FLORA","LY":0.0,"3LM":103232693.4518609792,"LM":67665078.4524450004,"BP":75000000,"Actual":29476427.0399999954,"Gap":-45523572.9600000083,"vs BP":0.3930190272,"vs LY":0.0,"vs 3LM":-0.7144661632,"vs LM":-0.5643775532}
{"Nama Depo":"Depo Tanjung","LOB":"TOTAL","LY":3061540045.5974807739,"3LM":3119603141.9775013924,"LM":3791363979.9710550308,"BP":3455300000,"Actual":1133413686.4601466656,"Gap":-2321886313.539853096,"vs BP":0.3280217887,"vs LY":-0.6297896909,"vs 3LM":-0.636680169,"vs LM":-0.7010538444}
