{"Nama Depo":"Depo Tanjung","LOB":"GPPJ","LY":1888564794.0068850517,"3LM":1853469490.6937577724,"LM":2007531621.9398908615,"BP":2171900000,"Actual":1691234959.8973462582,"Gap":-480665040.1026537418,"vs BP":0.7786891477,"vs LY":-0.1044866635,"vs 3LM":-0.0875301868,"vs LM":-0.1575550086}
{"Nama Depo":"Depo Tanjung","LOB":"GEN","LY":179644000.3651349247,"3LM":175806695.273516953,"LM":156944325.7408429086,"BP":206600000,"Actual":159944868.1288481057,"Gap":-46655131.8711518943,"vs BP":0.7741765156,"vs LY":-0.1096564995,"vs 3LM":-0.0902231119,"vs LM":0.0191185146}
{"Nama Depo":"Depo Tanjung","LOB":"GBS","LY":913983529.8014848232,"3LM":693137262.7696088552,"LM":896411392.7345026731,"BP":868300000,"Actual":711020025.0591109991,"Gap":-157279974.9408890009,"vs BP":0.8188644766,"vs LY":-0.2220647289,"vs 3LM":0.0257997416,"vs LM":-0.2068150507}
{"Nama Depo":"Depo Tanjung","LOB":"MBR","LY":32468442.7200169936,"3LM":74638886.1819300205,"LM":84697217.8355250061,"BP":81200000,"Actual":64323912.0857019573,"Gap":-16876087.9142980427,"vs BP":0.792166405,"vs LY":0.98112095,"vs 3LM":-0.1381983926,"vs LM":-0.2405427979}
{"Nama Depo":"Depo Tanjung","LOB":"HGJ","LY":1513765.6537800001,"3LM":1769582.6333333335,"LM":1554209.9299999999,"BP":2000000,"Actual":1287774.79,"Gap":-712225.21,"vs BP":0.643887395,"vs LY":-0.1492905214,"vs 3LM":-0.2722720229,"vs LM":-0.1714280258}
{"Nama Depo":"Depo Tanjung","LOB":"RANS","LY":28002263.114265006,"3LM":31224704.4640813358,"LM":39627880.4775220752,"BP":35100000,"Actual":37499493.9499999955,"Gap":2399493.9499999955,"vs BP":1.068361651,"vs LY":0.3391594028,"vs 3LM":0.2009559288,"vs LM":-0.0537093204}
{"Nama Depo":"Depo Tanjung","LOB":"GSJ","LY":341351.316215,"3LM":19069.069399,"LM":0.0,"BP":200000,"Actual":247845.94,"Gap":47845.94,"vs BP":1.2392297,"vs LY":-0.2739271002,"vs 3LM":11.9972750539,"vs LM":0.0}
{"Nama Depo":"Depo Tanjung","LOB":"ABBOTT","LY":0.0,"3LM":9136563.0633333325,"LM":6457331.54,"BP":15000000,"Actual":10245081.9800000023,"Gap":-4754918.0199999977,"vs BP":0.6830054653,"vs LY":0.0,"vs 3LM":0.1213277804,"vs LM":0.5865813791}
{"Nama Depo":"Depo Tanjung","LOB":"FLORA","LY":0.0,"3LM":100086222.8534703851,"LM":100217635.1153399944,"BP":75000000,"Actual":50099080.2800000012,"Gap":-24900919.7199999988,"vs BP":0.6679877371,"vs LY":0.0,"vs 3LM":-0.4994407936,"vs LM":-0.5000971613}
{"Nama Depo":"Depo Tanjung","LOB":"TOTAL","LY":3044518146.9777817726,"3LM":2939288477.0024309158,"LM":3293441615.3136234283,"BP":3455300000,"Actual":2725903042.1110072136,"Gap":-729396957.8889926672,"vs BP":0.788904883,"vs LY":-0.104652063,"vs 3LM":-0.0725976496,"vs LM":-0.1723238604}
