{"Nama Depo":"Depo Tanjung","LOB":"GPPJ","LY":1565567376.9705016613,"3LM":1985265278.8707695007,"LM":1973199592.5909204483,"BP":1823418013.9879791737,"Actual":1411285781.682090044,"Gap":-412132232.3058891296,"vs BP":0.7739781942,"vs LY":-0.0985467617,"vs 3LM":-0.2891197984,"vs LM":-0.2847729206}
{"Nama Depo":"Depo Tanjung","LOB":"GEN","LY":156270607.6551820338,"3LM":154275952.6497037113,"LM":126361806.1303669661,"BP":237847373.9830009639,"Actual":120483601.4682089984,"Gap":-117363772.5147919655,"vs BP":0.5065584684,"vs LY":-0.2290066361,"vs 3LM":-0.2190383569,"vs LM":-0.0465188402}
{"Nama Depo":"Depo Tanjung","LOB":"GBS","LY":967402342.894677043,"3LM":799443080.957672596,"LM":639255556.7395848036,"BP":1187952073.3059978485,"Actual":421331076.4957919121,"Gap":-766620996.8102059364,"vs BP":0.3546700965,"vs LY":-0.564471722,"vs 3LM":-0.4729692626,"vs LM":-0.3409035369}
{"Nama Depo":"Depo Tanjung","LOB":"MBR","LY":22134030.6284710057,"3LM":31617955.6074570082,"LM":41035629.1022040024,"BP":28527349.9734999426,"Actual":43558713.8294720054,"Gap":15031363.8559720628,"vs BP":1.5269106268,"vs LY":0.9679521801,"vs 3LM":0.3776575048,"vs LM":0.0614852211}
{"Nama Depo":"Depo Tanjung","LOB":"HGJ","LY":2189425.0356699997,"3LM":854074.3955853335,"LM":1191820.556756,"BP":4186052.1349999895,"Actual":2681205.415757,"Gap":-1504846.7192429896,"vs BP":0.6405093222,"vs LY":0.2246162221,"vs 3LM":2.1393113172,"vs LM":1.2496720673}
{"Nama Depo":"Depo Tanjung","LOB":"RANS","LY":0.0,"3LM":38168354.638971664,"LM":33878314.9717780128,"BP":7573437.4189999923,"Actual":23918050.6300000064,"Gap":16344613.2110000141,"vs BP":3.1581499003,"vs LY":0.0,"vs 3LM":-0.3733538986,"vs LM":-0.294001173}
{"Nama Depo":"Depo Tanjung","LOB":"GSJ","LY":2559999.4596290006,"3LM":414001.0418273333,"LM":248468.437114,"BP":5850441.5860000048,"Actual":363420.68,"Gap":-5487020.9060000051,"vs BP":0.0621185042,"vs LY":-0.8580387669,"vs 3LM":-0.1221744796,"vs LM":0.4626432404}
{"Nama Depo":"Depo Tanjung","LOB":"ABBOTT","LY":0.0,"3LM":16423085.803333329,"LM":32567425.0799999945,"BP":0.0,"Actual":1242751.3500000001,"Gap":1242751.3500000001,"vs BP":1.0,"vs LY":0.0,"vs 3LM":-0.9243289985,"vs LM":-0.961840663}
{"Nama Depo":"Depo Tanjung","LOB":"TOTAL","LY":2716123782.6441307068,"3LM":3026461783.9653205872,"LM":2847738613.6087236404,"BP":3295354742.3904776573,"Actual":2024864601.551320076,"Gap":-1270490140.8391575813,"vs BP":0.6144602812,"vs LY":-0.2545020906,"vs 3LM":-0.3309465818,"vs LM":-0.2889570019}
