{"Nama Depo":"Depo Tanjung","LOB":"GPPJ","LY":1695991996.2879903316,"3LM":2097917011.2927725315,"LM":2139241193.863350153,"BP":2028100000.0,"Actual":1120040883.5212745667,"Gap":-908059116.4787254333,"vs BP":0.5522611723,"vs LY":-0.3395954191,"vs 3LM":-0.4661176407,"vs LM":-0.4764307612}
{"Nama Depo":"Depo Tanjung","LOB":"GEN","LY":199251046.4026589394,"3LM":163701426.4839948118,"LM":222297316.3317863345,"BP":189681119.3253798485,"Actual":98208647.0258671045,"Gap":-91472472.2995127439,"vs BP":0.5177565768,"vs LY":-0.50711101,"vs 3LM":-0.4000745801,"vs LM":-0.5582103795}
{"Nama Depo":"Depo Tanjung","LOB":"GBS","LY":824113994.311239481,"3LM":750090715.3607006073,"LM":763607839.9594298601,"BP":826470089.221840024,"Actual":342873979.0771457553,"Gap":-483596110.1446942687,"vs BP":0.4148655633,"vs LY":-0.5839483598,"vs 3LM":-0.5428899838,"vs LM":-0.5509815888}
{"Nama Depo":"Depo Tanjung","LOB":"MBR","LY":26303614.1508389972,"3LM":71234245.1786943376,"LM":51140826.3682200015,"BP":57547953.8357400596,"Actual":78943591.8077000231,"Gap":21395637.9719599634,"vs BP":1.371787988,"vs LY":2.0012450515,"vs 3LM":0.108225287,"vs LM":0.5436510791}
{"Nama Depo":"Depo Tanjung","LOB":"HGJ","LY":3553152.8314390001,"3LM":954465.2242303332,"LM":1192087.4699999995,"BP":577712.8483900002,"Actual":1475800.95,"Gap":898088.1016099998,"vs BP":2.5545579506,"vs LY":-0.5846503035,"vs 3LM":0.5462071457,"vs LM":0.2379972}
{"Nama Depo":"Depo Tanjung","LOB":"RANS","LY":16109207.5571539942,"3LM":27832992.14549933,"LM":30690099.4718849435,"BP":46124387.6675799936,"Actual":17175343.5500000082,"Gap":-28949044.1175799854,"vs BP":0.3723701152,"vs LY":0.0661817777,"vs 3LM":-0.3829142242,"vs LM":-0.4403620762}
{"Nama Depo":"Depo Tanjung","LOB":"GSJ","LY":339008.947657,"3LM":174712.2955556667,"LM":57207.208197,"BP":20891472.3402800001,"Actual":0.0,"Gap":-20891472.3402800001,"vs BP":0.0,"vs LY":-1.0,"vs 3LM":-1.0,"vs LM":-1.0}
{"Nama Depo":"Depo Tanjung","LOB":"ABBOTT","LY":0.0,"3LM":7455985.586666666,"LM":4919999.9900000002,"BP":25000000.0,"Actual":9174474.7800000012,"Gap":-15825525.2199999988,"vs BP":0.3669789912,"vs LY":0.0,"vs 3LM":0.2304845112,"vs LM":0.8647306501}
{"Nama Depo":"Depo Tanjung","LOB":"FLORA","LY":0.0,"3LM":44712425.1837460175,"LM":58225666.6572730392,"BP":180000000.0,"Actual":117407356.8900000751,"Gap":-62592643.1099999249,"vs BP":0.6522630938,"vs LY":0.0,"vs 3LM":1.6258328956,"vs LM":1.0164192809}
{"Nama Depo":"Depo Tanjung","LOB":"TOTAL","LY":2765662020.4889779091,"3LM":3164073978.7518596649,"LM":3271372237.3201403618,"BP":3374392735.2392101288,"Actual":1785300077.6019873619,"Gap":-1589092657.63722229,"vs BP":0.529072997,"vs LY":-0.3544764095,"vs 3LM":-0.4357590595,"vs LM":-0.4542656879}
