{"Nama Depo":"Depo Tanjung","LOB":"GPPJ","LY":1940562557.4670438766,"3LM":1917061467.9550828934,"LM":2309064873.3729867935,"BP":2171900000,"Actual":2025219586.8776295185,"Gap":-146680413.1223704815,"vs BP":0.9324644721,"vs LY":0.0436249937,"vs 3LM":0.0564187016,"vs LM":-0.1229265101}
{"Nama Depo":"Depo Tanjung","LOB":"GEN","LY":197509715.8695499301,"3LM":171795543.7981422544,"LM":210263861.9056619406,"BP":206600000,"Actual":178926596.9698508978,"Gap":-27673403.0301491022,"vs BP":0.8660532283,"vs LY":-0.0940871127,"vs 3LM":0.0415089531,"vs LM":-0.1490378073}
{"Nama Depo":"Depo Tanjung","LOB":"GBS","LY":835635799.7985347509,"3LM":796101878.4591321945,"LM":1072501687.0279855728,"BP":868300000,"Actual":706013291.459277153,"Gap":-162286708.540722847,"vs BP":0.8130983433,"vs LY":-0.155118424,"vs 3LM":-0.1131621334,"vs LM":-0.3417135842}
{"Nama Depo":"Depo Tanjung","LOB":"MBR","LY":32369936.411369998,"3LM":81564759.9003120214,"LM":71918447.5233659744,"BP":81200000,"Actual":77167278.229554981,"Gap":-4032721.770445019,"vs BP":0.9503359388,"vs LY":1.3839181285,"vs 3LM":-0.0539139903,"vs LM":0.0729830925}
{"Nama Depo":"Depo Tanjung","LOB":"HGJ","LY":1007025.1835080001,"3LM":1934696.4266666668,"LM":1687428.8500000001,"BP":2000000,"Actual":1997745.0800000001,"Gap":-2254.9199999999,"vs BP":0.99887254,"vs LY":0.9838084615,"vs 3LM":0.032588396,"vs LM":0.183898853}
{"Nama Depo":"Depo Tanjung","LOB":"RANS","LY":44310964.1300000101,"3LM":36382790.2744230106,"LM":46164356.902910158,"BP":35100000,"Actual":30490173.7800000086,"Gap":-4609826.2199999914,"vs BP":0.8686659197,"vs LY":-0.311904528,"vs 3LM":-0.1619616431,"vs LM":-0.3395299789}
{"Nama Depo":"Depo Tanjung","LOB":"GSJ","LY":248468.407475,"3LM":82840.5385583333,"LM":248521.615675,"BP":200000,"Actual":417835.16,"Gap":217835.16,"vs BP":2.0891758,"vs LY":0.6816430074,"vs 3LM":4.0438489087,"vs LM":0.6812829696}
{"Nama Depo":"Depo Tanjung","LOB":"ABBOTT","LY":9895578.3300000001,"3LM":11446471.1733333319,"LM":11849724.3200000003,"BP":15000000,"Actual":12332090.9900000002,"Gap":-2667909.0099999998,"vs BP":0.8221393993,"vs LY":0.246222361,"vs 3LM":0.0773705541,"vs LM":0.0407069951}
{"Nama Depo":"Depo Tanjung","LOB":"FLORA","LY":0.0,"3LM":103232693.4518609792,"LM":67665078.4524450302,"BP":75000000,"Actual":55558208.1799999923,"Gap":-19441791.8200000077,"vs BP":0.7407761091,"vs LY":0.0,"vs 3LM":-0.4618157647,"vs LM":-0.1789234646}
{"Nama Depo":"Depo Tanjung","LOB":"TOTAL","LY":3061540045.5974812508,"3LM":3119603141.9775118828,"LM":3791363979.9710307121,"BP":3455300000,"Actual":3088122806.7263121605,"Gap":-367177193.2736873627,"vs BP":0.8937350756,"vs LY":0.0086828069,"vs 3LM":-0.0100911346,"vs LM":-0.1854850067}
