{"Nama Depo":"Depo Tanjung","LOB":"GPPJ","LY":1745084194.3112545013,"3LM":1985265278.8707721233,"LM":0,"BP":1823418013.9879791737,"Actual":1745084194.3112547398,"Gap":-78333819.6767244339,"vs BP":0.9570401197,"vs LY":2.220446049e-16,"vs 3LM":-0.1209818593,"vs LM":0}
{"Nama Depo":"Depo Tanjung","LOB":"GEN","LY":148163197.2860829532,"3LM":154275952.6497037411,"LM":0,"BP":237847373.9830009639,"Actual":148163197.2860829532,"Gap":-89684176.6969180107,"vs BP":0.622933921,"vs LY":0.0,"vs 3LM":-0.0396222176,"vs LM":0}
{"Nama Depo":"Depo Tanjung","LOB":"GBS","LY":497648263.9388422966,"3LM":799443080.9576721191,"LM":0,"BP":1187952073.3059978485,"Actual":497648263.9388422966,"Gap":-690303809.3671555519,"vs BP":0.418912745,"vs LY":0.0,"vs 3LM":-0.3775063218,"vs LM":0}
{"Nama Depo":"Depo Tanjung","LOB":"MBR","LY":51254361.5588250011,"3LM":31617955.6074570008,"LM":0,"BP":28527349.9734999426,"Actual":51254361.5588250011,"Gap":22727011.5853250585,"vs BP":1.7966744758,"vs LY":0.0,"vs 3LM":0.6210523601,"vs LM":0}
{"Nama Depo":"Depo Tanjung","LOB":"HGJ","LY":3171295.5382730002,"3LM":854074.3955853333,"LM":0,"BP":4186052.1349999895,"Actual":3171295.5382730002,"Gap":-1014756.5967269894,"vs BP":0.7575862498,"vs LY":0.0,"vs 3LM":2.7131373504,"vs LM":0}
{"Nama Depo":"Depo Tanjung","LOB":"RANS","LY":29498688.9400000125,"3LM":38168354.638971664,"LM":0,"BP":7573437.4189999923,"Actual":29498688.9400000088,"Gap":21925251.5210000165,"vs BP":3.8950198315,"vs LY":-1.110223025e-16,"vs 3LM":-0.2271427674,"vs LM":0}
{"Nama Depo":"Depo Tanjung","LOB":"GSJ","LY":444772.03,"3LM":414001.0418273333,"LM":0,"BP":5850441.5860000048,"Actual":444772.0299999999,"Gap":-5405669.5560000045,"vs BP":0.0760236682,"vs LY":-1.110223025e-16,"vs 3LM":0.0743258713,"vs LM":0}
{"Nama Depo":"Depo Tanjung","LOB":"ABBOTT","LY":7120725.2199999988,"3LM":16423085.8033333328,"LM":0,"BP":0.0,"Actual":7120725.2199999988,"Gap":7120725.2199999988,"vs BP":1.0,"vs LY":0.0,"vs 3LM":-0.5664197761,"vs LM":0}
{"Nama Depo":"Depo Tanjung","LOB":"TOTAL","LY":2482385498.8232774734,"3LM":3026461783.9653229713,"LM":0,"BP":3295354742.3904776573,"Actual":2482385498.8232779503,"Gap":-812969243.567199707,"vs BP":0.7532984133,"vs LY":2.220446049e-16,"vs 3LM":-0.1797730565,"vs LM":0}
