{"Nama Depo":"Depo Tanjung","LOB":"GPPJ","LY":1888564794.0068855286,"3LM":1853469490.6937634945,"LM":2007531621.939893961,"BP":2171900000,"Actual":1393476290.208114624,"Gap":-778423709.791885376,"vs BP":0.6415932088,"vs LY":-0.2621506582,"vs 3LM":-0.2481795372,"vs LM":-0.3058757954}
{"Nama Depo":"Depo Tanjung","LOB":"GEN","LY":179644000.3651348948,"3LM":175806695.2735169828,"LM":156944325.7408428192,"BP":206600000,"Actual":132617462.498287037,"Gap":-73982537.501712963,"vs BP":0.6419044651,"vs LY":-0.2617762785,"vs 3LM":-0.2456631854,"vs LM":-0.1550031397}
{"Nama Depo":"Depo Tanjung","LOB":"GBS","LY":913983529.8014849424,"3LM":693137262.769608736,"LM":896411392.7345064878,"BP":868300000,"Actual":507540045.3444519043,"Gap":-360759954.6555480957,"vs BP":0.584521531,"vs LY":-0.444694539,"vs 3LM":-0.2677640164,"vs LM":-0.4338090195}
{"Nama Depo":"Depo Tanjung","LOB":"MBR","LY":32468442.7200169899,"3LM":74638886.1819300205,"LM":84697217.8355249912,"BP":81200000,"Actual":31727177.9966340065,"Gap":-49472822.0033659935,"vs BP":0.3907287931,"vs LY":-0.0228303134,"vs 3LM":-0.5749242838,"vs LM":-0.6254047204}
{"Nama Depo":"Depo Tanjung","LOB":"HGJ","LY":1513765.6537800001,"3LM":1769582.6333333328,"LM":1554209.9299999999,"BP":2000000,"Actual":1287774.79,"Gap":-712225.21,"vs BP":0.643887395,"vs LY":-0.1492905214,"vs 3LM":-0.2722720229,"vs LM":-0.1714280258}
{"Nama Depo":"Depo Tanjung","LOB":"RANS","LY":28002263.1142650023,"3LM":31224704.4640813433,"LM":39627880.4775221422,"BP":35100000,"Actual":28991347.3200000189,"Gap":-6108652.6799999811,"vs BP":0.8259643111,"vs LY":0.035321581,"vs 3LM":-0.0715253253,"vs LM":-0.2684103472}
{"Nama Depo":"Depo Tanjung","LOB":"GSJ","LY":341351.316215,"3LM":19069.069399,"LM":0.0,"BP":200000,"Actual":247845.94,"Gap":47845.94,"vs BP":1.2392297,"vs LY":-0.2739271002,"vs 3LM":11.9972750539,"vs LM":0.0}
{"Nama Depo":"Depo Tanjung","LOB":"ABBOTT","LY":0.0,"3LM":9136563.0633333325,"LM":6457331.54,"BP":15000000,"Actual":10245081.9800000004,"Gap":-4754918.0199999996,"vs BP":0.6830054653,"vs LY":0.0,"vs 3LM":0.1213277804,"vs LM":0.5865813791}
{"Nama Depo":"Depo Tanjung","LOB":"FLORA","LY":0.0,"3LM":100086222.8534703255,"LM":100217635.1153400093,"BP":75000000,"Actual":36120256.8399999961,"Gap":-38879743.1600000039,"vs BP":0.4816034245,"vs LY":0.0,"vs 3LM":-0.6391086025,"vs LM":-0.6395818281}
{"Nama Depo":"Depo Tanjung","LOB":"TOTAL","LY":3044518146.9777822495,"3LM":2939288477.002436161,"LM":3293441615.3136305809,"BP":3455300000,"Actual":2142253282.9174873829,"Gap":-1313046717.0825123787,"vs BP":0.6199905313,"vs LY":-0.2963571969,"vs 3LM":-0.2711660323,"vs LM":-0.3495396205}
