{"Nama Depo":"Depo Tanjung","T.CR":1040,"A.CR":1251,"Ach_CR":1.2028846154,"A.CA":903,"Ach_CA":0.721822542,"T.PC":22.6666666667,"A.PC":24.5641025641,"Ach_PC":1.0837104072,"T.AC":24.5641025641,"A.AC":24.1666666667,"Ach_AC":0.9838204593,"T.EC":18.4230769231,"A.EC":19.4090909091,"Ach_EC":1.0535205921,"T.ET":17.5019230769,"A.ET":16.7735042735,"Ach_ET":0.9583806419,"T.AvgSKU":22.5,"A.AvgSKU":15.3148950417,"Ach_AvgSKU":0.6806620019,"T.CAProdW":455,"A.CAProdW":239,"Ach_CAProdW":0.5252747253,"T.CAProdR":726,"A.CAProdR":330,"Ach_CAProdR":0.4545454545,"T.CAProdM":44,"A.CAProdM":25,"Ach_CAProdM":0.5681818182,"Ach_CAProdAll":0.516000666,"T.GPFood":5190,"A.GPFood":4748,"Ach_GPFood":0.9148362235,"T.GPOthers":900,"A.GPOthers":630,"Ach_GPOthers":0.7}
