{"Nama Depo":"Depo Tanjung","T.CR":1040,"A.CR":1262,"Ach_CR":1.2134615385,"A.CA":224,"Ach_CA":0.177496038,"T.PC":22.6666666667,"A.PC":25.6666666667,"Ach_PC":1.1323529412,"T.AC":25.6666666667,"A.AC":25.6666666667,"Ach_AC":1,"T.EC":19.25,"A.EC":15.8333333333,"Ach_EC":0.8225108225,"T.ET":18.2875,"A.ET":12.5,"Ach_ET":0.6835269993,"T.AvgSKU":22.5,"A.AvgSKU":8.5026675485,"Ach_AvgSKU":0.3778963355,"T.CAProdW":186,"A.CAProdW":36,"Ach_CAProdW":0.1935483871,"T.CAProdR":249,"A.CAProdR":50,"Ach_CAProdR":0.2008032129,"T.CAProdM":24,"A.CAProdM":4,"Ach_CAProdM":0.1666666667,"Ach_CAProdAll":0.1870060889,"T.GPFood":5190,"A.GPFood":308,"Ach_GPFood":0.059344894,"T.GPOthers":900,"A.GPOthers":68,"Ach_GPOthers":0.0755555556}
