{"Nama Depo":"Depo Tanjung","T.CR":1000,"A.CR":912,"Ach_CR":0.912,"A.CA":606,"Ach_CA":0.6644736842,"T.PC":24,"A.PC":24.6,"Ach_PC":1.025,"T.AC":22.6,"A.AC":24.4888888889,"Ach_AC":1.0835791544,"T.EC":18.45,"A.EC":17.6,"Ach_EC":0.9539295393,"T.ET":16.605,"A.ET":15.6888888889,"Ach_ET":0.9448292014,"T.AvgSKU":22.2,"A.AvgSKU":11.4930446314,"Ach_AvgSKU":0.5177047131,"T.CAProdW":360,"A.CAProdW":112,"Ach_CAProdW":0.3111111111,"T.CAProdR":501,"A.CAProdR":218,"Ach_CAProdR":0.4351297405,"T.CAProdM":38,"A.CAProdM":14,"Ach_CAProdM":0.3684210526,"Ach_CAProdAll":0.3715539681,"T.GPFood":3640,"A.GPFood":2430,"Ach_GPFood":0.6675824176,"T.GPOthers":800,"A.GPOthers":359,"Ach_GPOthers":0.44875}
