{"Nama Depo":"Depo Tanjung","T.CR":1040,"A.CR":1261,"Ach_CR":1.2125,"A.CA":1114,"Ach_CA":0.8834258525,"T.PC":22.6666666667,"A.PC":24.6770833333,"Ach_PC":1.0886948529,"T.AC":24.6770833333,"A.AC":24.6076388889,"Ach_AC":0.9971858731,"T.EC":18.5078125,"A.EC":17.6631944444,"Ach_EC":0.9543642418,"T.ET":17.582421875,"A.ET":16.060952381,"Ach_ET":0.9134664437,"T.AvgSKU":22.5,"A.AvgSKU":18.0312319511,"Ach_AvgSKU":0.8013880867,"T.CAProdW":455,"A.CAProdW":298,"Ach_CAProdW":0.6549450549,"T.CAProdR":751,"A.CAProdR":513,"Ach_CAProdR":0.6830892144,"T.CAProdM":46,"A.CAProdM":32,"Ach_CAProdM":0.6956521739,"Ach_CAProdAll":0.6778954811,"T.GPFood":5190,"A.GPFood":8640,"Ach_GPFood":1.6647398844,"T.GPOthers":900,"A.GPOthers":1057,"Ach_GPOthers":1.1744444444}
