{"Nama Depo":"Depo Tanjung","T.CR":1000,"A.CR":619,"Ach_CR":0.619,"A.CA":359,"Ach_CA":0.5799676898,"T.PC":22.9222222222,"A.PC":24.76,"Ach_PC":1.0801745032,"T.AC":24.76,"A.AC":24.72,"Ach_AC":0.9983844911,"T.EC":18.57,"A.EC":16.84,"Ach_EC":0.9068389876,"T.ET":17.6415,"A.ET":14.4,"Ach_ET":0.816257121,"T.AvgSKU":22.2,"A.AvgSKU":11.197160708,"Ach_AvgSKU":0.5043766085,"T.CAProdW":292,"A.CAProdW":65,"Ach_CAProdW":0.2226027397,"T.CAProdR":297,"A.CAProdR":135,"Ach_CAProdR":0.4545454545,"T.CAProdM":22,"A.CAProdM":5,"Ach_CAProdM":0.2272727273,"Ach_CAProdAll":0.3014736405,"T.GPFood":3640,"A.GPFood":1529,"Ach_GPFood":0.4200549451,"T.GPOthers":800,"A.GPOthers":253,"Ach_GPOthers":0.31625}
