{"Nama Depo":"Depo Tanjung","T.CR":1040,"A.CR":1231,"Ach_CR":1.1836538462,"A.CA":1093,"Ach_CA":0.8878960195,"T.PC":22.6666666667,"A.PC":24.2416666667,"Ach_PC":1.0694852941,"T.AC":24.2416666667,"A.AC":22.9,"Ach_AC":0.9446545205,"T.EC":18.18125,"A.EC":19.149122807,"Ach_EC":1.053234668,"T.ET":17.2721875,"A.ET":17.575,"Ach_ET":1.0175317979,"T.AvgSKU":22.5,"A.AvgSKU":17.0994393341,"Ach_AvgSKU":0.7599750815,"T.CAProdW":438,"A.CAProdW":298,"Ach_CAProdW":0.6803652968,"T.CAProdR":739,"A.CAProdR":481,"Ach_CAProdR":0.650879567,"T.CAProdM":44,"A.CAProdM":31,"Ach_CAProdM":0.7045454545,"Ach_CAProdAll":0.6785967728,"T.GPFood":5190,"A.GPFood":8092,"Ach_GPFood":1.5591522158,"T.GPOthers":900,"A.GPOthers":987,"Ach_GPOthers":1.0966666667}
