{"Nama Depo":"Depo Tanjung","T.CR":1360,"A.CR":1509,"Ach_CR":1.1095588235,"A.CA":999,"Ach_CA":0.662027833,"T.PC":25.7142857143,"A.PC":27.6373626374,"Ach_PC":1.0747863248,"T.AC":24.7142857143,"A.AC":25.010989011,"Ach_AC":1.0120053357,"T.EC":19.2857142857,"A.EC":19.2261904762,"Ach_EC":0.9969135802,"T.ET":17.3571428571,"A.ET":14.3186813187,"Ach_ET":0.8249446027,"T.AvgSKU":22.8571428571,"A.AvgSKU":13.9713879789,"Ach_AvgSKU":0.6112482241,"T.CAProdW":230,"A.CAProdW":120,"Ach_CAProdW":0.5217391304,"T.CAProdR":1227,"A.CAProdR":546,"Ach_CAProdR":0.4449877751,"T.CAProdM":39,"A.CAProdM":22,"Ach_CAProdM":0.5641025641,"Ach_CAProdAll":0.5102764899,"T.GPFood":5830,"A.GPFood":2308,"Ach_GPFood":0.3958833619,"T.GPOthers":1500,"A.GPOthers":228,"Ach_GPOthers":0.152}
