{"Nama Depo":"Depo Tanjung","T.CR":850,"A.CR":1142,"Ach_CR":1.3435294118,"A.CA":982,"Ach_CA":0.8598949212,"T.PC":25,"A.PC":25.3090909091,"Ach_PC":1.0123636364,"T.AC":24,"A.AC":24.6454545455,"Ach_AC":1.0268939394,"T.EC":18.9818181818,"A.EC":19.7047619048,"Ach_EC":1.0380861157,"T.ET":17.0836363636,"A.ET":17.6636363636,"Ach_ET":1.0339506173,"T.AvgSKU":24.6,"A.AvgSKU":21.2822663186,"Ach_AvgSKU":0.8651327772,"T.CAProdW":229,"A.CAProdW":177,"Ach_CAProdW":0.7729257642,"T.CAProdR":868,"A.CAProdR":598,"Ach_CAProdR":0.6889400922,"T.CAProdM":31,"A.CAProdM":21,"Ach_CAProdM":0.6774193548,"Ach_CAProdAll":0.7130950704,"T.GPFood":4910,"A.GPFood":7804,"Ach_GPFood":1.5894093686,"T.GPOthers":1200,"A.GPOthers":858,"Ach_GPOthers":0.715}
