{"Nama Depo":"Depo Tanjung","T.CR":1040,"A.CR":1251,"Ach_CR":1.2028846154,"A.CA":927,"Ach_CA":0.7410071942,"T.PC":22.6666666667,"A.PC":24.5357142857,"Ach_PC":1.0824579832,"T.AC":24.5357142857,"A.AC":24.1666666667,"Ach_AC":0.9849587579,"T.EC":18.4017857143,"A.EC":19.2564102564,"Ach_EC":1.0464424788,"T.ET":17.4816964286,"A.ET":16.8269230769,"Ach_ET":0.9625452052,"T.AvgSKU":22.5,"A.AvgSKU":15.8932666846,"Ach_AvgSKU":0.7063674082,"T.CAProdW":455,"A.CAProdW":248,"Ach_CAProdW":0.5450549451,"T.CAProdR":726,"A.CAProdR":353,"Ach_CAProdR":0.4862258953,"T.CAProdM":44,"A.CAProdM":26,"Ach_CAProdM":0.5909090909,"Ach_CAProdAll":0.5407299771,"T.GPFood":5190,"A.GPFood":4748,"Ach_GPFood":0.9148362235,"T.GPOthers":900,"A.GPOthers":630,"Ach_GPOthers":0.7}
