{"Nama Depo":"Depo Tanjung","T.CR":1040,"A.CR":1261,"Ach_CR":1.2125,"A.CA":1023,"Ach_CA":0.811260904,"T.PC":29.4166666667,"A.PC":24.6611111111,"Ach_PC":0.8383380548,"T.AC":24.6611111111,"A.AC":24.5916666667,"Ach_AC":0.9971840505,"T.EC":18.4958333333,"A.EC":17.8038277512,"Ach_EC":0.9625858663,"T.ET":17.5710416667,"A.ET":15.9833333333,"Ach_ET":0.9096406256,"T.AvgSKU":22.5,"A.AvgSKU":16.2893595288,"Ach_AvgSKU":0.7239715346,"T.CAProdW":454,"A.CAProdW":252,"Ach_CAProdW":0.5550660793,"T.CAProdR":749,"A.CAProdR":449,"Ach_CAProdR":0.5994659546,"T.CAProdM":46,"A.CAProdM":30,"Ach_CAProdM":0.652173913,"Ach_CAProdAll":0.6022353156,"T.GPFood":5190,"A.GPFood":6768,"Ach_GPFood":1.3040462428,"T.GPOthers":900,"A.GPOthers":894,"Ach_GPOthers":0.9933333333}
