{"Nama Depo":"Depo Tanjung","T.CR":850,"A.CR":1142,"Ach_CR":1.3435294118,"A.CA":965,"Ach_CA":0.8450087566,"T.PC":25,"A.PC":25.3714285714,"Ach_PC":1.0148571429,"T.AC":24,"A.AC":24.6857142857,"Ach_AC":1.0285714286,"T.EC":19.0285714286,"A.EC":19.73,"Ach_EC":1.0368618619,"T.ET":17.1257142857,"A.ET":17.5047619048,"Ach_ET":1.0221332444,"T.AvgSKU":24.6,"A.AvgSKU":20.6244229104,"Ach_AvgSKU":0.8383911752,"T.CAProdW":229,"A.CAProdW":170,"Ach_CAProdW":0.7423580786,"T.CAProdR":868,"A.CAProdR":578,"Ach_CAProdR":0.6658986175,"T.CAProdM":31,"A.CAProdM":21,"Ach_CAProdM":0.6774193548,"Ach_CAProdAll":0.6952253503,"T.GPFood":4910,"A.GPFood":0,"Ach_GPFood":0,"T.GPOthers":1200,"A.GPOthers":0,"Ach_GPOthers":0}
