{"Nama Depo":"Depo Tanjung","T.CR":1040,"A.CR":1352,"Ach_CR":1.3,"A.CA":996,"Ach_CA":0.7366863905,"T.PC":23.3333333333,"A.PC":26.2549019608,"Ach_PC":1.125210084,"T.AC":22,"A.AC":24.6078431373,"Ach_AC":1.1185383244,"T.EC":17.5,"A.EC":16.9215686275,"Ach_EC":0.9669467787,"T.ET":15.75,"A.ET":15.3284313725,"Ach_ET":0.9732337379,"T.AvgSKU":22.5,"A.AvgSKU":14.8851960636,"Ach_AvgSKU":0.6615642695,"T.CAProdW":304,"A.CAProdW":141,"Ach_CAProdW":0.4638157895,"T.CAProdR":991,"A.CAProdR":870,"Ach_CAProdR":0.87790111,"T.CAProdM":46,"A.CAProdM":31,"Ach_CAProdM":0.6739130435,"Ach_CAProdAll":0.6718766476,"T.GPFood":5190,"A.GPFood":5126,"Ach_GPFood":0.9876685934,"T.GPOthers":900,"A.GPOthers":524,"Ach_GPOthers":0.5822222222}
