{"Nama Depo":"Depo Tanjung","T.CR":850,"A.CR":1140,"Ach_CR":1.3411764706,"A.CA":882,"Ach_CA":0.7736842105,"T.PC":25,"A.PC":25.375,"Ach_PC":1.015,"T.AC":24,"A.AC":24.5375,"Ach_AC":1.0223958333,"T.EC":18.75,"A.EC":19.9733333333,"Ach_EC":1.0652444444,"T.ET":16.875,"A.ET":17.55,"Ach_ET":1.04,"T.AvgSKU":24.6,"A.AvgSKU":17.8148402073,"Ach_AvgSKU":0.7241804962,"T.CAProdW":229,"A.CAProdW":150,"Ach_CAProdW":0.6550218341,"T.CAProdR":866,"A.CAProdR":496,"Ach_CAProdR":0.5727482679,"T.CAProdM":31,"A.CAProdM":20,"Ach_CAProdM":0.6451612903,"Ach_CAProdAll":0.6243104641,"T.GPFood":4910,"A.GPFood":5895,"Ach_GPFood":1.200610998,"T.GPOthers":1200,"A.GPOthers":615,"Ach_GPOthers":0.5125}
