{"Nama Depo":"Depo Tanjung","T.CR":850,"A.CR":1141,"Ach_CR":1.3423529412,"A.CA":940,"Ach_CA":0.8238387379,"T.PC":25,"A.PC":25.3052631579,"Ach_PC":1.0122105263,"T.AC":24,"A.AC":24.5578947368,"Ach_AC":1.023245614,"T.EC":18.75,"A.EC":19.7888888889,"Ach_EC":1.0554074074,"T.ET":16.875,"A.ET":17.3789473684,"Ach_ET":1.0298635478,"T.AvgSKU":24.6,"A.AvgSKU":19.1953201017,"Ach_AvgSKU":0.7802975651,"T.CAProdW":229,"A.CAProdW":159,"Ach_CAProdW":0.6943231441,"T.CAProdR":867,"A.CAProdR":549,"Ach_CAProdR":0.6332179931,"T.CAProdM":31,"A.CAProdM":21,"Ach_CAProdM":0.6774193548,"Ach_CAProdAll":0.668320164,"T.GPFood":4910,"A.GPFood":6360,"Ach_GPFood":1.2953156823,"T.GPOthers":1200,"A.GPOthers":680,"Ach_GPOthers":0.5666666667}
