{"Nama Depo":"Depo Tanjung","T.CR":1040,"A.CR":1261,"Ach_CR":1.2125,"A.CA":862,"Ach_CA":0.6835844568,"T.PC":29.4166666667,"A.PC":24.4761904762,"Ach_PC":0.8320518009,"T.AC":24.4761904762,"A.AC":24.373015873,"Ach_AC":0.9957846952,"T.EC":18.3571428571,"A.EC":17.7717948718,"Ach_EC":0.9681133393,"T.ET":17.4392857143,"A.ET":15.6369047619,"Ach_ET":0.8966482354,"T.AvgSKU":22.5,"A.AvgSKU":14.0062326847,"Ach_AvgSKU":0.6224992304,"T.CAProdW":441,"A.CAProdW":186,"Ach_CAProdW":0.4217687075,"T.CAProdR":704,"A.CAProdR":360,"Ach_CAProdR":0.5113636364,"T.CAProdM":46,"A.CAProdM":27,"Ach_CAProdM":0.5869565217,"Ach_CAProdAll":0.5066962885,"T.GPFood":5190,"A.GPFood":4190,"Ach_GPFood":0.8073217726,"T.GPOthers":900,"A.GPOthers":618,"Ach_GPOthers":0.6866666667}
