{"Nama Depo":"Depo Tanjung","T.CR":1040,"A.CR":1231,"Ach_CR":1.1836538462,"A.CA":1075,"Ach_CA":0.8732737612,"T.PC":22.6666666667,"A.PC":24.2368421053,"Ach_PC":1.0692724458,"T.AC":24.2368421053,"A.AC":22.8245614035,"Ach_AC":0.9417300036,"T.EC":18.1776315789,"A.EC":19.1851851852,"Ach_EC":1.0554282114,"T.ET":17.26875,"A.ET":17.4824561404,"Ach_ET":1.0123753103,"T.AvgSKU":22.5,"A.AvgSKU":16.6818605402,"Ach_AvgSKU":0.741416024,"T.CAProdW":438,"A.CAProdW":293,"Ach_CAProdW":0.6689497717,"T.CAProdR":738,"A.CAProdR":461,"Ach_CAProdR":0.6246612466,"T.CAProdM":44,"A.CAProdM":31,"Ach_CAProdM":0.7045454545,"Ach_CAProdAll":0.6660521576,"T.GPFood":5190,"A.GPFood":8092,"Ach_GPFood":1.5591522158,"T.GPOthers":900,"A.GPOthers":987,"Ach_GPOthers":1.0966666667}
