{"Nama Depo":"Depo Tanjung","T.CR":1040,"A.CR":1251,"Ach_CR":1.2028846154,"A.CA":832,"Ach_CA":0.6650679456,"T.PC":22.6666666667,"A.PC":24.3333333333,"Ach_PC":1.0735294118,"T.AC":24.3333333333,"A.AC":24.196969697,"Ach_AC":0.9943960149,"T.EC":18.25,"A.EC":19.4333333333,"Ach_EC":1.0648401826,"T.ET":17.3375,"A.ET":16.7060606061,"Ach_ET":0.9635795591,"T.AvgSKU":22.5,"A.AvgSKU":14.3474452498,"Ach_AvgSKU":0.6376642333,"T.CAProdW":435,"A.CAProdW":220,"Ach_CAProdW":0.5057471264,"T.CAProdR":666,"A.CAProdR":294,"Ach_CAProdR":0.4414414414,"T.CAProdM":44,"A.CAProdM":24,"Ach_CAProdM":0.5454545455,"Ach_CAProdAll":0.4975477044,"T.GPFood":5190,"A.GPFood":3857,"Ach_GPFood":0.7431599229,"T.GPOthers":900,"A.GPOthers":517,"Ach_GPOthers":0.5744444444}
