{"Nama Depo":"Depo Tanjung","T.CR":1000,"A.CR":1081,"Ach_CR":1.081,"A.CA":930,"Ach_CA":0.8603145236,"T.PC":24,"A.PC":24.9727272727,"Ach_PC":1.040530303,"T.AC":22.6,"A.AC":23.9181818182,"Ach_AC":1.0583266291,"T.EC":18.7295454545,"A.EC":18.1363636364,"Ach_EC":0.9683290863,"T.ET":16.8565909091,"A.ET":16.6545454545,"Ach_ET":0.9880138602,"T.AvgSKU":22.2,"A.AvgSKU":17.7963070042,"Ach_AvgSKU":0.8016354506,"T.CAProdW":397,"A.CAProdW":248,"Ach_CAProdW":0.6246851385,"T.CAProdR":627,"A.CAProdR":415,"Ach_CAProdR":0.6618819777,"T.CAProdM":42,"A.CAProdM":26,"Ach_CAProdM":0.619047619,"Ach_CAProdAll":0.6352049118,"T.GPFood":3640,"A.GPFood":6208,"Ach_GPFood":1.7054945055,"T.GPOthers":800,"A.GPOthers":1020,"Ach_GPOthers":1.275}
