{"Nama Depo":"Depo Tanjung","T.CR":1000,"A.CR":389,"Ach_CR":0.389,"A.CA":206,"Ach_CA":0.529562982,"T.PC":24,"A.PC":25.9333333333,"Ach_PC":1.0805555556,"T.AC":22.6,"A.AC":25.4666666667,"Ach_AC":1.1268436578,"T.EC":19.45,"A.EC":18.4,"Ach_EC":0.9460154242,"T.ET":17.505,"A.ET":16.3666666667,"Ach_ET":0.9349709607,"T.AvgSKU":22.2,"A.AvgSKU":9.4221258451,"Ach_AvgSKU":0.4244200831,"T.CAProdW":161,"A.CAProdW":32,"Ach_CAProdW":0.198757764,"T.CAProdR":204,"A.CAProdR":58,"Ach_CAProdR":0.2843137255,"T.CAProdM":20,"A.CAProdM":5,"Ach_CAProdM":0.25,"Ach_CAProdAll":0.2443571632,"T.GPFood":3640,"A.GPFood":426,"Ach_GPFood":0.117032967,"T.GPOthers":800,"A.GPOthers":58,"Ach_GPOthers":0.0725}
