{"Nama Depo":"Depo Tanjung","T.CR":1000,"A.CR":1079,"Ach_CR":1.079,"A.CA":976,"Ach_CA":0.9045412419,"T.PC":24,"A.PC":24.7166666667,"Ach_PC":1.0298611111,"T.AC":22.6,"A.AC":24.575,"Ach_AC":1.0873893805,"T.EC":18.5375,"A.EC":18.0583333333,"Ach_EC":0.9741514947,"T.ET":16.68375,"A.ET":16.8666666667,"Ach_ET":1.0109637621,"T.AvgSKU":22.2,"A.AvgSKU":18.5666936895,"Ach_AvgSKU":0.8363375536,"T.CAProdW":401,"A.CAProdW":279,"Ach_CAProdW":0.6957605985,"T.CAProdR":624,"A.CAProdR":442,"Ach_CAProdR":0.7083333333,"T.CAProdM":42,"A.CAProdM":31,"Ach_CAProdM":0.7380952381,"Ach_CAProdAll":0.7140630566,"T.GPFood":3640,"A.GPFood":6622,"Ach_GPFood":1.8192307692,"T.GPOthers":800,"A.GPOthers":1094,"Ach_GPOthers":1.3675}
