{"Nama Depo":"Depo Tanjung","T.CR":1000,"A.CR":1078,"Ach_CR":1.078,"A.CA":855,"Ach_CA":0.793135436,"T.PC":24,"A.PC":24.6,"Ach_PC":1.025,"T.AC":22.6,"A.AC":24.4875,"Ach_AC":1.0835176991,"T.EC":18.45,"A.EC":17.825,"Ach_EC":0.9661246612,"T.ET":16.605,"A.ET":16.9375,"Ach_ET":1.0200240891,"T.AvgSKU":22.2,"A.AvgSKU":15.4314982863,"Ach_AvgSKU":0.6951125354,"T.CAProdW":401,"A.CAProdW":215,"Ach_CAProdW":0.536159601,"T.CAProdR":624,"A.CAProdR":341,"Ach_CAProdR":0.546474359,"T.CAProdM":42,"A.CAProdM":29,"Ach_CAProdM":0.6904761905,"Ach_CAProdAll":0.5910367168,"T.GPFood":3640,"A.GPFood":4665,"Ach_GPFood":1.2815934066,"T.GPOthers":800,"A.GPOthers":741,"Ach_GPOthers":0.92625}
