{"Nama Depo":"Depo Tanjung","T.CR":1040,"A.CR":1261,"Ach_CR":1.2125,"A.CA":723,"Ach_CA":0.5733544806,"T.PC":21.7777777778,"A.PC":24.6161616162,"Ach_PC":1.1303339518,"T.AC":24.6161616162,"A.AC":24.5858585859,"Ach_AC":0.9987689783,"T.EC":18.4621212121,"A.EC":16.1717171717,"Ach_EC":0.8759403638,"T.ET":17.5390151515,"A.ET":14.4393939394,"Ach_ET":0.8232727901,"T.AvgSKU":22.5,"A.AvgSKU":12.6326039549,"Ach_AvgSKU":0.5614490647,"T.CAProdW":402,"A.CAProdW":149,"Ach_CAProdW":0.3706467662,"T.CAProdR":623,"A.CAProdR":297,"Ach_CAProdR":0.4767255217,"T.CAProdM":42,"A.CAProdM":21,"Ach_CAProdM":0.5,"Ach_CAProdAll":0.4491240959,"T.GPFood":5190,"A.GPFood":2879,"Ach_GPFood":0.5547206166,"T.GPOthers":900,"A.GPOthers":444,"Ach_GPOthers":0.4933333333}
