{"Nama Depo":"Depo Tanjung","T.CR":1040,"A.CR":1359,"Ach_CR":1.3067307692,"A.CA":1029,"Ach_CA":0.7571743929,"T.PC":23.3333333333,"A.PC":26.0555555556,"Ach_PC":1.1166666667,"T.AC":22,"A.AC":24.4444444444,"Ach_AC":1.1111111111,"T.EC":17.5,"A.EC":16.8148148148,"Ach_EC":0.9608465608,"T.ET":15.75,"A.ET":15.4760348584,"Ach_ET":0.9826053878,"T.AvgSKU":22.5,"A.AvgSKU":15.2685050142,"Ach_AvgSKU":0.6786002229,"T.CAProdW":307,"A.CAProdW":143,"Ach_CAProdW":0.4657980456,"T.CAProdR":995,"A.CAProdR":895,"Ach_CAProdR":0.8994974874,"T.CAProdM":46,"A.CAProdM":32,"Ach_CAProdM":0.6956521739,"Ach_CAProdAll":0.686982569,"T.GPFood":5190,"A.GPFood":5840,"Ach_GPFood":1.1252408478,"T.GPOthers":900,"A.GPOthers":599,"Ach_GPOthers":0.6655555556}
