{"Nama Depo":"Depo Tanjung","T.CR":1040,"A.CR":1231,"Ach_CR":1.1836538462,"A.CA":414,"Ach_CA":0.3363119415,"T.PC":22.6666666667,"A.PC":24.4166666667,"Ach_PC":1.0772058824,"T.AC":24.4166666667,"A.AC":19.4583333333,"Ach_AC":0.7969283276,"T.EC":18.3125,"A.EC":19.4444444444,"Ach_EC":1.0618126659,"T.ET":17.396875,"A.ET":17.2916666667,"Ach_ET":0.9939524579,"T.AvgSKU":22.5,"A.AvgSKU":9.4550509378,"Ach_AvgSKU":0.4202244861,"T.CAProdW":242,"A.CAProdW":80,"Ach_CAProdW":0.3305785124,"T.CAProdR":312,"A.CAProdR":124,"Ach_CAProdR":0.3974358974,"T.CAProdM":22,"A.CAProdM":9,"Ach_CAProdM":0.4090909091,"Ach_CAProdAll":0.3790351063,"T.GPFood":5190,"A.GPFood":1780,"Ach_GPFood":0.3429672447,"T.GPOthers":900,"A.GPOthers":260,"Ach_GPOthers":0.2888888889}
