{"Nama Depo":"Depo Tanjung","T.CR":1040,"A.CR":1231,"Ach_CR":1.1836538462,"A.CA":1116,"Ach_CA":0.9065800162,"T.PC":22.6666666667,"A.PC":24.303030303,"Ach_PC":1.0721925134,"T.AC":24.303030303,"A.AC":23.0833333333,"Ach_AC":0.9498129676,"T.EC":18.2272727273,"A.EC":19,"Ach_EC":1.042394015,"T.ET":17.3159090909,"A.ET":17.3863636364,"Ach_ET":1.0040687754,"T.AvgSKU":22.5,"A.AvgSKU":17.8341172077,"Ach_AvgSKU":0.7926274315,"T.CAProdW":438,"A.CAProdW":309,"Ach_CAProdW":0.7054794521,"T.CAProdR":740,"A.CAProdR":502,"Ach_CAProdR":0.6783783784,"T.CAProdM":44,"A.CAProdM":31,"Ach_CAProdM":0.7045454545,"Ach_CAProdAll":0.6961344283,"T.GPFood":5190,"A.GPFood":8921,"Ach_GPFood":1.7188824663,"T.GPOthers":900,"A.GPOthers":1084,"Ach_GPOthers":1.2044444444}
