{"Nama Depo":"Depo Tanjung","T.CR":1040,"A.CR":1251,"Ach_CR":1.2028846154,"A.CA":330,"Ach_CA":0.2637889688,"T.PC":22.6666666667,"A.PC":24.8888888889,"Ach_PC":1.0980392157,"T.AC":24.8888888889,"A.AC":24.8888888889,"Ach_AC":1,"T.EC":18.6666666667,"A.EC":22,"Ach_EC":1.1785714286,"T.ET":17.7333333333,"A.ET":14.5833333333,"Ach_ET":0.8223684211,"T.AvgSKU":22.5,"A.AvgSKU":11.852136554,"Ach_AvgSKU":0.5267616246,"T.CAProdW":187,"A.CAProdW":74,"Ach_CAProdW":0.3957219251,"T.CAProdR":233,"A.CAProdR":93,"Ach_CAProdR":0.3991416309,"T.CAProdM":20,"A.CAProdM":11,"Ach_CAProdM":0.55,"Ach_CAProdAll":0.448287852,"T.GPFood":5190,"A.GPFood":0,"Ach_GPFood":0,"T.GPOthers":900,"A.GPOthers":0,"Ach_GPOthers":0}
