{"Nama Depo":"Depo Tanjung","T.CR":1040,"A.CR":1266,"Ach_CR":1.2173076923,"A.CA":858,"Ach_CA":0.6777251185,"T.PC":23.3333333333,"A.PC":25.9358974359,"Ach_PC":1.1115384615,"T.AC":22,"A.AC":24.1923076923,"Ach_AC":1.0996503497,"T.EC":17.5,"A.EC":16.5512820513,"Ach_EC":0.9457875458,"T.ET":15.75,"A.ET":15.0384615385,"Ach_ET":0.9548229548,"T.AvgSKU":22.5,"A.AvgSKU":13.3590409276,"Ach_AvgSKU":0.5937351523,"T.CAProdW":284,"A.CAProdW":111,"Ach_CAProdW":0.3908450704,"T.CAProdR":928,"A.CAProdR":720,"Ach_CAProdR":0.775862069,"T.CAProdM":43,"A.CAProdM":26,"Ach_CAProdM":0.6046511628,"Ach_CAProdAll":0.5904527674,"T.GPFood":5190,"A.GPFood":3905,"Ach_GPFood":0.7524084778,"T.GPOthers":900,"A.GPOthers":392,"Ach_GPOthers":0.4355555556}
