{"Nama Depo":"Depo Tanjung","T.CR":1040,"A.CR":1231,"Ach_CR":1.1836538462,"A.CA":617,"Ach_CA":0.5012185215,"T.PC":22.6666666667,"A.PC":23.9523809524,"Ach_PC":1.0567226891,"T.AC":23.9523809524,"A.AC":21.0714285714,"Ach_AC":0.87972167,"T.EC":17.9642857143,"A.EC":18.3095238095,"Ach_EC":1.0192180252,"T.ET":17.0660714286,"A.ET":17.1904761905,"Ach_ET":1.0072895958,"T.AvgSKU":22.5,"A.AvgSKU":11.2068646365,"Ach_AvgSKU":0.4980828727,"T.CAProdW":381,"A.CAProdW":123,"Ach_CAProdW":0.3228346457,"T.CAProdR":499,"A.CAProdR":219,"Ach_CAProdR":0.4388777555,"T.CAProdM":33,"A.CAProdM":17,"Ach_CAProdM":0.5151515152,"Ach_CAProdAll":0.4256213054,"T.GPFood":5190,"A.GPFood":3102,"Ach_GPFood":0.5976878613,"T.GPOthers":900,"A.GPOthers":448,"Ach_GPOthers":0.4977777778}
