{"Nama Depo":"Depo Tanjung","T.CR":1000,"A.CR":1078,"Ach_CR":1.078,"A.CA":888,"Ach_CA":0.8237476809,"T.PC":24,"A.PC":24.7473684211,"Ach_PC":1.0311403509,"T.AC":22.6,"A.AC":23.5473684211,"Ach_AC":1.0419189567,"T.EC":18.5605263158,"A.EC":17.6105263158,"Ach_EC":0.9488161066,"T.ET":16.7044736842,"A.ET":16.7473684211,"Ach_ET":1.0025678592,"T.AvgSKU":22.2,"A.AvgSKU":16.4834135252,"Ach_AvgSKU":0.7424961047,"T.CAProdW":397,"A.CAProdW":226,"Ach_CAProdW":0.5692695214,"T.CAProdR":625,"A.CAProdR":386,"Ach_CAProdR":0.6176,"T.CAProdM":42,"A.CAProdM":26,"Ach_CAProdM":0.619047619,"Ach_CAProdAll":0.6019723802,"T.GPFood":3640,"A.GPFood":5525,"Ach_GPFood":1.5178571429,"T.GPOthers":800,"A.GPOthers":855,"Ach_GPOthers":1.06875}
