{"Nama Depo":"Depo Tanjung","T.CR":1000,"A.CR":961,"Ach_CR":0.961,"A.CA":684,"Ach_CA":0.7117585848,"T.PC":24,"A.PC":24.46,"Ach_PC":1.0191666667,"T.AC":22.6,"A.AC":24,"Ach_AC":1.0619469027,"T.EC":18.345,"A.EC":18.06,"Ach_EC":0.9844644317,"T.ET":16.5105,"A.ET":16.64,"Ach_ET":1.0078434935,"T.AvgSKU":22.2,"A.AvgSKU":12.443505995,"Ach_AvgSKU":0.5605182881,"T.CAProdW":241,"A.CAProdW":111,"Ach_CAProdW":0.4605809129,"T.CAProdR":673,"A.CAProdR":336,"Ach_CAProdR":0.4992570579,"T.CAProdM":35,"A.CAProdM":22,"Ach_CAProdM":0.6285714286,"Ach_CAProdAll":0.5294697998,"T.GPFood":3640,"A.GPFood":3092,"Ach_GPFood":0.8494505495,"T.GPOthers":800,"A.GPOthers":364,"Ach_GPOthers":0.455}
