{"Nama Depo":"Depo Tanjung","T.CR":1040,"A.CR":1318,"Ach_CR":1.2673076923,"A.CA":923,"Ach_CA":0.7003034901,"T.PC":23.3333333333,"A.PC":26.0444444444,"Ach_PC":1.1161904762,"T.AC":22,"A.AC":21.0444444444,"Ach_AC":0.9565656566,"T.EC":17.5,"A.EC":16.6888888889,"Ach_EC":0.9536507937,"T.ET":15.75,"A.ET":15.0531746032,"Ach_ET":0.9557571177,"T.AvgSKU":22.5,"A.AvgSKU":14.2231062523,"Ach_AvgSKU":0.6321380557,"T.CAProdW":299,"A.CAProdW":125,"Ach_CAProdW":0.4180602007,"T.CAProdR":963,"A.CAProdR":795,"Ach_CAProdR":0.8255451713,"T.CAProdM":45,"A.CAProdM":26,"Ach_CAProdM":0.5777777778,"Ach_CAProdAll":0.6071277166,"T.GPFood":5190,"A.GPFood":4802,"Ach_GPFood":0.9252408478,"T.GPOthers":900,"A.GPOthers":488,"Ach_GPOthers":0.5422222222}
