{"Nama Depo":"Depo Tanjung","T.CR":1040,"A.CR":1262,"Ach_CR":1.2134615385,"A.CA":751,"Ach_CA":0.5950871632,"T.PC":22.6666666667,"A.PC":24.75,"Ach_PC":1.0919117647,"T.AC":24.75,"A.AC":24.7166666667,"Ach_AC":0.9986531987,"T.EC":18.5625,"A.EC":17.4666666667,"Ach_EC":0.9409652076,"T.ET":17.634375,"A.ET":15.1,"Ach_ET":0.8562821194,"T.AvgSKU":22.5,"A.AvgSKU":10.2994024308,"Ach_AvgSKU":0.4577512191,"T.CAProdW":428,"A.CAProdW":138,"Ach_CAProdW":0.3224299065,"T.CAProdR":642,"A.CAProdR":201,"Ach_CAProdR":0.3130841121,"T.CAProdM":46,"A.CAProdM":21,"Ach_CAProdM":0.4565217391,"Ach_CAProdAll":0.3640119193,"T.GPFood":5190,"A.GPFood":3095,"Ach_GPFood":0.5963391137,"T.GPOthers":900,"A.GPOthers":446,"Ach_GPOthers":0.4955555556}
