{"Nama Depo":"Depo Tanjung","T.CR":1040,"A.CR":1207,"Ach_CR":1.1605769231,"A.CA":758,"Ach_CA":0.628003314,"T.PC":23.3333333333,"A.PC":26.3636363636,"Ach_PC":1.1298701299,"T.AC":22,"A.AC":24.6060606061,"Ach_AC":1.1184573003,"T.EC":17.5,"A.EC":16.6060606061,"Ach_EC":0.9489177489,"T.ET":15.75,"A.ET":14.5075757576,"Ach_ET":0.9211159211,"T.AvgSKU":22.5,"A.AvgSKU":12.4720057226,"Ach_AvgSKU":0.5543113655,"T.CAProdW":273,"A.CAProdW":100,"Ach_CAProdW":0.3663003663,"T.CAProdR":881,"A.CAProdR":609,"Ach_CAProdR":0.6912599319,"T.CAProdM":43,"A.CAProdM":25,"Ach_CAProdM":0.5813953488,"Ach_CAProdAll":0.546318549,"T.GPFood":5190,"A.GPFood":0,"Ach_GPFood":0,"T.GPOthers":900,"A.GPOthers":0,"Ach_GPOthers":0}
