{"Nama Depo":"Depo Tanjung","T.CR":1040,"A.CR":1261,"Ach_CR":1.2125,"A.CA":811,"Ach_CA":0.6431403648,"T.PC":21.8055555556,"A.PC":24.6435897436,"Ach_PC":1.1301518863,"T.AC":24.6435897436,"A.AC":24.558974359,"Ach_AC":0.9965664343,"T.EC":18.4826923077,"A.EC":17.9861111111,"Ach_EC":0.9731326374,"T.ET":17.5585576923,"A.ET":15.3247863248,"Ach_ET":0.8727816141,"T.AvgSKU":22.5,"A.AvgSKU":13.5746526546,"Ach_AvgSKU":0.6033178958,"T.CAProdW":432,"A.CAProdW":168,"Ach_CAProdW":0.3888888889,"T.CAProdR":691,"A.CAProdR":337,"Ach_CAProdR":0.487698987,"T.CAProdM":46,"A.CAProdM":24,"Ach_CAProdM":0.5217391304,"Ach_CAProdAll":0.4661090021,"T.GPFood":5190,"A.GPFood":4190,"Ach_GPFood":0.8073217726,"T.GPOthers":900,"A.GPOthers":618,"Ach_GPOthers":0.6866666667}
