{"Nama Depo":"Depo Tanjung","T.CR":1360,"A.CR":1527,"Ach_CR":1.1227941176,"A.CA":1361,"Ach_CA":0.8912901113,"T.PC":25.7142857143,"A.PC":27.3333333333,"Ach_PC":1.062962963,"T.AC":24.7142857143,"A.AC":24.9523809524,"Ach_AC":1.0096339114,"T.EC":19.2857142857,"A.EC":18.0054945055,"Ach_EC":0.9336182336,"T.ET":17.3571428571,"A.ET":15.512006512,"Ach_ET":0.8936958484,"T.AvgSKU":22.8571428571,"A.AvgSKU":21.1790410318,"Ach_AvgSKU":0.9265830451,"T.CAProdW":242,"A.CAProdW":205,"Ach_CAProdW":0.847107438,"T.CAProdR":1233,"A.CAProdR":971,"Ach_CAProdR":0.7875101379,"T.CAProdM":39,"A.CAProdM":30,"Ach_CAProdM":0.7692307692,"Ach_CAProdAll":0.8012827817,"T.GPFood":5830,"A.GPFood":8076,"Ach_GPFood":1.3852487136,"T.GPOthers":1500,"A.GPOthers":1079,"Ach_GPOthers":0.7193333333}
