{"Nama Depo":"Depo Tanjung","T.CR":1360,"A.CR":1463,"Ach_CR":1.0757352941,"A.CA":916,"Ach_CA":0.6261107314,"T.PC":25.7142857143,"A.PC":27.4025974026,"Ach_PC":1.0656565657,"T.AC":24.7142857143,"A.AC":24.2987012987,"Ach_AC":0.9831844456,"T.EC":19.2857142857,"A.EC":19.038961039,"Ach_EC":0.9872053872,"T.ET":17.3571428571,"A.ET":14.7298701299,"Ach_ET":0.8486344931,"T.AvgSKU":22.8571428571,"A.AvgSKU":13.1282856536,"Ach_AvgSKU":0.5743624973,"T.CAProdW":230,"A.CAProdW":107,"Ach_CAProdW":0.4652173913,"T.CAProdR":1184,"A.CAProdR":487,"Ach_CAProdR":0.4113175676,"T.CAProdM":36,"A.CAProdM":21,"Ach_CAProdM":0.5833333333,"Ach_CAProdAll":0.4866227641,"T.GPFood":5830,"A.GPFood":2189,"Ach_GPFood":0.3754716981,"T.GPOthers":1500,"A.GPOthers":215,"Ach_GPOthers":0.1433333333}
