{"Nama Depo":"Depo Tanjung","T.CR":1000,"A.CR":1086,"Ach_CR":1.086,"A.CA":808,"Ach_CA":0.744014733,"T.PC":23.8111111111,"A.PC":25.25,"Ach_PC":1.0604293047,"T.AC":23.8111111111,"A.AC":24.7166666667,"Ach_AC":1.0380307979,"T.EC":18.9375,"A.EC":18.45,"Ach_EC":0.9742574257,"T.ET":17.990625,"A.ET":18.0075757576,"Ach_ET":1.0009421995,"T.AvgSKU":22.2,"A.AvgSKU":12.2891163978,"Ach_AvgSKU":0.5535638017,"T.CAProdW":400,"A.CAProdW":160,"Ach_CAProdW":0.4,"T.CAProdR":627,"A.CAProdR":298,"Ach_CAProdR":0.4752791069,"T.CAProdM":42,"A.CAProdM":25,"Ach_CAProdM":0.5952380952,"Ach_CAProdAll":0.4901724007,"T.GPFood":3640,"A.GPFood":3288,"Ach_GPFood":0.9032967033,"T.GPOthers":800,"A.GPOthers":535,"Ach_GPOthers":0.66875}
