{"Nama Depo":"Depo Tanjung","T.CR":1360,"A.CR":1527,"Ach_CR":1.1227941176,"A.CA":1344,"Ach_CA":0.8801571709,"T.PC":25.7142857143,"A.PC":27.4175824176,"Ach_PC":1.0662393162,"T.AC":24.7142857143,"A.AC":24.978021978,"Ach_AC":1.0106714095,"T.EC":19.2857142857,"A.EC":18.0054945055,"Ach_EC":0.9336182336,"T.ET":17.3571428571,"A.ET":15.4501098901,"Ach_ET":0.8901297879,"T.AvgSKU":22.8571428571,"A.AvgSKU":20.7537444892,"Ach_AvgSKU":0.9079763214,"T.CAProdW":242,"A.CAProdW":202,"Ach_CAProdW":0.8347107438,"T.CAProdR":1233,"A.CAProdR":959,"Ach_CAProdR":0.7777777778,"T.CAProdM":39,"A.CAProdM":29,"Ach_CAProdM":0.7435897436,"Ach_CAProdAll":0.7853594217,"T.GPFood":5830,"A.GPFood":8076,"Ach_GPFood":1.3852487136,"T.GPOthers":1500,"A.GPOthers":1079,"Ach_GPOthers":0.7193333333}
