{"Nama Depo":"Depo Tanjung","T.CR":1000,"A.CR":759,"Ach_CR":0.759,"A.CA":485,"Ach_CA":0.6389986825,"T.PC":24,"A.PC":25.3,"Ach_PC":1.0541666667,"T.AC":22.6,"A.AC":25.0333333333,"Ach_AC":1.1076696165,"T.EC":18.975,"A.EC":19.2,"Ach_EC":1.0118577075,"T.ET":17.0775,"A.ET":17.7666666667,"Ach_ET":1.0403552433,"T.AvgSKU":22.2,"A.AvgSKU":9.8433942384,"Ach_AvgSKU":0.4433961369,"T.CAProdW":339,"A.CAProdW":81,"Ach_CAProdW":0.2389380531,"T.CAProdR":378,"A.CAProdR":147,"Ach_CAProdR":0.3888888889,"T.CAProdM":31,"A.CAProdM":17,"Ach_CAProdM":0.5483870968,"Ach_CAProdAll":0.3920713463,"T.GPFood":3640,"A.GPFood":1279,"Ach_GPFood":0.3513736264,"T.GPOthers":800,"A.GPOthers":185,"Ach_GPOthers":0.23125}
