{"Nama Depo":"Depo Tanjung","T.CR":890,"A.CR":1053,"Ach_CR":1.1831460674,"A.CA":717,"Ach_CA":0.6809116809,"T.PC":21.5388888889,"A.PC":24.4727272727,"Ach_PC":1.1362112224,"T.AC":24.4727272727,"A.AC":24.4363636364,"Ach_AC":0.9985141159,"T.EC":18.3545454545,"A.EC":17.0727272727,"Ach_EC":0.9301634473,"T.ET":17.4368181818,"A.ET":16.1272727273,"Ach_ET":0.9248976825,"T.AvgSKU":21.8,"A.AvgSKU":13.1591247459,"Ach_AvgSKU":0.6036295755,"T.CAProdW":388,"A.CAProdW":148,"Ach_CAProdW":0.381443299,"T.CAProdR":563,"A.CAProdR":295,"Ach_CAProdR":0.5239786856,"T.CAProdM":40,"A.CAProdM":21,"Ach_CAProdM":0.525,"Ach_CAProdAll":0.4768073282,"T.GPFood":4270,"A.GPFood":2879,"Ach_GPFood":0.6742388759,"T.GPOthers":600,"A.GPOthers":444,"Ach_GPOthers":0.74}
