{"Nama Depo":"Depo Tanjung","T.CR":850,"A.CR":1144,"Ach_CR":1.3458823529,"A.CA":1025,"Ach_CA":0.895979021,"T.PC":25,"A.PC":25.3,"Ach_PC":1.012,"T.AC":24,"A.AC":24.7,"Ach_AC":1.0291666667,"T.EC":18.975,"A.EC":19.4,"Ach_EC":1.022397892,"T.ET":17.0775,"A.ET":17.8076923077,"Ach_ET":1.0427575645,"T.AvgSKU":24.6,"A.AvgSKU":23.4160674719,"Ach_AvgSKU":0.9518726615,"T.CAProdW":229,"A.CAProdW":197,"Ach_CAProdW":0.8602620087,"T.CAProdR":870,"A.CAProdR":649,"Ach_CAProdR":0.7459770115,"T.CAProdM":31,"A.CAProdM":25,"Ach_CAProdM":0.8064516129,"Ach_CAProdAll":0.804230211,"T.GPFood":4910,"A.GPFood":8530,"Ach_GPFood":1.7372708758,"T.GPOthers":1200,"A.GPOthers":968,"Ach_GPOthers":0.8066666667}
