{"Nama Depo":"Depo Tanjung","T.CR":1040,"A.CR":1251,"Ach_CR":1.2028846154,"A.CA":988,"Ach_CA":0.7897681855,"T.PC":22.6666666667,"A.PC":24.3039215686,"Ach_PC":1.0722318339,"T.AC":24.3039215686,"A.AC":23.9803921569,"Ach_AC":0.9866881807,"T.EC":18.2279411765,"A.EC":18.8854166667,"Ach_EC":1.0360696517,"T.ET":17.3165441176,"A.ET":16.8866421569,"Ach_ET":0.975173917,"T.AvgSKU":22.5,"A.AvgSKU":17.258425733,"Ach_AvgSKU":0.7670411437,"T.CAProdW":455,"A.CAProdW":268,"Ach_CAProdW":0.589010989,"T.CAProdR":727,"A.CAProdR":402,"Ach_CAProdR":0.552957359,"T.CAProdM":44,"A.CAProdM":30,"Ach_CAProdM":0.6818181818,"Ach_CAProdAll":0.6079288433,"T.GPFood":5190,"A.GPFood":6197,"Ach_GPFood":1.194026975,"T.GPOthers":900,"A.GPOthers":846,"Ach_GPOthers":0.94}
