{"Nama Depo":"Depo Tanjung","T.CR":1000,"A.CR":1078,"Ach_CR":1.078,"A.CA":877,"Ach_CA":0.8135435993,"T.PC":24,"A.PC":24.8222222222,"Ach_PC":1.0342592593,"T.AC":22.6,"A.AC":23.5555555556,"Ach_AC":1.0422812193,"T.EC":18.6166666667,"A.EC":17.6222222222,"Ach_EC":0.9465831095,"T.ET":16.755,"A.ET":16.7333333333,"Ach_ET":0.9987068537,"T.AvgSKU":22.2,"A.AvgSKU":15.9378327794,"Ach_AvgSKU":0.7179203955,"T.CAProdW":397,"A.CAProdW":218,"Ach_CAProdW":0.5491183879,"T.CAProdR":625,"A.CAProdR":376,"Ach_CAProdR":0.6016,"T.CAProdM":42,"A.CAProdM":26,"Ach_CAProdM":0.619047619,"Ach_CAProdAll":0.5899220023,"T.GPFood":3640,"A.GPFood":5018,"Ach_GPFood":1.3785714286,"T.GPOthers":800,"A.GPOthers":747,"Ach_GPOthers":0.93375}
