{"Nama Depo":"Depo Tanjung","T.CR":1000,"A.CR":845,"Ach_CR":0.845,"A.CA":554,"Ach_CA":0.6556213018,"T.PC":24,"A.PC":24.35,"Ach_PC":1.0145833333,"T.AC":22.6,"A.AC":24.225,"Ach_AC":1.0719026549,"T.EC":18.2625,"A.EC":17.1,"Ach_EC":0.9363449692,"T.ET":16.43625,"A.ET":15.775,"Ach_ET":0.9597688037,"T.AvgSKU":22.2,"A.AvgSKU":11.1696376579,"Ach_AvgSKU":0.5031368314,"T.CAProdW":344,"A.CAProdW":98,"Ach_CAProdW":0.2848837209,"T.CAProdR":450,"A.CAProdR":194,"Ach_CAProdR":0.4311111111,"T.CAProdM":38,"A.CAProdM":14,"Ach_CAProdM":0.3684210526,"Ach_CAProdAll":0.3614719616,"T.GPFood":3640,"A.GPFood":2430,"Ach_GPFood":0.6675824176,"T.GPOthers":800,"A.GPOthers":359,"Ach_GPOthers":0.44875}
