{"Nama Depo":"Depo Tanjung","T.CR":1040,"A.CR":1262,"Ach_CR":1.2134615385,"A.CA":821,"Ach_CA":0.6505546751,"T.PC":22.6666666667,"A.PC":24.6651515152,"Ach_PC":1.0881684492,"T.AC":24.6651515152,"A.AC":24.6348484848,"Ach_AC":0.9987714233,"T.EC":18.4988636364,"A.EC":17.2696969697,"Ach_EC":0.9335544771,"T.ET":17.5739204545,"A.ET":15.6212121212,"Ach_ET":0.888886015,"T.AvgSKU":22.5,"A.AvgSKU":10.7582015986,"Ach_AvgSKU":0.4781422933,"T.CAProdW":432,"A.CAProdW":152,"Ach_CAProdW":0.3518518519,"T.CAProdR":662,"A.CAProdR":239,"Ach_CAProdR":0.3610271903,"T.CAProdM":46,"A.CAProdM":25,"Ach_CAProdM":0.5434782609,"Ach_CAProdAll":0.4187857677,"T.GPFood":5190,"A.GPFood":3431,"Ach_GPFood":0.6610789981,"T.GPOthers":900,"A.GPOthers":509,"Ach_GPOthers":0.5655555556}
