{"Nama Depo":"Depo Tanjung","T.CR":1040,"A.CR":1262,"Ach_CR":1.2134615385,"A.CA":1064,"Ach_CA":0.8431061807,"T.PC":22.6666666667,"A.PC":24.5464285714,"Ach_PC":1.0829306723,"T.AC":24.5464285714,"A.AC":24.45,"Ach_AC":0.9960715845,"T.EC":18.4098214286,"A.EC":17.8438596491,"Ach_EC":0.9692576171,"T.ET":17.4893303571,"A.ET":15.9996031746,"Ach_ET":0.9148207992,"T.AvgSKU":22.5,"A.AvgSKU":14.6602608461,"Ach_AvgSKU":0.6515671487,"T.CAProdW":451,"A.CAProdW":256,"Ach_CAProdW":0.5676274945,"T.CAProdR":706,"A.CAProdR":409,"Ach_CAProdR":0.5793201133,"T.CAProdM":46,"A.CAProdM":31,"Ach_CAProdM":0.6739130435,"Ach_CAProdAll":0.6069535504,"T.GPFood":5190,"A.GPFood":5973,"Ach_GPFood":1.150867052,"T.GPOthers":900,"A.GPOthers":833,"Ach_GPOthers":0.9255555556}
