{"Nama Depo":"Depo Tanjung","T.CR":1000,"A.CR":1082,"Ach_CR":1.082,"A.CA":1004,"Ach_CA":0.9279112754,"T.PC":23.8166666667,"A.PC":24.9744615385,"Ach_PC":1.0486128008,"T.AC":24.9744615385,"A.AC":24.928,"Ach_AC":0.998139638,"T.EC":18.7308461538,"A.EC":17.5,"Ach_EC":0.9342877442,"T.ET":17.7943038462,"A.ET":17.0236923077,"Ach_ET":0.9566933584,"T.AvgSKU":22.2,"A.AvgSKU":18.0504204821,"Ach_AvgSKU":0.8130820037,"T.CAProdW":396,"A.CAProdW":282,"Ach_CAProdW":0.7121212121,"T.CAProdR":626,"A.CAProdR":446,"Ach_CAProdR":0.7124600639,"T.CAProdM":42,"A.CAProdM":32,"Ach_CAProdM":0.7619047619,"Ach_CAProdAll":0.7288286793,"T.GPFood":3640,"A.GPFood":5860,"Ach_GPFood":1.6098901099,"T.GPOthers":800,"A.GPOthers":1125,"Ach_GPOthers":1.40625}
