{"Nama Depo":"Depo Tanjung","T.CR":1000,"A.CR":1144,"Ach_CR":1.144,"A.CA":1015,"Ach_CA":0.8872377622,"T.PC":24,"A.PC":25.192,"Ach_PC":1.0496666667,"T.AC":22.6,"A.AC":23.632,"Ach_AC":1.0456637168,"T.EC":18.894,"A.EC":19.4,"Ach_EC":1.0267809887,"T.ET":17.0046,"A.ET":17.48,"Ach_ET":1.027957141,"T.AvgSKU":22.2,"A.AvgSKU":22.6963710258,"Ach_AvgSKU":1.0223590552,"T.CAProdW":229,"A.CAProdW":189,"Ach_CAProdW":0.8253275109,"T.CAProdR":870,"A.CAProdR":641,"Ach_CAProdR":0.7367816092,"T.CAProdM":31,"A.CAProdM":24,"Ach_CAProdM":0.7741935484,"Ach_CAProdAll":0.7787675562,"T.GPFood":3640,"A.GPFood":8530,"Ach_GPFood":2.3434065934,"T.GPOthers":800,"A.GPOthers":968,"Ach_GPOthers":1.21}
