{"Nama Depo":"Depo Tanjung","T.CR":1000,"A.CR":930,"Ach_CR":0.93,"A.CA":661,"Ach_CA":0.7107526882,"T.PC":23.8111111111,"A.PC":25.5555555556,"Ach_PC":1.0732617825,"T.AC":23.8111111111,"A.AC":24.8888888889,"Ach_AC":1.0452636491,"T.EC":19.1666666667,"A.EC":19.1111111111,"Ach_EC":0.9971014493,"T.ET":18.2083333333,"A.ET":17.9916666667,"Ach_ET":0.9881006865,"T.AvgSKU":22.2,"A.AvgSKU":11.2172049896,"Ach_AvgSKU":0.505279504,"T.CAProdW":373,"A.CAProdW":130,"Ach_CAProdW":0.3485254692,"T.CAProdR":507,"A.CAProdR":223,"Ach_CAProdR":0.4398422091,"T.CAProdM":39,"A.CAProdM":22,"Ach_CAProdM":0.5641025641,"Ach_CAProdAll":0.4508234141,"T.GPFood":3640,"A.GPFood":2243,"Ach_GPFood":0.6162087912,"T.GPOthers":800,"A.GPOthers":331,"Ach_GPOthers":0.41375}
