{"Nama Depo":"Depo Tanjung","T.CR":1040,"A.CR":1262,"Ach_CR":1.2134615385,"A.CA":32,"Ach_CA":0.0253565769,"T.PC":22.6666666667,"A.PC":24.8333333333,"Ach_PC":1.0955882353,"T.AC":24.8333333333,"A.AC":24.8333333333,"Ach_AC":1,"T.EC":18.625,"A.EC":16.1666666667,"Ach_EC":0.8680089485,"T.ET":17.69375,"A.ET":5.3333333333,"Ach_ET":0.3014247027,"T.AvgSKU":22.5,"A.AvgSKU":6.0321428571,"Ach_AvgSKU":0.2680952381,"T.CAProdW":69,"A.CAProdW":5,"Ach_CAProdW":0.0724637681,"T.CAProdR":70,"A.CAProdR":10,"Ach_CAProdR":0.1428571429,"T.CAProdM":9,"A.CAProdM":0,"Ach_CAProdM":0,"Ach_CAProdAll":0.071773637,"T.GPFood":5190,"A.GPFood":0,"Ach_GPFood":0,"T.GPOthers":900,"A.GPOthers":0,"Ach_GPOthers":0}
