{"Nama Depo":"Depo Tanjung","T.CR":1040,"A.CR":1251,"Ach_CR":1.2028846154,"A.CA":1071,"Ach_CA":0.8561151079,"T.PC":22.6666666667,"A.PC":24.3492063492,"Ach_PC":1.0742296919,"T.AC":24.3492063492,"A.AC":24.0793650794,"Ach_AC":0.9889178618,"T.EC":18.2619047619,"A.EC":18.75,"Ach_EC":1.0267275098,"T.ET":17.3488095238,"A.ET":16.9674603175,"Ach_ET":0.9780187104,"T.AvgSKU":22.5,"A.AvgSKU":18.6652000283,"Ach_AvgSKU":0.8295644457,"T.CAProdW":455,"A.CAProdW":302,"Ach_CAProdW":0.6637362637,"T.CAProdR":728,"A.CAProdR":463,"Ach_CAProdR":0.635989011,"T.CAProdM":44,"A.CAProdM":34,"Ach_CAProdM":0.7727272727,"Ach_CAProdAll":0.6908175158,"T.GPFood":5190,"A.GPFood":7948,"Ach_GPFood":1.5314065511,"T.GPOthers":900,"A.GPOthers":1026,"Ach_GPOthers":1.14}
