{"Nama Depo":"Depo Tanjung","T.CR":1040,"A.CR":1251,"Ach_CR":1.2028846154,"A.CA":1006,"Ach_CA":0.8041566747,"T.PC":22.6666666667,"A.PC":24.3611111111,"Ach_PC":1.074754902,"T.AC":24.3611111111,"A.AC":24.0555555556,"Ach_AC":0.9874572406,"T.EC":18.2708333333,"A.EC":18.9705882353,"Ach_EC":1.038299014,"T.ET":17.3572916667,"A.ET":16.8431372549,"Ach_ET":0.9703781891,"T.AvgSKU":22.5,"A.AvgSKU":17.5400708212,"Ach_AvgSKU":0.7795587032,"T.CAProdW":455,"A.CAProdW":278,"Ach_CAProdW":0.610989011,"T.CAProdR":727,"A.CAProdR":417,"Ach_CAProdR":0.5735900963,"T.CAProdM":44,"A.CAProdM":30,"Ach_CAProdM":0.6818181818,"Ach_CAProdAll":0.6221324297,"T.GPFood":5190,"A.GPFood":7349,"Ach_GPFood":1.4159922929,"T.GPOthers":900,"A.GPOthers":891,"Ach_GPOthers":0.99}
