{"szEmployeeId":17210032876,"szname":"Asman","JKS":"Senin","CR on JKS":29,"LY":176354271.3929280341,"3LM":163970231.2369016409,"LM":151716318.3264759779,"Target":166337630.987562716,"Actual":98162950.9507919699,"Ach":0.5901427739,"Gap":-68174680.0367707461,"vs LY":-0.4433763913,"vs 3LM":-0.4013367536,"vs LM":-0.3529835681}
{"szEmployeeId":17210032876,"szname":"Asman","JKS":"Selasa","CR on JKS":28,"LY":158970286.7014739513,"3LM":180859299.353479296,"LM":151897301.0241969526,"Target":195691629.4981391728,"Actual":157226983.8614449501,"Ach":0.8034425604,"Gap":-38464645.6366942227,"vs LY":-0.0109662181,"vs 3LM":-0.1306668531,"vs LM":0.0350874097}
{"szEmployeeId":17210032876,"szname":"Asman","JKS":"Rabu","CR on JKS":22,"LY":126824568.788267985,"3LM":120307999.0576726347,"LM":131575520.7175099999,"Target":123989428.4061142802,"Actual":103169970.1500889808,"Ach":0.8320868277,"Gap":-20819458.2560252994,"vs LY":-0.1865143234,"vs 3LM":-0.1424512837,"vs LM":-0.2158878066}
{"szEmployeeId":17210032876,"szname":"Asman","JKS":"Kamis","CR on JKS":20,"LY":116996718.1489720047,"3LM":120461021.636119619,"LM":124125399.1766070127,"Target":118273883.6914120167,"Actual":89948448.8604580015,"Ach":0.7605098104,"Gap":-28325434.8309540153,"vs LY":-0.2311882736,"vs 3LM":-0.2532983065,"vs LM":-0.2753421181}
{"szEmployeeId":17210032876,"szname":"Asman","JKS":"Jumat","CR on JKS":23,"LY":142419693.5844009817,"3LM":146125402.5106109977,"LM":158017876.0041450262,"Target":154352557.626960218,"Actual":74088820.7863429934,"Ach":0.479997364,"Gap":-80263736.8406172246,"vs LY":-0.4797852816,"vs 3LM":-0.4929778155,"vs LM":-0.5311364596}
{"szEmployeeId":17210032876,"szname":"Asman","JKS":"Sabtu","CR on JKS":28,"LY":323614506.7994279861,"3LM":316718434.0384240746,"LM":324120866.2885089517,"Target":341354869.7898120284,"Actual":91314684.9356999546,"Ach":0.2675066127,"Gap":-250040184.8541120887,"vs LY":-0.7178288271,"vs 3LM":-0.7116849696,"vs LM":-0.7182696505}
{"szEmployeeId":17210037897,"szname":"Hindra","JKS":"Senin","CR on JKS":25,"LY":75545261.7721829861,"3LM":82139678.3096969873,"LM":77523452.7368859947,"Target":87386220.6668990403,"Actual":99991710.8650539964,"Ach":1.1442503189,"Gap":12605490.1981549561,"vs LY":0.3236000315,"vs 3LM":0.2173375027,"vs LM":0.2898253023}
{"szEmployeeId":17210037897,"szname":"Hindra","JKS":"Selasa","CR on JKS":31,"LY":13811838.9757519998,"3LM":25913389.5415269993,"LM":25460708.7331670038,"Target":28484825.3824855015,"Actual":26288489.8283880092,"Ach":0.9228945404,"Gap":-2196335.5540974922,"vs LY":0.9033301702,"vs 3LM":0.0144751533,"vs LM":0.0325120995}
{"szEmployeeId":17210037897,"szname":"Hindra","JKS":"Rabu","CR on JKS":28,"LY":15984192.8766949978,"3LM":30818930.3593506627,"LM":24266605.8410379961,"Target":34535956.3497696072,"Actual":35515556.9681920037,"Ach":1.0283646588,"Gap":979600.6184223965,"vs LY":1.2219174432,"vs 3LM":0.1523942121,"vs LM":0.4635568402}
{"szEmployeeId":17210037897,"szname":"Hindra","JKS":"Kamis","CR on JKS":27,"LY":72030896.442572996,"3LM":95650835.4293060452,"LM":93048570.476522997,"Target":100865181.0274394751,"Actual":87555324.0428890139,"Ach":0.8680430963,"Gap":-13309856.9845504612,"vs LY":0.2155245647,"vs 3LM":-0.0846360761,"vs LM":-0.0590363334}
{"szEmployeeId":17210037897,"szname":"Hindra","JKS":"Jumat","CR on JKS":26,"LY":89439547.1309000105,"3LM":94240273.8076193333,"LM":83808397.9961169958,"Target":107359032.3975536227,"Actual":30526997.2446199954,"Ach":0.2843449365,"Gap":-76832035.1529336274,"vs LY":-0.6586856908,"vs 3LM":-0.6760727021,"vs LM":-0.6357525263}
{"szEmployeeId":17210037897,"szname":"Hindra","JKS":"Sabtu","CR on JKS":24,"LY":17791248.2098089978,"3LM":38046617.1365989819,"LM":33130241.9922069982,"Target":41368784.175852634,"Actual":28694892.2725510038,"Ach":0.6936363455,"Gap":-12673891.9033016302,"vs LY":0.612865603,"vs 3LM":-0.2457964878,"vs LM":-0.1338761643}
{"szEmployeeId":17210036369,"szname":"Muhammad Tamrin","JKS":"Senin","CR on JKS":23,"LY":185923794.0649909973,"3LM":130815756.8774389774,"LM":168672205.2070990503,"Target":150939614.7383767664,"Actual":146197714.0977309644,"Ach":0.9685841212,"Gap":-4741900.640645802,"vs LY":-0.2136686171,"vs 3LM":0.1175848964,"vs LM":-0.1332435957}
{"szEmployeeId":17210036369,"szname":"Muhammad Tamrin","JKS":"Selasa","CR on JKS":35,"LY":131373501.036973998,"3LM":90271290.7365613431,"LM":85771325.2200339735,"Target":104756311.339403823,"Actual":88322015.6610280126,"Ach":0.8431188015,"Gap":-16434295.6783758104,"vs LY":-0.3277029617,"vs 3LM":-0.0215935217,"vs LM":0.0297382655}
{"szEmployeeId":17210036369,"szname":"Muhammad Tamrin","JKS":"Rabu","CR on JKS":25,"LY":30267094.9670769945,"3LM":33831633.1166683361,"LM":33784399.8351950049,"Target":39753693.5796808675,"Actual":28296765.221370995,"Ach":0.7118021666,"Gap":-11456928.3583098724,"vs LY":-0.0650980792,"vs 3LM":-0.1636003759,"vs LM":-0.1624310226}
{"szEmployeeId":17210036369,"szname":"Muhammad Tamrin","JKS":"Kamis","CR on JKS":25,"LY":19150306.8642830029,"3LM":26893522.4118929952,"LM":30305835.7596519999,"Target":30958551.9445019364,"Actual":27216001.6749190018,"Ach":0.8791109392,"Gap":-3742550.2695829347,"vs LY":0.4211783585,"vs 3LM":0.0119909641,"vs LM":-0.1019550858}
{"szEmployeeId":17210036369,"szname":"Muhammad Tamrin","JKS":"Jumat","CR on JKS":25,"LY":52339003.5152420253,"3LM":84772851.1524506658,"LM":91352505.5049720258,"Target":96529204.3177136779,"Actual":65023933.9108699933,"Ach":0.6736192883,"Gap":-31505270.4068436846,"vs LY":0.2423609458,"vs 3LM":-0.2329627584,"vs LM":-0.288208533}
{"szEmployeeId":17210036369,"szname":"Muhammad Tamrin","JKS":"Sabtu","CR on JKS":25,"LY":59644376.6287380159,"3LM":118302953.7431966513,"LM":135433429.2153740227,"Target":137062624.0803229213,"Actual":56660662.3608009964,"Ach":0.4133925112,"Gap":-80401961.7195219249,"vs LY":-0.0500250725,"vs 3LM":-0.521054542,"vs LM":-0.5816345884}
{"szEmployeeId":17210037713,"szname":"Rahmani","JKS":"Senin","CR on JKS":25,"LY":45124984.7755339965,"3LM":51211546.3276906759,"LM":52549015.0074140131,"Target":60259434.9346038997,"Actual":39955784.6471399888,"Ach":0.6630627169,"Gap":-20303650.2874639109,"vs LY":-0.1145529501,"vs 3LM":-0.2197895297,"vs LM":-0.2396473151}
{"szEmployeeId":17210037713,"szname":"Rahmani","JKS":"Selasa","CR on JKS":31,"LY":15425316.8658470027,"3LM":23496199.0503123291,"LM":20278136.7603379972,"Target":28411680.3029826395,"Actual":21193187.9450000003,"Ach":0.7459322264,"Gap":-7218492.3579826392,"vs LY":0.3739223725,"vs 3LM":-0.098016326,"vs LM":0.045125013}
{"szEmployeeId":17210037713,"szname":"Rahmani","JKS":"Rabu","CR on JKS":29,"LY":22798564.1925179958,"3LM":26305898.4138856791,"LM":23082138.4687810019,"Target":31017973.5192160159,"Actual":23715289.0288699977,"Ach":0.764566035,"Gap":-7302684.4903460182,"vs LY":0.0402097618,"vs 3LM":-0.0984801714,"vs LM":0.027430325}
{"szEmployeeId":17210037713,"szname":"Rahmani","JKS":"Kamis","CR on JKS":24,"LY":86757306.2496879995,"3LM":69770937.3332363218,"LM":34114319.2018969953,"Target":82454308.3196442276,"Actual":99287511.2995610088,"Ach":1.2041518912,"Gap":16833202.9799167812,"vs LY":0.14442824,"vs 3LM":0.423049698,"vs LM":1.9104350789}
{"szEmployeeId":17210037713,"szname":"Rahmani","JKS":"Jumat","CR on JKS":26,"LY":196446962.0296220183,"3LM":210055107.554566294,"LM":188472728.5167440176,"Target":247639659.8483691812,"Actual":86942597.8696430027,"Ach":0.3510851126,"Gap":-160697061.9787261784,"vs LY":-0.5574245742,"vs 3LM":-0.5860962445,"vs LM":-0.5386993198}
{"szEmployeeId":17210037713,"szname":"Rahmani","JKS":"Sabtu","CR on JKS":23,"LY":77932751.4249950051,"3LM":72824164.2125536799,"LM":68795465.0402750075,"Target":85216943.0751839578,"Actual":65581991.1973479986,"Ach":0.7695886385,"Gap":-19634951.8778359592,"vs LY":-0.1584797149,"vs 3LM":-0.0994473894,"vs LM":-0.0467105476}
{"szEmployeeId":17210037632,"szname":"Robianor","JKS":"Senin","CR on JKS":26,"LY":40049603.8374010101,"3LM":35896281.6560006738,"LM":37478485.441099003,"Target":39647901.4414286092,