{"szEmployeeId":17210032876,"szname":"Asman","JKS":"Senin","CR on JKS":29,"LY":176354271.3929280341,"3LM":163970231.2369016707,"LM":151716318.3264759481,"Target":166337630.9875627458,"Actual":37512609.2726280093,"Ach":0.2255208821,"Gap":-128825021.7149347365,"vs LY":-0.7872883431,"vs 3LM":-0.7712230507,"vs LM":-0.7527450594}
{"szEmployeeId":17210032876,"szname":"Asman","JKS":"Selasa","CR on JKS":28,"LY":158970286.7014739513,"3LM":180859299.353479296,"LM":151897301.0241969824,"Target":195691629.4981391728,"Actual":68537324.3446509987,"Ach":0.3502312517,"Gap":-127154305.1534881741,"vs LY":-0.5688670772,"vs 3LM":-0.6210461691,"vs LM":-0.5487916909}
{"szEmployeeId":17210032876,"szname":"Asman","JKS":"Rabu","CR on JKS":22,"LY":126824568.788267985,"3LM":120307999.0576726496,"LM":131575520.7175099999,"Target":123989428.4061142802,"Actual":41160931.294449009,"Ach":0.3319712965,"Gap":-82828497.1116652787,"vs LY":-0.6754498621,"vs 3LM":-0.6578703692,"vs LM":-0.6871687752}
{"szEmployeeId":17210032876,"szname":"Asman","JKS":"Kamis","CR on JKS":20,"LY":116996718.1489720047,"3LM":120461021.6361196339,"LM":124125399.1766069978,"Target":118273883.6914120167,"Actual":47689413.2627950087,"Ach":0.4032116962,"Gap":-70584470.4286170006,"vs LY":-0.5923867437,"vs 3LM":-0.6041091748,"vs LM":-0.6157964963}
{"szEmployeeId":17210032876,"szname":"Asman","JKS":"Jumat","CR on JKS":23,"LY":142419693.5844009817,"3LM":146125402.5106109977,"LM":158017876.0041450262,"Target":154352557.626960218,"Actual":42417362.3231549934,"Ach":0.2748082894,"Gap":-111935195.303805232,"vs LY":-0.7021664543,"vs 3LM":-0.7097194492,"vs LM":-0.7315660519}
{"szEmployeeId":17210032876,"szname":"Asman","JKS":"Sabtu","CR on JKS":28,"LY":323614506.7994279861,"3LM":316718434.038424015,"LM":324120866.2885089517,"Target":341354869.7898120284,"Actual":30246686.5635070056,"Ach":0.0886077488,"Gap":-311108183.2263050079,"vs LY":-0.9065348248,"vs 3LM":-0.9044997597,"vs LM":-0.9066808413}
{"szEmployeeId":17210037897,"szname":"Hindra","JKS":"Senin","CR on JKS":25,"LY":75545261.7721829861,"3LM":82139678.3096970022,"LM":77523452.7368859947,"Target":87386220.6668990552,"Actual":45170566.9151789993,"Ach":0.5169072031,"Gap":-42215653.7517200559,"vs LY":-0.4020727991,"vs 3LM":-0.4500761648,"vs LM":-0.4173303004}
{"szEmployeeId":17210037897,"szname":"Hindra","JKS":"Selasa","CR on JKS":31,"LY":13811838.9757519998,"3LM":25913389.5415269993,"LM":25460708.7331670038,"Target":28484825.3824855015,"Actual":13234867.1592309996,"Ach":0.464628692,"Gap":-15249958.2232545018,"vs LY":-0.0417737144,"vs 3LM":-0.4892653029,"vs LM":-0.4801846524}
{"szEmployeeId":17210037897,"szname":"Hindra","JKS":"Rabu","CR on JKS":28,"LY":15984192.8766949978,"3LM":30818930.3593506627,"LM":24266605.8410379998,"Target":34535956.3497696146,"Actual":17383384.6994139999,"Ach":0.503341634,"Gap":-17152571.6503556147,"vs LY":0.0875359697,"vs 3LM":-0.4359510698,"vs LM":-0.2836499339}
{"szEmployeeId":17210037897,"szname":"Hindra","JKS":"Kamis","CR on JKS":27,"LY":72030896.442572996,"3LM":95650835.4293060303,"LM":93048570.4765229821,"Target":100865181.0274394602,"Actual":40509167.515335992,"Ach":0.4016169614,"Gap":-60356013.5121034682,"vs LY":-0.4376140029,"vs 3LM":-0.5764891406,"vs LM":-0.5646449235}
{"szEmployeeId":17210037897,"szname":"Hindra","JKS":"Jumat","CR on JKS":26,"LY":89439547.1309000105,"3LM":94240273.8076193333,"LM":83808397.9961169958,"Target":107359032.3975536525,"Actual":15969566.2407710031,"Ach":0.1487491633,"Gap":-91389466.1567826569,"vs LY":-0.8214484895,"vs 3LM":-0.8305441443,"vs LM":-0.8094514795}
{"szEmployeeId":17210037897,"szname":"Hindra","JKS":"Sabtu","CR on JKS":24,"LY":17791248.2098089978,"3LM":38046617.1365989819,"LM":33130241.9922069982,"Target":41368784.1758526415,"Actual":10271731.4259269983,"Ach":0.2482966718,"Gap":-31097052.7499256432,"vs LY":-0.4226525703,"vs 3LM":-0.7300224777,"vs LM":-0.6899590583}
{"szEmployeeId":17210036369,"szname":"Muhammad Tamrin","JKS":"Senin","CR on JKS":23,"LY":185923794.0649909973,"3LM":130815756.8774389774,"LM":168672205.2070990503,"Target":150939614.7383767664,"Actual":11958796.2402929999,"Ach":0.07922901,"Gap":-138980818.4980837703,"vs LY":-0.9356790437,"vs 3LM":-0.9085829068,"vs LM":-0.9291003742}
{"szEmployeeId":17210036369,"szname":"Muhammad Tamrin","JKS":"Selasa","CR on JKS":35,"LY":131373501.036973998,"3LM":90271290.7365613431,"LM":85771325.2200340033,"Target":104756311.3394038081,"Actual":43565777.212748006,"Ach":0.4158773505,"Gap":-61190534.1266558021,"vs LY":-0.6683823079,"vs 3LM":-0.5173905584,"vs LM":-0.4920706063}
{"szEmployeeId":17210036369,"szname":"Muhammad Tamrin","JKS":"Rabu","CR on JKS":25,"LY":30267094.9670769945,"3LM":33831633.1166683286,"LM":33784399.8351950049,"Target":39753693.57968086,"Actual":15345374.6579769999,"Ach":0.3860112929,"Gap":-24408318.9217038602,"vs LY":-0.4930014038,"vs 3LM":-0.5464193347,"vs LM":-0.5457851928}
{"szEmployeeId":17210036369,"szname":"Muhammad Tamrin","JKS":"Kamis","CR on JKS":25,"LY":19150306.8642830029,"3LM":26893522.411892999,"LM":30305835.7596519999,"Target":30958551.9445019364,"Actual":10947157.961968001,"Ach":0.3536069123,"Gap":-20011393.9825339355,"vs LY":-0.4283560029,"vs 3LM":-0.5929444349,"vs LM":-0.6387772293}
{"szEmployeeId":17210036369,"szname":"Muhammad Tamrin","JKS":"Jumat","CR on JKS":25,"LY":52339003.5152420253,"3LM":84772851.1524506658,"LM":91352505.5049720258,"Target":96529204.3177136779,"Actual":42706410.3379410133,"Ach":0.4424195832,"Gap":-53822793.9797726646,"vs LY":-0.1840423495,"vs 3LM":-0.4962253863,"vs LM":-0.5325096985}
{"szEmployeeId":17210036369,"szname":"Muhammad Tamrin","JKS":"Sabtu","CR on JKS":25,"LY":59644376.6287380159,"3LM":118302953.7431966513,"LM":135433429.2153739929,"Target":137062624.0803229213,"Actual":4530136.2210720005,"Ach":0.0330515795,"Gap":-132532487.859250918,"vs LY":-0.9240475552,"vs 3LM":-0.9617073279,"vs LM":-0.9665508269}
{"szEmployeeId":17210037713,"szname":"Rahmani","JKS":"Senin","CR on JKS":25,"LY":45124984.7755339965,"3LM":51211546.3276906759,"LM":52549015.0074140131,"Target":60259434.9346039146,"Actual":17002611.3566420004,"Ach":0.2821568336,"Gap":-43256823.5779619142,"vs LY":-0.6232107015,"vs 3LM":-0.6679926193,"vs LM":-0.6764428153}
{"szEmployeeId":17210037713,"szname":"Rahmani","JKS":"Selasa","CR on JKS":31,"LY":15425316.8658470027,"3LM":23496199.0503123291,"LM":20278136.7603379972,"Target":28411680.3029826432,"Actual":10672265.9080859981,"Ach":0.3756295226,"Gap":-17739414.3948966451,"vs LY":-0.3081331164,"vs 3LM":-0.5457875597,"vs LM":-0.4737057929}
{"szEmployeeId":17210037713,"szname":"Rahmani","JKS":"Rabu","CR on JKS":29,"LY":22798564.1925179958,"3LM":26305898.4138856716,"LM":23082138.4687810019,"Target":31017973.5192160122,"Actual":11000856.5742160026,"Ach":0.354660712,"Gap":-20017116.9450000077,"vs LY":-0.5174759041,"vs 3LM":-0.5818102693,"vs LM":-0.523403926}
{"szEmployeeId":17210037713,"szname":"Rahmani","JKS":"Kamis","CR on JKS":24,"LY":86757306.2496879995,"3LM":69770937.3332363367,"LM":34114319.2018969953,"Target":82454308.3196442574,"Actual":30431351.805422999,"Ach":0.3690692752,"Gap":-52022956.5142212585,"vs LY":-0.6492358613,"vs 3LM":-0.5638391432,"vs LM":-0.1079595748}
{"szEmployeeId":17210037713,"szname":"Rahmani","JKS":"Jumat","CR on JKS":26,"LY":196446962.0296220183,"3LM":210055107.554566294,"LM":188472728.5167440176,"Target":247639659.8483691812,"Actual":48873361.6100280061,"Ach":0.1973567628,"Gap":-198766298.2383411825,"vs LY":-0.7512134517,"vs 3LM":-0.767330763,"vs LM":-0.7406873557}
{"szEmployeeId":17210037713,"szname":"Rahmani","JKS":"Sabtu","CR on JKS":23,"LY":77932751.4249950051,"3LM":72824164.2125536799,"LM":68795465.0402750075,"Target":85216943.0751839876,"Actual":29299276.7598310001,"Ach":0.343819852,"Gap":-55917666.3153529912,"vs LY":-0.6240441121,"vs 3LM":-0.5976709506,"vs LM":-0.5741103466}
{"szEmployeeId":17210037632,"szname":"Robianor","JKS":"Senin","CR on JKS":26,"LY":40049603.8374010101,"3LM":35896281.6560006738,"LM":37478485.4410989955,