{"szEmployeeId":17210032876,"szname":"Asman","Channel":"Senin","LY":150575958.1555759907,"3LM":163060598.7522413731,"LM":150575958.1555759907,"Target":189197221.8789739013,"Actual":150575958.1555759609,"Ach":0.7958677018,"Gap":-38621263.7233979404,"vs LY":0,"vs 3LM":-0.0765644226,"vs LM":0}
{"szEmployeeId":17210032876,"szname":"Asman","Channel":"Selasa","LY":148992791.3530299962,"3LM":176087768.4804416299,"LM":148992791.3530299962,"Target":217618382.1676324904,"Actual":148992791.3530299962,"Ach":0.6846516819,"Gap":-68625590.8146024942,"vs LY":0,"vs 3LM":-0.1538720001,"vs LM":0}
{"szEmployeeId":17210032876,"szname":"Asman","Channel":"Rabu","LY":133991395.2886770219,"3LM":114504577.0417839736,"LM":133991395.2886770219,"Target":130394998.1676831841,"Actual":133991395.2886770219,"Ach":1.0275807905,"Gap":3596397.1209938377,"vs LY":0,"vs 3LM":0.1701837494,"vs LM":0}
{"szEmployeeId":17210032876,"szname":"Asman","Channel":"Kamis","LY":117245849.8332550079,"3LM":106869299.5925316662,"LM":117245849.8332550079,"Target":119016188.6019680202,"Actual":117245849.833254993,"Ach":0.9851252272,"Gap":-1770338.7687130272,"vs LY":0,"vs 3LM":0.0970957074,"vs LM":0}
{"szEmployeeId":17210032876,"szname":"Asman","Channel":"Jumat","LY":104217556.2614830136,"3LM":93710003.3975213468,"LM":104217556.2614830136,"Target":109310769.4806787372,"Actual":104217556.2614830285,"Ach":0.9534061169,"Gap":-5093213.2191957086,"vs LY":0,"vs 3LM":0.1121284013,"vs LM":0}
{"szEmployeeId":17210032876,"szname":"Asman","Channel":"Sabtu","LY":146358428.3505730033,"3LM":262911185.9630259573,"LM":146358428.3505730033,"Target":334462439.7030636668,"Actual":146358428.3505730033,"Ach":0.4375930179,"Gap":-188104011.3524906635,"vs LY":0,"vs 3LM":-0.4433160848,"vs LM":0}
{"szEmployeeId":17210037897,"szname":"Hindra","Channel":"Senin","LY":77523452.7368859947,"3LM":84174569.8356429935,"LM":77523452.7368859947,"Target":90623372.5809577405,"Actual":77523452.7368859947,"Ach":0.8554465645,"Gap":-13099919.8440717459,"vs LY":0,"vs 3LM":-0.0790157539,"vs LM":0}
{"szEmployeeId":17210037897,"szname":"Hindra","Channel":"Selasa","LY":35792114.9560220093,"3LM":38017353.3533610031,"LM":35792114.9560220093,"Target":45627670.5489968956,"Actual":35792114.9560220093,"Ach":0.7844387961,"Gap":-9835555.5929748863,"vs LY":0,"vs 3LM":-0.0585321755,"vs LM":0}
{"szEmployeeId":17210037897,"szname":"Hindra","Channel":"Rabu","LY":24524994.4744620025,"3LM":27068838.3389893323,"LM":24524994.4744620025,"Target":30934621.7496377267,"Actual":24524994.4744619988,"Ach":0.7928008518,"Gap":-6409627.2751757279,"vs LY":0,"vs 3LM":-0.0939768391,"vs LM":0}
{"szEmployeeId":17210037897,"szname":"Hindra","Channel":"Kamis","LY":93048570.4765230119,"3LM":85301819.8745606393,"LM":93048570.4765230119,"Target":92656215.0290265381,"Actual":93048570.4765230119,"Ach":1.0042345292,"Gap":392355.4474964738,"vs LY":0,"vs 3LM":0.0908157717,"vs LM":0}
{"szEmployeeId":17210037897,"szname":"Hindra","Channel":"Jumat","LY":33661874.2097980082,"3LM":88091051.6269169897,"LM":33661874.2097980082,"Target":101669751.2174017727,"Actual":33661874.2097980082,"Ach":0.3310903568,"Gap":-68007877.0076037645,"vs LY":0,"vs 3LM":-0.6178740793,"vs LM":0}
{"szEmployeeId":17210037897,"szname":"Hindra","Channel":"Sabtu","LY":33130241.9922070056,"3LM":34033065.8551726639,"LM":33130241.9922070056,"Target":38488368.8739793301,"Actual":33130241.9922069982,"Ach":0.8607858156,"Gap":-5358126.8817723319,"vs LY":0,"vs 3LM":-0.026527844,"vs LM":0}
{"szEmployeeId":17210036369,"szname":"Muhammad Tamrin","Channel":"Senin","LY":168672205.2070990503,"3LM":91083883.8157496601,"LM":168672205.2070990503,"Target":128877315.8943985999,"Actual":168672205.2070990503,"Ach":1.3087811772,"Gap":39794889.3127004504,"vs LY":0,"vs 3LM":0.8518336959,"vs LM":0}
{"szEmployeeId":17210036369,"szname":"Muhammad Tamrin","Channel":"Selasa","LY":70054040.3396209925,"3LM":78357286.8277630061,"LM":70054040.3396209925,"Target":107703594.7424932867,"Actual":70054040.3396209925,"Ach":0.6504336323,"Gap":-37649554.4028722942,"vs LY":0,"vs 3LM":-0.1059664879,"vs LM":0}
{"szEmployeeId":17210036369,"szname":"Muhammad Tamrin","Channel":"Rabu","LY":33784399.8351949975,"3LM":28395492.6066203304,"LM":33784399.8351949975,"Target":39746187.6924469322,"Actual":33784399.8351950049,"Ach":0.8500035298,"Gap":-5961787.8572519273,"vs LY":0,"vs 3LM":0.1897803748,"vs LM":0}
{"szEmployeeId":17210036369,"szname":"Muhammad Tamrin","Channel":"Kamis","LY":30305835.7596519925,"3LM":24291816.3686286695,"LM":30305835.7596519925,"Target":34182474.9748586491,"Actual":30305835.7596519925,"Ach":0.8865898617,"Gap":-3876639.2152066566,"vs LY":0,"vs 3LM":0.2475738866,"vs LM":0}
{"szEmployeeId":17210036369,"szname":"Muhammad Tamrin","Channel":"Jumat","LY":71079807.0105260015,"3LM":74003171.3238766491,"LM":71079807.0105260015,"Target":103635625.6444960982,"Actual":71079807.0105260015,"Ach":0.685862671,"Gap":-32555818.6339700967,"vs LY":0,"vs 3LM":-0.0395032302,"vs LM":0}
{"szEmployeeId":17210036369,"szname":"Muhammad Tamrin","Channel":"Sabtu","LY":56571267.3612159938,"3LM":101637368.6219973266,"LM":56571267.3612159938,"Target":145854801.0513061285,"Actual":56571267.3612159938,"Ach":0.3878601661,"Gap":-89283533.6900901347,"vs LY":0,"vs 3LM":-0.4434009053,"vs LM":0}
{"szEmployeeId":17210036369,"szname":"Muhammad Tamrin","Channel":"Senin","LY":168672205.2070990503,"3LM":91083883.8157496601,"LM":168672205.2070990503,"Target":128877315.8943985999,"Actual":168672205.2070990503,"Ach":1.3087811772,"Gap":39794889.3127004504,"vs LY":0,"vs 3LM":0.8518336959,"vs LM":0}
{"szEmployeeId":17210036369,"szname":"Muhammad Tamrin","Channel":"Selasa","LY":70054040.3396209925,"3LM":78357286.8277630061,"LM":70054040.3396209925,"Target":107703594.7424932867,"Actual":70054040.3396209925,"Ach":0.6504336323,"Gap":-37649554.4028722942,"vs LY":0,"vs 3LM":-0.1059664879,"vs LM":0}
{"szEmployeeId":17210036369,"szname":"Muhammad Tamrin","Channel":"Rabu","LY":33784399.8351949975,"3LM":28395492.6066203304,"LM":33784399.8351949975,"Target":39746187.6924469322,"Actual":33784399.8351950049,"Ach":0.8500035298,"Gap":-5961787.8572519273,"vs LY":0,"vs 3LM":0.1897803748,"vs LM":0}
{"szEmployeeId":17210036369,"szname":"Muhammad Tamrin","Channel":"Kamis","LY":30305835.7596519925,"3LM":24291816.3686286695,"LM":30305835.7596519925,"Target":34182474.9748586491,"Actual":30305835.7596519925,"Ach":0.8865898617,"Gap":-3876639.2152066566,"vs LY":0,"vs 3LM":0.2475738866,"vs LM":0}
{"szEmployeeId":17210036369,"szname":"Muhammad Tamrin","Channel":"Jumat","LY":71079807.0105260015,"3LM":74003171.3238766491,"LM":71079807.0105260015,"Target":103635625.6444960982,"Actual":71079807.0105260015,"Ach":0.685862671,"Gap":-32555818.6339700967,"vs LY":0,"vs 3LM":-0.0395032302,"vs LM":0}
{"szEmployeeId":17210036369,"szname":"Muhammad Tamrin","Channel":"Sabtu","LY":56571267.3612159938,"3LM":101637368.6219973266,"LM":56571267.3612159938,"Target":145854801.0513061285,"Actual":56571267.3612159938,"Ach":0.3878601661,"Gap":-89283533.6900901347,"vs LY":0,"vs 3LM":-0.4434009053,"vs LM":0}
{"szEmployeeId":17210037713,"szname":"Rahmani","Channel":"Senin","LY":52549015.0074139982,"3LM":46850311.0508216769,"LM":52549015.0074139982,"Target":57159715.8919468448,"Actual":52549015.0074139982,"Ach":0.9193365325,"Gap":-4610700.8845328465,"vs LY":0,"vs 3LM":0.1216364167,"vs LM":0}
{"szEmployeeId":17210037713,"szname":"Rahmani","Channel":"Selasa","LY":19563310.757638,"3LM":20987957.1431996599,"LM":19563310.757638,"Target":26968971.0270006619,"Actual":19563310.757638,"Ach":0.725400711,"Gap":-7405660.269362662,"vs LY":0,"vs 3LM":-0.0678792307,"vs LM":0}
{"szEmployeeId":17210037713,"szname":"Rahmani","Channel":"Rabu","LY":21788743.386981003,"3LM":22001824.3474050052,"LM":21788743.386981003,"Target":26783732.8758878186,"Actual":21788743.386981003,"Ach":0.813506597,"Gap":-4994989.4889068156,"vs LY":0,"vs 3LM":-0.0096846951,"vs LM":0}
{"szEmployeeId":17210037713,"szname":"Rahmani","Channel":"Kamis","LY":34114319.2018969879,"3LM":79335037.2852190137,