{"szEmployeeId":null,"szname":"Asman","Week_Report":"W1","Avg PC per Day":21.1666666667,"Avg AC per Day":21.0,"Avg EC per Day":20.4,"SalesOrderValue":272507326.1699994206,"NetSalesPKD":170636174.9971079826}
{"szEmployeeId":null,"szname":"Asman","Week_Report":"W2","Avg PC per Day":20.1666666667,"Avg AC per Day":20.0,"Avg EC per Day":16.5,"SalesOrderValue":231859851.1499997675,"NetSalesPKD":239373537.2257049382}
{"szEmployeeId":null,"szname":"Asman","Week_Report":"W3","Avg PC per Day":19.6666666667,"Avg AC per Day":19.6666666667,"Avg EC per Day":17.5,"SalesOrderValue":251883849.8199997246,"NetSalesPKD":205008325.6374351978}
{"szEmployeeId":null,"szname":"Asman","Week_Report":"W4","Avg PC per Day":19.8,"Avg AC per Day":19.6,"Avg EC per Day":15.5,"SalesOrderValue":228332774.7900004387,"NetSalesPKD":309989291.9180235863}
{"szEmployeeId":null,"szname":"Asman","Week_Report":"W5","Avg PC per Day":0.0,"Avg AC per Day":0.0,"Avg EC per Day":0.0,"SalesOrderValue":0.0,"NetSalesPKD":0.0}
{"szEmployeeId":null,"szname":"Hindra","Week_Report":"W1","Avg PC per Day":26.6666666667,"Avg AC per Day":26.1666666667,"Avg EC per Day":22.4,"SalesOrderValue":72593599.9400000125,"NetSalesPKD":63836748.9480869994}
{"szEmployeeId":null,"szname":"Hindra","Week_Report":"W2","Avg PC per Day":26.5,"Avg AC per Day":26.0,"Avg EC per Day":18.5,"SalesOrderValue":72055861.5499999821,"NetSalesPKD":61735850.7334939912}
{"szEmployeeId":null,"szname":"Hindra","Week_Report":"W3","Avg PC per Day":27.1666666667,"Avg AC per Day":26.3333333333,"Avg EC per Day":19.8333333333,"SalesOrderValue":97456450.0799999237,"NetSalesPKD":72274297.7057409734}
{"szEmployeeId":null,"szname":"Hindra","Week_Report":"W4","Avg PC per Day":27.8,"Avg AC per Day":27.2,"Avg EC per Day":21.0,"SalesOrderValue":95265216.7900000066,"NetSalesPKD":84968993.4815588593}
{"szEmployeeId":null,"szname":"Hindra","Week_Report":"W5","Avg PC per Day":0.0,"Avg AC per Day":0.0,"Avg EC per Day":0.0,"SalesOrderValue":0.0,"NetSalesPKD":0.0}
{"szEmployeeId":null,"szname":"Muhammad Tamrin","Week_Report":"W1","Avg PC per Day":23.5,"Avg AC per Day":23.1666666667,"Avg EC per Day":19.6,"SalesOrderValue":184798458.1399996281,"NetSalesPKD":160175537.96047014}
{"szEmployeeId":null,"szname":"Muhammad Tamrin","Week_Report":"W2","Avg PC per Day":23.6666666667,"Avg AC per Day":23.6666666667,"Avg EC per Day":17.5,"SalesOrderValue":116721181.6899999827,"NetSalesPKD":95944368.5512419939}
{"szEmployeeId":null,"szname":"Muhammad Tamrin","Week_Report":"W3","Avg PC per Day":23.1666666667,"Avg AC per Day":23.1666666667,"Avg EC per Day":17.0,"SalesOrderValue":141147065.7699999213,"NetSalesPKD":124773569.1291310042}
{"szEmployeeId":null,"szname":"Muhammad Tamrin","Week_Report":"W4","Avg PC per Day":23.6,"Avg AC per Day":23.6,"Avg EC per Day":17.0,"SalesOrderValue":193549238.7799998522,"NetSalesPKD":146725701.594249934}
{"szEmployeeId":null,"szname":"Muhammad Tamrin","Week_Report":"W5","Avg PC per Day":0.0,"Avg AC per Day":0.0,"Avg EC per Day":0.0,"SalesOrderValue":0.0,"NetSalesPKD":0.0}
{"szEmployeeId":null,"szname":"Robianor","Week_Report":"W1","Avg PC per Day":26.3333333333,"Avg AC per Day":26.3333333333,"Avg EC per Day":23.0,"SalesOrderValue":122159036.1599999666,"NetSalesPKD":73812101.161146}
{"szEmployeeId":null,"szname":"Robianor","Week_Report":"W2","Avg PC per Day":26.0,"Avg AC per Day":26.0,"Avg EC per Day":19.0,"SalesOrderValue":121806553.1599999964,"NetSalesPKD":140187010.3303679526}
{"szEmployeeId":null,"szname":"Robianor","Week_Report":"W3","Avg PC per Day":26.0,"Avg AC per Day":26.0,"Avg EC per Day":19.3333333333,"SalesOrderValue":152609620.3999998569,"NetSalesPKD":114754567.7105320245}
{"szEmployeeId":null,"szname":"Robianor","Week_Report":"W4","Avg PC per Day":26.4,"Avg AC per Day":26.4,"Avg EC per Day":20.0,"SalesOrderValue":88106814.1400000155,"NetSalesPKD":133435639.6814477891}
{"szEmployeeId":null,"szname":"Robianor","Week_Report":"W5","Avg PC per Day":0.0,"Avg AC per Day":0.0,"Avg EC per Day":0.0,"SalesOrderValue":0.0,"NetSalesPKD":0.0}
{"szEmployeeId":null,"szname":"Doli Purnama Sari","Week_Report":"W1","Avg PC per Day":30.1666666667,"Avg AC per Day":30.1666666667,"Avg EC per Day":23.6,"SalesOrderValue":32804758.2300000861,"NetSalesPKD":31616983.5561900549}
{"szEmployeeId":null,"szname":"Doli Purnama Sari","Week_Report":"W2","Avg PC per Day":29.5,"Avg AC per Day":20.3333333333,"Avg EC per Day":21.8333333333,"SalesOrderValue":46248477.340000093,"NetSalesPKD":39938582.3767329901}
{"szEmployeeId":null,"szname":"Doli Purnama Sari","Week_Report":"W3","Avg PC per Day":28.8333333333,"Avg AC per Day":28.8333333333,"Avg EC per Day":22.6666666667,"SalesOrderValue":41583712.7799999341,"NetSalesPKD":42006822.0294060037}
{"szEmployeeId":null,"szname":"Doli Purnama Sari","Week_Report":"W4","Avg PC per Day":29.4,"Avg AC per Day":29.2,"Avg EC per Day":23.0,"SalesOrderValue":37116482.5700000152,"NetSalesPKD":42998623.454662025}
{"szEmployeeId":null,"szname":"Doli Purnama Sari","Week_Report":"W5","Avg PC per Day":0.0,"Avg AC per Day":0.0,"Avg EC per Day":0.0,"SalesOrderValue":0.0,"NetSalesPKD":0.0}
{"szEmployeeId":17210041719.0,"szname":"Muhammad Iqbal Purwa Atmaja","Week_Report":"W1","Avg PC per Day":29.8333333333,"Avg AC per Day":29.8333333333,"Avg EC per Day":19.2,"SalesOrderValue":19666484.9699999839,"NetSalesPKD":16359515.3019370064}
{"szEmployeeId":17210041719.0,"szname":"Muhammad Iqbal Purwa Atmaja","Week_Report":"W2","Avg PC per Day":29.6666666667,"Avg AC per Day":29.6666666667,"Avg EC per Day":20.8333333333,"SalesOrderValue":32244695.6599999741,"NetSalesPKD":27096291.4817949906}
{"szEmployeeId":17210041719.0,"szname":"Muhammad Iqbal Purwa Atmaja","Week_Report":"W3","Avg PC per Day":28.5,"Avg AC per Day":28.5,"Avg EC per Day":18.3333333333,"SalesOrderValue":27364104.1200000048,"NetSalesPKD":27666096.4226309955}
{"szEmployeeId":17210041719.0,"szname":"Muhammad Iqbal Purwa Atmaja","Week_Report":"W4","Avg PC per Day":30.2,"Avg AC per Day":30.2,"Avg EC per Day":25.0,"SalesOrderValue":27210789.6499999985,"NetSalesPKD":30679583.0452260524}
{"szEmployeeId":17210041719.0,"szname":"Muhammad Iqbal Purwa Atmaja","Week_Report":"W5","Avg PC per Day":0.0,"Avg AC per Day":0.0,"Avg EC per Day":0.0,"SalesOrderValue":0.0,"NetSalesPKD":0.0}
