{"szEmployeeId":null,"szname":"Asman","Week_Report":"W1","Avg PC per Day":20.8333333333,"Avg AC per Day":20.8333333333,"Avg EC per Day":17.0,"SalesOrderValue":122726760.3899997622,"NetSalesPKD":107208933.5481410176}
{"szEmployeeId":null,"szname":"Asman","Week_Report":"W2","Avg PC per Day":20.6,"Avg AC per Day":20.6,"Avg EC per Day":14.8333333333,"SalesOrderValue":115874852.2100000083,"NetSalesPKD":110055670.7844039053}
{"szEmployeeId":null,"szname":"Asman","Week_Report":"W3","Avg PC per Day":20.5,"Avg AC per Day":20.3333333333,"Avg EC per Day":15.8333333333,"SalesOrderValue":166851860.5299996734,"NetSalesPKD":141557612.9461157322}
{"szEmployeeId":null,"szname":"Asman","Week_Report":"W4","Avg PC per Day":21.25,"Avg AC per Day":21.25,"Avg EC per Day":16.25,"SalesOrderValue":148326540.1899998784,"NetSalesPKD":100922607.2913730145}
{"szEmployeeId":null,"szname":"Asman","Week_Report":"W5","Avg PC per Day":0.0,"Avg AC per Day":0.0,"Avg EC per Day":0.0,"SalesOrderValue":0.0,"NetSalesPKD":0.0}
{"szEmployeeId":null,"szname":"Hindra","Week_Report":"W1","Avg PC per Day":27.3333333333,"Avg AC per Day":27.1666666667,"Avg EC per Day":19.1666666667,"SalesOrderValue":95737751.8400000632,"NetSalesPKD":67039832.4917270169}
{"szEmployeeId":null,"szname":"Hindra","Week_Report":"W2","Avg PC per Day":27.5,"Avg AC per Day":27.5,"Avg EC per Day":18.5,"SalesOrderValue":81984925.5400000215,"NetSalesPKD":80976296.5570768118}
{"szEmployeeId":null,"szname":"Hindra","Week_Report":"W3","Avg PC per Day":25.6666666667,"Avg AC per Day":25.6666666667,"Avg EC per Day":17.3333333333,"SalesOrderValue":137546770.0399998724,"NetSalesPKD":88671582.093510896}
{"szEmployeeId":null,"szname":"Hindra","Week_Report":"W4","Avg PC per Day":28.25,"Avg AC per Day":28.25,"Avg EC per Day":16.0,"SalesOrderValue":113610656.4099995494,"NetSalesPKD":98767989.6159700304}
{"szEmployeeId":null,"szname":"Hindra","Week_Report":"W5","Avg PC per Day":0.0,"Avg AC per Day":0.0,"Avg EC per Day":0.0,"SalesOrderValue":0.0,"NetSalesPKD":0.0}
{"szEmployeeId":null,"szname":"Muhammad Tamrin","Week_Report":"W1","Avg PC per Day":21.1666666667,"Avg AC per Day":21.1666666667,"Avg EC per Day":16.0,"SalesOrderValue":92383632.7900000215,"NetSalesPKD":79154483.1332419664}
{"szEmployeeId":null,"szname":"Muhammad Tamrin","Week_Report":"W2","Avg PC per Day":21.1666666667,"Avg AC per Day":21.1666666667,"Avg EC per Day":15.0,"SalesOrderValue":85322607.8600000143,"NetSalesPKD":75886816.3835059553}
{"szEmployeeId":null,"szname":"Muhammad Tamrin","Week_Report":"W3","Avg PC per Day":21.0,"Avg AC per Day":21.0,"Avg EC per Day":15.5,"SalesOrderValue":112287430.5599998534,"NetSalesPKD":86338256.9770830125}
{"szEmployeeId":null,"szname":"Muhammad Tamrin","Week_Report":"W4","Avg PC per Day":22.0,"Avg AC per Day":21.25,"Avg EC per Day":15.5,"SalesOrderValue":123125202.6199999005,"NetSalesPKD":85734225.2687069774}
{"szEmployeeId":null,"szname":"Muhammad Tamrin","Week_Report":"W5","Avg PC per Day":0.0,"Avg AC per Day":0.0,"Avg EC per Day":0.0,"SalesOrderValue":0.0,"NetSalesPKD":0.0}
{"szEmployeeId":null,"szname":"Robianor","Week_Report":"W1","Avg PC per Day":26.5,"Avg AC per Day":26.5,"Avg EC per Day":19.0,"SalesOrderValue":164532964.7899998426,"NetSalesPKD":65495108.5751229897}
{"szEmployeeId":null,"szname":"Robianor","Week_Report":"W2","Avg PC per Day":26.3333333333,"Avg AC per Day":26.1666666667,"Avg EC per Day":18.1666666667,"SalesOrderValue":147395923.3600000441,"NetSalesPKD":143369741.2024076581}
{"szEmployeeId":null,"szname":"Robianor","Week_Report":"W3","Avg PC per Day":25.1666666667,"Avg AC per Day":25.1666666667,"Avg EC per Day":19.0,"SalesOrderValue":200609822.3600000739,"NetSalesPKD":161962917.6817826033}
{"szEmployeeId":null,"szname":"Robianor","Week_Report":"W4","Avg PC per Day":27.0,"Avg AC per Day":27.0,"Avg EC per Day":17.75,"SalesOrderValue":104617279.4099994153,"NetSalesPKD":135727895.8702238798}
{"szEmployeeId":null,"szname":"Robianor","Week_Report":"W5","Avg PC per Day":0.0,"Avg AC per Day":0.0,"Avg EC per Day":0.0,"SalesOrderValue":0.0,"NetSalesPKD":0.0}
{"szEmployeeId":null,"szname":"Doli Purnama Sari","Week_Report":"W1","Avg PC per Day":29.5,"Avg AC per Day":29.5,"Avg EC per Day":22.6666666667,"SalesOrderValue":60892802.0799999982,"NetSalesPKD":46265519.8964879736}
{"szEmployeeId":null,"szname":"Doli Purnama Sari","Week_Report":"W2","Avg PC per Day":30.0,"Avg AC per Day":30.0,"Avg EC per Day":21.0,"SalesOrderValue":38717702.6300000101,"NetSalesPKD":42574850.5195470452}
{"szEmployeeId":null,"szname":"Doli Purnama Sari","Week_Report":"W3","Avg PC per Day":30.0,"Avg AC per Day":30.0,"Avg EC per Day":21.3333333333,"SalesOrderValue":61129246.6299999654,"NetSalesPKD":55966043.7891670465}
{"szEmployeeId":null,"szname":"Doli Purnama Sari","Week_Report":"W4","Avg PC per Day":29.75,"Avg AC per Day":29.75,"Avg EC per Day":18.5,"SalesOrderValue":32493768.2800000459,"NetSalesPKD":30417448.9643259943}
{"szEmployeeId":null,"szname":"Doli Purnama Sari","Week_Report":"W5","Avg PC per Day":0.0,"Avg AC per Day":0.0,"Avg EC per Day":0.0,"SalesOrderValue":0.0,"NetSalesPKD":0.0}
{"szEmployeeId":17210041719.0,"szname":"Muhammad Iqbal Purwa Atmaja","Week_Report":"W1","Avg PC per Day":0.0,"Avg AC per Day":0.0,"Avg EC per Day":0.0,"SalesOrderValue":0.0,"NetSalesPKD":0.0}
{"szEmployeeId":17210041719.0,"szname":"Muhammad Iqbal Purwa Atmaja","Week_Report":"W2","Avg PC per Day":0.0,"Avg AC per Day":0.0,"Avg EC per Day":0.0,"SalesOrderValue":0.0,"NetSalesPKD":0.0}
{"szEmployeeId":17210041719.0,"szname":"Muhammad Iqbal Purwa Atmaja","Week_Report":"W3","Avg PC per Day":0.0,"Avg AC per Day":0.0,"Avg EC per Day":0.0,"SalesOrderValue":0.0,"NetSalesPKD":0.0}
{"szEmployeeId":17210041719.0,"szname":"Muhammad Iqbal Purwa Atmaja","Week_Report":"W4","Avg PC per Day":0.0,"Avg AC per Day":0.0,"Avg EC per Day":0.0,"SalesOrderValue":0.0,"NetSalesPKD":0.0}
{"szEmployeeId":17210041719.0,"szname":"Muhammad Iqbal Purwa Atmaja","Week_Report":"W5","Avg PC per Day":0.0,"Avg AC per Day":0.0,"Avg EC per Day":0.0,"SalesOrderValue":0.0,"NetSalesPKD":0.0}
