{"szEmployeeId":null,"szname":"Asman","Week_Report":"W1","Avg PC per Day":19.0,"Avg AC per Day":19.0,"Avg EC per Day":14.5,"SalesOrderValue":38633803.4400000051,"NetSalesPKD":8099729.7478119982}
{"szEmployeeId":null,"szname":"Asman","Week_Report":"W2","Avg PC per Day":20.3333333333,"Avg AC per Day":20.3333333333,"Avg EC per Day":15.0,"SalesOrderValue":192373234.3100012243,"NetSalesPKD":151170536.0610335171}
{"szEmployeeId":null,"szname":"Asman","Week_Report":"W3","Avg PC per Day":20.0,"Avg AC per Day":19.8333333333,"Avg EC per Day":18.6,"SalesOrderValue":148999727.7299998999,"NetSalesPKD":155991994.0359911323}
{"szEmployeeId":null,"szname":"Asman","Week_Report":"W4","Avg PC per Day":20.3333333333,"Avg AC per Day":20.1666666667,"Avg EC per Day":16.1666666667,"SalesOrderValue":212258470.6200013161,"NetSalesPKD":158210197.3385031521}
{"szEmployeeId":null,"szname":"Asman","Week_Report":"W5","Avg PC per Day":21.5,"Avg AC per Day":21.5,"Avg EC per Day":17.5,"SalesOrderValue":52209262.9799999371,"NetSalesPKD":41561126.0399929136}
{"szEmployeeId":null,"szname":"Hindra","Week_Report":"W1","Avg PC per Day":24.5,"Avg AC per Day":24.5,"Avg EC per Day":12.0,"SalesOrderValue":45573277.379999958,"NetSalesPKD":12935872.6130170133}
{"szEmployeeId":null,"szname":"Hindra","Week_Report":"W2","Avg PC per Day":24.5,"Avg AC per Day":24.5,"Avg EC per Day":18.0,"SalesOrderValue":179822649.8400013745,"NetSalesPKD":147739734.3767728209}
{"szEmployeeId":null,"szname":"Hindra","Week_Report":"W3","Avg PC per Day":25.5,"Avg AC per Day":25.5,"Avg EC per Day":20.8,"SalesOrderValue":157450933.1900004148,"NetSalesPKD":176927556.6878307462}
{"szEmployeeId":null,"szname":"Hindra","Week_Report":"W4","Avg PC per Day":24.5,"Avg AC per Day":24.5,"Avg EC per Day":17.3333333333,"SalesOrderValue":201773632.4300004542,"NetSalesPKD":147776013.0992873907}
{"szEmployeeId":null,"szname":"Hindra","Week_Report":"W5","Avg PC per Day":28.0,"Avg AC per Day":28.0,"Avg EC per Day":18.5,"SalesOrderValue":110611996.499999702,"NetSalesPKD":47419391.1405579448}
{"szEmployeeId":null,"szname":"Muhammad Tamrin","Week_Report":"W1","Avg PC per Day":19.5,"Avg AC per Day":19.5,"Avg EC per Day":12.5,"SalesOrderValue":16133254.7900000121,"NetSalesPKD":7365642.3574640015}
{"szEmployeeId":null,"szname":"Muhammad Tamrin","Week_Report":"W2","Avg PC per Day":21.1666666667,"Avg AC per Day":21.1666666667,"Avg EC per Day":12.5,"SalesOrderValue":66386494.1199999452,"NetSalesPKD":45430847.9279459417}
{"szEmployeeId":null,"szname":"Muhammad Tamrin","Week_Report":"W3","Avg PC per Day":20.8333333333,"Avg AC per Day":20.8333333333,"Avg EC per Day":15.2,"SalesOrderValue":80329375.96999982,"NetSalesPKD":51378583.9196409807}
{"szEmployeeId":null,"szname":"Muhammad Tamrin","Week_Report":"W4","Avg PC per Day":21.1666666667,"Avg AC per Day":21.1666666667,"Avg EC per Day":14.3333333333,"SalesOrderValue":106583817.5199997872,"NetSalesPKD":126113131.8282672018}
{"szEmployeeId":null,"szname":"Muhammad Tamrin","Week_Report":"W5","Avg PC per Day":22.0,"Avg AC per Day":22.0,"Avg EC per Day":13.5,"SalesOrderValue":42808827.8399999887,"NetSalesPKD":18366761.2923150025}
{"szEmployeeId":null,"szname":"Robianor","Week_Report":"W1","Avg PC per Day":28.0,"Avg AC per Day":28.0,"Avg EC per Day":17.0,"SalesOrderValue":82228097.7899997681,"NetSalesPKD":20716644.2841569968}
{"szEmployeeId":null,"szname":"Robianor","Week_Report":"W2","Avg PC per Day":25.5,"Avg AC per Day":25.5,"Avg EC per Day":18.3333333333,"SalesOrderValue":133401452.2299990952,"NetSalesPKD":139001126.4692876339}
{"szEmployeeId":null,"szname":"Robianor","Week_Report":"W3","Avg PC per Day":26.1666666667,"Avg AC per Day":26.1666666667,"Avg EC per Day":21.4,"SalesOrderValue":137635172.5699997544,"NetSalesPKD":116677029.1864707768}
{"szEmployeeId":null,"szname":"Robianor","Week_Report":"W4","Avg PC per Day":25.0,"Avg AC per Day":25.0,"Avg EC per Day":18.8333333333,"SalesOrderValue":128980188.4599991888,"NetSalesPKD":128650651.1342846602}
{"szEmployeeId":null,"szname":"Robianor","Week_Report":"W5","Avg PC per Day":24.0,"Avg AC per Day":24.0,"Avg EC per Day":19.0,"SalesOrderValue":75307553.2399998456,"NetSalesPKD":68459439.7670119554}
{"szEmployeeId":null,"szname":"Doli Purnama Sari","Week_Report":"W1","Avg PC per Day":29.5,"Avg AC per Day":29.5,"Avg EC per Day":22.5,"SalesOrderValue":18883052.6900000758,"NetSalesPKD":13187448.2453789972}
{"szEmployeeId":null,"szname":"Doli Purnama Sari","Week_Report":"W2","Avg PC per Day":30.3333333333,"Avg AC per Day":30.1666666667,"Avg EC per Day":23.3333333333,"SalesOrderValue":58529709.8699995875,"NetSalesPKD":55223925.412145637}
{"szEmployeeId":null,"szname":"Doli Purnama Sari","Week_Report":"W3","Avg PC per Day":29.8333333333,"Avg AC per Day":29.5,"Avg EC per Day":26.6,"SalesOrderValue":46413828.4599998519,"NetSalesPKD":48312454.804998748}
{"szEmployeeId":null,"szname":"Doli Purnama Sari","Week_Report":"W4","Avg PC per Day":29.8333333333,"Avg AC per Day":29.8333333333,"Avg EC per Day":21.8333333333,"SalesOrderValue":43589732.4999997765,"NetSalesPKD":40379510.2033159658}
{"szEmployeeId":null,"szname":"Doli Purnama Sari","Week_Report":"W5","Avg PC per Day":29.5,"Avg AC per Day":29.0,"Avg EC per Day":23.5,"SalesOrderValue":21301823.1500000283,"NetSalesPKD":12763964.1085209809}
{"szEmployeeId":17210041719.0,"szname":"Muhammad Iqbal Purwa Atmaja","Week_Report":"W1","Avg PC per Day":0.0,"Avg AC per Day":0.0,"Avg EC per Day":0.0,"SalesOrderValue":0.0,"NetSalesPKD":0.0}
{"szEmployeeId":17210041719.0,"szname":"Muhammad Iqbal Purwa Atmaja","Week_Report":"W2","Avg PC per Day":0.0,"Avg AC per Day":0.0,"Avg EC per Day":0.0,"SalesOrderValue":0.0,"NetSalesPKD":0.0}
{"szEmployeeId":17210041719.0,"szname":"Muhammad Iqbal Purwa Atmaja","Week_Report":"W3","Avg PC per Day":0.0,"Avg AC per Day":0.0,"Avg EC per Day":0.0,"SalesOrderValue":0.0,"NetSalesPKD":0.0}
{"szEmployeeId":17210041719.0,"szname":"Muhammad Iqbal Purwa Atmaja","Week_Report":"W4","Avg PC per Day":0.0,"Avg AC per Day":0.0,"Avg EC per Day":0.0,"SalesOrderValue":0.0,"NetSalesPKD":0.0}
{"szEmployeeId":17210041719.0,"szname":"Muhammad Iqbal Purwa Atmaja","Week_Report":"W5","Avg PC per Day":0.0,"Avg AC per Day":0.0,"Avg EC per Day":0.0,"SalesOrderValue":0.0,"NetSalesPKD":0.0}
