{"szEmployeeId":null,"szname":"Asman","Week_Report":"W1","Avg PC per Day":20.1666666667,"Avg AC per Day":19.6666666667,"Avg EC per Day":16.0,"SalesOrderValue":184871141.590000689,"NetSalesPKD":128686182.1768950969}
{"szEmployeeId":null,"szname":"Asman","Week_Report":"W2","Avg PC per Day":19.6666666667,"Avg AC per Day":19.6666666667,"Avg EC per Day":15.5,"SalesOrderValue":201642845.1600010097,"NetSalesPKD":157270665.2336010337}
{"szEmployeeId":null,"szname":"Asman","Week_Report":"W3","Avg PC per Day":21.6666666667,"Avg AC per Day":21.6666666667,"Avg EC per Day":15.6666666667,"SalesOrderValue":146487006.1900003552,"NetSalesPKD":151214687.5516320467}
{"szEmployeeId":null,"szname":"Asman","Week_Report":"W4","Avg PC per Day":20.0,"Avg AC per Day":13.3333333333,"Avg EC per Day":10.0,"SalesOrderValue":138818760.2200001478,"NetSalesPKD":38208120.808133997}
{"szEmployeeId":null,"szname":"Asman","Week_Report":"W5","Avg PC per Day":0.0,"Avg AC per Day":0.0,"Avg EC per Day":0.0,"SalesOrderValue":0.0,"NetSalesPKD":0.0}
{"szEmployeeId":null,"szname":"Hindra","Week_Report":"W1","Avg PC per Day":24.6666666667,"Avg AC per Day":24.6666666667,"Avg EC per Day":19.0,"SalesOrderValue":112441527.6399998218,"NetSalesPKD":85169803.7769659758}
{"szEmployeeId":null,"szname":"Hindra","Week_Report":"W2","Avg PC per Day":24.3333333333,"Avg AC per Day":24.3333333333,"Avg EC per Day":18.5,"SalesOrderValue":211783665.5800003111,"NetSalesPKD":175020442.5803390145}
{"szEmployeeId":null,"szname":"Hindra","Week_Report":"W3","Avg PC per Day":25.6666666667,"Avg AC per Day":25.6666666667,"Avg EC per Day":17.6666666667,"SalesOrderValue":113734091.1199997962,"NetSalesPKD":122087804.9322871417}
{"szEmployeeId":null,"szname":"Hindra","Week_Report":"W4","Avg PC per Day":26.6666666667,"Avg AC per Day":26.3333333333,"Avg EC per Day":18.0,"SalesOrderValue":69074917.450000003,"NetSalesPKD":55389354.4771119952}
{"szEmployeeId":null,"szname":"Hindra","Week_Report":"W5","Avg PC per Day":0.0,"Avg AC per Day":0.0,"Avg EC per Day":0.0,"SalesOrderValue":0.0,"NetSalesPKD":0.0}
{"szEmployeeId":null,"szname":"Muhammad Tamrin","Week_Report":"W1","Avg PC per Day":21.5,"Avg AC per Day":21.3333333333,"Avg EC per Day":12.6666666667,"SalesOrderValue":103558254.9299997836,"NetSalesPKD":31489656.187884938}
{"szEmployeeId":null,"szname":"Muhammad Tamrin","Week_Report":"W2","Avg PC per Day":20.8333333333,"Avg AC per Day":20.6666666667,"Avg EC per Day":13.0,"SalesOrderValue":87695323.9299998879,"NetSalesPKD":111610364.2784649581}
{"szEmployeeId":null,"szname":"Muhammad Tamrin","Week_Report":"W3","Avg PC per Day":23.3333333333,"Avg AC per Day":23.3333333333,"Avg EC per Day":14.3333333333,"SalesOrderValue":102764963.9299997389,"NetSalesPKD":36580333.4968969524}
{"szEmployeeId":null,"szname":"Muhammad Tamrin","Week_Report":"W4","Avg PC per Day":20.6666666667,"Avg AC per Day":13.6666666667,"Avg EC per Day":13.3333333333,"SalesOrderValue":142105438.2600001097,"NetSalesPKD":43611263.2840119898}
{"szEmployeeId":null,"szname":"Muhammad Tamrin","Week_Report":"W5","Avg PC per Day":0.0,"Avg AC per Day":0.0,"Avg EC per Day":0.0,"SalesOrderValue":0.0,"NetSalesPKD":0.0}
{"szEmployeeId":null,"szname":"Robianor","Week_Report":"W1","Avg PC per Day":24.5,"Avg AC per Day":24.5,"Avg EC per Day":18.6666666667,"SalesOrderValue":145083813.3599998355,"NetSalesPKD":76289577.4374539852}
{"szEmployeeId":null,"szname":"Robianor","Week_Report":"W2","Avg PC per Day":25.5,"Avg AC per Day":25.5,"Avg EC per Day":19.5,"SalesOrderValue":188736774.8100004196,"NetSalesPKD":152820784.813829869}
{"szEmployeeId":null,"szname":"Robianor","Week_Report":"W3","Avg PC per Day":25.0,"Avg AC per Day":25.0,"Avg EC per Day":19.0,"SalesOrderValue":69103463.3099999279,"NetSalesPKD":135062985.2347268462}
{"szEmployeeId":null,"szname":"Robianor","Week_Report":"W4","Avg PC per Day":26.0,"Avg AC per Day":26.0,"Avg EC per Day":17.3333333333,"SalesOrderValue":67355101.8400000483,"NetSalesPKD":38921244.0103619993}
{"szEmployeeId":null,"szname":"Robianor","Week_Report":"W5","Avg PC per Day":0.0,"Avg AC per Day":0.0,"Avg EC per Day":0.0,"SalesOrderValue":0.0,"NetSalesPKD":0.0}
{"szEmployeeId":null,"szname":"Doli Purnama Sari","Week_Report":"W1","Avg PC per Day":29.8333333333,"Avg AC per Day":29.1666666667,"Avg EC per Day":20.5,"SalesOrderValue":36415956.7599999011,"NetSalesPKD":30172699.2461030334}
{"szEmployeeId":null,"szname":"Doli Purnama Sari","Week_Report":"W2","Avg PC per Day":30.0,"Avg AC per Day":30.0,"Avg EC per Day":25.3333333333,"SalesOrderValue":50733821.319999896,"NetSalesPKD":45674404.7008629963}
{"szEmployeeId":null,"szname":"Doli Purnama Sari","Week_Report":"W3","Avg PC per Day":29.6666666667,"Avg AC per Day":29.3333333333,"Avg EC per Day":20.3333333333,"SalesOrderValue":26786571.6200000606,"NetSalesPKD":26537519.6164729968}
{"szEmployeeId":null,"szname":"Doli Purnama Sari","Week_Report":"W4","Avg PC per Day":30.0,"Avg AC per Day":30.0,"Avg EC per Day":24.6666666667,"SalesOrderValue":27927320.4100000598,"NetSalesPKD":18672638.2755799964}
{"szEmployeeId":null,"szname":"Doli Purnama Sari","Week_Report":"W5","Avg PC per Day":0.0,"Avg AC per Day":0.0,"Avg EC per Day":0.0,"SalesOrderValue":0.0,"NetSalesPKD":0.0}
{"szEmployeeId":17210041719.0,"szname":"Muhammad Iqbal Purwa Atmaja","Week_Report":"W1","Avg PC per Day":0.0,"Avg AC per Day":0.0,"Avg EC per Day":0.0,"SalesOrderValue":0.0,"NetSalesPKD":0.0}
{"szEmployeeId":17210041719.0,"szname":"Muhammad Iqbal Purwa Atmaja","Week_Report":"W2","Avg PC per Day":0.0,"Avg AC per Day":0.0,"Avg EC per Day":0.0,"SalesOrderValue":0.0,"NetSalesPKD":0.0}
{"szEmployeeId":17210041719.0,"szname":"Muhammad Iqbal Purwa Atmaja","Week_Report":"W3","Avg PC per Day":0.0,"Avg AC per Day":0.0,"Avg EC per Day":0.0,"SalesOrderValue":0.0,"NetSalesPKD":0.0}
{"szEmployeeId":17210041719.0,"szname":"Muhammad Iqbal Purwa Atmaja","Week_Report":"W4","Avg PC per Day":0.0,"Avg AC per Day":0.0,"Avg EC per Day":0.0,"SalesOrderValue":0.0,"NetSalesPKD":0.0}
{"szEmployeeId":17210041719.0,"szname":"Muhammad Iqbal Purwa Atmaja","Week_Report":"W5","Avg PC per Day":0.0,"Avg AC per Day":0.0,"Avg EC per Day":0.0,"SalesOrderValue":0.0,"NetSalesPKD":0.0}
