{"szEmployeeId":null,"szname":"Asman","Week_Report":"W1","Avg PC per Day":19.0,"Avg AC per Day":19.0,"Avg EC per Day":14.5,"SalesOrderValue":38633803.4400000051,"NetSalesPKD":8099729.7478119982}
{"szEmployeeId":null,"szname":"Asman","Week_Report":"W2","Avg PC per Day":20.3333333333,"Avg AC per Day":20.3333333333,"Avg EC per Day":15.0,"SalesOrderValue":192373234.3100012243,"NetSalesPKD":151170536.0610334873}
{"szEmployeeId":null,"szname":"Asman","Week_Report":"W3","Avg PC per Day":20.0,"Avg AC per Day":19.8333333333,"Avg EC per Day":18.6,"SalesOrderValue":148999727.7299998701,"NetSalesPKD":155991994.0359911323}
{"szEmployeeId":null,"szname":"Asman","Week_Report":"W4","Avg PC per Day":20.3333333333,"Avg AC per Day":20.1666666667,"Avg EC per Day":16.1666666667,"SalesOrderValue":212258470.6200012863,"NetSalesPKD":158210197.3385031819}
{"szEmployeeId":null,"szname":"Asman","Week_Report":"W5","Avg PC per Day":20.0,"Avg AC per Day":20.0,"Avg EC per Day":15.6666666667,"SalesOrderValue":230951996.1400009096,"NetSalesPKD":272554886.3929192424}
{"szEmployeeId":null,"szname":"Hindra","Week_Report":"W1","Avg PC per Day":24.5,"Avg AC per Day":24.5,"Avg EC per Day":12.0,"SalesOrderValue":45573277.3799999654,"NetSalesPKD":12935872.6130170133}
{"szEmployeeId":null,"szname":"Hindra","Week_Report":"W2","Avg PC per Day":24.5,"Avg AC per Day":24.5,"Avg EC per Day":18.0,"SalesOrderValue":179822649.8400013149,"NetSalesPKD":147739734.3767728209}
{"szEmployeeId":null,"szname":"Hindra","Week_Report":"W3","Avg PC per Day":25.5,"Avg AC per Day":25.5,"Avg EC per Day":20.8,"SalesOrderValue":157450933.1900004745,"NetSalesPKD":176927556.6878307164}
{"szEmployeeId":null,"szname":"Hindra","Week_Report":"W4","Avg PC per Day":24.5,"Avg AC per Day":24.5,"Avg EC per Day":17.3333333333,"SalesOrderValue":201773632.430000484,"NetSalesPKD":147776013.0992873907}
{"szEmployeeId":null,"szname":"Hindra","Week_Report":"W5","Avg PC per Day":23.0,"Avg AC per Day":23.0,"Avg EC per Day":14.6666666667,"SalesOrderValue":226331026.7100005746,"NetSalesPKD":265258622.2477908134}
{"szEmployeeId":null,"szname":"Muhammad Tamrin","Week_Report":"W1","Avg PC per Day":19.5,"Avg AC per Day":19.5,"Avg EC per Day":12.5,"SalesOrderValue":16133254.7900000121,"NetSalesPKD":7365642.3574640015}
{"szEmployeeId":null,"szname":"Muhammad Tamrin","Week_Report":"W2","Avg PC per Day":21.1666666667,"Avg AC per Day":21.1666666667,"Avg EC per Day":12.5,"SalesOrderValue":66386494.1199999377,"NetSalesPKD":45430847.9279459417}
{"szEmployeeId":null,"szname":"Muhammad Tamrin","Week_Report":"W3","Avg PC per Day":20.8333333333,"Avg AC per Day":20.8333333333,"Avg EC per Day":15.2,"SalesOrderValue":80329375.96999982,"NetSalesPKD":51378583.9196409881}
{"szEmployeeId":null,"szname":"Muhammad Tamrin","Week_Report":"W4","Avg PC per Day":21.1666666667,"Avg AC per Day":21.1666666667,"Avg EC per Day":14.3333333333,"SalesOrderValue":106583817.5199997872,"NetSalesPKD":126113131.8282671869}
{"szEmployeeId":null,"szname":"Muhammad Tamrin","Week_Report":"W5","Avg PC per Day":20.8333333333,"Avg AC per Day":20.6666666667,"Avg EC per Day":13.1666666667,"SalesOrderValue":152991772.0799997449,"NetSalesPKD":146544082.2145548761}
{"szEmployeeId":null,"szname":"Robianor","Week_Report":"W1","Avg PC per Day":28.0,"Avg AC per Day":28.0,"Avg EC per Day":17.0,"SalesOrderValue":82228097.7899997681,"NetSalesPKD":20716644.2841569968}
{"szEmployeeId":null,"szname":"Robianor","Week_Report":"W2","Avg PC per Day":25.5,"Avg AC per Day":25.5,"Avg EC per Day":18.3333333333,"SalesOrderValue":133401452.2299991846,"NetSalesPKD":139001126.4692876041}
{"szEmployeeId":null,"szname":"Robianor","Week_Report":"W3","Avg PC per Day":26.1666666667,"Avg AC per Day":26.1666666667,"Avg EC per Day":21.4,"SalesOrderValue":137635172.5699998438,"NetSalesPKD":116677029.1864707917}
{"szEmployeeId":null,"szname":"Robianor","Week_Report":"W4","Avg PC per Day":25.0,"Avg AC per Day":25.0,"Avg EC per Day":18.8333333333,"SalesOrderValue":128980188.4599992782,"NetSalesPKD":128650651.1342846751}
{"szEmployeeId":null,"szname":"Robianor","Week_Report":"W5","Avg PC per Day":22.0,"Avg AC per Day":22.0,"Avg EC per Day":16.6666666667,"SalesOrderValue":237960383.5800005496,"NetSalesPKD":275581927.5539810658}
{"szEmployeeId":null,"szname":"Doli Purnama Sari","Week_Report":"W1","Avg PC per Day":29.5,"Avg AC per Day":29.5,"Avg EC per Day":22.5,"SalesOrderValue":18883052.6900000758,"NetSalesPKD":13187448.2453789972}
{"szEmployeeId":null,"szname":"Doli Purnama Sari","Week_Report":"W2","Avg PC per Day":30.3333333333,"Avg AC per Day":30.1666666667,"Avg EC per Day":23.3333333333,"SalesOrderValue":58529709.8699996173,"NetSalesPKD":55223925.412145637}
{"szEmployeeId":null,"szname":"Doli Purnama Sari","Week_Report":"W3","Avg PC per Day":29.8333333333,"Avg AC per Day":29.5,"Avg EC per Day":26.6,"SalesOrderValue":46413828.4599998668,"NetSalesPKD":48312454.804998748}
{"szEmployeeId":null,"szname":"Doli Purnama Sari","Week_Report":"W4","Avg PC per Day":29.8333333333,"Avg AC per Day":29.8333333333,"Avg EC per Day":21.8333333333,"SalesOrderValue":43589732.4999997541,"NetSalesPKD":40379510.2033159658}
{"szEmployeeId":null,"szname":"Doli Purnama Sari","Week_Report":"W5","Avg PC per Day":29.8333333333,"Avg AC per Day":29.6666666667,"Avg EC per Day":23.3333333333,"SalesOrderValue":50061135.7999997213,"NetSalesPKD":52590807.8219988868}
{"szEmployeeId":17210041719.0,"szname":"Muhammad Iqbal Purwa Atmaja","Week_Report":"W1","Avg PC per Day":0.0,"Avg AC per Day":0.0,"Avg EC per Day":0.0,"SalesOrderValue":0.0,"NetSalesPKD":0.0}
{"szEmployeeId":17210041719.0,"szname":"Muhammad Iqbal Purwa Atmaja","Week_Report":"W2","Avg PC per Day":0.0,"Avg AC per Day":0.0,"Avg EC per Day":0.0,"SalesOrderValue":0.0,"NetSalesPKD":0.0}
{"szEmployeeId":17210041719.0,"szname":"Muhammad Iqbal Purwa Atmaja","Week_Report":"W3","Avg PC per Day":0.0,"Avg AC per Day":0.0,"Avg EC per Day":0.0,"SalesOrderValue":0.0,"NetSalesPKD":0.0}
{"szEmployeeId":17210041719.0,"szname":"Muhammad Iqbal Purwa Atmaja","Week_Report":"W4","Avg PC per Day":0.0,"Avg AC per Day":0.0,"Avg EC per Day":0.0,"SalesOrderValue":0.0,"NetSalesPKD":0.0}
{"szEmployeeId":17210041719.0,"szname":"Muhammad Iqbal Purwa Atmaja","Week_Report":"W5","Avg PC per Day":0.0,"Avg AC per Day":0.0,"Avg EC per Day":0.0,"SalesOrderValue":0.0,"NetSalesPKD":0.0}
