{"szEmployeeId":null,"szname":"Asman","Week_Report":"W1","Avg PC per Day":21.1666666667,"Avg AC per Day":21.0,"Avg EC per Day":20.4,"SalesOrderValue":272507326.1699994802,"NetSalesPKD":170636174.9971078038}
{"szEmployeeId":null,"szname":"Asman","Week_Report":"W2","Avg PC per Day":20.1666666667,"Avg AC per Day":20.0,"Avg EC per Day":16.5,"SalesOrderValue":231859851.1499997675,"NetSalesPKD":239373537.2257049382}
{"szEmployeeId":null,"szname":"Asman","Week_Report":"W3","Avg PC per Day":19.6666666667,"Avg AC per Day":19.6666666667,"Avg EC per Day":17.5,"SalesOrderValue":251883849.8199997544,"NetSalesPKD":205008325.6374351382}
{"szEmployeeId":null,"szname":"Asman","Week_Report":"W4","Avg PC per Day":20.0,"Avg AC per Day":19.75,"Avg EC per Day":15.5,"SalesOrderValue":228332774.7900004387,"NetSalesPKD":257947362.2120740414}
{"szEmployeeId":null,"szname":"Asman","Week_Report":"W5","Avg PC per Day":0.0,"Avg AC per Day":0.0,"Avg EC per Day":0.0,"SalesOrderValue":0.0,"NetSalesPKD":0.0}
{"szEmployeeId":null,"szname":"Hindra","Week_Report":"W1","Avg PC per Day":26.6666666667,"Avg AC per Day":26.1666666667,"Avg EC per Day":22.4,"SalesOrderValue":72593599.9400000125,"NetSalesPKD":63836748.9480868429}
{"szEmployeeId":null,"szname":"Hindra","Week_Report":"W2","Avg PC per Day":26.5,"Avg AC per Day":26.0,"Avg EC per Day":18.5,"SalesOrderValue":72055861.5499999821,"NetSalesPKD":61735850.7334939465}
{"szEmployeeId":null,"szname":"Hindra","Week_Report":"W3","Avg PC per Day":27.1666666667,"Avg AC per Day":26.3333333333,"Avg EC per Day":19.8333333333,"SalesOrderValue":97456450.0799999237,"NetSalesPKD":72274297.7057410032}
{"szEmployeeId":null,"szname":"Hindra","Week_Report":"W4","Avg PC per Day":27.75,"Avg AC per Day":27.5,"Avg EC per Day":21.0,"SalesOrderValue":95265216.7900000066,"NetSalesPKD":77754394.1227400303}
{"szEmployeeId":null,"szname":"Hindra","Week_Report":"W5","Avg PC per Day":0.0,"Avg AC per Day":0.0,"Avg EC per Day":0.0,"SalesOrderValue":0.0,"NetSalesPKD":0.0}
{"szEmployeeId":null,"szname":"Muhammad Tamrin","Week_Report":"W1","Avg PC per Day":23.5,"Avg AC per Day":23.1666666667,"Avg EC per Day":19.6,"SalesOrderValue":184798458.1399996579,"NetSalesPKD":160175537.9604700506}
{"szEmployeeId":null,"szname":"Muhammad Tamrin","Week_Report":"W2","Avg PC per Day":23.6666666667,"Avg AC per Day":23.6666666667,"Avg EC per Day":17.5,"SalesOrderValue":116721181.6899999976,"NetSalesPKD":95944368.5512419194}
{"szEmployeeId":null,"szname":"Muhammad Tamrin","Week_Report":"W3","Avg PC per Day":23.1666666667,"Avg AC per Day":23.1666666667,"Avg EC per Day":17.0,"SalesOrderValue":141147065.7699999213,"NetSalesPKD":124773569.1291309595}
{"szEmployeeId":null,"szname":"Muhammad Tamrin","Week_Report":"W4","Avg PC per Day":24.0,"Avg AC per Day":24.0,"Avg EC per Day":17.0,"SalesOrderValue":193549238.7799998522,"NetSalesPKD":138364419.1967860758}
{"szEmployeeId":null,"szname":"Muhammad Tamrin","Week_Report":"W5","Avg PC per Day":0.0,"Avg AC per Day":0.0,"Avg EC per Day":0.0,"SalesOrderValue":0.0,"NetSalesPKD":0.0}
{"szEmployeeId":null,"szname":"Robianor","Week_Report":"W1","Avg PC per Day":26.3333333333,"Avg AC per Day":26.3333333333,"Avg EC per Day":23.0,"SalesOrderValue":122159036.1599999666,"NetSalesPKD":73812101.1611458957}
{"szEmployeeId":null,"szname":"Robianor","Week_Report":"W2","Avg PC per Day":26.0,"Avg AC per Day":26.0,"Avg EC per Day":19.0,"SalesOrderValue":121806553.1599999815,"NetSalesPKD":140187010.3303678036}
{"szEmployeeId":null,"szname":"Robianor","Week_Report":"W3","Avg PC per Day":26.0,"Avg AC per Day":26.0,"Avg EC per Day":19.3333333333,"SalesOrderValue":152609620.3999998569,"NetSalesPKD":114754567.7105320692}
{"szEmployeeId":null,"szname":"Robianor","Week_Report":"W4","Avg PC per Day":26.5,"Avg AC per Day":26.5,"Avg EC per Day":20.0,"SalesOrderValue":88106814.1400000155,"NetSalesPKD":120375903.4499589205}
{"szEmployeeId":null,"szname":"Robianor","Week_Report":"W5","Avg PC per Day":0.0,"Avg AC per Day":0.0,"Avg EC per Day":0.0,"SalesOrderValue":0.0,"NetSalesPKD":0.0}
{"szEmployeeId":null,"szname":"Doli Purnama Sari","Week_Report":"W1","Avg PC per Day":30.1666666667,"Avg AC per Day":30.1666666667,"Avg EC per Day":23.6,"SalesOrderValue":32804758.2300000861,"NetSalesPKD":31616983.5561899133}
{"szEmployeeId":null,"szname":"Doli Purnama Sari","Week_Report":"W2","Avg PC per Day":29.5,"Avg AC per Day":20.3333333333,"Avg EC per Day":21.8333333333,"SalesOrderValue":46248477.340000093,"NetSalesPKD":39938582.376733005}
{"szEmployeeId":null,"szname":"Doli Purnama Sari","Week_Report":"W3","Avg PC per Day":28.8333333333,"Avg AC per Day":28.8333333333,"Avg EC per Day":22.6666666667,"SalesOrderValue":41583712.7799999267,"NetSalesPKD":42006822.0294059813}
{"szEmployeeId":null,"szname":"Doli Purnama Sari","Week_Report":"W4","Avg PC per Day":30.0,"Avg AC per Day":29.75,"Avg EC per Day":23.0,"SalesOrderValue":37116482.5700000152,"NetSalesPKD":34019090.8598029763}
{"szEmployeeId":null,"szname":"Doli Purnama Sari","Week_Report":"W5","Avg PC per Day":0.0,"Avg AC per Day":0.0,"Avg EC per Day":0.0,"SalesOrderValue":0.0,"NetSalesPKD":0.0}
{"szEmployeeId":17210041719.0,"szname":"Muhammad Iqbal Purwa Atmaja","Week_Report":"W1","Avg PC per Day":29.8333333333,"Avg AC per Day":29.8333333333,"Avg EC per Day":19.2,"SalesOrderValue":19666484.9699999839,"NetSalesPKD":16359515.3019370344}
{"szEmployeeId":17210041719.0,"szname":"Muhammad Iqbal Purwa Atmaja","Week_Report":"W2","Avg PC per Day":29.6666666667,"Avg AC per Day":29.6666666667,"Avg EC per Day":20.8333333333,"SalesOrderValue":32244695.6599999703,"NetSalesPKD":27096291.4817950204}
{"szEmployeeId":17210041719.0,"szname":"Muhammad Iqbal Purwa Atmaja","Week_Report":"W3","Avg PC per Day":28.5,"Avg AC per Day":28.5,"Avg EC per Day":18.3333333333,"SalesOrderValue":27364104.1200000048,"NetSalesPKD":27666096.4226309992}
{"szEmployeeId":17210041719.0,"szname":"Muhammad Iqbal Purwa Atmaja","Week_Report":"W4","Avg PC per Day":30.5,"Avg AC per Day":30.5,"Avg EC per Day":25.0,"SalesOrderValue":27210789.6499999985,"NetSalesPKD":25255172.0133559853}
{"szEmployeeId":17210041719.0,"szname":"Muhammad Iqbal Purwa Atmaja","Week_Report":"W5","Avg PC per Day":0.0,"Avg AC per Day":0.0,"Avg EC per Day":0.0,"SalesOrderValue":0.0,"NetSalesPKD":0.0}
