{"szEmployeeId":null,"szname":"Asman","Week_Report":"W1","Avg PC per Day":19.5714285714,"Avg AC per Day":19.4285714286,"Avg EC per Day":14.1428571429,"SalesOrderValue":125385486.3799999505,"NetSalesPKD":102539371.4133618325}
{"szEmployeeId":null,"szname":"Asman","Week_Report":"W2","Avg PC per Day":21.0,"Avg AC per Day":17.5,"Avg EC per Day":16.5,"SalesOrderValue":167083407.2299998105,"NetSalesPKD":139428329.0817768574}
{"szEmployeeId":null,"szname":"Asman","Week_Report":"W3","Avg PC per Day":20.8333333333,"Avg AC per Day":20.8333333333,"Avg EC per Day":16.1666666667,"SalesOrderValue":165184959.3299994469,"NetSalesPKD":173244203.8531110585}
{"szEmployeeId":null,"szname":"Asman","Week_Report":"W4","Avg PC per Day":21.0,"Avg AC per Day":20.8333333333,"Avg EC per Day":16.3333333333,"SalesOrderValue":419439865.659999311,"NetSalesPKD":289804864.9343634844}
{"szEmployeeId":null,"szname":"Asman","Week_Report":"W5","Avg PC per Day":0.0,"Avg AC per Day":0.0,"Avg EC per Day":0.0,"SalesOrderValue":0.0,"NetSalesPKD":0.0}
{"szEmployeeId":null,"szname":"Hindra","Week_Report":"W1","Avg PC per Day":27.0,"Avg AC per Day":26.5714285714,"Avg EC per Day":18.5714285714,"SalesOrderValue":101319355.6400000602,"NetSalesPKD":90924787.8793319762}
{"szEmployeeId":null,"szname":"Hindra","Week_Report":"W2","Avg PC per Day":27.5,"Avg AC per Day":22.8333333333,"Avg EC per Day":19.5,"SalesOrderValue":94616594.5700000376,"NetSalesPKD":90477772.3452467918}
{"szEmployeeId":null,"szname":"Hindra","Week_Report":"W3","Avg PC per Day":27.3333333333,"Avg AC per Day":27.1666666667,"Avg EC per Day":17.6666666667,"SalesOrderValue":80848877.370000124,"NetSalesPKD":81375734.4489759654}
{"szEmployeeId":null,"szname":"Hindra","Week_Report":"W4","Avg PC per Day":27.6666666667,"Avg AC per Day":26.1666666667,"Avg EC per Day":19.1666666667,"SalesOrderValue":129174539.3599993885,"NetSalesPKD":121195831.9000139385}
{"szEmployeeId":null,"szname":"Hindra","Week_Report":"W5","Avg PC per Day":0.0,"Avg AC per Day":0.0,"Avg EC per Day":0.0,"SalesOrderValue":0.0,"NetSalesPKD":0.0}
{"szEmployeeId":null,"szname":"Muhammad Tamrin","Week_Report":"W1","Avg PC per Day":20.0,"Avg AC per Day":19.8571428571,"Avg EC per Day":14.2857142857,"SalesOrderValue":87810112.3299999684,"NetSalesPKD":71791432.6545729786}
{"szEmployeeId":null,"szname":"Muhammad Tamrin","Week_Report":"W2","Avg PC per Day":21.1666666667,"Avg AC per Day":11.5,"Avg EC per Day":13.6666666667,"SalesOrderValue":89897791.9299999177,"NetSalesPKD":63486437.1828579828}
{"szEmployeeId":null,"szname":"Muhammad Tamrin","Week_Report":"W3","Avg PC per Day":21.0,"Avg AC per Day":21.0,"Avg EC per Day":16.3333333333,"SalesOrderValue":129727093.9199998677,"NetSalesPKD":74975064.3858409673}
{"szEmployeeId":null,"szname":"Muhammad Tamrin","Week_Report":"W4","Avg PC per Day":21.3333333333,"Avg AC per Day":21.1666666667,"Avg EC per Day":16.0,"SalesOrderValue":234327486.0299998224,"NetSalesPKD":235253040.6021000445}
{"szEmployeeId":null,"szname":"Muhammad Tamrin","Week_Report":"W5","Avg PC per Day":0.0,"Avg AC per Day":0.0,"Avg EC per Day":0.0,"SalesOrderValue":0.0,"NetSalesPKD":0.0}
{"szEmployeeId":null,"szname":"Robianor","Week_Report":"W1","Avg PC per Day":24.8571428571,"Avg AC per Day":24.8571428571,"Avg EC per Day":16.1428571429,"SalesOrderValue":148695439.059999913,"NetSalesPKD":99729012.674382031}
{"szEmployeeId":null,"szname":"Robianor","Week_Report":"W2","Avg PC per Day":26.1666666667,"Avg AC per Day":26.1666666667,"Avg EC per Day":19.0,"SalesOrderValue":143282807.2999995351,"NetSalesPKD":141581035.7643889785}
{"szEmployeeId":null,"szname":"Robianor","Week_Report":"W3","Avg PC per Day":26.3333333333,"Avg AC per Day":26.3333333333,"Avg EC per Day":18.3333333333,"SalesOrderValue":204488662.4700003266,"NetSalesPKD":107287180.1322788745}
{"szEmployeeId":null,"szname":"Robianor","Week_Report":"W4","Avg PC per Day":26.3333333333,"Avg AC per Day":22.0,"Avg EC per Day":18.8333333333,"SalesOrderValue":184421338.2399994731,"NetSalesPKD":283047433.1040158868}
{"szEmployeeId":null,"szname":"Robianor","Week_Report":"W5","Avg PC per Day":0.0,"Avg AC per Day":0.0,"Avg EC per Day":0.0,"SalesOrderValue":0.0,"NetSalesPKD":0.0}
{"szEmployeeId":null,"szname":"Doli Purnama Sari","Week_Report":"W1","Avg PC per Day":29.5714285714,"Avg AC per Day":29.5714285714,"Avg EC per Day":20.4285714286,"SalesOrderValue":59384813.9300000295,"NetSalesPKD":53742709.2029530555}
{"szEmployeeId":null,"szname":"Doli Purnama Sari","Week_Report":"W2","Avg PC per Day":29.8333333333,"Avg AC per Day":29.6666666667,"Avg EC per Day":22.5,"SalesOrderValue":59147358.4999997988,"NetSalesPKD":55945905.3689661101}
{"szEmployeeId":null,"szname":"Doli Purnama Sari","Week_Report":"W3","Avg PC per Day":29.5,"Avg AC per Day":29.5,"Avg EC per Day":21.6666666667,"SalesOrderValue":58412942.6799999923,"NetSalesPKD":55080527.9308350235}
{"szEmployeeId":null,"szname":"Doli Purnama Sari","Week_Report":"W4","Avg PC per Day":30.1666666667,"Avg AC per Day":30.0,"Avg EC per Day":21.6666666667,"SalesOrderValue":75622052.4800000936,"NetSalesPKD":75058570.7615951598}
{"szEmployeeId":null,"szname":"Doli Purnama Sari","Week_Report":"W5","Avg PC per Day":0.0,"Avg AC per Day":0.0,"Avg EC per Day":0.0,"SalesOrderValue":0.0,"NetSalesPKD":0.0}
{"szEmployeeId":17210041719.0,"szname":"Muhammad Iqbal Purwa Atmaja","Week_Report":"W1","Avg PC per Day":0.0,"Avg AC per Day":0.0,"Avg EC per Day":0.0,"SalesOrderValue":0.0,"NetSalesPKD":0.0}
{"szEmployeeId":17210041719.0,"szname":"Muhammad Iqbal Purwa Atmaja","Week_Report":"W2","Avg PC per Day":0.0,"Avg AC per Day":0.0,"Avg EC per Day":0.0,"SalesOrderValue":0.0,"NetSalesPKD":0.0}
{"szEmployeeId":17210041719.0,"szname":"Muhammad Iqbal Purwa Atmaja","Week_Report":"W3","Avg PC per Day":0.0,"Avg AC per Day":0.0,"Avg EC per Day":0.0,"SalesOrderValue":0.0,"NetSalesPKD":0.0}
{"szEmployeeId":17210041719.0,"szname":"Muhammad Iqbal Purwa Atmaja","Week_Report":"W4","Avg PC per Day":0.0,"Avg AC per Day":0.0,"Avg EC per Day":0.0,"SalesOrderValue":0.0,"NetSalesPKD":0.0}
{"szEmployeeId":17210041719.0,"szname":"Muhammad Iqbal Purwa Atmaja","Week_Report":"W5","Avg PC per Day":0.0,"Avg AC per Day":0.0,"Avg EC per Day":0.0,"SalesOrderValue":0.0,"NetSalesPKD":0.0}
