{"szEmployeeId":null,"szname":"Asman","Week_Report":"W1","Avg PC per Day":20.3333333333,"Avg AC per Day":20.3333333333,"Avg EC per Day":14.0,"SalesOrderValue":113032981.7899996936,"NetSalesPKD":63557276.6337148622}
{"szEmployeeId":null,"szname":"Asman","Week_Report":"W2","Avg PC per Day":19.8333333333,"Avg AC per Day":19.6666666667,"Avg EC per Day":16.3333333333,"SalesOrderValue":123682307.6199999154,"NetSalesPKD":124126483.3436189294}
{"szEmployeeId":null,"szname":"Asman","Week_Report":"W3","Avg PC per Day":20.1666666667,"Avg AC per Day":20.0,"Avg EC per Day":17.2,"SalesOrderValue":129180372.85999991,"NetSalesPKD":102535868.6609886885}
{"szEmployeeId":null,"szname":"Asman","Week_Report":"W4","Avg PC per Day":20.25,"Avg AC per Day":20.25,"Avg EC per Day":14.25,"SalesOrderValue":78225994.6899998784,"NetSalesPKD":62243036.9863900021}
{"szEmployeeId":null,"szname":"Asman","Week_Report":"W5","Avg PC per Day":0.0,"Avg AC per Day":0.0,"Avg EC per Day":0.0,"SalesOrderValue":0.0,"NetSalesPKD":0.0}
{"szEmployeeId":null,"szname":"Hindra","Week_Report":"W1","Avg PC per Day":24.3333333333,"Avg AC per Day":24.3333333333,"Avg EC per Day":16.0,"SalesOrderValue":109267301.3499996662,"NetSalesPKD":66896650.2093159556}
{"szEmployeeId":null,"szname":"Hindra","Week_Report":"W2","Avg PC per Day":24.5,"Avg AC per Day":24.3333333333,"Avg EC per Day":18.0,"SalesOrderValue":138040324.1799995899,"NetSalesPKD":143295377.0794169903}
{"szEmployeeId":null,"szname":"Hindra","Week_Report":"W3","Avg PC per Day":24.5,"Avg AC per Day":24.3333333333,"Avg EC per Day":19.2,"SalesOrderValue":97606204.8399999738,"NetSalesPKD":84243495.1414468437}
{"szEmployeeId":null,"szname":"Hindra","Week_Report":"W4","Avg PC per Day":25.5,"Avg AC per Day":25.5,"Avg EC per Day":16.0,"SalesOrderValue":64111657.4399999604,"NetSalesPKD":83751606.5068558753}
{"szEmployeeId":null,"szname":"Hindra","Week_Report":"W5","Avg PC per Day":0.0,"Avg AC per Day":0.0,"Avg EC per Day":0.0,"SalesOrderValue":0.0,"NetSalesPKD":0.0}
{"szEmployeeId":null,"szname":"Muhammad Tamrin","Week_Report":"W1","Avg PC per Day":21.0,"Avg AC per Day":21.0,"Avg EC per Day":15.1666666667,"SalesOrderValue":76436570.8899997324,"NetSalesPKD":53710263.3984860182}
{"szEmployeeId":null,"szname":"Muhammad Tamrin","Week_Report":"W2","Avg PC per Day":21.0,"Avg AC per Day":21.0,"Avg EC per Day":13.6666666667,"SalesOrderValue":86194135.6899997741,"NetSalesPKD":89492011.1174780279}
{"szEmployeeId":null,"szname":"Muhammad Tamrin","Week_Report":"W3","Avg PC per Day":21.3333333333,"Avg AC per Day":21.0,"Avg EC per Day":16.2,"SalesOrderValue":113723392.3599999845,"NetSalesPKD":63702813.8364929184}
{"szEmployeeId":null,"szname":"Muhammad Tamrin","Week_Report":"W4","Avg PC per Day":21.25,"Avg AC per Day":20.5,"Avg EC per Day":11.25,"SalesOrderValue":87932846.5900000185,"NetSalesPKD":67824864.0056290179}
{"szEmployeeId":null,"szname":"Muhammad Tamrin","Week_Report":"W5","Avg PC per Day":0.0,"Avg AC per Day":0.0,"Avg EC per Day":0.0,"SalesOrderValue":0.0,"NetSalesPKD":0.0}
{"szEmployeeId":null,"szname":"Robianor","Week_Report":"W1","Avg PC per Day":24.6666666667,"Avg AC per Day":24.6666666667,"Avg EC per Day":17.5,"SalesOrderValue":131017105.1599996388,"NetSalesPKD":69292213.3238910288}
{"szEmployeeId":null,"szname":"Robianor","Week_Report":"W2","Avg PC per Day":25.5,"Avg AC per Day":25.5,"Avg EC per Day":18.0,"SalesOrderValue":110707466.4199996442,"NetSalesPKD":125386387.5247108042}
{"szEmployeeId":null,"szname":"Robianor","Week_Report":"W3","Avg PC per Day":24.3333333333,"Avg AC per Day":24.3333333333,"Avg EC per Day":22.8,"SalesOrderValue":134146612.2799998671,"NetSalesPKD":108328657.1652888954}
{"szEmployeeId":null,"szname":"Robianor","Week_Report":"W4","Avg PC per Day":24.0,"Avg AC per Day":24.0,"Avg EC per Day":17.0,"SalesOrderValue":55683729.9300000072,"NetSalesPKD":86110373.5289098769}
{"szEmployeeId":null,"szname":"Robianor","Week_Report":"W5","Avg PC per Day":0.0,"Avg AC per Day":0.0,"Avg EC per Day":0.0,"SalesOrderValue":0.0,"NetSalesPKD":0.0}
{"szEmployeeId":null,"szname":"Doli Purnama Sari","Week_Report":"W1","Avg PC per Day":29.8333333333,"Avg AC per Day":29.8333333333,"Avg EC per Day":19.8333333333,"SalesOrderValue":30834009.1299999431,"NetSalesPKD":24115958.6504200101}
{"szEmployeeId":null,"szname":"Doli Purnama Sari","Week_Report":"W2","Avg PC per Day":29.8,"Avg AC per Day":29.8,"Avg EC per Day":25.8,"SalesOrderValue":37173392.3699997663,"NetSalesPKD":35574971.2996230125}
{"szEmployeeId":null,"szname":"Doli Purnama Sari","Week_Report":"W3","Avg PC per Day":29.6666666667,"Avg AC per Day":29.3333333333,"Avg EC per Day":27.0,"SalesOrderValue":37499315.4200002477,"NetSalesPKD":35433307.24923715}
{"szEmployeeId":null,"szname":"Doli Purnama Sari","Week_Report":"W4","Avg PC per Day":30.0,"Avg AC per Day":29.75,"Avg EC per Day":19.25,"SalesOrderValue":20391313.710000135,"NetSalesPKD":16643738.1732590385}
{"szEmployeeId":null,"szname":"Doli Purnama Sari","Week_Report":"W5","Avg PC per Day":0.0,"Avg AC per Day":0.0,"Avg EC per Day":0.0,"SalesOrderValue":0.0,"NetSalesPKD":0.0}
{"szEmployeeId":17210041719.0,"szname":"Muhammad Iqbal Purwa Atmaja","Week_Report":"W1","Avg PC per Day":0.0,"Avg AC per Day":0.0,"Avg EC per Day":0.0,"SalesOrderValue":0.0,"NetSalesPKD":0.0}
{"szEmployeeId":17210041719.0,"szname":"Muhammad Iqbal Purwa Atmaja","Week_Report":"W2","Avg PC per Day":0.0,"Avg AC per Day":0.0,"Avg EC per Day":0.0,"SalesOrderValue":0.0,"NetSalesPKD":0.0}
{"szEmployeeId":17210041719.0,"szname":"Muhammad Iqbal Purwa Atmaja","Week_Report":"W3","Avg PC per Day":0.0,"Avg AC per Day":0.0,"Avg EC per Day":0.0,"SalesOrderValue":0.0,"NetSalesPKD":0.0}
{"szEmployeeId":17210041719.0,"szname":"Muhammad Iqbal Purwa Atmaja","Week_Report":"W4","Avg PC per Day":0.0,"Avg AC per Day":0.0,"Avg EC per Day":0.0,"SalesOrderValue":0.0,"NetSalesPKD":0.0}
{"szEmployeeId":17210041719.0,"szname":"Muhammad Iqbal Purwa Atmaja","Week_Report":"W5","Avg PC per Day":0.0,"Avg AC per Day":0.0,"Avg EC per Day":0.0,"SalesOrderValue":0.0,"NetSalesPKD":0.0}
