{"szEmployeeId":null,"szname":"Asman","Week_Report":"W1","Avg PC per Day":19.5,"Avg AC per Day":19.5,"Avg EC per Day":15.0,"SalesOrderValue":64238438.2000000477,"NetSalesPKD":63356209.1624569595}
{"szEmployeeId":null,"szname":"Asman","Week_Report":"W2","Avg PC per Day":20.6666666667,"Avg AC per Day":20.6666666667,"Avg EC per Day":17.1666666667,"SalesOrderValue":184858010.3099994063,"NetSalesPKD":150870767.0664208829}
{"szEmployeeId":null,"szname":"Asman","Week_Report":"W3","Avg PC per Day":20.6666666667,"Avg AC per Day":20.5,"Avg EC per Day":14.3333333333,"SalesOrderValue":122171764.5399997234,"NetSalesPKD":133930054.0570788085}
{"szEmployeeId":null,"szname":"Asman","Week_Report":"W4","Avg PC per Day":20.3333333333,"Avg AC per Day":20.0,"Avg EC per Day":15.3333333333,"SalesOrderValue":183016950.5199984908,"NetSalesPKD":124143628.8948878944}
{"szEmployeeId":null,"szname":"Asman","Week_Report":"W5","Avg PC per Day":21.2,"Avg AC per Day":21.2,"Avg EC per Day":15.8,"SalesOrderValue":163705100.2599996328,"NetSalesPKD":217584039.2315489054}
{"szEmployeeId":null,"szname":"Hindra","Week_Report":"W1","Avg PC per Day":25.75,"Avg AC per Day":25.25,"Avg EC per Day":20.0,"SalesOrderValue":61401408.2299999148,"NetSalesPKD":41715240.039367944}
{"szEmployeeId":null,"szname":"Hindra","Week_Report":"W2","Avg PC per Day":27.0,"Avg AC per Day":26.6666666667,"Avg EC per Day":17.8333333333,"SalesOrderValue":86663942.589999944,"NetSalesPKD":92797764.2154819667}
{"szEmployeeId":null,"szname":"Hindra","Week_Report":"W3","Avg PC per Day":26.8333333333,"Avg AC per Day":26.3333333333,"Avg EC per Day":19.6666666667,"SalesOrderValue":105794643.6399997175,"NetSalesPKD":68578865.2325270325}
{"szEmployeeId":null,"szname":"Hindra","Week_Report":"W4","Avg PC per Day":27.1666666667,"Avg AC per Day":26.8333333333,"Avg EC per Day":18.6666666667,"SalesOrderValue":79782353.5999988467,"NetSalesPKD":100955333.2338589877}
{"szEmployeeId":null,"szname":"Hindra","Week_Report":"W5","Avg PC per Day":27.6,"Avg AC per Day":27.2,"Avg EC per Day":21.2,"SalesOrderValue":183632258.0999991298,"NetSalesPKD":141920662.3114590347}
{"szEmployeeId":null,"szname":"Muhammad Tamrin","Week_Report":"W1","Avg PC per Day":19.5,"Avg AC per Day":19.5,"Avg EC per Day":15.0,"SalesOrderValue":90669691.8000000119,"NetSalesPKD":57242484.7990010008}
{"szEmployeeId":null,"szname":"Muhammad Tamrin","Week_Report":"W2","Avg PC per Day":20.8333333333,"Avg AC per Day":20.8333333333,"Avg EC per Day":17.5,"SalesOrderValue":177246230.0199996829,"NetSalesPKD":116909416.6602540612}
{"szEmployeeId":null,"szname":"Muhammad Tamrin","Week_Report":"W3","Avg PC per Day":21.0,"Avg AC per Day":20.8333333333,"Avg EC per Day":13.8333333333,"SalesOrderValue":119607973.939999938,"NetSalesPKD":134351064.1108160913}
{"szEmployeeId":null,"szname":"Muhammad Tamrin","Week_Report":"W4","Avg PC per Day":20.8333333333,"Avg AC per Day":20.3333333333,"Avg EC per Day":13.6666666667,"SalesOrderValue":93945967.580000028,"NetSalesPKD":64343159.8291689306}
{"szEmployeeId":null,"szname":"Muhammad Tamrin","Week_Report":"W5","Avg PC per Day":21.6,"Avg AC per Day":21.4,"Avg EC per Day":14.4,"SalesOrderValue":144620581.2799999118,"NetSalesPKD":144437665.0204489827}
{"szEmployeeId":null,"szname":"Robianor","Week_Report":"W1","Avg PC per Day":25.5,"Avg AC per Day":25.5,"Avg EC per Day":18.5,"SalesOrderValue":114684900.9499992728,"NetSalesPKD":56348725.4513679296}
{"szEmployeeId":null,"szname":"Robianor","Week_Report":"W2","Avg PC per Day":25.3333333333,"Avg AC per Day":25.3333333333,"Avg EC per Day":19.0,"SalesOrderValue":151786398.2899989188,"NetSalesPKD":135211758.6134768426}
{"szEmployeeId":null,"szname":"Robianor","Week_Report":"W3","Avg PC per Day":25.8333333333,"Avg AC per Day":25.8333333333,"Avg EC per Day":19.3333333333,"SalesOrderValue":142786013.9199993312,"NetSalesPKD":149208618.3877406716}
{"szEmployeeId":null,"szname":"Robianor","Week_Report":"W4","Avg PC per Day":25.3333333333,"Avg AC per Day":25.3333333333,"Avg EC per Day":21.8333333333,"SalesOrderValue":211558788.7699976563,"NetSalesPKD":154386776.9258829653}
{"szEmployeeId":null,"szname":"Robianor","Week_Report":"W5","Avg PC per Day":26.8,"Avg AC per Day":26.8,"Avg EC per Day":19.8,"SalesOrderValue":89465866.5199999511,"NetSalesPKD":183689432.5719577074}
{"szEmployeeId":null,"szname":"Doli Purnama Sari","Week_Report":"W1","Avg PC per Day":30.5,"Avg AC per Day":30.5,"Avg EC per Day":20.25,"SalesOrderValue":46568822.9000000954,"NetSalesPKD":21303117.1036330536}
{"szEmployeeId":null,"szname":"Doli Purnama Sari","Week_Report":"W2","Avg PC per Day":29.5,"Avg AC per Day":29.5,"Avg EC per Day":19.8333333333,"SalesOrderValue":56525093.880000025,"NetSalesPKD":66224878.4299880415}
{"szEmployeeId":null,"szname":"Doli Purnama Sari","Week_Report":"W3","Avg PC per Day":29.8333333333,"Avg AC per Day":29.8333333333,"Avg EC per Day":20.0,"SalesOrderValue":61572564.2999999747,"NetSalesPKD":60420661.7059360445}
{"szEmployeeId":null,"szname":"Doli Purnama Sari","Week_Report":"W4","Avg PC per Day":29.5,"Avg AC per Day":29.5,"Avg EC per Day":21.8333333333,"SalesOrderValue":65745486.3900002688,"NetSalesPKD":56307792.3369340375}
{"szEmployeeId":null,"szname":"Doli Purnama Sari","Week_Report":"W5","Avg PC per Day":29.8,"Avg AC per Day":29.8,"Avg EC per Day":20.0,"SalesOrderValue":41335099.4500000328,"NetSalesPKD":51291604.0590188727}
{"szEmployeeId":17210041719.0,"szname":"Muhammad Iqbal Purwa Atmaja","Week_Report":"W1","Avg PC per Day":28.5,"Avg AC per Day":0.0,"Avg EC per Day":0.0,"SalesOrderValue":0.0,"NetSalesPKD":3562902.8312399988}
{"szEmployeeId":17210041719.0,"szname":"Muhammad Iqbal Purwa Atmaja","Week_Report":"W2","Avg PC per Day":0.0,"Avg AC per Day":0.0,"Avg EC per Day":0.0,"SalesOrderValue":0.0,"NetSalesPKD":0.0}
{"szEmployeeId":17210041719.0,"szname":"Muhammad Iqbal Purwa Atmaja","Week_Report":"W3","Avg PC per Day":0.0,"Avg AC per Day":0.0,"Avg EC per Day":0.0,"SalesOrderValue":0.0,"NetSalesPKD":0.0}
{"szEmployeeId":17210041719.0,"szname":"Muhammad Iqbal Purwa Atmaja","Week_Report":"W4","Avg PC per Day":0.0,"Avg AC per Day":0.0,"Avg EC per Day":0.0,"SalesOrderValue":0.0,"NetSalesPKD":0.0}
{"szEmployeeId":17210041719.0,"szname":"Muhammad Iqbal Purwa Atmaja","Week_Report":"W5","Avg PC per Day":0.0,"Avg AC per Day":0.0,"Avg EC per Day":0.0,"SalesOrderValue":0.0,"NetSalesPKD":0.0}
