{"szEmployeeId":null,"szname":"Asman","Week_Report":"W1","Avg PC per Day":20.1666666667,"Avg AC per Day":19.6666666667,"Avg EC per Day":16.0,"SalesOrderValue":184871141.590000689,"NetSalesPKD":128686182.1768950969}
{"szEmployeeId":null,"szname":"Asman","Week_Report":"W2","Avg PC per Day":19.6666666667,"Avg AC per Day":19.6666666667,"Avg EC per Day":15.5,"SalesOrderValue":201642845.1600009799,"NetSalesPKD":157270665.2336010635}
{"szEmployeeId":null,"szname":"Asman","Week_Report":"W3","Avg PC per Day":21.6666666667,"Avg AC per Day":21.6666666667,"Avg EC per Day":15.6666666667,"SalesOrderValue":146487006.1900003254,"NetSalesPKD":151214687.5516320467}
{"szEmployeeId":null,"szname":"Asman","Week_Report":"W4","Avg PC per Day":19.5,"Avg AC per Day":14.5,"Avg EC per Day":10.75,"SalesOrderValue":163869351.2500001788,"NetSalesPKD":117492949.7062549889}
{"szEmployeeId":null,"szname":"Asman","Week_Report":"W5","Avg PC per Day":0.0,"Avg AC per Day":0.0,"Avg EC per Day":0.0,"SalesOrderValue":0.0,"NetSalesPKD":0.0}
{"szEmployeeId":null,"szname":"Hindra","Week_Report":"W1","Avg PC per Day":24.6666666667,"Avg AC per Day":24.6666666667,"Avg EC per Day":19.0,"SalesOrderValue":112441527.6399998367,"NetSalesPKD":85169803.7769660056}
{"szEmployeeId":null,"szname":"Hindra","Week_Report":"W2","Avg PC per Day":24.3333333333,"Avg AC per Day":24.3333333333,"Avg EC per Day":18.5,"SalesOrderValue":211783665.5800002813,"NetSalesPKD":175020442.5803391933}
{"szEmployeeId":null,"szname":"Hindra","Week_Report":"W3","Avg PC per Day":25.6666666667,"Avg AC per Day":25.6666666667,"Avg EC per Day":17.6666666667,"SalesOrderValue":113734091.1199997962,"NetSalesPKD":122087804.9322871566}
{"szEmployeeId":null,"szname":"Hindra","Week_Report":"W4","Avg PC per Day":25.75,"Avg AC per Day":25.5,"Avg EC per Day":19.5,"SalesOrderValue":205851111.4300006032,"NetSalesPKD":65374488.1122279987}
{"szEmployeeId":null,"szname":"Hindra","Week_Report":"W5","Avg PC per Day":0.0,"Avg AC per Day":0.0,"Avg EC per Day":0.0,"SalesOrderValue":0.0,"NetSalesPKD":0.0}
{"szEmployeeId":null,"szname":"Muhammad Tamrin","Week_Report":"W1","Avg PC per Day":21.5,"Avg AC per Day":21.3333333333,"Avg EC per Day":12.6666666667,"SalesOrderValue":103558254.9299997836,"NetSalesPKD":31489656.187884938}
{"szEmployeeId":null,"szname":"Muhammad Tamrin","Week_Report":"W2","Avg PC per Day":20.8333333333,"Avg AC per Day":20.6666666667,"Avg EC per Day":13.0,"SalesOrderValue":87695323.9299998879,"NetSalesPKD":111610364.2784649432}
{"szEmployeeId":null,"szname":"Muhammad Tamrin","Week_Report":"W3","Avg PC per Day":23.3333333333,"Avg AC per Day":23.3333333333,"Avg EC per Day":14.3333333333,"SalesOrderValue":102764963.9299997389,"NetSalesPKD":36580333.4968969524}
{"szEmployeeId":null,"szname":"Muhammad Tamrin","Week_Report":"W4","Avg PC per Day":20.25,"Avg AC per Day":15.0,"Avg EC per Day":13.75,"SalesOrderValue":167673008.3700001836,"NetSalesPKD":95924416.5050690323}
{"szEmployeeId":null,"szname":"Muhammad Tamrin","Week_Report":"W5","Avg PC per Day":0.0,"Avg AC per Day":0.0,"Avg EC per Day":0.0,"SalesOrderValue":0.0,"NetSalesPKD":0.0}
{"szEmployeeId":null,"szname":"Robianor","Week_Report":"W1","Avg PC per Day":24.5,"Avg AC per Day":24.5,"Avg EC per Day":18.6666666667,"SalesOrderValue":145083813.3599998355,"NetSalesPKD":76289577.4374539852}
{"szEmployeeId":null,"szname":"Robianor","Week_Report":"W2","Avg PC per Day":25.5,"Avg AC per Day":25.5,"Avg EC per Day":19.5,"SalesOrderValue":188736774.8100004196,"NetSalesPKD":152820784.8138299286}
{"szEmployeeId":null,"szname":"Robianor","Week_Report":"W3","Avg PC per Day":25.0,"Avg AC per Day":25.0,"Avg EC per Day":19.0,"SalesOrderValue":69103463.3099999279,"NetSalesPKD":135062985.2347269058}
{"szEmployeeId":null,"szname":"Robianor","Week_Report":"W4","Avg PC per Day":26.75,"Avg AC per Day":26.75,"Avg EC per Day":18.75,"SalesOrderValue":174337820.5200003982,"NetSalesPKD":50929173.0118630081}
{"szEmployeeId":null,"szname":"Robianor","Week_Report":"W5","Avg PC per Day":0.0,"Avg AC per Day":0.0,"Avg EC per Day":0.0,"SalesOrderValue":0.0,"NetSalesPKD":0.0}
{"szEmployeeId":null,"szname":"Doli Purnama Sari","Week_Report":"W1","Avg PC per Day":29.8333333333,"Avg AC per Day":29.1666666667,"Avg EC per Day":20.5,"SalesOrderValue":36415956.7599999011,"NetSalesPKD":30172699.2461030334}
{"szEmployeeId":null,"szname":"Doli Purnama Sari","Week_Report":"W2","Avg PC per Day":30.0,"Avg AC per Day":30.0,"Avg EC per Day":25.3333333333,"SalesOrderValue":50733821.319999896,"NetSalesPKD":45674404.7008629888}
{"szEmployeeId":null,"szname":"Doli Purnama Sari","Week_Report":"W3","Avg PC per Day":29.6666666667,"Avg AC per Day":29.3333333333,"Avg EC per Day":20.3333333333,"SalesOrderValue":26786571.6200000606,"NetSalesPKD":26537519.616472993}
{"szEmployeeId":null,"szname":"Doli Purnama Sari","Week_Report":"W4","Avg PC per Day":30.25,"Avg AC per Day":30.0,"Avg EC per Day":24.0,"SalesOrderValue":36915553.0399999022,"NetSalesPKD":26033674.470978938}
{"szEmployeeId":null,"szname":"Doli Purnama Sari","Week_Report":"W5","Avg PC per Day":0.0,"Avg AC per Day":0.0,"Avg EC per Day":0.0,"SalesOrderValue":0.0,"NetSalesPKD":0.0}
{"szEmployeeId":17210041719.0,"szname":"Muhammad Iqbal Purwa Atmaja","Week_Report":"W1","Avg PC per Day":0.0,"Avg AC per Day":0.0,"Avg EC per Day":0.0,"SalesOrderValue":0.0,"NetSalesPKD":0.0}
{"szEmployeeId":17210041719.0,"szname":"Muhammad Iqbal Purwa Atmaja","Week_Report":"W2","Avg PC per Day":0.0,"Avg AC per Day":0.0,"Avg EC per Day":0.0,"SalesOrderValue":0.0,"NetSalesPKD":0.0}
{"szEmployeeId":17210041719.0,"szname":"Muhammad Iqbal Purwa Atmaja","Week_Report":"W3","Avg PC per Day":0.0,"Avg AC per Day":0.0,"Avg EC per Day":0.0,"SalesOrderValue":0.0,"NetSalesPKD":0.0}
{"szEmployeeId":17210041719.0,"szname":"Muhammad Iqbal Purwa Atmaja","Week_Report":"W4","Avg PC per Day":0.0,"Avg AC per Day":0.0,"Avg EC per Day":0.0,"SalesOrderValue":0.0,"NetSalesPKD":0.0}
{"szEmployeeId":17210041719.0,"szname":"Muhammad Iqbal Purwa Atmaja","Week_Report":"W5","Avg PC per Day":0.0,"Avg AC per Day":0.0,"Avg EC per Day":0.0,"SalesOrderValue":0.0,"NetSalesPKD":0.0}
