{"szEmployeeId":null,"szname":"Asman","Week_Report":"W1","Avg PC per Day":19.75,"Avg AC per Day":19.75,"Avg EC per Day":20.0,"SalesOrderValue":71645063.1299998164,"NetSalesPKD":72758076.8970599324}
{"szEmployeeId":null,"szname":"Asman","Week_Report":"W2","Avg PC per Day":20.1666666667,"Avg AC per Day":19.5,"Avg EC per Day":16.0,"SalesOrderValue":178180167.9500002265,"NetSalesPKD":155987073.4909940958}
{"szEmployeeId":null,"szname":"Asman","Week_Report":"W3","Avg PC per Day":20.1666666667,"Avg AC per Day":16.6666666667,"Avg EC per Day":14.6666666667,"SalesOrderValue":168067390.819999814,"NetSalesPKD":142901891.1862648726}
{"szEmployeeId":null,"szname":"Asman","Week_Report":"W4","Avg PC per Day":21.0,"Avg AC per Day":21.0,"Avg EC per Day":17.0,"SalesOrderValue":38779401.7199999839,"NetSalesPKD":63724459.4971289635}
{"szEmployeeId":null,"szname":"Asman","Week_Report":"W5","Avg PC per Day":0.0,"Avg AC per Day":0.0,"Avg EC per Day":0.0,"SalesOrderValue":0.0,"NetSalesPKD":0.0}
{"szEmployeeId":null,"szname":"Hindra","Week_Report":"W1","Avg PC per Day":24.5,"Avg AC per Day":24.5,"Avg EC per Day":24.0,"SalesOrderValue":110434031.04999955,"NetSalesPKD":108547327.4029797763}
{"szEmployeeId":null,"szname":"Hindra","Week_Report":"W2","Avg PC per Day":24.1666666667,"Avg AC per Day":24.1666666667,"Avg EC per Day":20.1666666667,"SalesOrderValue":189782549.6799986959,"NetSalesPKD":176339487.3183458745}
{"szEmployeeId":null,"szname":"Hindra","Week_Report":"W3","Avg PC per Day":23.8333333333,"Avg AC per Day":23.6666666667,"Avg EC per Day":18.1666666667,"SalesOrderValue":166079872.0499995053,"NetSalesPKD":147100161.0026248693}
{"szEmployeeId":null,"szname":"Hindra","Week_Report":"W4","Avg PC per Day":23.0,"Avg AC per Day":23.0,"Avg EC per Day":14.0,"SalesOrderValue":12040021.4900000151,"NetSalesPKD":33156634.3000369743}
{"szEmployeeId":null,"szname":"Hindra","Week_Report":"W5","Avg PC per Day":0.0,"Avg AC per Day":0.0,"Avg EC per Day":0.0,"SalesOrderValue":0.0,"NetSalesPKD":0.0}
{"szEmployeeId":null,"szname":"Muhammad Tamrin","Week_Report":"W1","Avg PC per Day":21.0,"Avg AC per Day":21.0,"Avg EC per Day":19.3333333333,"SalesOrderValue":73786097.2599998564,"NetSalesPKD":51381407.3143440112}
{"szEmployeeId":null,"szname":"Muhammad Tamrin","Week_Report":"W2","Avg PC per Day":21.3333333333,"Avg AC per Day":20.8333333333,"Avg EC per Day":15.6666666667,"SalesOrderValue":177871776.6299996972,"NetSalesPKD":131819134.3988338709}
{"szEmployeeId":null,"szname":"Muhammad Tamrin","Week_Report":"W3","Avg PC per Day":21.5,"Avg AC per Day":21.3333333333,"Avg EC per Day":14.3333333333,"SalesOrderValue":113132970.9499999136,"NetSalesPKD":137425149.8433140814}
{"szEmployeeId":null,"szname":"Muhammad Tamrin","Week_Report":"W4","Avg PC per Day":22.0,"Avg AC per Day":22.0,"Avg EC per Day":15.0,"SalesOrderValue":22280189.1799999997,"NetSalesPKD":4802687.3930540001}
{"szEmployeeId":null,"szname":"Muhammad Tamrin","Week_Report":"W5","Avg PC per Day":0.0,"Avg AC per Day":0.0,"Avg EC per Day":0.0,"SalesOrderValue":0.0,"NetSalesPKD":0.0}
{"szEmployeeId":null,"szname":"Robianor","Week_Report":"W1","Avg PC per Day":24.25,"Avg AC per Day":24.25,"Avg EC per Day":23.0,"SalesOrderValue":130414759.769999668,"NetSalesPKD":49928630.5745220408}
{"szEmployeeId":null,"szname":"Robianor","Week_Report":"W2","Avg PC per Day":25.0,"Avg AC per Day":25.0,"Avg EC per Day":18.6666666667,"SalesOrderValue":207560124.4099997282,"NetSalesPKD":194098361.9892169237}
{"szEmployeeId":null,"szname":"Robianor","Week_Report":"W3","Avg PC per Day":24.3333333333,"Avg AC per Day":24.3333333333,"Avg EC per Day":19.5,"SalesOrderValue":196847058.1299999952,"NetSalesPKD":163693956.3844061196}
{"szEmployeeId":null,"szname":"Robianor","Week_Report":"W4","Avg PC per Day":22.0,"Avg AC per Day":22.0,"Avg EC per Day":22.0,"SalesOrderValue":17511009.0099999942,"NetSalesPKD":29136539.8215389997}
{"szEmployeeId":null,"szname":"Robianor","Week_Report":"W5","Avg PC per Day":0.0,"Avg AC per Day":0.0,"Avg EC per Day":0.0,"SalesOrderValue":0.0,"NetSalesPKD":0.0}
{"szEmployeeId":null,"szname":"Doli Purnama Sari","Week_Report":"W1","Avg PC per Day":30.5,"Avg AC per Day":30.5,"Avg EC per Day":22.3333333333,"SalesOrderValue":17768822.1300000511,"NetSalesPKD":19398468.7133450322}
{"szEmployeeId":null,"szname":"Doli Purnama Sari","Week_Report":"W2","Avg PC per Day":29.8333333333,"Avg AC per Day":29.5,"Avg EC per Day":22.6666666667,"SalesOrderValue":44271258.0100001171,"NetSalesPKD":36553730.1802780256}
{"szEmployeeId":null,"szname":"Doli Purnama Sari","Week_Report":"W3","Avg PC per Day":29.6666666667,"Avg AC per Day":29.5,"Avg EC per Day":21.8333333333,"SalesOrderValue":41455150.2300001085,"NetSalesPKD":42248639.821350053}
{"szEmployeeId":null,"szname":"Doli Purnama Sari","Week_Report":"W4","Avg PC per Day":30.0,"Avg AC per Day":30.0,"Avg EC per Day":23.0,"SalesOrderValue":8692163.270000007,"NetSalesPKD":6076081.1723069977}
{"szEmployeeId":null,"szname":"Doli Purnama Sari","Week_Report":"W5","Avg PC per Day":0.0,"Avg AC per Day":0.0,"Avg EC per Day":0.0,"SalesOrderValue":0.0,"NetSalesPKD":0.0}
{"szEmployeeId":17210041719.0,"szname":"Muhammad Iqbal Purwa Atmaja","Week_Report":"W1","Avg PC per Day":0.0,"Avg AC per Day":0.0,"Avg EC per Day":0.0,"SalesOrderValue":0.0,"NetSalesPKD":0.0}
{"szEmployeeId":17210041719.0,"szname":"Muhammad Iqbal Purwa Atmaja","Week_Report":"W2","Avg PC per Day":0.0,"Avg AC per Day":0.0,"Avg EC per Day":0.0,"SalesOrderValue":0.0,"NetSalesPKD":0.0}
{"szEmployeeId":17210041719.0,"szname":"Muhammad Iqbal Purwa Atmaja","Week_Report":"W3","Avg PC per Day":0.0,"Avg AC per Day":0.0,"Avg EC per Day":0.0,"SalesOrderValue":0.0,"NetSalesPKD":0.0}
{"szEmployeeId":17210041719.0,"szname":"Muhammad Iqbal Purwa Atmaja","Week_Report":"W4","Avg PC per Day":0.0,"Avg AC per Day":0.0,"Avg EC per Day":0.0,"SalesOrderValue":0.0,"NetSalesPKD":0.0}
{"szEmployeeId":17210041719.0,"szname":"Muhammad Iqbal Purwa Atmaja","Week_Report":"W5","Avg PC per Day":0.0,"Avg AC per Day":0.0,"Avg EC per Day":0.0,"SalesOrderValue":0.0,"NetSalesPKD":0.0}
