{"szEmployeeId":null,"szname":"Asman","Week_Report":"W1","Avg PC per Day":19.5714285714,"Avg AC per Day":19.4285714286,"Avg EC per Day":14.1428571429,"SalesOrderValue":125385486.3799995482,"NetSalesPKD":102539371.413361907}
{"szEmployeeId":null,"szname":"Asman","Week_Report":"W2","Avg PC per Day":21.0,"Avg AC per Day":17.5,"Avg EC per Day":16.5,"SalesOrderValue":167083407.2299997211,"NetSalesPKD":139428329.0817768872}
{"szEmployeeId":null,"szname":"Asman","Week_Report":"W3","Avg PC per Day":20.8333333333,"Avg AC per Day":20.8333333333,"Avg EC per Day":16.1666666667,"SalesOrderValue":165184959.3299997449,"NetSalesPKD":173244203.8531111479}
{"szEmployeeId":null,"szname":"Asman","Week_Report":"W4","Avg PC per Day":22.6666666667,"Avg AC per Day":22.3333333333,"Avg EC per Day":17.6666666667,"SalesOrderValue":184334561.3999999464,"NetSalesPKD":82319459.4892139733}
{"szEmployeeId":null,"szname":"Asman","Week_Report":"W5","Avg PC per Day":0.0,"Avg AC per Day":0.0,"Avg EC per Day":0.0,"SalesOrderValue":0.0,"NetSalesPKD":0.0}
{"szEmployeeId":null,"szname":"Hindra","Week_Report":"W1","Avg PC per Day":27.0,"Avg AC per Day":26.5714285714,"Avg EC per Day":18.5714285714,"SalesOrderValue":101319355.6399992108,"NetSalesPKD":90924787.879332006}
{"szEmployeeId":null,"szname":"Hindra","Week_Report":"W2","Avg PC per Day":27.5,"Avg AC per Day":22.8333333333,"Avg EC per Day":19.5,"SalesOrderValue":94616594.5699999332,"NetSalesPKD":90477772.3452467918}
{"szEmployeeId":null,"szname":"Hindra","Week_Report":"W3","Avg PC per Day":27.3333333333,"Avg AC per Day":27.1666666667,"Avg EC per Day":17.6666666667,"SalesOrderValue":80848877.3700001836,"NetSalesPKD":81375734.4489759505}
{"szEmployeeId":null,"szname":"Hindra","Week_Report":"W4","Avg PC per Day":29.0,"Avg AC per Day":29.0,"Avg EC per Day":23.3333333333,"SalesOrderValue":53658173.1200001389,"NetSalesPKD":47778736.4854689911}
{"szEmployeeId":null,"szname":"Hindra","Week_Report":"W5","Avg PC per Day":0.0,"Avg AC per Day":0.0,"Avg EC per Day":0.0,"SalesOrderValue":0.0,"NetSalesPKD":0.0}
{"szEmployeeId":null,"szname":"Muhammad Tamrin","Week_Report":"W1","Avg PC per Day":20.0,"Avg AC per Day":19.8571428571,"Avg EC per Day":14.2857142857,"SalesOrderValue":87810112.3299999237,"NetSalesPKD":71791432.6545729935}
{"szEmployeeId":null,"szname":"Muhammad Tamrin","Week_Report":"W2","Avg PC per Day":21.1666666667,"Avg AC per Day":11.5,"Avg EC per Day":13.6666666667,"SalesOrderValue":89897791.9299999624,"NetSalesPKD":63486437.1828579679}
{"szEmployeeId":null,"szname":"Muhammad Tamrin","Week_Report":"W3","Avg PC per Day":21.0,"Avg AC per Day":21.0,"Avg EC per Day":16.3333333333,"SalesOrderValue":129727093.9199998677,"NetSalesPKD":74975064.3858409673}
{"szEmployeeId":null,"szname":"Muhammad Tamrin","Week_Report":"W4","Avg PC per Day":23.3333333333,"Avg AC per Day":23.3333333333,"Avg EC per Day":19.0,"SalesOrderValue":145906647.3799999356,"NetSalesPKD":82349966.7651309818}
{"szEmployeeId":null,"szname":"Muhammad Tamrin","Week_Report":"W5","Avg PC per Day":0.0,"Avg AC per Day":0.0,"Avg EC per Day":0.0,"SalesOrderValue":0.0,"NetSalesPKD":0.0}
{"szEmployeeId":null,"szname":"Robianor","Week_Report":"W1","Avg PC per Day":24.8571428571,"Avg AC per Day":24.8571428571,"Avg EC per Day":16.1428571429,"SalesOrderValue":148695439.0599990785,"NetSalesPKD":99729012.6743819863}
{"szEmployeeId":null,"szname":"Robianor","Week_Report":"W2","Avg PC per Day":26.1666666667,"Avg AC per Day":26.1666666667,"Avg EC per Day":19.0,"SalesOrderValue":143282807.2999998033,"NetSalesPKD":141581035.7643886209}
{"szEmployeeId":null,"szname":"Robianor","Week_Report":"W3","Avg PC per Day":26.3333333333,"Avg AC per Day":26.3333333333,"Avg EC per Day":18.3333333333,"SalesOrderValue":204488662.4699997008,"NetSalesPKD":107287180.1322789192}
{"szEmployeeId":null,"szname":"Robianor","Week_Report":"W4","Avg PC per Day":27.0,"Avg AC per Day":27.0,"Avg EC per Day":23.0,"SalesOrderValue":68877669.7600000054,"NetSalesPKD":168720419.0441189408}
{"szEmployeeId":null,"szname":"Robianor","Week_Report":"W5","Avg PC per Day":0.0,"Avg AC per Day":0.0,"Avg EC per Day":0.0,"SalesOrderValue":0.0,"NetSalesPKD":0.0}
{"szEmployeeId":null,"szname":"Doli Purnama Sari","Week_Report":"W1","Avg PC per Day":29.5714285714,"Avg AC per Day":29.5714285714,"Avg EC per Day":20.4285714286,"SalesOrderValue":59384813.9300001487,"NetSalesPKD":53742709.2029529735}
{"szEmployeeId":null,"szname":"Doli Purnama Sari","Week_Report":"W2","Avg PC per Day":29.8333333333,"Avg AC per Day":29.6666666667,"Avg EC per Day":22.5,"SalesOrderValue":59147358.5000000522,"NetSalesPKD":55945905.3689659387}
{"szEmployeeId":null,"szname":"Doli Purnama Sari","Week_Report":"W3","Avg PC per Day":29.5,"Avg AC per Day":29.5,"Avg EC per Day":21.6666666667,"SalesOrderValue":58412942.6799999997,"NetSalesPKD":55080527.930835031}
{"szEmployeeId":null,"szname":"Doli Purnama Sari","Week_Report":"W4","Avg PC per Day":30.0,"Avg AC per Day":29.6666666667,"Avg EC per Day":24.3333333333,"SalesOrderValue":33790323.8200000376,"NetSalesPKD":24173385.9018389992}
{"szEmployeeId":null,"szname":"Doli Purnama Sari","Week_Report":"W5","Avg PC per Day":0.0,"Avg AC per Day":0.0,"Avg EC per Day":0.0,"SalesOrderValue":0.0,"NetSalesPKD":0.0}
{"szEmployeeId":17210041719.0,"szname":"Muhammad Iqbal Purwa Atmaja","Week_Report":"W1","Avg PC per Day":0.0,"Avg AC per Day":0.0,"Avg EC per Day":0.0,"SalesOrderValue":0.0,"NetSalesPKD":0.0}
{"szEmployeeId":17210041719.0,"szname":"Muhammad Iqbal Purwa Atmaja","Week_Report":"W2","Avg PC per Day":0.0,"Avg AC per Day":0.0,"Avg EC per Day":0.0,"SalesOrderValue":0.0,"NetSalesPKD":0.0}
{"szEmployeeId":17210041719.0,"szname":"Muhammad Iqbal Purwa Atmaja","Week_Report":"W3","Avg PC per Day":0.0,"Avg AC per Day":0.0,"Avg EC per Day":0.0,"SalesOrderValue":0.0,"NetSalesPKD":0.0}
{"szEmployeeId":17210041719.0,"szname":"Muhammad Iqbal Purwa Atmaja","Week_Report":"W4","Avg PC per Day":0.0,"Avg AC per Day":0.0,"Avg EC per Day":0.0,"SalesOrderValue":0.0,"NetSalesPKD":0.0}
{"szEmployeeId":17210041719.0,"szname":"Muhammad Iqbal Purwa Atmaja","Week_Report":"W5","Avg PC per Day":0.0,"Avg AC per Day":0.0,"Avg EC per Day":0.0,"SalesOrderValue":0.0,"NetSalesPKD":0.0}
