{"szEmployeeId":null,"szname":"Asman","Week_Report":"W1","Avg PC per Day":19.5714285714,"Avg AC per Day":16.5714285714,"Avg EC per Day":14.7142857143,"SalesOrderValue":200402536.7200000286,"NetSalesPKD":156053501.4477089047}
{"szEmployeeId":null,"szname":"Asman","Week_Report":"W2","Avg PC per Day":20.1666666667,"Avg AC per Day":20.0,"Avg EC per Day":18.6,"SalesOrderValue":161300600.6099995077,"NetSalesPKD":148262065.2631939054}
{"szEmployeeId":null,"szname":"Asman","Week_Report":"W3","Avg PC per Day":19.6666666667,"Avg AC per Day":19.5,"Avg EC per Day":14.5,"SalesOrderValue":183097836.0299999714,"NetSalesPKD":156524285.9633359611}
{"szEmployeeId":null,"szname":"Asman","Week_Report":"W4","Avg PC per Day":19.5,"Avg AC per Day":19.5,"Avg EC per Day":16.75,"SalesOrderValue":182243086.3999999762,"NetSalesPKD":136449939.111517936}
{"szEmployeeId":null,"szname":"Asman","Week_Report":"W5","Avg PC per Day":0.0,"Avg AC per Day":0.0,"Avg EC per Day":0.0,"SalesOrderValue":0.0,"NetSalesPKD":0.0}
{"szEmployeeId":null,"szname":"Hindra","Week_Report":"W1","Avg PC per Day":23.7142857143,"Avg AC per Day":20.2857142857,"Avg EC per Day":17.7142857143,"SalesOrderValue":209620234.3200001121,"NetSalesPKD":154829237.2988629639}
{"szEmployeeId":null,"szname":"Hindra","Week_Report":"W2","Avg PC per Day":24.1666666667,"Avg AC per Day":24.1666666667,"Avg EC per Day":22.0,"SalesOrderValue":229335546.4000000656,"NetSalesPKD":184265048.5259689391}
{"szEmployeeId":null,"szname":"Hindra","Week_Report":"W3","Avg PC per Day":24.3333333333,"Avg AC per Day":24.1666666667,"Avg EC per Day":18.3333333333,"SalesOrderValue":158512708.6999999285,"NetSalesPKD":181603871.2099712789}
{"szEmployeeId":null,"szname":"Hindra","Week_Report":"W4","Avg PC per Day":25.5,"Avg AC per Day":25.5,"Avg EC per Day":16.5,"SalesOrderValue":192966763.7500004172,"NetSalesPKD":153304993.6246380508}
{"szEmployeeId":null,"szname":"Hindra","Week_Report":"W5","Avg PC per Day":0.0,"Avg AC per Day":0.0,"Avg EC per Day":0.0,"SalesOrderValue":0.0,"NetSalesPKD":0.0}
{"szEmployeeId":null,"szname":"Muhammad Tamrin","Week_Report":"W1","Avg PC per Day":20.7142857143,"Avg AC per Day":17.5714285714,"Avg EC per Day":15.1428571429,"SalesOrderValue":197031457.9600004852,"NetSalesPKD":129627894.8725190312}
{"szEmployeeId":null,"szname":"Muhammad Tamrin","Week_Report":"W2","Avg PC per Day":21.1666666667,"Avg AC per Day":21.1666666667,"Avg EC per Day":18.4,"SalesOrderValue":104589768.5599997789,"NetSalesPKD":141145543.2854979038}
{"szEmployeeId":null,"szname":"Muhammad Tamrin","Week_Report":"W3","Avg PC per Day":20.6666666667,"Avg AC per Day":20.5,"Avg EC per Day":14.3333333333,"SalesOrderValue":127045819.389999792,"NetSalesPKD":93264567.7201479822}
{"szEmployeeId":null,"szname":"Muhammad Tamrin","Week_Report":"W4","Avg PC per Day":20.25,"Avg AC per Day":20.25,"Avg EC per Day":15.0,"SalesOrderValue":182740418.8300001025,"NetSalesPKD":117938792.8785989881}
{"szEmployeeId":null,"szname":"Muhammad Tamrin","Week_Report":"W5","Avg PC per Day":0.0,"Avg AC per Day":0.0,"Avg EC per Day":0.0,"SalesOrderValue":0.0,"NetSalesPKD":0.0}
{"szEmployeeId":null,"szname":"Robianor","Week_Report":"W1","Avg PC per Day":24.7142857143,"Avg AC per Day":21.4285714286,"Avg EC per Day":20.1428571429,"SalesOrderValue":262201463.0100003481,"NetSalesPKD":138793944.5538623333}
{"szEmployeeId":null,"szname":"Robianor","Week_Report":"W2","Avg PC per Day":24.6666666667,"Avg AC per Day":24.5,"Avg EC per Day":22.8,"SalesOrderValue":148890655.4099998176,"NetSalesPKD":179103390.8333200514}
{"szEmployeeId":null,"szname":"Robianor","Week_Report":"W3","Avg PC per Day":25.6666666667,"Avg AC per Day":25.6666666667,"Avg EC per Day":19.1666666667,"SalesOrderValue":251564820.009999603,"NetSalesPKD":153544246.0613330603}
{"szEmployeeId":null,"szname":"Robianor","Week_Report":"W4","Avg PC per Day":25.25,"Avg AC per Day":25.25,"Avg EC per Day":17.0,"SalesOrderValue":124337188.0500000119,"NetSalesPKD":179273991.5929121375}
{"szEmployeeId":null,"szname":"Robianor","Week_Report":"W5","Avg PC per Day":0.0,"Avg AC per Day":0.0,"Avg EC per Day":0.0,"SalesOrderValue":0.0,"NetSalesPKD":0.0}
{"szEmployeeId":null,"szname":"Doli Purnama Sari","Week_Report":"W1","Avg PC per Day":29.8571428571,"Avg AC per Day":25.5714285714,"Avg EC per Day":22.2857142857,"SalesOrderValue":55007365.8799998909,"NetSalesPKD":42520773.8119541332}
{"szEmployeeId":null,"szname":"Doli Purnama Sari","Week_Report":"W2","Avg PC per Day":30.0,"Avg AC per Day":24.3333333333,"Avg EC per Day":24.6,"SalesOrderValue":35669093.4500003457,"NetSalesPKD":33612059.0205610245}
{"szEmployeeId":null,"szname":"Doli Purnama Sari","Week_Report":"W3","Avg PC per Day":29.5,"Avg AC per Day":29.3333333333,"Avg EC per Day":23.6666666667,"SalesOrderValue":47979625.0500001907,"NetSalesPKD":44244422.6742050648}
{"szEmployeeId":null,"szname":"Doli Purnama Sari","Week_Report":"W4","Avg PC per Day":28.0,"Avg AC per Day":28.0,"Avg EC per Day":21.5,"SalesOrderValue":44202256.6799999848,"NetSalesPKD":30148017.6973820515}
{"szEmployeeId":null,"szname":"Doli Purnama Sari","Week_Report":"W5","Avg PC per Day":0.0,"Avg AC per Day":0.0,"Avg EC per Day":0.0,"SalesOrderValue":0.0,"NetSalesPKD":0.0}
{"szEmployeeId":17210041719.0,"szname":"Muhammad Iqbal Purwa Atmaja","Week_Report":"W1","Avg PC per Day":0.0,"Avg AC per Day":0.0,"Avg EC per Day":0.0,"SalesOrderValue":0.0,"NetSalesPKD":0.0}
{"szEmployeeId":17210041719.0,"szname":"Muhammad Iqbal Purwa Atmaja","Week_Report":"W2","Avg PC per Day":0.0,"Avg AC per Day":0.0,"Avg EC per Day":0.0,"SalesOrderValue":0.0,"NetSalesPKD":0.0}
{"szEmployeeId":17210041719.0,"szname":"Muhammad Iqbal Purwa Atmaja","Week_Report":"W3","Avg PC per Day":0.0,"Avg AC per Day":0.0,"Avg EC per Day":0.0,"SalesOrderValue":0.0,"NetSalesPKD":0.0}
{"szEmployeeId":17210041719.0,"szname":"Muhammad Iqbal Purwa Atmaja","Week_Report":"W4","Avg PC per Day":0.0,"Avg AC per Day":0.0,"Avg EC per Day":0.0,"SalesOrderValue":0.0,"NetSalesPKD":0.0}
{"szEmployeeId":17210041719.0,"szname":"Muhammad Iqbal Purwa Atmaja","Week_Report":"W5","Avg PC per Day":0.0,"Avg AC per Day":0.0,"Avg EC per Day":0.0,"SalesOrderValue":0.0,"NetSalesPKD":0.0}
