{"szEmployeeId":null,"szname":"Asman","Week_Report":"W1","Avg PC per Day":19.5,"Avg AC per Day":19.5,"Avg EC per Day":15.0,"SalesOrderValue":64238438.1999999881,"NetSalesPKD":63356209.1624569893}
{"szEmployeeId":null,"szname":"Asman","Week_Report":"W2","Avg PC per Day":20.6666666667,"Avg AC per Day":20.6666666667,"Avg EC per Day":17.1666666667,"SalesOrderValue":184858010.3099997938,"NetSalesPKD":150870767.0664208531}
{"szEmployeeId":null,"szname":"Asman","Week_Report":"W3","Avg PC per Day":20.6666666667,"Avg AC per Day":20.5,"Avg EC per Day":14.3333333333,"SalesOrderValue":122171764.5399997532,"NetSalesPKD":133930054.0570788234}
{"szEmployeeId":null,"szname":"Asman","Week_Report":"W4","Avg PC per Day":20.3333333333,"Avg AC per Day":20.0,"Avg EC per Day":15.3333333333,"SalesOrderValue":183016950.5199996829,"NetSalesPKD":124143628.8948879689}
{"szEmployeeId":null,"szname":"Asman","Week_Report":"W5","Avg PC per Day":23.0,"Avg AC per Day":23.0,"Avg EC per Day":16.0,"SalesOrderValue":36765437.890000008,"NetSalesPKD":51334189.2967789844}
{"szEmployeeId":null,"szname":"Hindra","Week_Report":"W1","Avg PC per Day":25.75,"Avg AC per Day":25.25,"Avg EC per Day":20.0,"SalesOrderValue":61401408.2299999222,"NetSalesPKD":41715240.039368026}
{"szEmployeeId":null,"szname":"Hindra","Week_Report":"W2","Avg PC per Day":27.0,"Avg AC per Day":26.6666666667,"Avg EC per Day":17.8333333333,"SalesOrderValue":86663942.5899998844,"NetSalesPKD":92797764.2154819071}
{"szEmployeeId":null,"szname":"Hindra","Week_Report":"W3","Avg PC per Day":26.8333333333,"Avg AC per Day":26.3333333333,"Avg EC per Day":19.6666666667,"SalesOrderValue":105794643.6399996579,"NetSalesPKD":68578865.2325270325}
{"szEmployeeId":null,"szname":"Hindra","Week_Report":"W4","Avg PC per Day":27.1666666667,"Avg AC per Day":26.8333333333,"Avg EC per Day":18.6666666667,"SalesOrderValue":79782353.5999999642,"NetSalesPKD":100955333.2338590026}
{"szEmployeeId":null,"szname":"Hindra","Week_Report":"W5","Avg PC per Day":27.0,"Avg AC per Day":27.0,"Avg EC per Day":19.0,"SalesOrderValue":76598068.6299999058,"NetSalesPKD":10777610.1486239992}
{"szEmployeeId":null,"szname":"Muhammad Tamrin","Week_Report":"W1","Avg PC per Day":19.5,"Avg AC per Day":19.5,"Avg EC per Day":15.0,"SalesOrderValue":90669691.7999999374,"NetSalesPKD":57242484.7990009859}
{"szEmployeeId":null,"szname":"Muhammad Tamrin","Week_Report":"W2","Avg PC per Day":20.8333333333,"Avg AC per Day":20.8333333333,"Avg EC per Day":17.5,"SalesOrderValue":177246230.0199995637,"NetSalesPKD":116909416.6602540463}
{"szEmployeeId":null,"szname":"Muhammad Tamrin","Week_Report":"W3","Avg PC per Day":21.0,"Avg AC per Day":20.8333333333,"Avg EC per Day":13.8333333333,"SalesOrderValue":119607973.939999938,"NetSalesPKD":134351064.1108161211}
{"szEmployeeId":null,"szname":"Muhammad Tamrin","Week_Report":"W4","Avg PC per Day":20.8333333333,"Avg AC per Day":20.3333333333,"Avg EC per Day":13.6666666667,"SalesOrderValue":93945967.5799999088,"NetSalesPKD":64343159.8291689456}
{"szEmployeeId":null,"szname":"Muhammad Tamrin","Week_Report":"W5","Avg PC per Day":24.0,"Avg AC per Day":23.0,"Avg EC per Day":18.0,"SalesOrderValue":25783223.2699999958,"NetSalesPKD":11191702.7078250013}
{"szEmployeeId":null,"szname":"Robianor","Week_Report":"W1","Avg PC per Day":25.5,"Avg AC per Day":25.5,"Avg EC per Day":18.5,"SalesOrderValue":114684900.9499999136,"NetSalesPKD":56348725.4513679445}
{"szEmployeeId":null,"szname":"Robianor","Week_Report":"W2","Avg PC per Day":25.3333333333,"Avg AC per Day":25.3333333333,"Avg EC per Day":19.0,"SalesOrderValue":151786398.2899993956,"NetSalesPKD":135211758.6134768724}
{"szEmployeeId":null,"szname":"Robianor","Week_Report":"W3","Avg PC per Day":25.8333333333,"Avg AC per Day":25.8333333333,"Avg EC per Day":19.3333333333,"SalesOrderValue":142786013.9199993014,"NetSalesPKD":149208618.3877408206}
{"szEmployeeId":null,"szname":"Robianor","Week_Report":"W4","Avg PC per Day":25.3333333333,"Avg AC per Day":25.3333333333,"Avg EC per Day":21.8333333333,"SalesOrderValue":211558788.7699982822,"NetSalesPKD":154386776.9258828461}
{"szEmployeeId":null,"szname":"Robianor","Week_Report":"W5","Avg PC per Day":24.0,"Avg AC per Day":24.0,"Avg EC per Day":22.0,"SalesOrderValue":13317397.3600000143,"NetSalesPKD":58368910.1132329479}
{"szEmployeeId":null,"szname":"Doli Purnama Sari","Week_Report":"W1","Avg PC per Day":30.5,"Avg AC per Day":30.5,"Avg EC per Day":20.25,"SalesOrderValue":46568822.900000073,"NetSalesPKD":21303117.1036330126}
{"szEmployeeId":null,"szname":"Doli Purnama Sari","Week_Report":"W2","Avg PC per Day":29.5,"Avg AC per Day":29.5,"Avg EC per Day":19.8333333333,"SalesOrderValue":56525093.8800002337,"NetSalesPKD":66224878.4299881011}
{"szEmployeeId":null,"szname":"Doli Purnama Sari","Week_Report":"W3","Avg PC per Day":29.8333333333,"Avg AC per Day":29.8333333333,"Avg EC per Day":20.0,"SalesOrderValue":61572564.3000000715,"NetSalesPKD":60420661.7059361264}
{"szEmployeeId":null,"szname":"Doli Purnama Sari","Week_Report":"W4","Avg PC per Day":29.5,"Avg AC per Day":29.5,"Avg EC per Day":21.8333333333,"SalesOrderValue":65745486.39000009,"NetSalesPKD":56307792.3369341046}
{"szEmployeeId":null,"szname":"Doli Purnama Sari","Week_Report":"W5","Avg PC per Day":29.0,"Avg AC per Day":29.0,"Avg EC per Day":19.0,"SalesOrderValue":12198874.8699999917,"NetSalesPKD":11641431.3006729987}
{"szEmployeeId":17210041719.0,"szname":"Muhammad Iqbal Purwa Atmaja","Week_Report":"W1","Avg PC per Day":28.5,"Avg AC per Day":0.0,"Avg EC per Day":0.0,"SalesOrderValue":0.0,"NetSalesPKD":3562902.8312399993}
{"szEmployeeId":17210041719.0,"szname":"Muhammad Iqbal Purwa Atmaja","Week_Report":"W2","Avg PC per Day":0.0,"Avg AC per Day":0.0,"Avg EC per Day":0.0,"SalesOrderValue":0.0,"NetSalesPKD":0.0}
{"szEmployeeId":17210041719.0,"szname":"Muhammad Iqbal Purwa Atmaja","Week_Report":"W3","Avg PC per Day":0.0,"Avg AC per Day":0.0,"Avg EC per Day":0.0,"SalesOrderValue":0.0,"NetSalesPKD":0.0}
{"szEmployeeId":17210041719.0,"szname":"Muhammad Iqbal Purwa Atmaja","Week_Report":"W4","Avg PC per Day":0.0,"Avg AC per Day":0.0,"Avg EC per Day":0.0,"SalesOrderValue":0.0,"NetSalesPKD":0.0}
{"szEmployeeId":17210041719.0,"szname":"Muhammad Iqbal Purwa Atmaja","Week_Report":"W5","Avg PC per Day":0.0,"Avg AC per Day":0.0,"Avg EC per Day":0.0,"SalesOrderValue":0.0,"NetSalesPKD":0.0}
