{"szEmployeeId":null,"szname":"Asman","Week_Report":"W1","Avg PC per Day":19.75,"Avg AC per Day":19.75,"Avg EC per Day":20.0,"SalesOrderValue":71645063.130000025,"NetSalesPKD":72758076.897059992}
{"szEmployeeId":null,"szname":"Asman","Week_Report":"W2","Avg PC per Day":20.1666666667,"Avg AC per Day":19.5,"Avg EC per Day":16.0,"SalesOrderValue":178180167.9500004053,"NetSalesPKD":155987073.4909941554}
{"szEmployeeId":null,"szname":"Asman","Week_Report":"W3","Avg PC per Day":20.1666666667,"Avg AC per Day":16.6666666667,"Avg EC per Day":14.6666666667,"SalesOrderValue":168067390.8199999332,"NetSalesPKD":142901891.1862650216}
{"szEmployeeId":null,"szname":"Asman","Week_Report":"W4","Avg PC per Day":19.8,"Avg AC per Day":19.8,"Avg EC per Day":15.2,"SalesOrderValue":126386892.4899997264,"NetSalesPKD":169587795.7154989541}
{"szEmployeeId":null,"szname":"Asman","Week_Report":"W5","Avg PC per Day":0.0,"Avg AC per Day":0.0,"Avg EC per Day":0.0,"SalesOrderValue":0.0,"NetSalesPKD":0.0}
{"szEmployeeId":null,"szname":"Hindra","Week_Report":"W1","Avg PC per Day":24.5,"Avg AC per Day":24.5,"Avg EC per Day":24.0,"SalesOrderValue":108030251.7199995816,"NetSalesPKD":106597151.7119998634}
{"szEmployeeId":null,"szname":"Hindra","Week_Report":"W2","Avg PC per Day":24.1666666667,"Avg AC per Day":24.1666666667,"Avg EC per Day":20.0,"SalesOrderValue":187264360.3699989617,"NetSalesPKD":173194892.6379269361}
{"szEmployeeId":null,"szname":"Hindra","Week_Report":"W3","Avg PC per Day":23.8333333333,"Avg AC per Day":23.6666666667,"Avg EC per Day":18.1666666667,"SalesOrderValue":165130682.7899997234,"NetSalesPKD":145587242.0360667408}
{"szEmployeeId":null,"szname":"Hindra","Week_Report":"W4","Avg PC per Day":24.8,"Avg AC per Day":24.8,"Avg EC per Day":18.0,"SalesOrderValue":133199880.2699995488,"NetSalesPKD":146448936.4417748749}
{"szEmployeeId":null,"szname":"Hindra","Week_Report":"W5","Avg PC per Day":0.0,"Avg AC per Day":0.0,"Avg EC per Day":0.0,"SalesOrderValue":0.0,"NetSalesPKD":0.0}
{"szEmployeeId":null,"szname":"Muhammad Tamrin","Week_Report":"W1","Avg PC per Day":21.0,"Avg AC per Day":21.0,"Avg EC per Day":19.3333333333,"SalesOrderValue":70828501.7399999797,"NetSalesPKD":49590142.4524580091}
{"szEmployeeId":null,"szname":"Muhammad Tamrin","Week_Report":"W2","Avg PC per Day":21.3333333333,"Avg AC per Day":20.8333333333,"Avg EC per Day":15.6666666667,"SalesOrderValue":174226089.2300001383,"NetSalesPKD":127023441.5818190575}
{"szEmployeeId":null,"szname":"Muhammad Tamrin","Week_Report":"W3","Avg PC per Day":21.5,"Avg AC per Day":21.3333333333,"Avg EC per Day":14.3333333333,"SalesOrderValue":110974862.8299999684,"NetSalesPKD":135668393.0822370946}
{"szEmployeeId":null,"szname":"Muhammad Tamrin","Week_Report":"W4","Avg PC per Day":20.6,"Avg AC per Day":20.4,"Avg EC per Day":14.4,"SalesOrderValue":211060976.5500003695,"NetSalesPKD":116947046.08134}
{"szEmployeeId":null,"szname":"Muhammad Tamrin","Week_Report":"W5","Avg PC per Day":0.0,"Avg AC per Day":0.0,"Avg EC per Day":0.0,"SalesOrderValue":0.0,"NetSalesPKD":0.0}
{"szEmployeeId":null,"szname":"Robianor","Week_Report":"W1","Avg PC per Day":24.25,"Avg AC per Day":24.25,"Avg EC per Day":23.0,"SalesOrderValue":128859797.5599995703,"NetSalesPKD":49647549.4801120684}
{"szEmployeeId":null,"szname":"Robianor","Week_Report":"W2","Avg PC per Day":25.0,"Avg AC per Day":25.0,"Avg EC per Day":18.6666666667,"SalesOrderValue":205888859.4899995625,"NetSalesPKD":191674354.7266269624}
{"szEmployeeId":null,"szname":"Robianor","Week_Report":"W3","Avg PC per Day":24.3333333333,"Avg AC per Day":24.3333333333,"Avg EC per Day":19.5,"SalesOrderValue":194861684.1900000274,"NetSalesPKD":162622428.4130682051}
{"szEmployeeId":null,"szname":"Robianor","Week_Report":"W4","Avg PC per Day":25.4,"Avg AC per Day":25.4,"Avg EC per Day":19.2,"SalesOrderValue":115031166.2799997032,"NetSalesPKD":153072651.2606458962}
{"szEmployeeId":null,"szname":"Robianor","Week_Report":"W5","Avg PC per Day":0.0,"Avg AC per Day":0.0,"Avg EC per Day":0.0,"SalesOrderValue":0.0,"NetSalesPKD":0.0}
{"szEmployeeId":null,"szname":"Doli Purnama Sari","Week_Report":"W1","Avg PC per Day":30.5,"Avg AC per Day":30.5,"Avg EC per Day":22.3333333333,"SalesOrderValue":17768822.1300000362,"NetSalesPKD":19398468.7133450061}
{"szEmployeeId":null,"szname":"Doli Purnama Sari","Week_Report":"W2","Avg PC per Day":29.8333333333,"Avg AC per Day":29.5,"Avg EC per Day":22.6666666667,"SalesOrderValue":44271258.0099999011,"NetSalesPKD":36553730.1802780405}
{"szEmployeeId":null,"szname":"Doli Purnama Sari","Week_Report":"W3","Avg PC per Day":29.6666666667,"Avg AC per Day":29.5,"Avg EC per Day":21.8333333333,"SalesOrderValue":41455150.2299999297,"NetSalesPKD":42248639.8213500977}
{"szEmployeeId":null,"szname":"Doli Purnama Sari","Week_Report":"W4","Avg PC per Day":30.0,"Avg AC per Day":30.0,"Avg EC per Day":24.6,"SalesOrderValue":39013646.2899999022,"NetSalesPKD":34991905.9802880287}
{"szEmployeeId":null,"szname":"Doli Purnama Sari","Week_Report":"W5","Avg PC per Day":0.0,"Avg AC per Day":0.0,"Avg EC per Day":0.0,"SalesOrderValue":0.0,"NetSalesPKD":0.0}
{"szEmployeeId":17210041719.0,"szname":"Muhammad Iqbal Purwa Atmaja","Week_Report":"W1","Avg PC per Day":0.0,"Avg AC per Day":0.0,"Avg EC per Day":0.0,"SalesOrderValue":0.0,"NetSalesPKD":0.0}
{"szEmployeeId":17210041719.0,"szname":"Muhammad Iqbal Purwa Atmaja","Week_Report":"W2","Avg PC per Day":0.0,"Avg AC per Day":0.0,"Avg EC per Day":0.0,"SalesOrderValue":0.0,"NetSalesPKD":0.0}
{"szEmployeeId":17210041719.0,"szname":"Muhammad Iqbal Purwa Atmaja","Week_Report":"W3","Avg PC per Day":0.0,"Avg AC per Day":0.0,"Avg EC per Day":0.0,"SalesOrderValue":0.0,"NetSalesPKD":0.0}
{"szEmployeeId":17210041719.0,"szname":"Muhammad Iqbal Purwa Atmaja","Week_Report":"W4","Avg PC per Day":0.0,"Avg AC per Day":0.0,"Avg EC per Day":0.0,"SalesOrderValue":0.0,"NetSalesPKD":0.0}
{"szEmployeeId":17210041719.0,"szname":"Muhammad Iqbal Purwa Atmaja","Week_Report":"W5","Avg PC per Day":0.0,"Avg AC per Day":0.0,"Avg EC per Day":0.0,"SalesOrderValue":0.0,"NetSalesPKD":0.0}
