{"Nama Depo":"Depo Tanjung","szEmployeeId":17210032876,"szname":"Asman","Tipe Salesman":"Sales Representative Wholesaler Arjuna","Target":636700000,"Actual":727336840.0945417881,"Ach":1.1423540759,"Gap":90636840.0945417881,"Rank":3,"vs TG":0.1423540759,"SOH-2":0,"GapSOH-2":90636840.0945417881,"Gap Harian":"0x7"}
{"Nama Depo":"Depo Tanjung","szEmployeeId":17210037897,"szname":"Hindra","Tipe Salesman":"Sales Representative Mix Yudistira","Target":694700000,"Actual":838103740.8685443401,"Ach":1.2064254223,"Gap":143403740.8685443401,"Rank":1,"vs TG":0.2064254223,"SOH-2":0,"GapSOH-2":143403740.8685443401,"Gap Harian":"0x7"}
{"Nama Depo":"Depo Tanjung","szEmployeeId":17210036369,"szname":"Muhammad Tamrin","Tipe Salesman":"Sales Representative Wholesaler Bima","Target":544800000,"Actual":588649985.6062800884,"Ach":1.0804882261,"Gap":43849985.6062800884,"Rank":6,"vs TG":0.0804882261,"SOH-2":0,"GapSOH-2":43849985.6062800884,"Gap Harian":"0x7"}
{"Nama Depo":"Depo Tanjung","szEmployeeId":17210037632,"szname":"Robianor","Tipe Salesman":"Sales Representative Mix Yudistira","Target":691000000,"Actual":768961008.0167120695,"Ach":1.1128234559,"Gap":77961008.0167120695,"Rank":5,"vs TG":0.1128234559,"SOH-2":0,"GapSOH-2":77961008.0167120695,"Gap Harian":"0x7"}
{"Nama Depo":"Depo Tanjung","szEmployeeId":17210041467,"szname":"Doli Purnama Sari","Tipe Salesman":"Sales Representative Retailer Arjuna","Target":172600000,"Actual":178084167.624124974,"Ach":1.0317738565,"Gap":5484167.624124974,"Rank":8,"vs TG":0.0317738565,"SOH-2":0,"GapSOH-2":5484167.624124974,"Gap Harian":"0x7"}
{"Nama Depo":"Depo Tanjung","szEmployeeId":17210042412,"szname":"Muhammad Rizky Algifari","Tipe Salesman":"Sales Representative Mix Yudistira","Target":438400000,"Actual":461147820.3513743877,"Ach":1.0518882763,"Gap":22747820.3513743877,"Rank":7,"vs TG":0.0518882763,"SOH-2":0,"GapSOH-2":22747820.3513743877,"Gap Harian":"0x7"}
{"Nama Depo":"Depo Tanjung","szEmployeeId":17210042423,"szname":"Siti Fatimah Hadijah","Tipe Salesman":"Sales Representative Retailer Bima","Target":92000000,"Actual":110597179.2213059813,"Ach":1.2021432524,"Gap":18597179.2213059813,"Rank":2,"vs TG":0.2021432524,"SOH-2":0,"GapSOH-2":18597179.2213059813,"Gap Harian":"0x7"}
{"Nama Depo":"Depo Tanjung","szEmployeeId":17200519965,"szname":"Total Depo","Tipe Salesman":"All Salesman","Target":3270200000,"Actual":3672880741.7828836441,"Ach":1.1231364265,"Gap":402680741.7828836441,"Rank":4,"vs TG":0.1231364265,"SOH-2":0,"GapSOH-2":402680741.7828836441,"Gap Harian":"0x7"}
