{"Nama Depo":"Depo Tanjung","szEmployeeId":17210032876,"szname":"Asman","Tipe Salesman":"Sales Representative Mix Yudistira","Target":1100000000,"Actual":455075562.3956906199,"Ach":0.4137050567,"Gap":-644924437.6043093204,"Rank":7}
{"Nama Depo":"Depo Tanjung","szEmployeeId":17210037897,"szname":"Hindra","Tipe Salesman":"Sales Representative Mix Yudistira","Target":400000000,"Actual":247124112.9342812896,"Ach":0.6178102823,"Gap":-152875887.0657187104,"Rank":3}
{"Nama Depo":"Depo Tanjung","szEmployeeId":17210036369,"szname":"Muhammad Tamrin","Tipe Salesman":"Sales Representative Mix Yudistira","Target":560000000,"Actual":254369008.8801404536,"Ach":0.454230373,"Gap":-305630991.1198595762,"Rank":5}
{"Nama Depo":"Depo Tanjung","szEmployeeId":17210037713,"szname":"Rahmani","Tipe Salesman":"Sales Representative Mix Yudistira","Target":535000000,"Actual":240051991.4989808202,"Ach":0.4486953112,"Gap":-294948008.5010191798,"Rank":6}
{"Nama Depo":"Depo Tanjung","szEmployeeId":17210037632,"szname":"Robianor","Tipe Salesman":"Sales Representative Mix Yudistira","Target":530000000,"Actual":287735226.3329995871,"Ach":0.5428966535,"Gap":-242264773.6670004129,"Rank":4}
{"Nama Depo":"Depo Tanjung","szEmployeeId":17210038077,"szname":"Sopian Sauri","Tipe Salesman":"Sales Representative Retailer Bima","Target":90065000,"Actual":71527937.209151417,"Ach":0.7941812825,"Gap":-18537062.790848583,"Rank":1}
{"Nama Depo":"Depo Tanjung","szEmployeeId":17210041467,"szname":"Doli Purnama Sari","Tipe Salesman":"Sales Representative Retailer Arjuna","Target":160000000,"Actual":103121125.1590110064,"Ach":0.6445070322,"Gap":-56878874.8409889936,"Rank":2}
