{"Nama Depo":"Depo Tanjung","szEmployeeId":17210032876,"szname":"Asman","Tipe Salesman":"Sales Representative Wholesaler Arjuna","Target":520862000,"Actual":600954391.6808921099,"Ach":1.1537689286,"Gap":80092391.6808921099,"Rank":2}
{"Nama Depo":"Depo Tanjung","szEmployeeId":17210037897,"szname":"Hindra","Tipe Salesman":"Sales Representative Mix Yudistira","Target":586240000,"Actual":457438536.8816997409,"Ach":0.7802922641,"Gap":-128801463.1183002591,"Rank":5}
{"Nama Depo":"Depo Tanjung","szEmployeeId":17210036369,"szname":"Muhammad Tamrin","Tipe Salesman":"Sales Representative Mix Yudistira","Target":744587500,"Actual":555598430.843249321,"Ach":0.7461828608,"Gap":-188989069.156750679,"Rank":6}
{"Nama Depo":"Depo Tanjung","szEmployeeId":17210037632,"szname":"Robianor","Tipe Salesman":"Sales Representative Mix Yudistira","Target":635222500,"Actual":619399754.3647663593,"Ach":0.9750910183,"Gap":-15822745.6352336407,"Rank":4}
{"Nama Depo":"Depo Tanjung","szEmployeeId":17210038077,"szname":"Sopian Sauri","Tipe Salesman":"Sales Representative Wholesaler Bima","Target":451491000,"Actual":308360060.3302680254,"Ach":0.6829816327,"Gap":-143130939.6697319746,"Rank":7}
{"Nama Depo":"Depo Tanjung","szEmployeeId":17210041467,"szname":"Doli Purnama Sari","Tipe Salesman":"Sales Representative Retailer Arjuna","Target":147547000,"Actual":149007506.9022239447,"Ach":1.0098985876,"Gap":1460506.9022239447,"Rank":3}
{"Nama Depo":"Depo Tanjung","szEmployeeId":17210041719,"szname":"Muhammad Iqbal Purwa Atmaja","Tipe Salesman":"Sales Representative Retailer Bima","Target":86707000,"Actual":109994750.3289900273,"Ach":1.2685798186,"Gap":23287750.3289900273,"Rank":1}
