{"Nama Depo":"Depo Tanjung","szEmployeeId":17210032876,"szname":"Asman","Tipe Salesman":"Sales Representative Wholesaler Arjuna","Target":677250000,"Actual":346063932.0859565139,"Ach":0.5109840267,"Gap":-331186067.9140434861,"Rank":3,"vs TG":-0.0816085659}
{"Nama Depo":"Depo Tanjung","szEmployeeId":17210037897,"szname":"Hindra","Tipe Salesman":"Sales Representative Mix Yudistira","Target":486330000,"Actual":202955369.4873769879,"Ach":0.4173202753,"Gap":-283374630.5126230121,"Rank":5,"vs TG":-0.1752723173}
{"Nama Depo":"Depo Tanjung","szEmployeeId":17210036369,"szname":"Muhammad Tamrin","Tipe Salesman":"Sales Representative Wholesaler Bima","Target":480670000,"Actual":308502965.5700710416,"Ach":0.6418186398,"Gap":-172167034.4299289584,"Rank":1,"vs TG":0.0492260472}
{"Nama Depo":"Depo Tanjung","szEmployeeId":17210037632,"szname":"Robianor","Tipe Salesman":"Sales Representative Mix Yudistira","Target":732640000,"Actual":340748470.9225859642,"Ach":0.4650967336,"Gap":-391891529.0774140358,"Rank":4,"vs TG":-0.127495859}
{"Nama Depo":"Depo Tanjung","szEmployeeId":17210041467,"szname":"Doli Purnama Sari","Tipe Salesman":"Sales Representative Retailer Yudistira","Target":225000000,"Actual":124803926.609557122,"Ach":0.5546841183,"Gap":-100196073.390442878,"Rank":2,"vs TG":-0.0379084743}
{"Nama Depo":"Depo Tanjung","szEmployeeId":17210041960,"szname":"Bahrudin Rahman","Tipe Salesman":"Sales Representative Mix Yudistira","Target":760750000,"Actual":301469453.5634358525,"Ach":0.3962792686,"Gap":-459280546.4365641475,"Rank":6,"vs TG":-0.196313324}
