{"Nama Depo":"Depo Tanjung","szEmployeeId":17210032876,"szname":"Asman","Tipe Salesman":"Sales Representative Wholesaler Arjuna","Target":703300000,"Actual":41778580.2779220194,"Ach":0.0594036404,"Gap":-661521419.7220779657,"Rank":4,"vs TG":-0.0605963596,"SOH-2":101489657.5399999768,"GapSOH-2":-560031762.1820780039}
{"Nama Depo":"Depo Tanjung","szEmployeeId":17210037897,"szname":"Hindra","Tipe Salesman":"Sales Representative Mix Yudistira","Target":486000000,"Actual":29184832.6706570014,"Ach":0.060051096,"Gap":-456815167.3293430209,"Rank":2,"vs TG":-0.059948904,"SOH-2":66530117.1400000006,"GapSOH-2":-390285050.1893430352}
{"Nama Depo":"Depo Tanjung","szEmployeeId":17210036369,"szname":"Muhammad Tamrin","Tipe Salesman":"Sales Representative Wholesaler Bima","Target":512300000,"Actual":30551601.9350020103,"Ach":0.0596361545,"Gap":-481748398.0649979711,"Rank":3,"vs TG":-0.0603638455,"SOH-2":65770228.8999999911,"GapSOH-2":-415978169.1649979949}
{"Nama Depo":"Depo Tanjung","szEmployeeId":17210037632,"szname":"Robianor","Tipe Salesman":"Sales Representative Mix Yudistira","Target":744000000,"Actual":26953503.7936280072,"Ach":0.0362278277,"Gap":-717046496.2063720226,"Rank":7,"vs TG":-0.0837721723,"SOH-2":58270698.4200000092,"GapSOH-2":-658775797.7863720655}
{"Nama Depo":"Depo Tanjung","szEmployeeId":17210041467,"szname":"Doli Purnama Sari","Tipe Salesman":"Sales Representative Retailer Yudistira","Target":263900000,"Actual":21878247.4775099978,"Ach":0.0829035524,"Gap":-242021752.5224899948,"Rank":1,"vs TG":-0.0370964476,"SOH-2":20543562.4099999964,"GapSOH-2":-221478190.1124899983}
{"Nama Depo":"Depo Tanjung","szEmployeeId":17210041960,"szname":"Bahrudin Rahman","Tipe Salesman":"Sales Representative Mix Yudistira","Target":748300000,"Actual":40352426.1689640135,"Ach":0.0539254659,"Gap":-707947573.8310359716,"Rank":6,"vs TG":-0.0660745341,"SOH-2":37934908.9899999872,"GapSOH-2":-670012664.8410359621}
{"Nama Depo":"Depo Tanjung","szEmployeeId":17200519965,"szname":"Total Depo","Tipe Salesman":"All Salesman","Target":3457800000,"Actual":190699192.3236830235,"Ach":0.0551504403,"Gap":-3267100807.676317215,"Rank":5,"vs TG":-0.0648495597,"SOH-2":350539173.3999999762,"GapSOH-2":-2916561634.2763171196}
