{"Nama Depo":"Depo Tanjung","szEmployeeId":17210032876,"szname":"Asman","Tipe Salesman":"Sales Representative Wholesaler Arjuna","Target":605400000,"Actual":23823583.7574069872,"Ach":0.0393518067,"Gap":-581576416.24259305,"Rank":8,"vs TG":-0.0856481933,"SOH-2":36929506.1400000304,"GapSOH-2":-544646910.1025930643}
{"Nama Depo":"Depo Tanjung","szEmployeeId":17210037897,"szname":"Hindra","Tipe Salesman":"Sales Representative Mix Yudistira","Target":674200000,"Actual":42507315.5333289802,"Ach":0.063048525,"Gap":-631692684.46667099,"Rank":4,"vs TG":-0.061951475,"SOH-2":45427438.8199999854,"GapSOH-2":-586265245.6466710567}
{"Nama Depo":"Depo Tanjung","szEmployeeId":17210036369,"szname":"Muhammad Tamrin","Tipe Salesman":"Sales Representative Wholesaler Bima","Target":526000000,"Actual":28212540.6578960046,"Ach":0.0536360089,"Gap":-497787459.3421040177,"Rank":7,"vs TG":-0.0713639911,"SOH-2":25778905.4300000109,"GapSOH-2":-472008553.9121040106}
{"Nama Depo":"Depo Tanjung","szEmployeeId":17210037632,"szname":"Robianor","Tipe Salesman":"Sales Representative Mix Yudistira","Target":673100000,"Actual":39671838.0836160034,"Ach":0.0589389958,"Gap":-633428161.9163839817,"Rank":6,"vs TG":-0.0660610042,"SOH-2":38331529.7600000128,"GapSOH-2":-595096632.1563839912}
{"Nama Depo":"Depo Tanjung","szEmployeeId":17210041467,"szname":"Doli Purnama Sari","Tipe Salesman":"Sales Representative Retailer Arjuna","Target":169100000,"Actual":14418587.1659360025,"Ach":0.0852666302,"Gap":-154681412.8340640068,"Rank":2,"vs TG":-0.0397333698,"SOH-2":14558506.8800000083,"GapSOH-2":-140122905.9540640116}
{"Nama Depo":"Depo Tanjung","szEmployeeId":17210042412,"szname":"Muhammad Rizky Algifari","Tipe Salesman":"Sales Representative Mix Yudistira","Target":433700000,"Actual":36111396.7169649675,"Ach":0.0832635387,"Gap":-397588603.2830350399,"Rank":3,"vs TG":-0.0417364613,"SOH-2":58763096.5299999565,"GapSOH-2":-338825506.7530350685}
{"Nama Depo":"Depo Tanjung","szEmployeeId":17210042423,"szname":"Siti Fatimah Hadijah","Tipe Salesman":"Sales Representative Retailer Bima","Target":90100000,"Actual":7834436.3902330045,"Ach":0.0869526791,"Gap":-82265563.6097669899,"Rank":1,"vs TG":-0.0380473209,"SOH-2":9353123.6999999993,"GapSOH-2":-72912439.909766987}
{"Nama Depo":"Depo Tanjung","szEmployeeId":17200519965,"szname":"Total Depo","Tipe Salesman":"All Salesman","Target":3171600000,"Actual":192579698.3053819537,"Ach":0.0607200461,"Gap":-2979020301.6946182251,"Rank":5,"vs TG":-0.0642799539,"SOH-2":229142107.2599999905,"GapSOH-2":-2749878194.4346179962}
