{"Nama Depo":"Depo Tanjung","szEmployeeId":17210032876,"szname":"Asman","Tipe Salesman":"Sales Representative Wholesaler Arjuna","Target":640000000,"Actual":111160642.6216280013,"Ach":0.1736885041,"Gap":-528839357.3783720136,"Rank":1,"vs TG":0.0136885041,"SOH-2":0,"GapSOH-2":-528839357.3783720136,"Gap Harian":-25182826.5418272391}
{"Nama Depo":"Depo Tanjung","szEmployeeId":17210037897,"szname":"Hindra","Tipe Salesman":"Sales Representative Mix Yudistira","Target":698000000,"Actual":98862767.394740954,"Ach":0.1416372026,"Gap":-599137232.6052590609,"Rank":5,"vs TG":-0.0183627974,"SOH-2":0,"GapSOH-2":-599137232.6052590609,"Gap Harian":-28530344.4097742401}
{"Nama Depo":"Depo Tanjung","szEmployeeId":17210036369,"szname":"Muhammad Tamrin","Tipe Salesman":"Sales Representative Wholesaler Bima","Target":548000000,"Actual":92875220.0209290087,"Ach":0.1694803285,"Gap":-455124779.9790710211,"Rank":2,"vs TG":0.0094803285,"SOH-2":0,"GapSOH-2":-455124779.9790710211,"Gap Harian":-21672608.5704319552}
{"Nama Depo":"Depo Tanjung","szEmployeeId":17210037632,"szname":"Robianor","Tipe Salesman":"Sales Representative Mix Yudistira","Target":695000000,"Actual":100548661.9429089576,"Ach":0.1446743337,"Gap":-594451338.0570909977,"Rank":4,"vs TG":-0.0153256663,"SOH-2":0,"GapSOH-2":-594451338.0570909977,"Gap Harian":-28307206.5741471909}
{"Nama Depo":"Depo Tanjung","szEmployeeId":17210041467,"szname":"Doli Purnama Sari","Tipe Salesman":"Sales Representative Retailer Arjuna","Target":174000000,"Actual":18779690.4879570156,"Ach":0.1079292557,"Gap":-155220309.5120429993,"Rank":8,"vs TG":-0.0520707443,"SOH-2":0,"GapSOH-2":-155220309.5120429993,"Gap Harian":-7391443.3100972855}
{"Nama Depo":"Depo Tanjung","szEmployeeId":17210042412,"szname":"Muhammad Rizky Algifari","Tipe Salesman":"Sales Representative Mix Yudistira","Target":442000000,"Actual":59549185.5950760171,"Ach":0.1347266642,"Gap":-382450814.4049239755,"Rank":6,"vs TG":-0.0252733358,"SOH-2":0,"GapSOH-2":-382450814.4049239755,"Gap Harian":-18211943.5430916175}
{"Nama Depo":"Depo Tanjung","szEmployeeId":17210042423,"szname":"Siti Fatimah Hadijah","Tipe Salesman":"Sales Representative Retailer Bima","Target":93000000,"Actual":11696864.5248899981,"Ach":0.1257727368,"Gap":-81303135.4751099944,"Rank":7,"vs TG":-0.0342272632,"SOH-2":0,"GapSOH-2":-81303135.4751099944,"Gap Harian":-3871577.8797671427}
{"Nama Depo":"Depo Tanjung","szEmployeeId":17210036576,"szname":"Muhammad Yasir","Tipe Salesman":"Sales Area Coordinator Yudistira","Target":3290000000,"Actual":493473032.5881299376,"Ach":0.1499918032,"Gap":-2796526967.4118700027,"Rank":3,"vs TG":-0.0100081968,"SOH-2":0,"GapSOH-2":-2796526967.4118700027,"Gap Harian":-133167950.8291366696}
