{"Nama Depo":"Depo Tanjung","szEmployeeId":17210032876,"szname":"Asman","Tipe Salesman":"Sales Representative Wholesaler Arjuna","Target":636700000,"Actual":636846819.3608262539,"Ach":1.0002305943,"Gap":146819.3608262539,"Rank":3,"vs TG":0.0802305943,"SOH-2":0,"GapSOH-2":146819.3608262539,"Gap Harian":73409.6804131269}
{"Nama Depo":"Depo Tanjung","szEmployeeId":17210037897,"szname":"Hindra","Tipe Salesman":"Sales Representative Mix Yudistira","Target":694700000,"Actual":656057941.5149044991,"Ach":0.9443759054,"Gap":-38642058.4850955009,"Rank":6,"vs TG":0.0243759054,"SOH-2":0,"GapSOH-2":-38642058.4850955009,"Gap Harian":-19321029.2425477505}
{"Nama Depo":"Depo Tanjung","szEmployeeId":17210036369,"szname":"Muhammad Tamrin","Tipe Salesman":"Sales Representative Wholesaler Bima","Target":544800000,"Actual":503550162.1083979607,"Ach":0.9242844385,"Gap":-41249837.8916020393,"Rank":7,"vs TG":0.0042844385,"SOH-2":0,"GapSOH-2":-41249837.8916020393,"Gap Harian":-20624918.9458010197}
{"Nama Depo":"Depo Tanjung","szEmployeeId":17210037632,"szname":"Robianor","Tipe Salesman":"Sales Representative Mix Yudistira","Target":691000000,"Actual":695385285.9067687988,"Ach":1.0063462893,"Gap":4385285.9067687988,"Rank":2,"vs TG":0.0863462893,"SOH-2":0,"GapSOH-2":4385285.9067687988,"Gap Harian":2192642.9533843994}
{"Nama Depo":"Depo Tanjung","szEmployeeId":17210041467,"szname":"Doli Purnama Sari","Tipe Salesman":"Sales Representative Retailer Arjuna","Target":172600000,"Actual":152504282.9051426053,"Ach":0.8835705846,"Gap":-20095717.0948573947,"Rank":8,"vs TG":-0.0364294154,"SOH-2":0,"GapSOH-2":-20095717.0948573947,"Gap Harian":-10047858.5474286973}
{"Nama Depo":"Depo Tanjung","szEmployeeId":17210042412,"szname":"Muhammad Rizky Algifari","Tipe Salesman":"Sales Representative Mix Yudistira","Target":438400000,"Actual":416051368.8168876767,"Ach":0.9490222829,"Gap":-22348631.1831123233,"Rank":5,"vs TG":0.0290222829,"SOH-2":0,"GapSOH-2":-22348631.1831123233,"Gap Harian":-11174315.5915561616}
{"Nama Depo":"Depo Tanjung","szEmployeeId":17210042423,"szname":"Siti Fatimah Hadijah","Tipe Salesman":"Sales Representative Retailer Bima","Target":92000000,"Actual":99274395.7123194933,"Ach":1.0790695186,"Gap":7274395.7123194933,"Rank":1,"vs TG":0.1590695186,"SOH-2":0,"GapSOH-2":7274395.7123194933,"Gap Harian":3637197.8561597466}
{"Nama Depo":"Depo Tanjung","szEmployeeId":17200519965,"szname":"Total Depo","Tipe Salesman":"All Salesman","Target":3270200000,"Actual":3159670256.3252477646,"Ach":0.9662009224,"Gap":-110529743.6747522354,"Rank":4,"vs TG":0.0462009224,"SOH-2":0,"GapSOH-2":-110529743.6747522354,"Gap Harian":-55264871.8373761177}
