{"Nama Depo":"Depo Tanjung","szEmployeeId":17210032876,"szname":"Asman","Tipe Salesman":"Sales Representative Mix Yudistira","Target":1103426000,"Actual":926231497.361228466,"Ach":0.8394142402,"Gap":-177194502.638771534,"Rank":3,"vs TG":-0.0836626829}
{"Nama Depo":"Depo Tanjung","szEmployeeId":17210037897,"szname":"Hindra","Tipe Salesman":"Sales Representative Mix Yudistira","Target":476316000,"Actual":318904391.8852021694,"Ach":0.6695227368,"Gap":-157411608.1147978306,"Rank":6,"vs TG":-0.2535541863}
{"Nama Depo":"Depo Tanjung","szEmployeeId":17210036369,"szname":"Muhammad Tamrin","Tipe Salesman":"Sales Representative Mix Yudistira","Target":738226000,"Actual":545291488.2050577402,"Ach":0.7386511559,"Gap":-192934511.7949422598,"Rank":4,"vs TG":-0.1844257672}
{"Nama Depo":"Depo Tanjung","szEmployeeId":17210037632,"szname":"Robianor","Tipe Salesman":"Sales Representative Mix Yudistira","Target":715525000,"Actual":491880790.2820116878,"Ach":0.6874403973,"Gap":-223644209.7179883122,"Rank":5,"vs TG":-0.2356365258}
{"Nama Depo":"Depo Tanjung","szEmployeeId":17210041467,"szname":"Doli Purnama Sari","Tipe Salesman":"Sales Representative Retailer Arjuna","Target":160142000,"Actual":160302064.8858192563,"Ach":1.0009995185,"Gap":160064.8858192563,"Rank":2,"vs TG":0.0779225954}
{"Nama Depo":"Depo Tanjung","szEmployeeId":17210041719,"szname":"Muhammad Iqbal Purwa Atmaja","Tipe Salesman":"Sales Representative Retailer Bima","Target":102042000,"Actual":106437596.4150801003,"Ach":1.0430763452,"Gap":4395596.4150801003,"Rank":1,"vs TG":0.1199994221}
