{"Nama Depo":"Depo Tanjung","szEmployeeId":17210032876,"szname":"Asman","Tipe Salesman":"Sales Representative Mix Yudistira","Target":1100000000,"Actual":324611648.484592855,"Ach":0.2951014986,"Gap":-775388351.5154070854,"Rank":6}
{"Nama Depo":"Depo Tanjung","szEmployeeId":17210037897,"szname":"Hindra","Tipe Salesman":"Sales Representative Mix Yudistira","Target":400000000,"Actual":150080859.0899969041,"Ach":0.3752021477,"Gap":-249919140.9100030959,"Rank":3}
{"Nama Depo":"Depo Tanjung","szEmployeeId":17210036369,"szname":"Muhammad Tamrin","Tipe Salesman":"Sales Representative Mix Yudistira","Target":560000000,"Actual":130892530.9415369034,"Ach":0.2337366624,"Gap":-429107469.0584630966,"Rank":7}
{"Nama Depo":"Depo Tanjung","szEmployeeId":17210037713,"szname":"Rahmani","Tipe Salesman":"Sales Representative Mix Yudistira","Target":535000000,"Actual":178465900.2799744308,"Ach":0.333581122,"Gap":-356534099.7200255394,"Rank":4}
{"Nama Depo":"Depo Tanjung","szEmployeeId":17210037632,"szname":"Robianor","Tipe Salesman":"Sales Representative Mix Yudistira","Target":530000000,"Actual":158543288.8597943187,"Ach":0.2991382809,"Gap":-371456711.1402056813,"Rank":5}
{"Nama Depo":"Depo Tanjung","szEmployeeId":17210038077,"szname":"Sopian Sauri","Tipe Salesman":"Sales Representative Retailer Bima","Target":90065000,"Actual":53636498.5667949691,"Ach":0.5955309895,"Gap":-36428501.4332050309,"Rank":1}
{"Nama Depo":"Depo Tanjung","szEmployeeId":17210041467,"szname":"Doli Purnama Sari","Tipe Salesman":"Sales Representative Retailer Arjuna","Target":160000000,"Actual":71379040.4249025881,"Ach":0.4461190027,"Gap":-88620959.5750974119,"Rank":2}
