{"Nama Depo":"Depo Tanjung","szEmployeeId":17210032876,"szname":"Asman","Tipe Salesman":"Sales Representative Wholesaler Arjuna","Target":677250000,"Actual":469071376.2908463478,"Ach":0.6926118513,"Gap":-208178623.7091536522,"Rank":3,"vs TG":-0.1222029635}
{"Nama Depo":"Depo Tanjung","szEmployeeId":17210037897,"szname":"Hindra","Tipe Salesman":"Sales Representative Mix Yudistira","Target":486330000,"Actual":303910702.7212359905,"Ach":0.6249063449,"Gap":-182419297.2787640095,"Rank":5,"vs TG":-0.1899084699}
{"Nama Depo":"Depo Tanjung","szEmployeeId":17210036369,"szname":"Muhammad Tamrin","Tipe Salesman":"Sales Representative Wholesaler Bima","Target":480670000,"Actual":372846125.3992400169,"Ach":0.7756800412,"Gap":-107823874.6007599831,"Rank":2,"vs TG":-0.0391347736}
{"Nama Depo":"Depo Tanjung","szEmployeeId":17210037632,"szname":"Robianor","Tipe Salesman":"Sales Representative Mix Yudistira","Target":732640000,"Actual":495135247.8484683633,"Ach":0.6758233892,"Gap":-237504752.1515316367,"Rank":4,"vs TG":-0.1389914256}
{"Nama Depo":"Depo Tanjung","szEmployeeId":17210041467,"szname":"Doli Purnama Sari","Tipe Salesman":"Sales Representative Retailer Yudistira","Target":225000000,"Actual":181111718.9464913011,"Ach":0.8049409731,"Gap":-43888281.0535086989,"Rank":1,"vs TG":-0.0098738417}
{"Nama Depo":"Depo Tanjung","szEmployeeId":17210041960,"szname":"Bahrudin Rahman","Tipe Salesman":"Sales Representative Mix Yudistira","Target":760750000,"Actual":456676103.8777356744,"Ach":0.6002972118,"Gap":-304073896.1222643256,"Rank":6,"vs TG":-0.214517603}
