{"Nama Depo":"Depo Tanjung","szEmployeeId":17210032876,"szname":"Asman","Tipe Salesman":"Sales Representative Mix Yudistira","Target":1000000000,"Actual":805453690.983581543,"Ach":0.805453691,"Gap":-194546309.016418457,"Rank":5}
{"Nama Depo":"Depo Tanjung","szEmployeeId":17210037897,"szname":"Hindra","Tipe Salesman":"Sales Representative Mix Yudistira","Target":350000000,"Actual":297681248.8458977938,"Ach":0.8505178538,"Gap":-52318751.1541022062,"Rank":4}
{"Nama Depo":"Depo Tanjung","szEmployeeId":17210036369,"szname":"Muhammad Tamrin","Tipe Salesman":"Sales Representative Mix Yudistira","Target":507300000,"Actual":434200528.4070852399,"Ach":0.8559048461,"Gap":-73099471.5929147601,"Rank":3}
{"Nama Depo":"Depo Tanjung","szEmployeeId":17210037713,"szname":"Rahmani","Tipe Salesman":"Sales Representative Mix Yudistira","Target":473000000,"Actual":309788806.2879577279,"Ach":0.6549446222,"Gap":-163211193.7120422721,"Rank":6}
{"Nama Depo":"Depo Tanjung","szEmployeeId":17210037632,"szname":"Robianor","Tipe Salesman":"Sales Representative Mix Yudistira","Target":469700000,"Actual":436657947.3901799321,"Ach":0.929652858,"Gap":-33042052.6098200679,"Rank":2}
{"Nama Depo":"Depo Tanjung","szEmployeeId":17210038077,"szname":"Sopian Sauri","Tipe Salesman":"Sales Representative Retailer Yudistira","Target":200000000,"Actual":190187806.9465408623,"Ach":0.9509390347,"Gap":-9812193.0534591377,"Rank":1}
