{"Nama Depo":"Depo Tanjung","szEmployeeId":17210032876,"szname":"Asman","Tipe Salesman":"Sales Representative Wholesaler Arjuna","Target":640000000,"Actual":304315566.7109023929,"Ach":0.475493073,"Gap":-335684433.2890976071,"Rank":5,"vs TG":-0.0462460574,"SOH-2":49116010.6899999902,"GapSOH-2":-286568422.5990976095,"Gap Harian":-26051674.7817361467}
{"Nama Depo":"Depo Tanjung","szEmployeeId":17210037897,"szname":"Hindra","Tipe Salesman":"Sales Representative Mix Yudistira","Target":698000000,"Actual":340007799.3507726789,"Ach":0.487117191,"Gap":-357992200.6492273211,"Rank":3,"vs TG":-0.0346219394,"SOH-2":99503654.3200000226,"GapSOH-2":-258488546.3292272985,"Gap Harian":-23498958.75720248}
{"Nama Depo":"Depo Tanjung","szEmployeeId":17210036369,"szname":"Muhammad Tamrin","Tipe Salesman":"Sales Representative Wholesaler Bima","Target":548000000,"Actual":273970297.630171001,"Ach":0.4999457986,"Gap":-274029702.369828999,"Rank":2,"vs TG":-0.0217933318,"SOH-2":25166777.549999997,"GapSOH-2":-248862924.8198289871,"Gap Harian":-22623902.2563480884}
{"Nama Depo":"Depo Tanjung","szEmployeeId":17210037632,"szname":"Robianor","Tipe Salesman":"Sales Representative Mix Yudistira","Target":695000000,"Actual":320077821.9152739644,"Ach":0.4605436287,"Gap":-374922178.0847260356,"Rank":6,"vs TG":-0.0611955018,"SOH-2":82290535.2299999595,"GapSOH-2":-292631642.8547260761,"Gap Harian":-26602876.6231569164}
{"Nama Depo":"Depo Tanjung","szEmployeeId":17210041467,"szname":"Doli Purnama Sari","Tipe Salesman":"Sales Representative Retailer Arjuna","Target":174000000,"Actual":76132832.8325154185,"Ach":0.4375450163,"Gap":-97867167.1674845815,"Rank":8,"vs TG":-0.0841941142,"SOH-2":16109132.4300000034,"GapSOH-2":-81758034.7374845743,"Gap Harian":-7432548.6124985972}
{"Nama Depo":"Depo Tanjung","szEmployeeId":17210042412,"szname":"Muhammad Rizky Algifari","Tipe Salesman":"Sales Representative Mix Yudistira","Target":442000000,"Actual":196672601.9270131588,"Ach":0.4449606378,"Gap":-245327398.0729868412,"Rank":7,"vs TG":-0.0767784926,"SOH-2":28444025.2500000075,"GapSOH-2":-216883372.8229868412,"Gap Harian":-19716670.2566351667}
{"Nama Depo":"Depo Tanjung","szEmployeeId":17210042423,"szname":"Siti Fatimah Hadijah","Tipe Salesman":"Sales Representative Retailer Bima","Target":93000000,"Actual":57600867.9388850033,"Ach":0.6193641714,"Gap":-35399132.0611149967,"Rank":1,"vs TG":0.097625041,"SOH-2":8390281.1899999976,"GapSOH-2":-27008850.8711149991,"Gap Harian":-2455350.0791922729}
{"Nama Depo":"Depo Tanjung","szEmployeeId":17210036576,"szname":"Muhammad Yasir","Tipe Salesman":"Sales Area Coordinator Yudistira","Target":3290000000,"Actual":1568777788.3055336475,"Ach":0.4768321545,"Gap":-1721222211.6944663525,"Rank":4,"vs TG":-0.0449069759,"SOH-2":309020416.6599999666,"GapSOH-2":-1412201795.0344662666,"Gap Harian":-128381981.3667696565}
