{"Nama Depo":"Depo Tanjung","szEmployeeId":17210032876,"szname":"Asman","Tipe Salesman":"Sales Representative Wholesaler Arjuna","Target":677250000,"Actual":573262927.8200581074,"Ach":0.8464568886,"Gap":-103987072.1799418926,"Rank":4,"vs TG":-0.0794690373}
{"Nama Depo":"Depo Tanjung","szEmployeeId":17210037897,"szname":"Hindra","Tipe Salesman":"Sales Representative Mix Yudistira","Target":486330000,"Actual":328034722.0952309966,"Ach":0.674510563,"Gap":-158295277.9047690034,"Rank":6,"vs TG":-0.2514153629}
{"Nama Depo":"Depo Tanjung","szEmployeeId":17210036369,"szname":"Muhammad Tamrin","Tipe Salesman":"Sales Representative Wholesaler Bima","Target":480670000,"Actual":454101752.5175121427,"Ach":0.9447266368,"Gap":-26568247.4824878573,"Rank":1,"vs TG":0.0188007109}
{"Nama Depo":"Depo Tanjung","szEmployeeId":17210037632,"szname":"Robianor","Tipe Salesman":"Sales Representative Mix Yudistira","Target":732640000,"Actual":631721880.744510293,"Ach":0.8622541504,"Gap":-100918119.255489707,"Rank":3,"vs TG":-0.0636717755}
{"Nama Depo":"Depo Tanjung","szEmployeeId":17210041467,"szname":"Doli Purnama Sari","Tipe Salesman":"Sales Representative Retailer Yudistira","Target":225000000,"Actual":212561206.2410620451,"Ach":0.9447164722,"Gap":-12438793.7589379549,"Rank":2,"vs TG":0.0187905463}
{"Nama Depo":"Depo Tanjung","szEmployeeId":17210041960,"szname":"Bahrudin Rahman","Tipe Salesman":"Sales Representative Mix Yudistira","Target":760750000,"Actual":558816002.2886250019,"Ach":0.7345593195,"Gap":-201933997.7113749981,"Rank":5,"vs TG":-0.1913666065}
