{"Nama Depo":"Depo Tanjung","szEmployeeId":17210032876,"szname":"Asman","Tipe Salesman":"Sales Representative Wholesaler Arjuna","Target":636700000,"Actual":72758076.8970599622,"Ach":0.114273719,"Gap":-563941923.1029400826,"Rank":2,"vs TG":-0.0011108964,"SOH-2":37731363.9899999946,"GapSOH-2":-526210559.112940073,"Gap Harian":-22878719.9614321776}
{"Nama Depo":"Depo Tanjung","szEmployeeId":17210037897,"szname":"Hindra","Tipe Salesman":"Sales Representative Mix Yudistira","Target":694700000,"Actual":108547327.4029798806,"Ach":0.1562506512,"Gap":-586152672.5970201492,"Rank":1,"vs TG":0.0408660358,"SOH-2":75221187.900000006,"GapSOH-2":-510931484.6970201731,"Gap Harian":-22214412.3781313114}
{"Nama Depo":"Depo Tanjung","szEmployeeId":17210036369,"szname":"Muhammad Tamrin","Tipe Salesman":"Sales Representative Wholesaler Bima","Target":544800000,"Actual":51381407.3143440112,"Ach":0.0943124216,"Gap":-493418592.6856560111,"Rank":6,"vs TG":-0.0210721937,"SOH-2":31696016.1899999902,"GapSOH-2":-461722576.4956560135,"Gap Harian":-20074894.6302459128}
{"Nama Depo":"Depo Tanjung","szEmployeeId":17210037632,"szname":"Robianor","Tipe Salesman":"Sales Representative Mix Yudistira","Target":691000000,"Actual":49928630.5745219737,"Ach":0.0722556159,"Gap":-641071369.4254779816,"Rank":7,"vs TG":-0.0431289995,"SOH-2":102059319.7399999201,"GapSOH-2":-539012049.6854780912,"Gap Harian":-23435306.5080642663}
{"Nama Depo":"Depo Tanjung","szEmployeeId":17210041467,"szname":"Doli Purnama Sari","Tipe Salesman":"Sales Representative Retailer Arjuna","Target":172600000,"Actual":19398468.7133450285,"Ach":0.1123897376,"Gap":-153201531.286654979,"Rank":3,"vs TG":-0.0029948778,"SOH-2":9118893.8399999999,"GapSOH-2":-144082637.4466549754,"Gap Harian":-6264462.497680651}
{"Nama Depo":"Depo Tanjung","szEmployeeId":17210042412,"szname":"Muhammad Rizky Algifari","Tipe Salesman":"Sales Representative Mix Yudistira","Target":438400000,"Actual":41777569.7920060158,"Ach":0.0952955515,"Gap":-396622430.2079939842,"Rank":5,"vs TG":-0.0200890639,"SOH-2":26082326.290000014,"GapSOH-2":-370540103.9179939628,"Gap Harian":-16110439.3007823471}
{"Nama Depo":"Depo Tanjung","szEmployeeId":17210042423,"szname":"Siti Fatimah Hadijah","Tipe Salesman":"Sales Representative Retailer Bima","Target":92000000,"Actual":5122681.470244999,"Ach":0.0556813203,"Gap":-86877318.5297549963,"Rank":8,"vs TG":-0.0597032951,"SOH-2":6715011.769999994,"GapSOH-2":-80162306.7597550005,"Gap Harian":-3485317.6852067392}
{"Nama Depo":"Depo Tanjung","szEmployeeId":17200519965,"szname":"Total Depo","Tipe Salesman":"All Salesman","Target":3270200000,"Actual":348914162.1645019054,"Ach":0.106695053,"Gap":-2921285837.8354978561,"Rank":4,"vs TG":-0.0086895624,"SOH-2":288624119.7199999094,"GapSOH-2":-2632661718.1154980659,"Gap Harian":-114463552.9615433961}
