{"Nama Depo":"Depo Tanjung","szEmployeeId":17210032876,"szname":"Asman","Tipe Salesman":"Sales Representative Mix Yudistira","Target":1100000000,"Actual":857451514.8952037096,"Ach":0.7795013772,"Gap":-242548485.1047962904,"Rank":7}
{"Nama Depo":"Depo Tanjung","szEmployeeId":17210037897,"szname":"Hindra","Tipe Salesman":"Sales Representative Mix Yudistira","Target":400000000,"Actual":348489176.022709012,"Ach":0.8712229401,"Gap":-51510823.977290988,"Rank":5}
{"Nama Depo":"Depo Tanjung","szEmployeeId":17210036369,"szname":"Muhammad Tamrin","Tipe Salesman":"Sales Representative Mix Yudistira","Target":560000000,"Actual":512302209.4003937244,"Ach":0.9148253739,"Gap":-47697790.5996062756,"Rank":4}
{"Nama Depo":"Depo Tanjung","szEmployeeId":17210037713,"szname":"Rahmani","Tipe Salesman":"Sales Representative Mix Yudistira","Target":535000000,"Actual":447582865.2817251682,"Ach":0.8366034865,"Gap":-87417134.7182748318,"Rank":6}
{"Nama Depo":"Depo Tanjung","szEmployeeId":17210037632,"szname":"Robianor","Tipe Salesman":"Sales Representative Mix Yudistira","Target":530000000,"Actual":502042006.9215952754,"Ach":0.9472490697,"Gap":-27957993.0784047246,"Rank":3}
{"Nama Depo":"Depo Tanjung","szEmployeeId":17210038077,"szname":"Sopian Sauri","Tipe Salesman":"Sales Representative Retailer Bima","Target":90065000,"Actual":89183106.8334192038,"Ach":0.9902082589,"Gap":-881893.1665807962,"Rank":2}
{"Nama Depo":"Depo Tanjung","szEmployeeId":17210041467,"szname":"Doli Purnama Sari","Tipe Salesman":"Sales Representative Retailer Arjuna","Target":160000000,"Actual":178330333.0203594565,"Ach":1.1145645814,"Gap":18330333.0203594565,"Rank":1}
