{"Nama Depo":"Depo Tanjung","szEmployeeId":17210032876,"szname":"Asman","Tipe Salesman":"Sales Representative Wholesaler Arjuna","Target":520862000,"Actual":156780397.8864684105,"Ach":0.3010017968,"Gap":-364081602.1135315895,"Rank":3}
{"Nama Depo":"Depo Tanjung","szEmployeeId":17210037897,"szname":"Hindra","Tipe Salesman":"Sales Representative Mix Yudistira","Target":392549000,"Actual":144072904.3579596281,"Ach":0.3670189056,"Gap":-248476095.6420403719,"Rank":1}
{"Nama Depo":"Depo Tanjung","szEmployeeId":17210036369,"szname":"Muhammad Tamrin","Tipe Salesman":"Sales Representative Mix Yudistira","Target":543228000,"Actual":86364156.5828635991,"Ach":0.1589832567,"Gap":-456863843.4171364307,"Rank":8}
{"Nama Depo":"Depo Tanjung","szEmployeeId":17210037713,"szname":"Rahmani","Tipe Salesman":"Sales Representative Mix Yudistira","Target":517078000,"Actual":127226376.4611325264,"Ach":0.2460487131,"Gap":-389851623.5388674736,"Rank":6}
{"Nama Depo":"Depo Tanjung","szEmployeeId":17210037632,"szname":"Robianor","Tipe Salesman":"Sales Representative Mix Yudistira","Target":513195000,"Actual":163392456.4800161719,"Ach":0.3183827911,"Gap":-349802543.5199838281,"Rank":2}
{"Nama Depo":"Depo Tanjung","szEmployeeId":17210038077,"szname":"Sopian Sauri","Tipe Salesman":"Sales Representative Wholesaler Bima","Target":451491000,"Actual":87785598.118493095,"Ach":0.1944348794,"Gap":-363705401.8815069199,"Rank":7}
{"Nama Depo":"Depo Tanjung","szEmployeeId":17210041467,"szname":"Doli Purnama Sari","Tipe Salesman":"Sales Representative Retailer Arjuna","Target":147547000,"Actual":42752991.8034883365,"Ach":0.2897584621,"Gap":-104794008.196511656,"Rank":4}
{"Nama Depo":"Depo Tanjung","szEmployeeId":17210041719,"szname":"Muhammad Iqbal Purwa Atmaja","Tipe Salesman":"Sales Representative Retailer Bima","Target":86707000,"Actual":24442445.7561540417,"Ach":0.2818970297,"Gap":-62264554.2438459545,"Rank":5}
