{"Nama Depo":"Depo Tanjung","szEmployeeId":17210032876,"szname":"Asman","Tipe Salesman":"Sales Representative Wholesaler Arjuna","Target":605400000,"Actual":158068642.6094758511,"Ach":0.261097857,"Gap":-447331357.3905241489,"Rank":4,"vs TG":-0.1555688097,"SOH-2":38516783.090000011,"GapSOH-2":-408814574.3005241156}
{"Nama Depo":"Depo Tanjung","szEmployeeId":17210037897,"szname":"Hindra","Tipe Salesman":"Sales Representative Mix Yudistira","Target":674200000,"Actual":186434668.9372288585,"Ach":0.2765272455,"Gap":-487765331.0627711415,"Rank":2,"vs TG":-0.1401394211,"SOH-2":24696901.9100000001,"GapSOH-2":-463068429.1527711153}
{"Nama Depo":"Depo Tanjung","szEmployeeId":17210036369,"szname":"Muhammad Tamrin","Tipe Salesman":"Sales Representative Wholesaler Bima","Target":526000000,"Actual":114346210.5212169439,"Ach":0.2173882329,"Gap":-411653789.478783071,"Rank":8,"vs TG":-0.1992784337,"SOH-2":31895935.8600000069,"GapSOH-2":-379757853.6187830567}
{"Nama Depo":"Depo Tanjung","szEmployeeId":17210037632,"szname":"Robianor","Tipe Salesman":"Sales Representative Mix Yudistira","Target":673100000,"Actual":171127559.0421656966,"Ach":0.2542379424,"Gap":-501972440.9578343034,"Rank":7,"vs TG":-0.1624287242,"SOH-2":26890768.340000011,"GapSOH-2":-475081672.61783427}
{"Nama Depo":"Depo Tanjung","szEmployeeId":17210041467,"szname":"Doli Purnama Sari","Tipe Salesman":"Sales Representative Retailer Arjuna","Target":169100000,"Actual":46651214.2004368678,"Ach":0.2758794453,"Gap":-122448785.7995631397,"Rank":3,"vs TG":-0.1407872214,"SOH-2":13396967.1800000072,"GapSOH-2":-109051818.6195631325}
{"Nama Depo":"Depo Tanjung","szEmployeeId":17210042412,"szname":"Muhammad Rizky Algifari","Tipe Salesman":"Sales Representative Mix Yudistira","Target":433700000,"Actual":111131579.6688689739,"Ach":0.2562406725,"Gap":-322568420.331131041,"Rank":6,"vs TG":-0.1604259942,"SOH-2":24773530.6899999976,"GapSOH-2":-297794889.6411310434}
{"Nama Depo":"Depo Tanjung","szEmployeeId":17210042423,"szname":"Siti Fatimah Hadijah","Tipe Salesman":"Sales Representative Retailer Bima","Target":90100000,"Actual":27183410.3411440141,"Ach":0.3017026675,"Gap":-62916589.6588559896,"Rank":1,"vs TG":-0.1149639992,"SOH-2":10815808.2199999951,"GapSOH-2":-52100781.4388559908}
{"Nama Depo":"Depo Tanjung","szEmployeeId":17200519965,"szname":"Total Depo","Tipe Salesman":"All Salesman","Target":3171600000,"Actual":814943285.3205372095,"Ach":0.2569502098,"Gap":-2356656714.6794629097,"Rank":5,"vs TG":-0.1597164569,"SOH-2":170986695.2900000215,"GapSOH-2":-2185670019.3894629478}
