{"Nama Depo":"Depo Tanjung","szEmployeeId":17210032876,"szname":"Asman","Tipe Salesman":"Sales Representative Wholesaler Arjuna","Target":677250000,"Actual":159575566.3086799681,"Ach":0.2356228369,"Gap":-517674433.6913200617,"Rank":5,"vs TG":-0.1489925477}
{"Nama Depo":"Depo Tanjung","szEmployeeId":17210037897,"szname":"Hindra","Tipe Salesman":"Sales Representative Mix Yudistira","Target":486330000,"Actual":115758696.9691240788,"Ach":0.2380249974,"Gap":-370571303.0308759212,"Rank":4,"vs TG":-0.1465903872}
{"Nama Depo":"Depo Tanjung","szEmployeeId":17210036369,"szname":"Muhammad Tamrin","Tipe Salesman":"Sales Representative Wholesaler Bima","Target":480670000,"Actual":139702075.3152360022,"Ach":0.2906403048,"Gap":-340967924.6847640276,"Rank":1,"vs TG":-0.0939750798}
{"Nama Depo":"Depo Tanjung","szEmployeeId":17210037632,"szname":"Robianor","Tipe Salesman":"Sales Representative Mix Yudistira","Target":732640000,"Actual":183563141.588196069,"Ach":0.2505502588,"Gap":-549076858.4118039608,"Rank":3,"vs TG":-0.1340651258}
{"Nama Depo":"Depo Tanjung","szEmployeeId":17210041467,"szname":"Doli Purnama Sari","Tipe Salesman":"Sales Representative Retailer Yudistira","Target":225000000,"Actual":62658493.4448220879,"Ach":0.2784821931,"Gap":-162341506.555177927,"Rank":2,"vs TG":-0.1061331915}
{"Nama Depo":"Depo Tanjung","szEmployeeId":17210041960,"szname":"Bahrudin Rahman","Tipe Salesman":"Sales Representative Mix Yudistira","Target":760750000,"Actual":169715353.0017609894,"Ach":0.2230895209,"Gap":-591034646.9982390404,"Rank":6,"vs TG":-0.1615258637}
