{"Nama Depo":"Depo Tanjung","szEmployeeId":17210032876,"szname":"Asman","Tipe Salesman":"Sales Representative Wholesaler Arjuna","Target":703300000,"Actual":236437685.4466196895,"Ach":0.3361832581,"Gap":-466862314.5533803105,"Rank":6,"vs TG":-0.2238167419,"SOH-2":57994125.3999999836,"GapSOH-2":-408868189.1533803344}
{"Nama Depo":"Depo Tanjung","szEmployeeId":17210037897,"szname":"Hindra","Tipe Salesman":"Sales Representative Mix Yudistira","Target":486000000,"Actual":179171461.7455110848,"Ach":0.3686655591,"Gap":-306828538.254488945,"Rank":4,"vs TG":-0.1913344409,"SOH-2":31483297.8200000152,"GapSOH-2":-275345240.4344889522}
{"Nama Depo":"Depo Tanjung","szEmployeeId":17210036369,"szname":"Muhammad Tamrin","Tipe Salesman":"Sales Representative Wholesaler Bima","Target":512300000,"Actual":163681122.0744639933,"Ach":0.3195024831,"Gap":-348618877.9255360365,"Rank":7,"vs TG":-0.2404975169,"SOH-2":44404053.2599999979,"GapSOH-2":-304214824.665536046}
{"Nama Depo":"Depo Tanjung","szEmployeeId":17210037632,"szname":"Robianor","Tipe Salesman":"Sales Representative Mix Yudistira","Target":744000000,"Actual":309791558.8817968965,"Ach":0.4163865039,"Gap":-434208441.1182031035,"Rank":1,"vs TG":-0.1436134961,"SOH-2":33739686.409999989,"GapSOH-2":-400468754.7082031369}
{"Nama Depo":"Depo Tanjung","szEmployeeId":17210041467,"szname":"Doli Purnama Sari","Tipe Salesman":"Sales Representative Retailer Yudistira","Target":263900000,"Actual":99898669.9171621948,"Ach":0.3785474419,"Gap":-164001330.0828378201,"Rank":2,"vs TG":-0.1814525581,"SOH-2":25729027.4600000232,"GapSOH-2":-138272302.6228377819}
{"Nama Depo":"Depo Tanjung","szEmployeeId":17210041960,"szname":"Bahrudin Rahman","Tipe Salesman":"Sales Representative Mix Yudistira","Target":748300000,"Actual":279756360.549890995,"Ach":0.3738558874,"Gap":-468543639.450109005,"Rank":3,"vs TG":-0.1861441126,"SOH-2":49800213.5699999705,"GapSOH-2":-418743425.8801090121}
{"Nama Depo":"Depo Tanjung","szEmployeeId":17200519965,"szname":"Total Depo","Tipe Salesman":"All Salesman","Target":3457800000,"Actual":1268736858.6154448986,"Ach":0.3669202553,"Gap":-2189063141.384554863,"Rank":5,"vs TG":-0.1930797447,"SOH-2":243150403.9199999869,"GapSOH-2":-1945912737.4645547867}
