{"Nama Depo":"Depo Tanjung","szEmployeeId":17210032876,"szname":"Asman","Tipe Salesman":"Sales Representative Wholesaler Arjuna","Target":640000000,"Actual":481318861.8046329021,"Ach":0.7520607216,"Gap":-158681138.1953670979,"Rank":3,"vs TG":-0.074026235,"SOH-2":71369531.5700000226,"GapSOH-2":-87311606.6253670752,"Gap Harian":-21827901.6563417688}
{"Nama Depo":"Depo Tanjung","szEmployeeId":17210037897,"szname":"Hindra","Tipe Salesman":"Sales Representative Mix Yudistira","Target":698000000,"Actual":581268168.7224609852,"Ach":0.8327624194,"Gap":-116731831.2775390148,"Rank":2,"vs TG":0.0066754629,"SOH-2":59288846.7200000286,"GapSOH-2":-57442984.5575389862,"Gap Harian":-14360746.1393847466}
{"Nama Depo":"Depo Tanjung","szEmployeeId":17210036369,"szname":"Muhammad Tamrin","Tipe Salesman":"Sales Representative Wholesaler Bima","Target":548000000,"Actual":371911086.9913803935,"Ach":0.6786698668,"Gap":-176088913.0086196065,"Rank":8,"vs TG":-0.1474170897,"SOH-2":40641076.4199999869,"GapSOH-2":-135447836.5886196196,"Gap Harian":-33861959.1471549049}
{"Nama Depo":"Depo Tanjung","szEmployeeId":17210037632,"szname":"Robianor","Tipe Salesman":"Sales Representative Mix Yudistira","Target":695000000,"Actual":516954602.413012743,"Ach":0.7438195718,"Gap":-178045397.586987257,"Rank":5,"vs TG":-0.0822673847,"SOH-2":110972443.4499999136,"GapSOH-2":-67072954.1369873434,"Gap Harian":-16768238.5342468359}
{"Nama Depo":"Depo Tanjung","szEmployeeId":17210041467,"szname":"Doli Purnama Sari","Tipe Salesman":"Sales Representative Retailer Arjuna","Target":174000000,"Actual":128006340.3826950192,"Ach":0.7356686229,"Gap":-45993659.6173049808,"Rank":6,"vs TG":-0.0904183336,"SOH-2":16539255.3799999859,"GapSOH-2":-29454404.237304993,"Gap Harian":-7363601.0593262482}
{"Nama Depo":"Depo Tanjung","szEmployeeId":17210042412,"szname":"Muhammad Rizky Algifari","Tipe Salesman":"Sales Representative Mix Yudistira","Target":442000000,"Actual":300126013.8320065141,"Ach":0.6790181308,"Gap":-141873986.1679934859,"Rank":7,"vs TG":-0.1470688257,"SOH-2":38487093.0600000396,"GapSOH-2":-103386893.1079934537,"Gap Harian":-25846723.2769983634}
{"Nama Depo":"Depo Tanjung","szEmployeeId":17210042423,"szname":"Siti Fatimah Hadijah","Tipe Salesman":"Sales Representative Retailer Bima","Target":93000000,"Actual":86861166.4502483606,"Ach":0.9339910371,"Gap":-6138833.5497516394,"Rank":1,"vs TG":0.1079040806,"SOH-2":8302190.3100000005,"GapSOH-2":2163356.7602483612,"Gap Harian":540839.1900620903}
{"Nama Depo":"Depo Tanjung","szEmployeeId":17210036576,"szname":"Muhammad Yasir","Tipe Salesman":"Sales Area Coordinator Yudistira","Target":3290000000,"Actual":2466446240.5964369774,"Ach":0.7496797084,"Gap":-823553759.4035630226,"Rank":4,"vs TG":-0.0764072481,"SOH-2":345600436.9100000262,"GapSOH-2":-477953322.4935629964,"Gap Harian":-119488330.6233907491}
