{"Nama Depo":"Depo Tanjung","szEmployeeId":17210032876,"szname":"Asman","Tipe Salesman":"Sales Representative Wholesaler Arjuna","Target":636700000,"Actual":85638564.376679942,"Ach":0.134503792,"Gap":-551061435.6233201027,"Rank":3,"vs TG":-0.0193423618,"SOH-2":65881873.9099999964,"GapSOH-2":-485179561.7133201361,"Gap Harian":-22053616.4415145516}
{"Nama Depo":"Depo Tanjung","szEmployeeId":17210037897,"szname":"Hindra","Tipe Salesman":"Sales Representative Mix Yudistira","Target":694700000,"Actual":110203584.2271119356,"Ach":0.1586347837,"Gap":-584496415.7728880644,"Rank":1,"vs TG":0.0047886298,"SOH-2":73556232.0,"GapSOH-2":-510940183.7728880644,"Gap Harian":-23224553.8078585491}
{"Nama Depo":"Depo Tanjung","szEmployeeId":17210036369,"szname":"Muhammad Tamrin","Tipe Salesman":"Sales Representative Wholesaler Bima","Target":544800000,"Actual":69427120.7787329853,"Ach":0.1274359779,"Gap":-475372879.2212669849,"Rank":4,"vs TG":-0.0264101759,"SOH-2":40708625.9099999815,"GapSOH-2":-434664253.3112670183,"Gap Harian":-19757466.0596030466}
{"Nama Depo":"Depo Tanjung","szEmployeeId":17210037632,"szname":"Robianor","Tipe Salesman":"Sales Representative Mix Yudistira","Target":691000000,"Actual":65849446.835977979,"Ach":0.095295871,"Gap":-625150553.1640219688,"Rank":7,"vs TG":-0.0585502829,"SOH-2":125264194.5300000012,"GapSOH-2":-499886358.6340219975,"Gap Harian":-22722107.2106373645}
{"Nama Depo":"Depo Tanjung","szEmployeeId":17210041467,"szname":"Doli Purnama Sari","Tipe Salesman":"Sales Representative Retailer Arjuna","Target":172600000,"Actual":23925090.4313230626,"Ach":0.1386158194,"Gap":-148674909.5686769485,"Rank":2,"vs TG":-0.0152303344,"SOH-2":15913789.5200000145,"GapSOH-2":-132761120.0486769378,"Gap Harian":-6034596.365848952}
{"Nama Depo":"Depo Tanjung","szEmployeeId":17210042412,"szname":"Muhammad Rizky Algifari","Tipe Salesman":"Sales Representative Mix Yudistira","Target":438400000,"Actual":49706422.1825969741,"Ach":0.1133814375,"Gap":-388693577.8174030185,"Rank":6,"vs TG":-0.0404647164,"SOH-2":49589926.8800000101,"GapSOH-2":-339103650.9374030232,"Gap Harian":-15413802.3153365012}
{"Nama Depo":"Depo Tanjung","szEmployeeId":17210042423,"szname":"Siti Fatimah Hadijah","Tipe Salesman":"Sales Representative Retailer Bima","Target":92000000,"Actual":8381266.2999510001,"Ach":0.0911007207,"Gap":-83618733.700048998,"Rank":8,"vs TG":-0.0627454332,"SOH-2":9583457.0399999917,"GapSOH-2":-74035276.6600490063,"Gap Harian":-3365239.8481840459}
{"Nama Depo":"Depo Tanjung","szEmployeeId":17200519965,"szname":"Total Depo","Tipe Salesman":"All Salesman","Target":3270200000,"Actual":413131495.132373929,"Ach":0.12633218,"Gap":-2857068504.8676261902,"Rank":5,"vs TG":-0.0275139738,"SOH-2":380498099.7900000811,"GapSOH-2":-2476570405.0776262283,"Gap Harian":-112571382.0489830077}
