{"Nama Depo":"Depo Tanjung","szEmployeeId":17210032876,"szname":"Asman","Tipe Salesman":"Sales Representative Wholesaler Arjuna","Target":703300000,"Actual":77719776.8193659782,"Ach":0.1105072897,"Gap":-625580223.1806340218,"Rank":2,"vs TG":-0.0494927103,"SOH-2":31413250.3099999875,"GapSOH-2":-594166972.870634079}
{"Nama Depo":"Depo Tanjung","szEmployeeId":17210037897,"szname":"Hindra","Tipe Salesman":"Sales Representative Mix Yudistira","Target":486000000,"Actual":40817565.7335829884,"Ach":0.0839867608,"Gap":-445182434.2664170265,"Rank":6,"vs TG":-0.0760132392,"SOH-2":46142986.5599999502,"GapSOH-2":-399039447.7064170837}
{"Nama Depo":"Depo Tanjung","szEmployeeId":17210036369,"szname":"Muhammad Tamrin","Tipe Salesman":"Sales Representative Wholesaler Bima","Target":512300000,"Actual":55448540.7747930139,"Ach":0.1082345125,"Gap":-456851459.2252069712,"Rank":3,"vs TG":-0.0517654875,"SOH-2":31908444.9000000022,"GapSOH-2":-424943014.325206995}
{"Nama Depo":"Depo Tanjung","szEmployeeId":17210037632,"szname":"Robianor","Tipe Salesman":"Sales Representative Mix Yudistira","Target":744000000,"Actual":47515284.1761489958,"Ach":0.0638646293,"Gap":-696484715.8238509893,"Rank":7,"vs TG":-0.0961353707,"SOH-2":54440041.709999986,"GapSOH-2":-642044674.1138509512}
{"Nama Depo":"Depo Tanjung","szEmployeeId":17210041467,"szname":"Doli Purnama Sari","Tipe Salesman":"Sales Representative Retailer Yudistira","Target":263900000,"Actual":40123384.6041810215,"Ach":0.1520401084,"Gap":-223776615.3958189785,"Rank":1,"vs TG":-0.0079598916,"SOH-2":14263977.7400000282,"GapSOH-2":-209512637.6558189392}
{"Nama Depo":"Depo Tanjung","szEmployeeId":17210041960,"szname":"Bahrudin Rahman","Tipe Salesman":"Sales Representative Mix Yudistira","Target":748300000,"Actual":69261568.9214220047,"Ach":0.092558558,"Gap":-679038431.0785779953,"Rank":5,"vs TG":-0.067441442,"SOH-2":54699062.460000053,"GapSOH-2":-624339368.6185779572}
{"Nama Depo":"Depo Tanjung","szEmployeeId":17200519965,"szname":"Total Depo","Tipe Salesman":"All Salesman","Target":3457800000,"Actual":330886121.0294940472,"Ach":0.0956926719,"Gap":-3126913878.9705057144,"Rank":4,"vs TG":-0.0643073281,"SOH-2":232867763.6800000072,"GapSOH-2":-2894046115.2905058861}
