{"Nama Depo":"Depo Tanjung","szEmployeeId":17210032876,"szname":"Asman","Tipe Salesman":"Sales Representative Wholesaler Arjuna","Target":605400000,"Actual":111695020.8394760638,"Ach":0.1844978871,"Gap":-493704979.1605239511,"Rank":6,"vs TG":-0.1488354463,"SOH-2":69788635.0800000131,"GapSOH-2":-423916344.0805239677}
{"Nama Depo":"Depo Tanjung","szEmployeeId":17210037897,"szname":"Hindra","Tipe Salesman":"Sales Representative Mix Yudistira","Target":674200000,"Actual":122855495.6961698681,"Ach":0.1822241111,"Gap":-551344504.3038301468,"Rank":7,"vs TG":-0.1511092222,"SOH-2":69012459.0900000185,"GapSOH-2":-482332045.2138301134}
{"Nama Depo":"Depo Tanjung","szEmployeeId":17210036369,"szname":"Muhammad Tamrin","Tipe Salesman":"Sales Representative Wholesaler Bima","Target":526000000,"Actual":89985054.5618720353,"Ach":0.1710742482,"Gap":-436014945.4381279945,"Rank":8,"vs TG":-0.1622590851,"SOH-2":43667958.3599999994,"GapSOH-2":-392346987.0781279802}
{"Nama Depo":"Depo Tanjung","szEmployeeId":17210037632,"szname":"Robianor","Tipe Salesman":"Sales Representative Mix Yudistira","Target":673100000,"Actual":132479182.9917039424,"Ach":0.1968194666,"Gap":-540620817.0082960129,"Rank":4,"vs TG":-0.1365138667,"SOH-2":70703230.6499999762,"GapSOH-2":-469917586.3582960367}
{"Nama Depo":"Depo Tanjung","szEmployeeId":17210041467,"szname":"Doli Purnama Sari","Tipe Salesman":"Sales Representative Retailer Arjuna","Target":169100000,"Actual":35922754.4639840424,"Ach":0.2124349761,"Gap":-133177245.5360159576,"Rank":3,"vs TG":-0.1208983572,"SOH-2":13713238.0600000117,"GapSOH-2":-119464007.4760159403}
{"Nama Depo":"Depo Tanjung","szEmployeeId":17210042412,"szname":"Muhammad Rizky Algifari","Tipe Salesman":"Sales Representative Mix Yudistira","Target":433700000,"Actual":93508019.0867468864,"Ach":0.2156053011,"Gap":-340191980.9132531285,"Rank":2,"vs TG":-0.1177280322,"SOH-2":23810638.7399999984,"GapSOH-2":-316381342.173253119}
{"Nama Depo":"Depo Tanjung","szEmployeeId":17210042423,"szname":"Siti Fatimah Hadijah","Tipe Salesman":"Sales Representative Retailer Bima","Target":90100000,"Actual":21201596.5008129738,"Ach":0.2353118369,"Gap":-68898403.4991870224,"Rank":1,"vs TG":-0.0980214965,"SOH-2":6956286.3999999966,"GapSOH-2":-61942117.0991870239}
{"Nama Depo":"Depo Tanjung","szEmployeeId":17200519965,"szname":"Total Depo","Tipe Salesman":"All Salesman","Target":3171600000,"Actual":607647124.1407659054,"Ach":0.1915900883,"Gap":-2563952875.8592338562,"Rank":5,"vs TG":-0.141743245,"SOH-2":297652446.3799999952,"GapSOH-2":-2266300429.4792337418}
