{"Nama Depo":"Depo Tanjung","szEmployeeId":17210032876,"szname":"Asman","Tipe Salesman":"Sales Representative Wholesaler Arjuna","Target":735000000,"Actual":746027343.5762581825,"Ach":1.0150031885,"Gap":11027343.5762581825,"Rank":3,"vs TG":0.053464727,"SOH-2":114423312.5599998832,"GapSOH-2":125450656.1362580657}
{"Nama Depo":"Depo Tanjung","szEmployeeId":17210037897,"szname":"Hindra","Tipe Salesman":"Sales Representative Mix Yudistira","Target":738100000,"Actual":750637799.0247027874,"Ach":1.0169865859,"Gap":12537799.0247027874,"Rank":2,"vs TG":0.0554481243,"SOH-2":48979035.3599999771,"GapSOH-2":61516834.3847027645}
{"Nama Depo":"Depo Tanjung","szEmployeeId":17210036369,"szname":"Muhammad Tamrin","Tipe Salesman":"Sales Representative Wholesaler Bima","Target":550100000,"Actual":376832288.2478743196,"Ach":0.685025065,"Gap":-173267711.7521256804,"Rank":7,"vs TG":-0.2765133966,"SOH-2":53126223.5099999756,"GapSOH-2":-120141488.2421257049}
{"Nama Depo":"Depo Tanjung","szEmployeeId":17210037632,"szname":"Robianor","Tipe Salesman":"Sales Representative Mix Yudistira","Target":740100000,"Actual":680627378.6281893253,"Ach":0.9196424519,"Gap":-59472621.3718106747,"Rank":5,"vs TG":-0.0418960097,"SOH-2":85891210.9199999124,"GapSOH-2":26418589.5481892377}
{"Nama Depo":"Depo Tanjung","szEmployeeId":17210041467,"szname":"Doli Purnama Sari","Tipe Salesman":"Sales Representative Retailer Arjuna","Target":204700000,"Actual":191840465.0903136432,"Ach":0.9371786277,"Gap":-12859534.9096863568,"Rank":4,"vs TG":-0.0243598338,"SOH-2":16990264.3200000226,"GapSOH-2":4130729.4103136659}
{"Nama Depo":"Depo Tanjung","szEmployeeId":17210042412,"szname":"Muhammad Rizky Algifari","Tipe Salesman":"Sales Representative Mix Yudistira","Target":302000000,"Actual":188581741.8163856566,"Ach":0.6244428537,"Gap":-113418258.1836143434,"Rank":8,"vs TG":-0.3370956078,"SOH-2":17663601.2100000083,"GapSOH-2":-95754656.9736143351}
{"Nama Depo":"Depo Tanjung","szEmployeeId":17210042423,"szname":"Siti Fatimah Hadijah","Tipe Salesman":"Sales Representative Retailer Bima","Target":55650000,"Actual":67278186.1005099118,"Ach":1.2089521312,"Gap":11628186.1005099118,"Rank":1,"vs TG":0.2474136696,"SOH-2":7955585.799999997,"GapSOH-2":19583771.9005099088}
{"Nama Depo":"Depo Tanjung","szEmployeeId":17200519965,"szname":"Total Depo","Tipe Salesman":"All Salesman","Target":3325650000,"Actual":3001825202.4842338562,"Ach":0.9026281186,"Gap":-323824797.5157661438,"Rank":6,"vs TG":-0.058910343,"SOH-2":345029233.6799997687,"GapSOH-2":21204436.1642336249}
