{"Nama Depo":"Depo Tanjung","szEmployeeId":17210032876,"szname":"Asman","Tipe Salesman":"Sales Representative Wholesaler Arjuna","Target":520862000,"Actual":448998051.9812770486,"Ach":0.8620288137,"Gap":-71863948.0187229514,"Rank":3}
{"Nama Depo":"Depo Tanjung","szEmployeeId":17210037897,"szname":"Hindra","Tipe Salesman":"Sales Representative Mix Yudistira","Target":586240000,"Actual":389343364.6930559874,"Ach":0.6641364709,"Gap":-196896635.3069440126,"Rank":6}
{"Nama Depo":"Depo Tanjung","szEmployeeId":17210036369,"szname":"Muhammad Tamrin","Tipe Salesman":"Sales Representative Mix Yudistira","Target":744587500,"Actual":505951767.7431122065,"Ach":0.6795061262,"Gap":-238635732.2568877935,"Rank":5}
{"Nama Depo":"Depo Tanjung","szEmployeeId":17210037632,"szname":"Robianor","Tipe Salesman":"Sales Representative Mix Yudistira","Target":635222500,"Actual":502592998.9648563266,"Ach":0.7912078035,"Gap":-132629501.0351436734,"Rank":4}
{"Nama Depo":"Depo Tanjung","szEmployeeId":17210038077,"szname":"Sopian Sauri","Tipe Salesman":"Sales Representative Wholesaler Bima","Target":451491000,"Actual":219761697.8534980416,"Ach":0.4867465749,"Gap":-231729302.1465019584,"Rank":7}
{"Nama Depo":"Depo Tanjung","szEmployeeId":17210041467,"szname":"Doli Purnama Sari","Tipe Salesman":"Sales Representative Retailer Arjuna","Target":147547000,"Actual":136324409.6012508869,"Ach":0.9239388778,"Gap":-11222590.3987491131,"Rank":2}
{"Nama Depo":"Depo Tanjung","szEmployeeId":17210041719,"szname":"Muhammad Iqbal Purwa Atmaja","Tipe Salesman":"Sales Representative Retailer Bima","Target":86707000,"Actual":106256803.9899950325,"Ach":1.2254697313,"Gap":19549803.9899950325,"Rank":1}
