{"Nama Depo":"Depo Tanjung","szEmployeeId":17210032876,"szname":"Asman","Tipe Salesman":"Sales Representative Wholesaler Arjuna","Target":640000000,"Actual":379135914.6380685568,"Ach":0.5923998666,"Gap":-260864085.3619314432,"Rank":5,"vs TG":-0.0597740464,"SOH-2":52233909.9400000125,"GapSOH-2":-208630175.4219314456,"Gap Harian":-26078771.9277414307}
{"Nama Depo":"Depo Tanjung","szEmployeeId":17210037897,"szname":"Hindra","Tipe Salesman":"Sales Representative Mix Yudistira","Target":698000000,"Actual":476982033.9132240415,"Ach":0.6833553494,"Gap":-221017966.0867759585,"Rank":2,"vs TG":0.0311814364,"SOH-2":47512900.6400000304,"GapSOH-2":-173505065.4467759132,"Gap Harian":-21688133.1808469892}
{"Nama Depo":"Depo Tanjung","szEmployeeId":17210036369,"szname":"Muhammad Tamrin","Tipe Salesman":"Sales Representative Wholesaler Bima","Target":548000000,"Actual":323390944.6028159261,"Ach":0.590129461,"Gap":-224609055.3971840739,"Rank":6,"vs TG":-0.0620444521,"SOH-2":30865121.3200000077,"GapSOH-2":-193743934.0771840811,"Gap Harian":-24217991.7596480101}
{"Nama Depo":"Depo Tanjung","szEmployeeId":17210037632,"szname":"Robianor","Tipe Salesman":"Sales Representative Mix Yudistira","Target":695000000,"Actual":432867567.4066762328,"Ach":0.6228310322,"Gap":-262132432.5933237672,"Rank":3,"vs TG":-0.0293428808,"SOH-2":31782158.4300000146,"GapSOH-2":-230350274.16332376,"Gap Harian":-28793784.27041547}
{"Nama Depo":"Depo Tanjung","szEmployeeId":17210041467,"szname":"Doli Purnama Sari","Tipe Salesman":"Sales Representative Retailer Arjuna","Target":174000000,"Actual":100627530.9605535269,"Ach":0.5783191435,"Gap":-73372469.0394464731,"Rank":7,"vs TG":-0.0738547696,"SOH-2":16666622.6799999997,"GapSOH-2":-56705846.3594464734,"Gap Harian":-7088230.7949308092}
{"Nama Depo":"Depo Tanjung","szEmployeeId":17210042412,"szname":"Muhammad Rizky Algifari","Tipe Salesman":"Sales Representative Mix Yudistira","Target":442000000,"Actual":251343244.6039923728,"Ach":0.5686498747,"Gap":-190656755.3960076272,"Rank":8,"vs TG":-0.0835240384,"SOH-2":15270210.6200000029,"GapSOH-2":-175386544.7760076225,"Gap Harian":-21923318.0970009528}
{"Nama Depo":"Depo Tanjung","szEmployeeId":17210042423,"szname":"Siti Fatimah Hadijah","Tipe Salesman":"Sales Representative Retailer Bima","Target":93000000,"Actual":73245528.8356363773,"Ach":0.7875863316,"Gap":-19754471.1643636227,"Rank":1,"vs TG":0.1354124185,"SOH-2":9000353.0699999984,"GapSOH-2":-10754118.0943636242,"Gap Harian":-1344264.761795453}
{"Nama Depo":"Depo Tanjung","szEmployeeId":17210036576,"szname":"Muhammad Yasir","Tipe Salesman":"Sales Area Coordinator Yudistira","Target":3290000000,"Actual":2037592764.9609673023,"Ach":0.6193291079,"Gap":-1252407235.0390326977,"Rank":4,"vs TG":-0.0328448052,"SOH-2":203331276.7000000775,"GapSOH-2":-1049075958.33903265,"Gap Harian":-131134494.7923790812}
