{"Nama Depo":"Depo Tanjung","szEmployeeId":17210032876,"szname":"Asman","Tipe Salesman":"Sales Representative Mix Yudistira","Target":1100000000,"Actual":1038783395.7904257774,"Ach":0.9443485416,"Gap":-61216604.2095742226,"Rank":5}
{"Nama Depo":"Depo Tanjung","szEmployeeId":17210037897,"szname":"Hindra","Tipe Salesman":"Sales Representative Mix Yudistira","Target":400000000,"Actual":357977796.2747666836,"Ach":0.8949444907,"Gap":-42022203.7252333164,"Rank":7}
{"Nama Depo":"Depo Tanjung","szEmployeeId":17210036369,"szname":"Muhammad Tamrin","Tipe Salesman":"Sales Representative Mix Yudistira","Target":560000000,"Actual":536286407.351326108,"Ach":0.9576542988,"Gap":-23713592.648673892,"Rank":4}
{"Nama Depo":"Depo Tanjung","szEmployeeId":17210037713,"szname":"Rahmani","Tipe Salesman":"Sales Representative Mix Yudistira","Target":535000000,"Actual":485202707.5818719864,"Ach":0.9069209488,"Gap":-49797292.4181280136,"Rank":6}
{"Nama Depo":"Depo Tanjung","szEmployeeId":17210037632,"szname":"Robianor","Tipe Salesman":"Sales Representative Mix Yudistira","Target":530000000,"Actual":517305407.6439116001,"Ach":0.976047939,"Gap":-12694592.3560883999,"Rank":3}
{"Nama Depo":"Depo Tanjung","szEmployeeId":17210038077,"szname":"Sopian Sauri","Tipe Salesman":"Sales Representative Retailer Bima","Target":90065000,"Actual":93159216.4109780043,"Ach":1.0343553701,"Gap":3094216.4109780043,"Rank":2}
{"Nama Depo":"Depo Tanjung","szEmployeeId":17210041467,"szname":"Doli Purnama Sari","Tipe Salesman":"Sales Representative Retailer Arjuna","Target":160000000,"Actual":182848593.3899954557,"Ach":1.1428037087,"Gap":22848593.3899954557,"Rank":1}
