{"Nama Depo":"Depo Tanjung","szEmployeeId":17210032876,"szname":"Asman","Tipe Salesman":"Sales Representative Wholesaler Arjuna","Target":605400000,"Actual":214061877.2849206328,"Ach":0.3535875079,"Gap":-391338122.7150793672,"Rank":7,"vs TG":-0.1880791588,"SOH-2":42823801.8200000077,"GapSOH-2":-348514320.8950793743}
{"Nama Depo":"Depo Tanjung","szEmployeeId":17210037897,"szname":"Hindra","Tipe Salesman":"Sales Representative Mix Yudistira","Target":674200000,"Actual":257957095.9255069494,"Ach":0.3826121269,"Gap":-416242904.0744930506,"Rank":4,"vs TG":-0.1590545398,"SOH-2":36694474.3900000229,"GapSOH-2":-379548429.6844930053}
{"Nama Depo":"Depo Tanjung","szEmployeeId":17210036369,"szname":"Muhammad Tamrin","Tipe Salesman":"Sales Representative Wholesaler Bima","Target":526000000,"Actual":156772691.7241429985,"Ach":0.2980469424,"Gap":-369227308.2758569717,"Rank":8,"vs TG":-0.2436197242,"SOH-2":25811988.0700000003,"GapSOH-2":-343415320.2058569789}
{"Nama Depo":"Depo Tanjung","szEmployeeId":17210037632,"szname":"Robianor","Tipe Salesman":"Sales Representative Mix Yudistira","Target":673100000,"Actual":257376238.1185797453,"Ach":0.3823744438,"Gap":-415723761.8814202547,"Rank":5,"vs TG":-0.1592922229,"SOH-2":73667253.869999975,"GapSOH-2":-342056508.0114202499}
{"Nama Depo":"Depo Tanjung","szEmployeeId":17210041467,"szname":"Doli Purnama Sari","Tipe Salesman":"Sales Representative Retailer Arjuna","Target":169100000,"Actual":68736643.079546541,"Ach":0.4064851749,"Gap":-100363356.920453459,"Rank":3,"vs TG":-0.1351814917,"SOH-2":18131141.19000002,"GapSOH-2":-82232215.7304534316}
{"Nama Depo":"Depo Tanjung","szEmployeeId":17210042412,"szname":"Muhammad Rizky Algifari","Tipe Salesman":"Sales Representative Mix Yudistira","Target":433700000,"Actual":179859966.0323078632,"Ach":0.4147105511,"Gap":-253840033.9676921368,"Rank":2,"vs TG":-0.1269561155,"SOH-2":29752985.520000007,"GapSOH-2":-224087048.447692126}
{"Nama Depo":"Depo Tanjung","szEmployeeId":17210042423,"szname":"Siti Fatimah Hadijah","Tipe Salesman":"Sales Representative Retailer Bima","Target":90100000,"Actual":44448763.156689994,"Ach":0.4933270051,"Gap":-45651236.843310006,"Rank":1,"vs TG":-0.0483396616,"SOH-2":9062695.3899999987,"GapSOH-2":-36588541.4533100054}
{"Nama Depo":"Depo Tanjung","szEmployeeId":17200519965,"szname":"Total Depo","Tipe Salesman":"All Salesman","Target":3171600000,"Actual":1179213275.3216946125,"Ach":0.3718039082,"Gap":-1992386724.6783053875,"Rank":6,"vs TG":-0.1698627584,"SOH-2":235944340.2500000298,"GapSOH-2":-1756442384.4283053875}
