{"Nama Depo":"Depo Tanjung","szEmployeeId":17210032876,"szname":"Asman","Tipe Salesman":"Sales Representative Wholesaler Arjuna","Target":735000000,"Actual":290289773.2803167105,"Ach":0.3949520725,"Gap":-444710226.7196832895,"Rank":3,"vs TG":-0.066586389,"SOH-2":49735473.8400000036,"GapSOH-2":-394974752.8796832561}
{"Nama Depo":"Depo Tanjung","szEmployeeId":17210037897,"szname":"Hindra","Tipe Salesman":"Sales Representative Mix Yudistira","Target":738100000,"Actual":319880404.9403777719,"Ach":0.4333835591,"Gap":-418219595.0596222281,"Rank":2,"vs TG":-0.0281549025,"SOH-2":36204915.6500000283,"GapSOH-2":-382014679.4096221924}
{"Nama Depo":"Depo Tanjung","szEmployeeId":17210036369,"szname":"Muhammad Tamrin","Tipe Salesman":"Sales Representative Wholesaler Bima","Target":550100000,"Actual":96394642.6041698903,"Ach":0.1752311263,"Gap":-453705357.3958300948,"Rank":7,"vs TG":-0.2863073352,"SOH-2":48407465.6399999633,"GapSOH-2":-405297891.7558301091}
{"Nama Depo":"Depo Tanjung","szEmployeeId":17210037632,"szname":"Robianor","Tipe Salesman":"Sales Representative Mix Yudistira","Target":740100000,"Actual":268438404.3535443544,"Ach":0.3627055862,"Gap":-471661595.6464556456,"Rank":4,"vs TG":-0.0988328753,"SOH-2":36641283.5200000256,"GapSOH-2":-435020312.126455605}
{"Nama Depo":"Depo Tanjung","szEmployeeId":17210041467,"szname":"Doli Purnama Sari","Tipe Salesman":"Sales Representative Retailer Arjuna","Target":204700000,"Actual":91240192.0124975592,"Ach":0.4457263899,"Gap":-113459807.9875024408,"Rank":1,"vs TG":-0.0158120716,"SOH-2":14475315.8100000154,"GapSOH-2":-98984492.1775024235}
{"Nama Depo":"Depo Tanjung","szEmployeeId":17210042412,"szname":"Muhammad Rizky Algifari","Tipe Salesman":"Sales Representative Mix Yudistira","Target":302000000,"Actual":16463760.8092210069,"Ach":0.0545157643,"Gap":-285536239.1907789707,"Rank":8,"vs TG":-0.4070226973,"SOH-2":28422052.090000011,"GapSOH-2":-257114187.1007789671}
{"Nama Depo":"Depo Tanjung","szEmployeeId":17210042423,"szname":"Siti Fatimah Hadijah","Tipe Salesman":"Sales Representative Retailer Bima","Target":55650000,"Actual":12551819.5643649977,"Ach":0.2255493183,"Gap":-43098180.4356350005,"Rank":6,"vs TG":-0.2359891432,"SOH-2":10878772.5499999952,"GapSOH-2":-32219407.8856350034}
{"Nama Depo":"Depo Tanjung","szEmployeeId":17200519965,"szname":"Total Depo","Tipe Salesman":"All Salesman","Target":3325650000,"Actual":1095258997.5644922256,"Ach":0.3293368206,"Gap":-2230391002.4355077744,"Rank":5,"vs TG":-0.1322016409,"SOH-2":224765279.1000000238,"GapSOH-2":-2005625723.3355078697}
