{"Nama Depo":"Depo Tanjung","szEmployeeId":17210032876,"szname":"Asman","Tipe Salesman":"Sales Representative Mix Yudistira","Target":1100000000,"Actual":275665507.7919950485,"Ach":0.2506050071,"Gap":-824334492.2080049515,"Rank":5}
{"Nama Depo":"Depo Tanjung","szEmployeeId":17210037897,"szname":"Hindra","Tipe Salesman":"Sales Representative Mix Yudistira","Target":400000000,"Actual":137465675.3199309111,"Ach":0.3436641883,"Gap":-262534324.6800690889,"Rank":3}
{"Nama Depo":"Depo Tanjung","szEmployeeId":17210036369,"szname":"Muhammad Tamrin","Tipe Salesman":"Sales Representative Mix Yudistira","Target":560000000,"Actual":89958999.5445647985,"Ach":0.1606410706,"Gap":-470041000.4554352164,"Rank":7}
{"Nama Depo":"Depo Tanjung","szEmployeeId":17210037713,"szname":"Rahmani","Tipe Salesman":"Sales Representative Mix Yudistira","Target":535000000,"Actual":127591198.6239903867,"Ach":0.2384882217,"Gap":-407408801.3760095835,"Rank":6}
{"Nama Depo":"Depo Tanjung","szEmployeeId":17210037632,"szname":"Robianor","Tipe Salesman":"Sales Representative Mix Yudistira","Target":530000000,"Actual":137948686.3046998978,"Ach":0.2602805402,"Gap":-392051313.6953001022,"Rank":4}
{"Nama Depo":"Depo Tanjung","szEmployeeId":17210038077,"szname":"Sopian Sauri","Tipe Salesman":"Sales Representative Retailer Bima","Target":90065000,"Actual":44381389.4689969718,"Ach":0.4927706597,"Gap":-45683610.5310030282,"Rank":1}
{"Nama Depo":"Depo Tanjung","szEmployeeId":17210041467,"szname":"Doli Purnama Sari","Tipe Salesman":"Sales Representative Retailer Arjuna","Target":160000000,"Actual":59873367.316190362,"Ach":0.3742085457,"Gap":-100126632.683809638,"Rank":2}
