{"Nama Depo":"Depo Tanjung","szEmployeeId":17210032876,"szname":"Asman","Tipe Salesman":"Sales Representative Wholesaler Arjuna","Target":703300000,"Actual":265663454.0392800272,"Ach":0.3777384531,"Gap":-437636545.960719943,"Rank":6,"vs TG":-0.2222615469,"SOH-2":67041504.5899999589,"GapSOH-2":-370595041.3707199693}
{"Nama Depo":"Depo Tanjung","szEmployeeId":17210037897,"szname":"Hindra","Tipe Salesman":"Sales Representative Mix Yudistira","Target":486000000,"Actual":197068269.0348350406,"Ach":0.4054902655,"Gap":-288931730.9651649594,"Rank":3,"vs TG":-0.1945097345,"SOH-2":18335789.6300000101,"GapSOH-2":-270595941.3351649642}
{"Nama Depo":"Depo Tanjung","szEmployeeId":17210036369,"szname":"Muhammad Tamrin","Tipe Salesman":"Sales Representative Wholesaler Bima","Target":512300000,"Actual":173893106.7887679636,"Ach":0.3394360859,"Gap":-338406893.2112320662,"Rank":7,"vs TG":-0.2605639141,"SOH-2":38433666.5199999884,"GapSOH-2":-299973226.6912320852}
{"Nama Depo":"Depo Tanjung","szEmployeeId":17210037632,"szname":"Robianor","Tipe Salesman":"Sales Representative Mix Yudistira","Target":744000000,"Actual":331366041.9460858107,"Ach":0.445384465,"Gap":-412633958.0539141893,"Rank":1,"vs TG":-0.154615535,"SOH-2":21543659.4900000095,"GapSOH-2":-391090298.5639141798}
{"Nama Depo":"Depo Tanjung","szEmployeeId":17210041467,"szname":"Doli Purnama Sari","Tipe Salesman":"Sales Representative Retailer Yudistira","Target":263900000,"Actual":114195462.840192154,"Ach":0.4327224814,"Gap":-149704537.1598078609,"Rank":2,"vs TG":-0.1672775186,"SOH-2":22743026.5100000352,"GapSOH-2":-126961510.6498078257}
{"Nama Depo":"Depo Tanjung","szEmployeeId":17210041960,"szname":"Bahrudin Rahman","Tipe Salesman":"Sales Representative Mix Yudistira","Target":748300000,"Actual":301467742.5104709268,"Ach":0.4028701624,"Gap":-446832257.4895290732,"Rank":4,"vs TG":-0.1971298376,"SOH-2":34922625.5300000086,"GapSOH-2":-411909631.9595290422}
{"Nama Depo":"Depo Tanjung","szEmployeeId":17200519965,"szname":"Total Depo","Tipe Salesman":"All Salesman","Target":3457800000,"Actual":1383654077.1596317291,"Ach":0.4001544558,"Gap":-2074145922.8403682709,"Rank":5,"vs TG":-0.1998455442,"SOH-2":203020272.2700000107,"GapSOH-2":-1871125650.5703682899}
