{"Nama Depo":"Depo Tanjung","szEmployeeId":17210032876,"szname":"Asman","Tipe Salesman":"Sales Representative Wholesaler Arjuna","Target":703300000,"Actual":135801951.6955087781,"Ach":0.1930924949,"Gap":-567498048.3044912815,"Rank":6,"vs TG":-0.1269075051,"SOH-2":33974444.2499999776,"GapSOH-2":-533523604.0544912815}
{"Nama Depo":"Depo Tanjung","szEmployeeId":17210037897,"szname":"Hindra","Tipe Salesman":"Sales Representative Mix Yudistira","Target":486000000,"Actual":102363412.9656000137,"Ach":0.2106243065,"Gap":-383636587.0343999863,"Rank":3,"vs TG":-0.1093756935,"SOH-2":27748093.7899999954,"GapSOH-2":-355888493.2443999648}
{"Nama Depo":"Depo Tanjung","szEmployeeId":17210036369,"szname":"Muhammad Tamrin","Tipe Salesman":"Sales Representative Wholesaler Bima","Target":512300000,"Actual":98606318.2996970266,"Ach":0.1924776855,"Gap":-413693681.7003029585,"Rank":7,"vs TG":-0.1275223145,"SOH-2":27912300.7499999925,"GapSOH-2":-385781380.9503029585}
{"Nama Depo":"Depo Tanjung","szEmployeeId":17210037632,"szname":"Robianor","Tipe Salesman":"Sales Representative Mix Yudistira","Target":744000000,"Actual":164746017.6781318486,"Ach":0.2214328195,"Gap":-579253982.3218681812,"Rank":2,"vs TG":-0.0985671805,"SOH-2":30092975.8700000271,"GapSOH-2":-549161006.4518681765}
{"Nama Depo":"Depo Tanjung","szEmployeeId":17210041467,"szname":"Doli Purnama Sari","Tipe Salesman":"Sales Representative Retailer Yudistira","Target":263900000,"Actual":59687529.2825550064,"Ach":0.2261747983,"Gap":-204212470.7174449861,"Rank":1,"vs TG":-0.0938252017,"SOH-2":14213012.5300000142,"GapSOH-2":-189999458.1874449849}
{"Nama Depo":"Depo Tanjung","szEmployeeId":17210041960,"szname":"Bahrudin Rahman","Tipe Salesman":"Sales Representative Mix Yudistira","Target":748300000,"Actual":157154594.3352099359,"Ach":0.2100154942,"Gap":-591145405.6647900343,"Rank":4,"vs TG":-0.1099845058,"SOH-2":44481078.5599999726,"GapSOH-2":-546664327.1047900915}
{"Nama Depo":"Depo Tanjung","szEmployeeId":17200519965,"szname":"Total Depo","Tipe Salesman":"All Salesman","Target":3457800000,"Actual":718359824.2567026615,"Ach":0.207750542,"Gap":-2739440175.7432975769,"Rank":5,"vs TG":-0.112249458,"SOH-2":178421905.75,"GapSOH-2":-2561018269.9932975769}
