{"Nama Depo":"Depo Tanjung","szEmployeeId":17210032876,"szname":"Asman","Tipe Salesman":"Sales Representative Wholesaler Arjuna","Target":520862000,"Actual":87494076.1939419061,"Ach":0.1679793807,"Gap":-433367923.8060581088,"Rank":5}
{"Nama Depo":"Depo Tanjung","szEmployeeId":17210037897,"szname":"Hindra","Tipe Salesman":"Sales Representative Mix Yudistira","Target":392549000,"Actual":98305219.6184341013,"Ach":0.2504278947,"Gap":-294243780.3815659285,"Rank":1}
{"Nama Depo":"Depo Tanjung","szEmployeeId":17210036369,"szname":"Muhammad Tamrin","Tipe Salesman":"Sales Representative Mix Yudistira","Target":543228000,"Actual":53280660.5125700459,"Ach":0.0980815799,"Gap":-489947339.4874299765,"Rank":8}
{"Nama Depo":"Depo Tanjung","szEmployeeId":17210037713,"szname":"Rahmani","Tipe Salesman":"Sales Representative Mix Yudistira","Target":517078000,"Actual":57498516.6556610689,"Ach":0.1111989229,"Gap":-459579483.3443389535,"Rank":7}
{"Nama Depo":"Depo Tanjung","szEmployeeId":17210037632,"szname":"Robianor","Tipe Salesman":"Sales Representative Mix Yudistira","Target":513195000,"Actual":91662577.6244007796,"Ach":0.1786115953,"Gap":-421532422.3755992055,"Rank":3}
{"Nama Depo":"Depo Tanjung","szEmployeeId":17210038077,"szname":"Sopian Sauri","Tipe Salesman":"Sales Representative Wholesaler Bima","Target":451491000,"Actual":57085174.4976349846,"Ach":0.1264370154,"Gap":-394405825.5023649931,"Rank":6}
{"Nama Depo":"Depo Tanjung","szEmployeeId":17210041467,"szname":"Doli Purnama Sari","Tipe Salesman":"Sales Representative Retailer Arjuna","Target":147547000,"Actual":29783444.8846880943,"Ach":0.2018573396,"Gap":-117763555.1153119057,"Rank":2}
{"Nama Depo":"Depo Tanjung","szEmployeeId":17210041719,"szname":"Muhammad Iqbal Purwa Atmaja","Tipe Salesman":"Sales Representative Retailer Bima","Target":86707000,"Actual":14628664.1492410284,"Ach":0.1687137619,"Gap":-72078335.8507589698,"Rank":4}
