{"Nama Depo":"Depo Tanjung","szEmployeeId":17210032876,"szname":"Asman","Tipe Salesman":"Sales Representative Wholesaler Arjuna","Target":605400000,"Actual":288777826.7876200676,"Ach":0.4770033478,"Gap":-316622173.2123799324,"Rank":6,"vs TG":-0.3056053478,"SOH-2":60850466.650000006,"GapSOH-2":-255771706.5623799264}
{"Nama Depo":"Depo Tanjung","szEmployeeId":17210037897,"szname":"Hindra","Tipe Salesman":"Sales Representative Mix Yudistira","Target":674200000,"Actual":334532943.9019056559,"Ach":0.4961924413,"Gap":-339667056.0980943441,"Rank":4,"vs TG":-0.2864162544,"SOH-2":55650292.6400000006,"GapSOH-2":-284016763.4580943584}
{"Nama Depo":"Depo Tanjung","szEmployeeId":17210036369,"szname":"Muhammad Tamrin","Tipe Salesman":"Sales Representative Wholesaler Bima","Target":526000000,"Actual":215303736.9978610277,"Ach":0.4093226939,"Gap":-310696263.0021389723,"Rank":8,"vs TG":-0.3732860017,"SOH-2":41024856.7699999958,"GapSOH-2":-269671406.2321389914}
{"Nama Depo":"Depo Tanjung","szEmployeeId":17210037632,"szname":"Robianor","Tipe Salesman":"Sales Representative Mix Yudistira","Target":673100000,"Actual":316081084.9233095646,"Ach":0.4695900831,"Gap":-357018915.0766904354,"Rank":7,"vs TG":-0.3130186126,"SOH-2":61080685.039999947,"GapSOH-2":-295938230.0366904736}
{"Nama Depo":"Depo Tanjung","szEmployeeId":17210041467,"szname":"Doli Purnama Sari","Tipe Salesman":"Sales Representative Retailer Arjuna","Target":169100000,"Actual":94500189.8879972398,"Ach":0.5588420455,"Gap":-74599810.1120027602,"Rank":3,"vs TG":-0.2237666502,"SOH-2":8996289.2899999972,"GapSOH-2":-65603520.8220027611}
{"Nama Depo":"Depo Tanjung","szEmployeeId":17210042412,"szname":"Muhammad Rizky Algifari","Tipe Salesman":"Sales Representative Mix Yudistira","Target":433700000,"Actual":250101142.5562863052,"Ach":0.5766685325,"Gap":-183598857.4437136948,"Rank":2,"vs TG":-0.2059401631,"SOH-2":23041639.4299999923,"GapSOH-2":-160557218.0137137175}
{"Nama Depo":"Depo Tanjung","szEmployeeId":17210042423,"szname":"Siti Fatimah Hadijah","Tipe Salesman":"Sales Representative Retailer Bima","Target":90100000,"Actual":59047080.9570211023,"Ach":0.6553505101,"Gap":-31052919.0429788977,"Rank":1,"vs TG":-0.1272581856,"SOH-2":9761284.2100000009,"GapSOH-2":-21291634.8329788968}
{"Nama Depo":"Depo Tanjung","szEmployeeId":17200519965,"szname":"Total Depo","Tipe Salesman":"All Salesman","Target":3171600000,"Actual":1558344006.0120007992,"Ach":0.4913431725,"Gap":-1613255993.9879992008,"Rank":5,"vs TG":-0.2912655231,"SOH-2":260405514.0299999416,"GapSOH-2":-1352850479.9579992294}
