{"Nama Depo":"Depo Tanjung","szEmployeeId":17210032876,"szname":"Asman","Tipe Salesman":"Sales Representative Wholesaler Arjuna","Target":703300000,"Actual":323184140.6778228879,"Ach":0.459525296,"Gap":-380115859.3221771121,"Rank":3,"vs TG":-0.1943208578,"SOH-2":33095931.4499999881,"GapSOH-2":-347019927.872177124}
{"Nama Depo":"Depo Tanjung","szEmployeeId":17210037897,"szname":"Hindra","Tipe Salesman":"Sales Representative Mix Yudistira","Target":486000000,"Actual":213216630.8481270075,"Ach":0.4387173474,"Gap":-272783369.1518729925,"Rank":6,"vs TG":-0.2151288064,"SOH-2":61157835.9099999443,"GapSOH-2":-211625533.2418730557}
{"Nama Depo":"Depo Tanjung","szEmployeeId":17210036369,"szname":"Muhammad Tamrin","Tipe Salesman":"Sales Representative Wholesaler Bima","Target":512300000,"Actual":212854687.068805933,"Ach":0.4154883605,"Gap":-299445312.931194067,"Rank":7,"vs TG":-0.2383577934,"SOH-2":39706848.6299999952,"GapSOH-2":-259738464.3011940718}
{"Nama Depo":"Depo Tanjung","szEmployeeId":17210037632,"szname":"Robianor","Tipe Salesman":"Sales Representative Mix Yudistira","Target":744000000,"Actual":352301642.1216048598,"Ach":0.4735237125,"Gap":-391698357.8783951402,"Rank":2,"vs TG":-0.1803224413,"SOH-2":77499320.5499999821,"GapSOH-2":-314199037.3283951283}
{"Nama Depo":"Depo Tanjung","szEmployeeId":17210041467,"szname":"Doli Purnama Sari","Tipe Salesman":"Sales Representative Retailer Yudistira","Target":263900000,"Actual":136976215.7213580608,"Ach":0.5190459103,"Gap":-126923784.2786419392,"Rank":1,"vs TG":-0.1348002436,"SOH-2":15078577.1700000074,"GapSOH-2":-111845207.1086419374}
{"Nama Depo":"Depo Tanjung","szEmployeeId":17210041960,"szname":"Bahrudin Rahman","Tipe Salesman":"Sales Representative Mix Yudistira","Target":748300000,"Actual":335088455.4724588394,"Ach":0.4477996198,"Gap":-413211544.5275411606,"Rank":5,"vs TG":-0.2060465341,"SOH-2":38018232.7699999958,"GapSOH-2":-375193311.7575411797}
{"Nama Depo":"Depo Tanjung","szEmployeeId":17200519965,"szname":"Total Depo","Tipe Salesman":"All Salesman","Target":3457800000,"Actual":1573621771.9101777077,"Ach":0.455093346,"Gap":-1884178228.0898222923,"Rank":4,"vs TG":-0.1987528078,"SOH-2":264556746.4799998999,"GapSOH-2":-1619621481.6098222733}
