{"Nama Depo":"Depo Tanjung","szEmployeeId":17210032876,"szname":"Asman","Tipe Salesman":"Sales Representative Wholesaler Arjuna","Target":640000000,"Actual":687756593.6519842148,"Ach":1.0746196776,"Gap":47756593.6519842148,"Rank":3,"vs TG":0.0746196776,"SOH-2":130403133.4899999648,"GapSOH-2":178159727.1419841647,"Gap Harian":"0x7"}
{"Nama Depo":"Depo Tanjung","szEmployeeId":17210037897,"szname":"Hindra","Tipe Salesman":"Sales Representative Mix Yudistira","Target":698000000,"Actual":754354167.1882519722,"Ach":1.0807366292,"Gap":56354167.1882519722,"Rank":2,"vs TG":0.0807366292,"SOH-2":100942937.150000006,"GapSOH-2":157297104.3382519782,"Gap Harian":"0x7"}
{"Nama Depo":"Depo Tanjung","szEmployeeId":17210036369,"szname":"Muhammad Tamrin","Tipe Salesman":"Sales Representative Wholesaler Bima","Target":548000000,"Actual":532958270.8033694029,"Ach":0.9725515891,"Gap":-15041729.1966305971,"Rank":7,"vs TG":-0.0274484109,"SOH-2":140298200.7499999404,"GapSOH-2":125256471.5533693433,"Gap Harian":"0x7"}
{"Nama Depo":"Depo Tanjung","szEmployeeId":17210037632,"szname":"Robianor","Tipe Salesman":"Sales Representative Mix Yudistira","Target":695000000,"Actual":696052819.1024752855,"Ach":1.0015148476,"Gap":1052819.1024752855,"Rank":6,"vs TG":0.0015148476,"SOH-2":57437863.2699999958,"GapSOH-2":58490682.3724752814,"Gap Harian":"0x7"}
{"Nama Depo":"Depo Tanjung","szEmployeeId":17210041467,"szname":"Doli Purnama Sari","Tipe Salesman":"Sales Representative Retailer Arjuna","Target":174000000,"Actual":174410656.3264592588,"Ach":1.0023600938,"Gap":410656.3264592588,"Rank":5,"vs TG":0.0023600938,"SOH-2":27428722.2000000104,"GapSOH-2":27839378.5264592692,"Gap Harian":"0x7"}
{"Nama Depo":"Depo Tanjung","szEmployeeId":17210042412,"szname":"Muhammad Rizky Algifari","Tipe Salesman":"Sales Representative Mix Yudistira","Target":442000000,"Actual":422538761.0489190221,"Ach":0.9559700476,"Gap":-19461238.9510809779,"Rank":8,"vs TG":-0.0440299524,"SOH-2":85182887.8500000238,"GapSOH-2":65721648.8989190459,"Gap Harian":"0x7"}
{"Nama Depo":"Depo Tanjung","szEmployeeId":17210042423,"szname":"Siti Fatimah Hadijah","Tipe Salesman":"Sales Representative Retailer Bima","Target":93000000,"Actual":101547562.5313552022,"Ach":1.0919092745,"Gap":8547562.5313552022,"Rank":1,"vs TG":0.0919092745,"SOH-2":8420294.5799999982,"GapSOH-2":16967857.1113552004,"Gap Harian":"0x7"}
{"Nama Depo":"Depo Tanjung","szEmployeeId":17210036576,"szname":"Muhammad Yasir","Tipe Salesman":"Sales Area Coordinator Yudistira","Target":3290000000,"Actual":3369618830.6528148651,"Ach":1.0242002525,"Gap":79618830.6528148651,"Rank":4,"vs TG":0.0242002525,"SOH-2":550114039.2899999619,"GapSOH-2":629732869.942814827,"Gap Harian":"0x7"}
