{"Nama Depo":"Depo Tanjung","szEmployeeId":17210032876,"szname":"Asman","Tipe Salesman":"Sales Representative Wholesaler Arjuna","Target":636700000,"Actual":520629963.4361252785,"Ach":0.8177005865,"Gap":-116070036.5638747215,"Rank":2,"vs TG":0.0577005865,"SOH-2":44883830.3200000077,"GapSOH-2":-71186206.2438747138,"Gap Harian":-11864367.7073124517}
{"Nama Depo":"Depo Tanjung","szEmployeeId":17210037897,"szname":"Hindra","Tipe Salesman":"Sales Representative Mix Yudistira","Target":694700000,"Actual":563938204.7944895029,"Ach":0.8117722827,"Gap":-130761795.2055104971,"Rank":3,"vs TG":0.0517722827,"SOH-2":36949035.4700000137,"GapSOH-2":-93812759.7355104834,"Gap Harian":-15635459.9559184145}
{"Nama Depo":"Depo Tanjung","szEmployeeId":17210036369,"szname":"Muhammad Tamrin","Tipe Salesman":"Sales Representative Wholesaler Bima","Target":544800000,"Actual":393312271.8495622277,"Ach":0.721938825,"Gap":-151487728.1504377723,"Rank":6,"vs TG":-0.038061175,"SOH-2":23184154.1700000018,"GapSOH-2":-128303573.9804377705,"Gap Harian":-21383928.9967396297}
{"Nama Depo":"Depo Tanjung","szEmployeeId":17210037632,"szname":"Robianor","Tipe Salesman":"Sales Representative Mix Yudistira","Target":691000000,"Actual":556562552.4449228048,"Ach":0.8054450831,"Gap":-134437447.5550771952,"Rank":4,"vs TG":0.0454450831,"SOH-2":26096162.3000000045,"GapSOH-2":-108341285.2550771832,"Gap Harian":-18056880.875846196}
{"Nama Depo":"Depo Tanjung","szEmployeeId":17210041467,"szname":"Doli Purnama Sari","Tipe Salesman":"Sales Representative Retailer Arjuna","Target":172600000,"Actual":123422938.3561309725,"Ach":0.7150807552,"Gap":-49177061.6438690275,"Rank":7,"vs TG":-0.0449192448,"SOH-2":18067379.6100000143,"GapSOH-2":-31109682.0338690132,"Gap Harian":-5184947.0056448355}
{"Nama Depo":"Depo Tanjung","szEmployeeId":17210042412,"szname":"Muhammad Rizky Algifari","Tipe Salesman":"Sales Representative Mix Yudistira","Target":438400000,"Actual":285931597.8610370755,"Ach":0.652216236,"Gap":-152468402.1389629245,"Rank":8,"vs TG":-0.107783764,"SOH-2":21714682.4600000046,"GapSOH-2":-130753719.6789629161,"Gap Harian":-21792286.6131604873}
{"Nama Depo":"Depo Tanjung","szEmployeeId":17210042423,"szname":"Siti Fatimah Hadijah","Tipe Salesman":"Sales Representative Retailer Bima","Target":92000000,"Actual":77468849.6574102938,"Ach":0.8420527137,"Gap":-14531150.3425897062,"Rank":1,"vs TG":0.0820527137,"SOH-2":13537100.8400000036,"GapSOH-2":-994049.5025897026,"Gap Harian":-165674.9170982838}
{"Nama Depo":"Depo Tanjung","szEmployeeId":17200519965,"szname":"Total Depo","Tipe Salesman":"All Salesman","Target":3270200000,"Actual":2521266378.3996782303,"Ach":0.7709823186,"Gap":-748933621.6003217697,"Rank":5,"vs TG":0.0109823186,"SOH-2":184432345.1700000465,"GapSOH-2":-564501276.4303216934,"Gap Harian":-94083546.0717202872}
