{"Nama Depo":"Depo Tanjung","szEmployeeId":17210032876,"szname":"Asman","Tipe Salesman":"Sales Representative Mix Yudistira","Target":1103426000,"Actual":625174565.8038313389,"Ach":0.566575888,"Gap":-478251434.1961686611,"Rank":3,"vs TG":-0.1641933428}
{"Nama Depo":"Depo Tanjung","szEmployeeId":17210037897,"szname":"Hindra","Tipe Salesman":"Sales Representative Mix Yudistira","Target":476316000,"Actual":218044456.8514319062,"Ach":0.4577726905,"Gap":-258271543.1485680938,"Rank":6,"vs TG":-0.2729965403}
{"Nama Depo":"Depo Tanjung","szEmployeeId":17210036369,"szname":"Muhammad Tamrin","Tipe Salesman":"Sales Representative Mix Yudistira","Target":738226000,"Actual":409721765.802690804,"Ach":0.5550085825,"Gap":-328504234.197309196,"Rank":4,"vs TG":-0.1757606483}
{"Nama Depo":"Depo Tanjung","szEmployeeId":17210037632,"szname":"Robianor","Tipe Salesman":"Sales Representative Mix Yudistira","Target":715525000,"Actual":385302181.1536483765,"Ach":0.5384887756,"Gap":-330222818.8463516235,"Rank":5,"vs TG":-0.1922804552}
{"Nama Depo":"Depo Tanjung","szEmployeeId":17210041467,"szname":"Doli Purnama Sari","Tipe Salesman":"Sales Representative Retailer Arjuna","Target":160142000,"Actual":119915091.0249402225,"Ach":0.7488047547,"Gap":-40226908.9750597775,"Rank":1,"vs TG":0.0180355239}
{"Nama Depo":"Depo Tanjung","szEmployeeId":17210041719,"szname":"Muhammad Iqbal Purwa Atmaja","Tipe Salesman":"Sales Representative Retailer Bima","Target":102042000,"Actual":75330367.3159030676,"Ach":0.7382290362,"Gap":-26711632.6840969324,"Rank":2,"vs TG":0.0074598055}
