{"Nama Depo":"Depo Tanjung","szEmployeeId":17210032876,"szname":"Asman","Tipe Salesman":"Sales Representative Mix Yudistira","Target":1103426000,"Actual":581248716.2237393856,"Ach":0.5267672832,"Gap":-522177283.7762606144,"Rank":3,"vs TG":-0.1270788707}
{"Nama Depo":"Depo Tanjung","szEmployeeId":17210037897,"szname":"Hindra","Tipe Salesman":"Sales Representative Mix Yudistira","Target":476316000,"Actual":168803175.6295371652,"Ach":0.3543932508,"Gap":-307512824.3704628348,"Rank":6,"vs TG":-0.2994529031}
{"Nama Depo":"Depo Tanjung","szEmployeeId":17210036369,"szname":"Muhammad Tamrin","Tipe Salesman":"Sales Representative Mix Yudistira","Target":738226000,"Actual":372072844.8789687753,"Ach":0.5040094021,"Gap":-366153155.1210312247,"Rank":4,"vs TG":-0.1498367517}
{"Nama Depo":"Depo Tanjung","szEmployeeId":17210037632,"szname":"Robianor","Tipe Salesman":"Sales Representative Mix Yudistira","Target":715525000,"Actual":313177482.6973867416,"Ach":0.4376890852,"Gap":-402347517.3026132584,"Rank":5,"vs TG":-0.2161570686}
{"Nama Depo":"Depo Tanjung","szEmployeeId":17210041467,"szname":"Doli Purnama Sari","Tipe Salesman":"Sales Representative Retailer Arjuna","Target":160142000,"Actual":106817279.6067529917,"Ach":0.6670160208,"Gap":-53324720.3932470083,"Rank":2,"vs TG":0.013169867}
{"Nama Depo":"Depo Tanjung","szEmployeeId":17210041719,"szname":"Muhammad Iqbal Purwa Atmaja","Tipe Salesman":"Sales Representative Retailer Bima","Target":102042000,"Actual":68301572.4841190875,"Ach":0.6693476459,"Gap":-33740427.5158809125,"Rank":1,"vs TG":0.0155014921}
