{"Nama Depo":"Depo Tanjung","szEmployeeId":17210032876,"szname":"Asman","Tipe Salesman":"Sales Representative Wholesaler Arjuna","Target":735000000,"Actual":218549845.1951239109,"Ach":0.2973467282,"Gap":-516450154.8048760891,"Rank":4,"vs TG":-0.0872686565,"SOH-2":45361718.8399999514,"GapSOH-2":-471088435.9648761153}
{"Nama Depo":"Depo Tanjung","szEmployeeId":17210037897,"szname":"Hindra","Tipe Salesman":"Sales Representative Mix Yudistira","Target":738000000,"Actual":244882742.2900131345,"Ach":0.331819434,"Gap":-493117257.7099868655,"Rank":1,"vs TG":-0.0527959506,"SOH-2":85917542.0699995309,"GapSOH-2":-407199715.6399873495}
{"Nama Depo":"Depo Tanjung","szEmployeeId":17210036369,"szname":"Muhammad Tamrin","Tipe Salesman":"Sales Representative Wholesaler Bima","Target":550000000,"Actual":76009415.5099768639,"Ach":0.1381989373,"Gap":-473990584.4900231361,"Rank":6,"vs TG":-0.2464164473,"SOH-2":18859399.1299999841,"GapSOH-2":-455131185.3600231409}
{"Nama Depo":"Depo Tanjung","szEmployeeId":17210037632,"szname":"Robianor","Tipe Salesman":"Sales Representative Mix Yudistira","Target":740000000,"Actual":234196268.0427627861,"Ach":0.3164814433,"Gap":-505803731.9572372437,"Rank":3,"vs TG":-0.0681339413,"SOH-2":43440158.3399999887,"GapSOH-2":-462363573.6172372699}
{"Nama Depo":"Depo Tanjung","szEmployeeId":17210041467,"szname":"Doli Purnama Sari","Tipe Salesman":"Sales Representative Retailer Yudistira","Target":204700000,"Actual":67874276.4689519107,"Ach":0.3315792695,"Gap":-136825723.5310480893,"Rank":2,"vs TG":-0.0530361151,"SOH-2":18507405.9600000419,"GapSOH-2":-118318317.5710480511}
{"Nama Depo":"Depo Tanjung","szEmployeeId":17210042412,"szname":"Muhammad Rizky Algifari","Tipe Salesman":"Sales Representative Mix Yudistira","Target":301900000,"Actual":0.0,"Ach":0.0,"Gap":-301900000.0,"Rank":7,"vs TG":-0.3846153846,"SOH-2":12134987.4000000022,"GapSOH-2":-289765012.6000000238}
{"Nama Depo":"Depo Tanjung","szEmployeeId":17210042423,"szname":"Siti Fatimah Hadijah","Tipe Salesman":"Sales Representative Retailer Bima","Target":55600000,"Actual":0.0,"Ach":0.0,"Gap":-55600000.0,"Rank":7,"vs TG":-0.3846153846,"SOH-2":9793058.0800000113,"GapSOH-2":-45806941.9199999869}
{"Nama Depo":"Depo Tanjung","szEmployeeId":17200519965,"szname":"Total Depo","Tipe Salesman":"All Salesman","Target":3325200000,"Actual":841512547.5068285465,"Ach":0.2530712581,"Gap":-2483687452.4931716919,"Rank":5,"vs TG":-0.1315441265,"SOH-2":234014269.819999516,"GapSOH-2":-2249673182.6731719971}
