{"Nama Depo":"Depo Tanjung","szEmployeeId":17210032876,"szname":"Asman","Tipe Salesman":"Sales Representative Wholesaler Arjuna","Target":677250000,"Actual":12578293.6195220053,"Ach":0.0185726004,"Gap":-664671706.3804780245,"Rank":1,"vs TG":-0.0583504765}
{"Nama Depo":"Depo Tanjung","szEmployeeId":17210037897,"szname":"Hindra","Tipe Salesman":"Sales Representative Mix Yudistira","Target":486330000,"Actual":6318394.7839509994,"Ach":0.0129919906,"Gap":-480011605.2160490155,"Rank":3,"vs TG":-0.0639310863}
{"Nama Depo":"Depo Tanjung","szEmployeeId":17210036369,"szname":"Muhammad Tamrin","Tipe Salesman":"Sales Representative Wholesaler Bima","Target":480670000,"Actual":8768977.4789779987,"Ach":0.0182432386,"Gap":-471901022.5210220218,"Rank":2,"vs TG":-0.0586798384}
{"Nama Depo":"Depo Tanjung","szEmployeeId":17210037632,"szname":"Robianor","Tipe Salesman":"Sales Representative Mix Yudistira","Target":732640000,"Actual":6346111.0671970006,"Ach":0.0086619773,"Gap":-726293888.9328030348,"Rank":4,"vs TG":-0.0682610996}
{"Nama Depo":"Depo Tanjung","szEmployeeId":17210041467,"szname":"Doli Purnama Sari","Tipe Salesman":"Sales Representative Retailer Yudistira","Target":225000000,"Actual":1243378.4199999999,"Ach":0.0055261263,"Gap":-223756621.5800000131,"Rank":6,"vs TG":-0.0713969506}
{"Nama Depo":"Depo Tanjung","szEmployeeId":17210041960,"szname":"Bahrudin Rahman","Tipe Salesman":"Sales Representative Mix Yudistira","Target":760750000,"Actual":5531711.694852001,"Ach":0.0072713923,"Gap":-755218288.3051480055,"Rank":5,"vs TG":-0.0696516846}
