{"Nama Depo":"Depo Tanjung","szEmployeeId":17210032876,"szname":"Asman","Tipe Salesman":"Sales Representative Wholesaler Arjuna","Target":586000000,"Actual":4817819.862966001,"Ach":0.0082215356,"Gap":-581182180.1370339394,"Rank":5,"vs TG":-0.0352567253,"SOH-2":66062481.919999972,"GapSOH-2":-515119698.2170339823}
{"Nama Depo":"Depo Tanjung","szEmployeeId":17210037897,"szname":"Hindra","Tipe Salesman":"Sales Representative Mix Yudistira","Target":637000000,"Actual":1774774.773243,"Ach":0.0027861456,"Gap":-635225225.2267570496,"Rank":7,"vs TG":-0.0406921152,"SOH-2":43333464.7100000083,"GapSOH-2":-591891760.5167570114}
{"Nama Depo":"Depo Tanjung","szEmployeeId":17210036369,"szname":"Muhammad Tamrin","Tipe Salesman":"Sales Representative Wholesaler Bima","Target":494000000,"Actual":1098581.1116200001,"Ach":0.0022238484,"Gap":-492901418.8883799911,"Rank":8,"vs TG":-0.0412544125,"SOH-2":48949465.459999986,"GapSOH-2":-443951953.4283800125}
{"Nama Depo":"Depo Tanjung","szEmployeeId":17210037632,"szname":"Robianor","Tipe Salesman":"Sales Representative Mix Yudistira","Target":635000000,"Actual":3860197.3262150008,"Ach":0.0060790509,"Gap":-631139802.6737849712,"Rank":6,"vs TG":-0.03739921,"SOH-2":48874881.8999999911,"GapSOH-2":-582264920.7737849951}
{"Nama Depo":"Depo Tanjung","szEmployeeId":17210041467,"szname":"Doli Purnama Sari","Tipe Salesman":"Sales Representative Retailer Arjuna","Target":159000000,"Actual":3237919.9819789967,"Ach":0.0203642766,"Gap":-155762080.0180210173,"Rank":3,"vs TG":-0.0231139843,"SOH-2":9592176.8600000031,"GapSOH-2":-146169903.158021003}
{"Nama Depo":"Depo Tanjung","szEmployeeId":17210042412,"szname":"Muhammad Rizky Algifari","Tipe Salesman":"Sales Representative Mix Yudistira","Target":406000000,"Actual":12858884.7861159984,"Ach":0.03167213,"Gap":-393141115.213883996,"Rank":1,"vs TG":-0.0118061309,"SOH-2":28291807.3499999978,"GapSOH-2":-364849307.8638839722}
{"Nama Depo":"Depo Tanjung","szEmployeeId":17210042423,"szname":"Siti Fatimah Hadijah","Tipe Salesman":"Sales Representative Retailer Bima","Target":80000000,"Actual":1962960.5758519999,"Ach":0.0245370072,"Gap":-78037039.4241479933,"Rank":2,"vs TG":-0.0189412537,"SOH-2":5248717.2299999995,"GapSOH-2":-72788322.1941479892}
{"Nama Depo":"Depo Tanjung","szEmployeeId":17200519965,"szname":"Total Depo","Tipe Salesman":"All Salesman","Target":2997000000,"Actual":29611138.4179909974,"Ach":0.0098802597,"Gap":-2967388861.5820088387,"Rank":4,"vs TG":-0.0335980011,"SOH-2":250352995.4299999475,"GapSOH-2":-2717035866.1520090103}
