{"Nama Depo":"Depo Tanjung","szEmployeeId":17210032876,"szname":"Asman","Tipe Salesman":"Sales Representative Wholesaler Arjuna","Target":520862000,"Actual":352746749.4723525047,"Ach":0.6772364839,"Gap":-168115250.5276474953,"Rank":3}
{"Nama Depo":"Depo Tanjung","szEmployeeId":17210037897,"szname":"Hindra","Tipe Salesman":"Sales Representative Mix Yudistira","Target":586240000,"Actual":269287801.6629229784,"Ach":0.4593473691,"Gap":-316952198.3370770216,"Rank":5}
{"Nama Depo":"Depo Tanjung","szEmployeeId":17210036369,"szname":"Muhammad Tamrin","Tipe Salesman":"Sales Representative Mix Yudistira","Target":744587500,"Actual":275457233.519456327,"Ach":0.369946089,"Gap":-469130266.480543673,"Rank":7}
{"Nama Depo":"Depo Tanjung","szEmployeeId":17210037632,"szname":"Robianor","Tipe Salesman":"Sales Representative Mix Yudistira","Target":635222500,"Actual":318630778.5424258709,"Ach":0.5016049944,"Gap":-316591721.4575741291,"Rank":4}
{"Nama Depo":"Depo Tanjung","szEmployeeId":17210038077,"szname":"Sopian Sauri","Tipe Salesman":"Sales Representative Wholesaler Bima","Target":451491000,"Actual":189910445.2067055702,"Ach":0.4206295257,"Gap":-261580554.7932944298,"Rank":6}
{"Nama Depo":"Depo Tanjung","szEmployeeId":17210041467,"szname":"Doli Purnama Sari","Tipe Salesman":"Sales Representative Retailer Arjuna","Target":147547000,"Actual":101434863.6816534847,"Ach":0.6874749313,"Gap":-46112136.3183465153,"Rank":2}
{"Nama Depo":"Depo Tanjung","szEmployeeId":17210041719,"szname":"Muhammad Iqbal Purwa Atmaja","Tipe Salesman":"Sales Representative Retailer Bima","Target":86707000,"Actual":71374901.2107002586,"Ach":0.8231734602,"Gap":-15332098.7892997414,"Rank":1}
