{"Nama Depo":"Depo Tanjung","szEmployeeId":17210032876,"szname":"Asman","Tipe Salesman":"Sales Representative Mix Yudistira","Target":1103426000,"Actual":104378242.8466869742,"Ach":0.0945946922,"Gap":-999047757.1533130407,"Rank":4}
{"Nama Depo":"Depo Tanjung","szEmployeeId":17210037897,"szname":"Hindra","Tipe Salesman":"Sales Representative Mix Yudistira","Target":476316000,"Actual":38884813.2263360023,"Ach":0.0816365884,"Gap":-437431186.7736639977,"Rank":5}
{"Nama Depo":"Depo Tanjung","szEmployeeId":17210036369,"szname":"Muhammad Tamrin","Tipe Salesman":"Sales Representative Mix Yudistira","Target":738226000,"Actual":139781637.8146669865,"Ach":0.1893480287,"Gap":-598444362.1853330135,"Rank":2}
{"Nama Depo":"Depo Tanjung","szEmployeeId":17210037632,"szname":"Robianor","Tipe Salesman":"Sales Representative Mix Yudistira","Target":715525000,"Actual":57287260.1839630008,"Ach":0.0800632545,"Gap":-658237739.8160369396,"Rank":6}
{"Nama Depo":"Depo Tanjung","szEmployeeId":17210041467,"szname":"Doli Purnama Sari","Tipe Salesman":"Sales Representative Retailer Arjuna","Target":160142000,"Actual":27381795.9207860008,"Ach":0.1709844758,"Gap":-132760204.0792140067,"Rank":3}
{"Nama Depo":"Depo Tanjung","szEmployeeId":17210041719,"szname":"Muhammad Iqbal Purwa Atmaja","Tipe Salesman":"Sales Representative Retailer Bima","Target":102042000,"Actual":33677451.2826530039,"Ach":0.3300351942,"Gap":-68364548.7173469961,"Rank":1}
