{"Nama Depo":"Depo Tanjung","szEmployeeId":17210032876,"szname":"Asman","Tipe Salesman":"Sales Representative Wholesaler Arjuna","Target":677250000,"Actual":212255468.1188778579,"Ach":0.3134078525,"Gap":-464994531.8811221123,"Rank":2,"vs TG":-0.1096690706}
{"Nama Depo":"Depo Tanjung","szEmployeeId":17210037897,"szname":"Hindra","Tipe Salesman":"Sales Representative Mix Yudistira","Target":486330000,"Actual":134429004.2548500299,"Ach":0.2764152001,"Gap":-351900995.7451499701,"Rank":4,"vs TG":-0.146661723}
{"Nama Depo":"Depo Tanjung","szEmployeeId":17210036369,"szname":"Muhammad Tamrin","Tipe Salesman":"Sales Representative Wholesaler Bima","Target":480670000,"Actual":174151901.4592550099,"Ach":0.362310736,"Gap":-306518098.5407450199,"Rank":1,"vs TG":-0.0607661871}
{"Nama Depo":"Depo Tanjung","szEmployeeId":17210037632,"szname":"Robianor","Tipe Salesman":"Sales Representative Mix Yudistira","Target":732640000,"Actual":191560484.0648449957,"Ach":0.2614660462,"Gap":-541079515.9351550341,"Rank":5,"vs TG":-0.1616108769}
{"Nama Depo":"Depo Tanjung","szEmployeeId":17210041467,"szname":"Doli Purnama Sari","Tipe Salesman":"Sales Representative Retailer Yudistira","Target":225000000,"Actual":68431435.1736210287,"Ach":0.3041397119,"Gap":-156568564.8263789713,"Rank":3,"vs TG":-0.1189372112}
{"Nama Depo":"Depo Tanjung","szEmployeeId":17210041960,"szname":"Bahrudin Rahman","Tipe Salesman":"Sales Representative Mix Yudistira","Target":760750000,"Actual":186991007.0864929557,"Ach":0.2457982348,"Gap":-573758992.9135069847,"Rank":6,"vs TG":-0.1772786883}
