{"szEmployeeId":17210032876,"szname":"Asman","Channel Group":"MTI","Project":"MTI Reg"," T.MTD":56185779.1198924631," A.MTD":55419921.5861569867," Gap MTD":-4539697.1393100033," LY":55419921.5861569867," 3LM":54375509.21486599," LM":55419921.5861569867}
{"szEmployeeId":17210032876,"szname":"Asman","Channel Group":"Retail","Project":"Retail Reg"," T.MTD":116095449.9673894495," A.MTD":122518843.0155240148," Gap MTD":12807643.3359830007," LY":122518843.0155239999," 3LM":96512211.1736140102," LM":122518843.0155239999}
{"szEmployeeId":17210032876,"szname":"Asman","Channel Group":"Wholesaler","Project":"ITG A"," T.MTD":245466563.0313926637," A.MTD":147520623.0905759931," Gap MTD":-113399854.1347329915," LY":147520623.0905759931," 3LM":203636787.5111826956," LM":147520623.0905759931}
{"szEmployeeId":17210032876,"szname":"Asman","Channel Group":"Wholesaler","Project":"ITG A\/B"," T.MTD":16509067.963319432," A.MTD":31397991.4724919982," Gap MTD":7486514.1788509935," LY":31397991.472492002," 3LM":15558143.1706313323," LM":31397991.472492002}
{"szEmployeeId":17210032876,"szname":"Asman","Channel Group":"Wholesaler","Project":"ITG A\/SC"," T.MTD":267191361.7078184783," A.MTD":157016536.3633920252," Gap MTD":-115981527.2591759861," LY":157016536.3633920252," 3LM":215305888.008047998," LM":157016536.3633920252}
{"szEmployeeId":17210032876,"szname":"Asman","Channel Group":"Wholesaler","Project":"ITG B"," T.MTD":4299314.8029769743," A.MTD":9066666.6311650015," Gap MTD":2003648.6295440001," LY":9066666.6311650015," 3LM":4167736.3170249998," LM":9066666.6311650015}
{"szEmployeeId":17210032876,"szname":"Asman","Channel Group":"Wholesaler","Project":"ITG SC"," T.MTD":127931025.3883048445," A.MTD":81953702.8988959938," Gap MTD":-29357297.1011039913," LY":81953702.8988959938," 3LM":95537253.7856426388," LM":81953702.8988959938}
{"szEmployeeId":17210032876,"szname":"Asman","Channel Group":"Wholesaler","Project":"Who Reg"," T.MTD":266321438.0189056695," A.MTD":196487694.1843919754," Gap MTD":-60992592.7701567039," LY":196487694.1843919754," 3LM":232049904.0465363264," LM":196487694.1843919754}
{"szEmployeeId":17210036369,"szname":"Muhammad Tamrin","Channel Group":"MTI","Project":"MTI Reg"," T.MTD":13621305.1491849851," A.MTD":18533037.224387005," Gap MTD":6449037.2243870115," LY":18533037.224387005," 3LM":10151068.6759339981," LM":18533037.224387005}
{"szEmployeeId":17210036369,"szname":"Muhammad Tamrin","Channel Group":"Retail","Project":"Retail Reg"," T.MTD":167550972.6925671399," A.MTD":137069823.7815290093," Gap MTD":-20818313.0352829993," LY":137069823.7815290093," 3LM":120696018.6142136455," LM":137069823.7815290093}
{"szEmployeeId":17210036369,"szname":"Muhammad Tamrin","Channel Group":"Wholesaler","Project":"ITG A"," T.MTD":45355878.2575547099," A.MTD":34833082.7992469966," Gap MTD":-4300917.2007530145," LY":34833082.7992469966," 3LM":33570678.9282466546," LM":34833082.7992469966}
{"szEmployeeId":17210036369,"szname":"Muhammad Tamrin","Channel Group":"Wholesaler","Project":"ITG A\/B\/SC"," T.MTD":119448476.0422244966," A.MTD":133972875.1673530042," Gap MTD":24446875.1673530191," LY":133972875.1673530042," 3LM":83716017.2979179919," LM":133972875.1673530042}
{"szEmployeeId":17210036369,"szname":"Muhammad Tamrin","Channel Group":"Wholesaler","Project":"ITG SC"," T.MTD":148196003.2244058847," A.MTD":61200890.9054869935," Gap MTD":-84773604.4648500085," LY":61200890.9054869935," 3LM":101527043.424284324," LM":61200890.9054869935}
{"szEmployeeId":17210036369,"szname":"Muhammad Tamrin","Channel Group":"Wholesaler","Project":"Who Reg"," T.MTD":65827364.634062551," A.MTD":44857845.6353060007," Gap MTD":-12763154.364694003," LY":44857845.6353060007," 3LM":48108192.6240390092," LM":44857845.6353060007}
{"szEmployeeId":17210037632,"szname":"Robianor","Channel Group":"MTI","Project":"MTI Reg"," T.MTD":1351704.5951618662," A.MTD":1248354.49," Gap MTD":-427753.4499999998," LY":1248354.49," 3LM":1259353.0499999998," LM":1248354.49}
{"szEmployeeId":17210037632,"szname":"Robianor","Channel Group":"Retail","Project":"Retail Reg"," T.MTD":138081225.5273105204," A.MTD":98442961.5722769797," Gap MTD":-33355518.1848199964," LY":98442961.5722769797," 3LM":117345428.3501700461," LM":98442961.5722769797}
{"szEmployeeId":17210037632,"szname":"Robianor","Channel Group":"Wholesaler","Project":"ITG A"," T.MTD":26075020.0379464887," A.MTD":38421722.094912," Gap MTD":4138992.5443480127," LY":38421722.094912," 3LM":21426538.1047349982," LM":38421722.094912}
{"szEmployeeId":17210037632,"szname":"Robianor","Channel Group":"Wholesaler","Project":"ITG A\/SC"," T.MTD":120575771.0471517891," A.MTD":91269728.8842689991," Gap MTD":-24271271.1157310195," LY":91269728.8842689991," 3LM":108235790.2105576396," LM":91269728.8842689991}
{"szEmployeeId":17210037632,"szname":"Robianor","Channel Group":"Wholesaler","Project":"ITG SC"," T.MTD":171106758.3048403561," A.MTD":107481493.5593319982," Gap MTD":-34282506.4406680092," LY":107481493.5593319982," 3LM":136104281.7539706528," LM":107481493.5593319982}
{"szEmployeeId":17210037632,"szname":"Robianor","Channel Group":"Wholesaler","Project":"Who Reg"," T.MTD":72809520.4875888824," A.MTD":99793686.7893899977," Gap MTD":30535281.4712819941," LY":99793686.7893899828," 3LM":63818223.1782899871," LM":99793686.7893899828}
{"szEmployeeId":17210037713,"szname":"Rahmani","Channel Group":"MTI","Project":"MTI Reg"," T.MTD":3734195.9123027441," A.MTD":9990395.2745319977," Gap MTD":6668395.2745319996," LY":9990395.2745319996," 3LM":3181092.0774096665," LM":9990395.2745319996}
{"szEmployeeId":17210037713,"szname":"Rahmani","Channel Group":"Retail","Project":"Retail Reg"," T.MTD":122532642.875884518," A.MTD":99786963.7236179858," Gap MTD":-8515280.449712012," LY":99786963.7236179858," 3LM":98330943.4103543013," LM":99786963.7236179858}
{"szEmployeeId":17210037713,"szname":"Rahmani","Channel Group":"Wholesaler","Project":"ITG A"," T.MTD":34089590.0865456238," A.MTD":14570261.1120259985," Gap MTD":-15995738.8879740015," LY":14570261.1120259985," 3LM":29635235.4174186662," LM":14570261.1120259985}
{"szEmployeeId":17210037713,"szname":"Rahmani","Channel Group":"Wholesaler","Project":"ITG A\/SC"," T.MTD":217081502.0515566468," A.MTD":87767514.452135995," Gap MTD":-107297485.547864005," LY":87767514.452135995," 3LM":176268074.5063629746," LM":87767514.452135995}
{"szEmployeeId":17210037713,"szname":"Rahmani","Channel Group":"Wholesaler","Project":"ITG SC"," T.MTD":77258286.0630300641," A.MTD":44812365.17211999," Gap MTD":-24217634.8278799988," LY":44812365.17211999," 3LM":60412452.3806366622," LM":44812365.17211999}
{"szEmployeeId":17210037713,"szname":"Rahmani","Channel Group":"Wholesaler","Project":"Who Reg"," T.MTD":80303783.0106803924," A.MTD":52861306.5535259917," Gap MTD":-23817955.2075430043," LY":52861306.5535259917," 3LM":68056106.0379893184," LM":52861306.5535259917}
{"szEmployeeId":17210037897,"szname":"Hindra","Channel Group":"MTI","Project":"MTI Reg"," T.MTD":7902032.913684058," A.MTD":6342221.3869679999," Gap MTD":-988778.6130320001," LY":6342221.3869679999," 3LM":7731417.178797666," LM":6342221.3869679999}
{"szEmployeeId":17210037897,"szname":"Hindra","Channel Group":"Retail","Project":"Retail Reg"," T.MTD":139739671.3072450161," A.MTD":127570773.8063760549," Gap MTD":-5788205.0567530002," LY":127570773.8063760549," 3LM":123324324.4751830548," LM":127570773.8063760549}
{"szEmployeeId":17210037897,"szname":"Hindra","Channel Group":"Wholesaler","Project":"ITG A"," T.MTD":13813541.4064898249," A.MTD":15469368.9729370046," Gap MTD":-1936243.5539659988," LY":15469368.9729370046," 3LM":14096335.8612006623," LM":15469368.9729370046}
{"szEmployeeId":17210037897,"szname":"Hindra","Channel Group":"Wholesaler","Project":"ITG A\/SC"," T.MTD":111767833.5193939805," A.MTD":53308458.5076380074," Gap MTD":-63600144.7999449968," LY":53308458.5076380074," 3LM":100407965.3010679781," LM":53308458.5076380074}
{"szEmployeeId":17210037897,"szname":"Hindra","Channel Group":"Wholesaler",