{"szEmployeeId":17210032876,"szname":"Asman","Channel Group":"MTI","Project":"MTI Reg","CR on JKS":14," T.MTD":51948235.0830894187," A.MTD":26839803.5629560016," Gap MTD":-25108431.5201334283," LY":38788254.4771230072," 3LM":51872087.6668513268," LM":55419921.5861569867}
{"szEmployeeId":17210032876,"szname":"Asman","Channel Group":"Retail","Project":"Retail Reg","CR on JKS":60," T.MTD":124801663.4577450305," A.MTD":81942320.9100040197," Gap MTD":-42859342.5477410331," LY":114905099.8956109881," 3LM":120183485.4343539774," LM":127821450.3079520017}
{"szEmployeeId":17210032876,"szname":"Asman","Channel Group":"Wholesaler","Project":"ITG A","CR on JKS":8," T.MTD":239533313.9534515142," A.MTD":45244863.4757019952," Gap MTD":-194288450.4777494967," LY":244781533.8090569973," 3LM":229055900.5132307112," LM":235460002.4285130203}
{"szEmployeeId":17210032876,"szname":"Asman","Channel Group":"Wholesaler","Project":"ITG A\/B","CR on JKS":1," T.MTD":22989398.4916943647," A.MTD":4155297.176566001," Gap MTD":-18834101.3151283637," LY":16295630.158383999," 3LM":24549741.8759116642," LM":31397991.472492002}
{"szEmployeeId":17210032876,"szname":"Asman","Channel Group":"Wholesaler","Project":"ITG A\/SC","CR on JKS":6," T.MTD":289131869.5343638659," A.MTD":29582712.9276640005," Gap MTD":-259549156.6066998243," LY":280651798.3442069888," 3LM":271205572.9207256436," LM":288866355.9117629528}
{"szEmployeeId":17210032876,"szname":"Asman","Channel Group":"Wholesaler","Project":"ITG B","CR on JKS":1," T.MTD":4926575.9583273241," A.MTD":0.0," Gap MTD":-4926575.9583273241," LY":4381846.7939560004," 3LM":5418552.8283146657," LM":9066666.6311650015}
{"szEmployeeId":17210032876,"szname":"Asman","Channel Group":"Wholesaler","Project":"ITG SC","CR on JKS":13," T.MTD":136184593.322927922," A.MTD":75480174.4476309866," Gap MTD":-60704418.8752969205," LY":127204460.1294730008," 3LM":119942932.6805609763," LM":98248387.2849429995}
{"szEmployeeId":17210032876,"szname":"Asman","Channel Group":"Wholesaler","Project":"Who Reg","CR on JKS":47," T.MTD":230484350.1984008551," A.MTD":146113186.7980390191," Gap MTD":-84371163.4003618956," LY":218171421.8076600134," 3LM":226214113.9132593572," LM":195172505.9144589901}
{"szEmployeeId":17210036369,"szname":"Muhammad Tamrin","Channel Group":"MTI","Project":"MTI Reg","CR on JKS":3," T.MTD":15600083.2906054668," A.MTD":2167873.7808069997," Gap MTD":-13432209.5097984672," LY":3546306.1941300002," 3LM":13756030.1231050007," LM":18533037.224387005}
{"szEmployeeId":17210036369,"szname":"Muhammad Tamrin","Channel Group":"Retail","Project":"Retail Reg","CR on JKS":124," T.MTD":174297247.9664403796," A.MTD":93703360.486258015," Gap MTD":-80593887.4801823199," LY":84824441.9894209951," 3LM":150467986.9362262785," LM":155630374.2041790485}
{"szEmployeeId":17210036369,"szname":"Muhammad Tamrin","Channel Group":"Wholesaler","Project":"ITG A","CR on JKS":2," T.MTD":40285502.9665091634," A.MTD":29160775.0282239914," Gap MTD":-11124727.938285172," LY":46680659.3551580012," 3LM":35338417.9108743295," LM":34833082.7992469966}
{"szEmployeeId":17210036369,"szname":"Muhammad Tamrin","Channel Group":"Wholesaler","Project":"ITG A\/B\/SC","CR on JKS":2," T.MTD":145992003.2062774599," A.MTD":3587026.9991879999," Gap MTD":-142404976.2070894837," LY":177987307.7286360264," 3LM":126680383.5309676826," LM":165276478.5665670037}
{"szEmployeeId":17210036369,"szname":"Muhammad Tamrin","Channel Group":"Wholesaler","Project":"ITG SC","CR on JKS":12," T.MTD":125649376.6844490469," A.MTD":57224750.3360339999," Gap MTD":-68424626.3484150469," LY":119983456.1430729926," 3LM":108074432.2545796782," LM":123427621.1688610017}
{"szEmployeeId":17210036369,"szname":"Muhammad Tamrin","Channel Group":"Wholesaler","Project":"Who Reg","CR on JKS":15," T.MTD":58175785.8857184649," A.MTD":40853880.0724720061," Gap MTD":-17321905.8132464699," LY":45675905.6668870002," 3LM":50570757.2824560031," LM":47619106.7790849954}
{"szEmployeeId":17210037632,"szname":"Robianor","Channel Group":"MTI","Project":"MTI Reg","CR on JKS":1," T.MTD":1238429.1782031842," A.MTD":874355.5300000003," Gap MTD":-364073.6482031839," LY":1193015.1293690002," 3LM":1201138.323333333," LM":1248354.4900000002}
{"szEmployeeId":17210037632,"szname":"Robianor","Channel Group":"Retail","Project":"Retail Reg","CR on JKS":109," T.MTD":132470757.1793961078," A.MTD":82856963.1379079968," Gap MTD":-49613794.0414880589," LY":54481213.359691985," 3LM":122532681.5260166377," LM":102196098.0710120052}
{"szEmployeeId":17210037632,"szname":"Robianor","Channel Group":"Wholesaler","Project":"ITG A\/SC","CR on JKS":3," T.MTD":129940025.8397103846," A.MTD":46298560.7474189997," Gap MTD":-83641465.0922913849," LY":63697461.3787579834," 3LM":123171531.4657763243," LM":139619368.1382499933}
{"szEmployeeId":17210037632,"szname":"Robianor","Channel Group":"Wholesaler","Project":"ITG SC","CR on JKS":13," T.MTD":162688316.336247474," A.MTD":74551254.9976379871," Gap MTD":-88137061.3386094719," LY":131032782.5977669954," 3LM":141986329.9706716537," LM":137913736.3576139808}
{"szEmployeeId":17210037632,"szname":"Robianor","Channel Group":"Wholesaler","Project":"Who Reg","CR on JKS":28," T.MTD":103662471.4664428234," A.MTD":49702386.8201709986," Gap MTD":-53960084.6462718248," LY":67846355.3534950018," 3LM":98984953.9598600119," LM":119540908.8827749938}
{"szEmployeeId":17210037713,"szname":"Rahmani","Channel Group":"MTI","Project":"MTI Reg","CR on JKS":2," T.MTD":6890417.584584062," A.MTD":2464972.8343240004," Gap MTD":-4425444.7502600625," LY":3931490.7359239999," 3LM":6083476.1040556673," LM":9990395.2745320015}
{"szEmployeeId":17210037713,"szname":"Rahmani","Channel Group":"Retail","Project":"Retail Reg","CR on JKS":120," T.MTD":132077869.5096500367," A.MTD":66499938.860240005," Gap MTD":-65577930.6494100317," LY":84806217.3757640123," 3LM":110386724.6325356811," LM":104609193.6219879538}
{"szEmployeeId":17210037713,"szname":"Rahmani","Channel Group":"Wholesaler","Project":"ITG A","CR on JKS":2," T.MTD":45673903.4966660514," A.MTD":693693.6838730001," Gap MTD":-44980209.8127930537," LY":35870170.7013989985," 3LM":40693175.8506600037," LM":38438866.2306530029}
{"szEmployeeId":17210037713,"szname":"Rahmani","Channel Group":"Wholesaler","Project":"ITG A\/SC","CR on JKS":6," T.MTD":193646287.0721432567," A.MTD":88162503.6597740054," Gap MTD":-105483783.4123691916," LY":173366441.9854969978," 3LM":163791525.0873199701," LM":114403279.8942969888}
{"szEmployeeId":17210037713,"szname":"Rahmani","Channel Group":"Wholesaler","Project":"ITG SC","CR on JKS":5," T.MTD":82623940.9744123369," A.MTD":27803602.992471002," Gap MTD":-54820337.9819413349," LY":77661702.4430940151," 3LM":67679779.652759999," LM":65337410.1129000038}
{"szEmployeeId":17210037713,"szname":"Rahmani","Channel Group":"Wholesaler","Project":"Who Reg","CR on JKS":23," T.MTD":74087581.3625442833," A.MTD":42697457.434167996," Gap MTD":-31390123.9283762686," LY":68849862.296525985," 3LM":65029171.5649136603," LM":54512657.8610789999}
{"szEmployeeId":17210037897,"szname":"Hindra","Channel Group":"MTI","Project":"MTI Reg","CR on JKS":1," T.MTD":6646750.7155133002," A.MTD":4667616.0540389996," Gap MTD":-1979134.6614743005," LY":13602522.1347399987," 3LM":6630355.9212406678," LM":6342221.3869679999}
{"szEmployeeId":17210037897,"szname":"Hindra","Channel Group":"Retail","Project":"Retail Reg","CR on JKS":126," T.MTD":144930021.0203855336," A.MTD":99623399.3746479899," Gap MTD":-45306621.6457376331," LY":55839793.7187760025," 3LM":133509231.9515440166," LM":126427683.0699760765}
{"szEmployeeId":17210037897,"szname":"Hindra","Channel Group":"Wholesaler","Project":"ITG A","CR on JKS":1," T.MTD":15075558.0704602879," A.MTD":14066485.9767960049," Gap MTD":-1009072.0936642829," LY":11711170.6264069993," 3LM":15627957.5205966625," LM":15469368.9729370065}
{"szEmployeeId":17210037897,"szname":"Hindra","Channel Group":"Wholesaler","Project":"ITG A\/SC","CR on JKS":3," T.MTD":120315497.5330987871,