{"szEmployeeId":17210032876,"szname":"Asman","Channel Group":"MTI","Project":"MTI Reg","CR on JKS":13," T.MTD":50437752.2894737646," A.MTD":39672144.5601560026," Gap MTD":-10765607.7293177694," LY":37174796.0251570046," 3LM":50425254.4336086586," LM":54601182.9261569902,"Ach":0.7865565526,"vs LY":0.0671785404,"vs 3LM":-0.2132485001,"vs LM":-0.2734196874}
{"szEmployeeId":17210032876,"szname":"Asman","Channel Group":"MTI","Project":"Retail Reg","CR on JKS":1," T.MTD":1397695.0353255887," A.MTD":1830441.3100000001," Gap MTD":432746.2746744114," LY":1613458.4519659998," 3LM":1446833.2332426668," LM":818738.6599999999,"Ach":1.3096142318,"vs LY":0.1344830775,"vs 3LM":0.265136346,"vs LM":1.2356844735}
{"szEmployeeId":17210032876,"szname":"Asman","Channel Group":"Retail","Project":"ITG SC","CR on JKS":1," T.MTD":2152147.0621810476," A.MTD":1655916.8836009998," Gap MTD":-496230.1785800478," LY":1381879.1271009999," 3LM":2046555.9769619999," LM":1802173.7106300001,"Ach":0.7694255252,"vs LY":0.1983080511,"vs 3LM":-0.1908763297,"vs LM":-0.0811557877}
{"szEmployeeId":17210032876,"szname":"Asman","Channel Group":"Retail","Project":"Retail Reg","CR on JKS":55," T.MTD":101283422.7434170991," A.MTD":97991127.4439389855," Gap MTD":-3292295.2994780829," LY":92078537.6413230002," 3LM":96090089.8358933032," LM":102514861.2636969686,"Ach":0.9674942334,"vs LY":0.0642124642,"vs 3LM":0.0197839092,"vs LM":-0.0441275905}
{"szEmployeeId":17210032876,"szname":"Asman","Channel Group":"Retail","Project":"Who Reg","CR on JKS":3," T.MTD":3775294.763141939," A.MTD":2877344.7305379994," Gap MTD":-897950.0326039396," LY":14209243.5107800011," 3LM":3757610.3552796659," LM":3776685.0038679997,"Ach":0.7621510136,"vs LY":-0.7975019058,"vs 3LM":-0.2342620819,"vs LM":-0.2381295428}
{"szEmployeeId":17210032876,"szname":"Asman","Channel Group":"Wholesaler","Project":"ITG A","CR on JKS":7," T.MTD":123875876.4267352074," A.MTD":81562179.7773260027," Gap MTD":-42313696.6494092047," LY":133960852.5243270099," 3LM":120140623.9762136936," LM":121579074.802398026,"Ach":0.6584185891,"vs LY":-0.3911491436,"vs 3LM":-0.3211107361,"vs LM":-0.3291429474}
{"szEmployeeId":17210032876,"szname":"Asman","Channel Group":"Wholesaler","Project":"ITG A\/B","CR on JKS":1," T.MTD":22934019.2635524943," A.MTD":6972207.8912440008," Gap MTD":-15961811.3723084927," LY":16295630.158383999," 3LM":24549741.8759116642," LM":31397991.4724919945,"Ach":0.3040116,"vs LY":-0.5721424809,"vs 3LM":-0.7159966925,"vs LM":-0.7779409585}
{"szEmployeeId":17210032876,"szname":"Asman","Channel Group":"Wholesaler","Project":"ITG A\/SC","CR on JKS":5," T.MTD":152279687.8902241588," A.MTD":97644334.0146190077," Gap MTD":-54635353.8756051883," LY":155872241.1459489763," 3LM":149605661.8199243248," LM":157016536.3633919954,"Ach":0.6412170616,"vs LY":-0.3735617497,"vs 3LM":-0.347321934,"vs LM":-0.3781270669}
{"szEmployeeId":17210032876,"szname":"Asman","Channel Group":"Wholesaler","Project":"ITG B","CR on JKS":1," T.MTD":4913148.5755446283," A.MTD":3513513.5105400002," Gap MTD":-1399635.0650046282," LY":4381846.7939560004," 3LM":5418552.8283146666," LM":9066666.6311650015,"Ach":0.7151246205,"vs LY":-0.1981660529,"vs 3LM":-0.3515771421,"vs LM":-0.612480126}
{"szEmployeeId":17210032876,"szname":"Asman","Channel Group":"Wholesaler","Project":"ITG SC","CR on JKS":12," T.MTD":127763242.2936240435," A.MTD":102565480.1964109689," Gap MTD":-25197762.0972130559," LY":124437388.0859510005," 3LM":114106626.9968409836," LM":96152882.7717000097,"Ach":0.8027776875,"vs LY":-0.1757663691,"vs 3LM":-0.1011435278,"vs LM":0.0666916814}
{"szEmployeeId":17210032876,"szname":"Asman","Channel Group":"Wholesaler","Project":"MTI Reg","CR on JKS":1," T.MTD":6409035.2063407572," A.MTD":9694729.4028539974," Gap MTD":3285694.1965132402," LY":8062477.1221889984," 3LM":7043272.9987160033," LM":6862161.9054410001,"Ach":1.5126659615,"vs LY":0.2024504697,"vs 3LM":0.376452312,"vs LM":0.4127806275}
{"szEmployeeId":17210032876,"szname":"Asman","Channel Group":"Wholesaler","Project":"Retail Reg","CR on JKS":7," T.MTD":114752190.8596512675," A.MTD":84290897.6392010003," Gap MTD":-30461293.2204502746," LY":116370500.5113439858," 3LM":105878884.608534351," LM":109639026.7708470076,"Ach":0.7345471752,"vs LY":-0.2756678259,"vs 3LM":-0.2038932224,"vs LM":-0.2311962253}
{"szEmployeeId":17210032876,"szname":"Asman","Channel Group":"Wholesaler","Project":"Who Reg","CR on JKS":44," T.MTD":388026487.5907884836," A.MTD":215210277.5796160102," Gap MTD":-172816210.0111724138," LY":339341194.3170440197," 3LM":369892438.6484203935," LM":352104578.5196188688,"Ach":0.5546278011,"vs LY":-0.3657997285,"vs 3LM":-0.4181814628,"vs LM":-0.3887887556}
{"szEmployeeId":17210036369,"szname":"Muhammad Tamrin","Channel Group":"MTI","Project":"MTI Reg","CR on JKS":3," T.MTD":15600083.2906054687," A.MTD":10585037.4980869964," Gap MTD":-5015045.7925184714," LY":3546306.1941300002," 3LM":13756030.1231050044," LM":18533037.2243870012,"Ach":0.678524422,"vs LY":1.9848064207,"vs 3LM":-0.2305165514,"vs LM":-0.428855758}
{"szEmployeeId":17210036369,"szname":"Muhammad Tamrin","Channel Group":"Retail","Project":"ITG A\/B\/SC","CR on JKS":1," T.MTD":808250.4119097678," A.MTD":1015035.0596360001," Gap MTD":206784.6477262323," LY":0.0," 3LM":711906.8142636666," LM":0.0,"Ach":1.2558423042,"vs LY":1.0,"vs 3LM":0.4257976456,"vs LM":1.0}
{"szEmployeeId":17210036369,"szname":"Muhammad Tamrin","Channel Group":"Retail","Project":"ITG SC","CR on JKS":2," T.MTD":914866.5727902001," A.MTD":575315.229186," Gap MTD":-339551.3436042002," LY":472792.7636," 3LM":825375.3332706669," LM":1041081.015405,"Ach":0.6288515138,"vs LY":0.2168444052,"vs 3LM":-0.3029653226,"vs LM":-0.4473866868}
{"szEmployeeId":17210036369,"szname":"Muhammad Tamrin","Channel Group":"Retail","Project":"Retail Reg","CR on JKS":110," T.MTD":106647723.1024385244," A.MTD":95960515.2961720228," Gap MTD":-10687207.8062665369," LY":72385991.0703959912," 3LM":91510134.0928639621," LM":93021565.7328490168,"Ach":0.8997896299,"vs LY":0.3256779921,"vs 3LM":0.0486326596,"vs LM":0.0315942818}
{"szEmployeeId":17210036369,"szname":"Muhammad Tamrin","Channel Group":"Retail","Project":"Who Reg","CR on JKS":3," T.MTD":4682830.6028964603," A.MTD":4147261.5025189989," Gap MTD":-535569.1003774616," LY":2569723.2294279994," 3LM":4048906.314195333," LM":4126605.6991810002,"Ach":0.8856313316,"vs LY":0.6138942338,"vs 3LM":0.0242917916,"vs LM":0.005005519}
{"szEmployeeId":17210036369,"szname":"Muhammad Tamrin","Channel Group":"Wholesaler","Project":"ITG A","CR on JKS":2," T.MTD":40285502.9665091634," A.MTD":34273387.4417220056," Gap MTD":-6012115.5247871522," LY":46680659.3551580012," 3LM":35338417.9108743221," LM":34833082.7992469966,"Ach":0.850762307,"vs LY":-0.2657904169,"vs 3LM":-0.0301380348,"vs LM":-0.0160679249}
{"szEmployeeId":17210036369,"szname":"Muhammad Tamrin","Channel Group":"Wholesaler","Project":"ITG A\/B\/SC","CR on JKS":1," T.MTD":93492380.2785305232," A.MTD":90442378.0768699944," Gap MTD":-3050002.2016605288," LY":135963974.6450980008," 3LM":80707250.8285913169," LM":120010071.7236900032,"Ach":0.967376997,"vs LY":-0.3348063094,"vs 3LM":0.1206227092,"vs LM":-0.2463767684}
{"szEmployeeId":17210036369,"szname":"Muhammad Tamrin","Channel Group":"Wholesaler","Project":"ITG SC","CR on JKS":11," T.MTD":87940955.2706299424," A.MTD":85351711.8858200014," Gap MTD":-2589243.384809935," LY":119414915.5970370024," 3LM":76208844.9032710046," LM":75545591.5014870018,"Ach":0.9705570246,"vs LY":-0.2852508294,"vs 3LM":0.1199712054,"vs LM":0.1298040056}
{"szEmployeeId":17210036369,"szname":"Muhammad Tamrin","Channel Group":"Wholesaler","Project":"Retail Reg","CR on JKS":12," T.MTD":145687290.9390020072," A.MTD":68030201.2142040133," Gap MTD":-77657089.724797979," LY":60836745.3109370098," 3LM":126416834.981695652," LM":142933281.9721140265,"Ach":0.4669604382,"vs LY":0.1182419583,"vs 3LM":-0.4618580569,"vs LM":-0.5240422645}
{"szEmployeeId":17210036369,"szname":"Muhammad Tamrin",