{"Nama Depo":"Depo Tanjung","szEmployeeId":17210032876,"szname":"Asman","Tipe Salesman":"Sales Representative Wholesaler Arjuna","T.CA":48,"CA":2,"Ach CA":0.0416666667,"Gap CA":-46,"T.Sales":445000000,"Sales":15120267.5875150003,"Ach Sales":0.0339781294,"Gap Sales":-429879732.4124850035}
{"Nama Depo":"Depo Tanjung","szEmployeeId":17210036369,"szname":"Muhammad Tamrin","Tipe Salesman":"Sales Representative Wholesaler Bima","T.CA":48,"CA":1,"Ach CA":0.0208333333,"Gap CA":-47,"T.Sales":311000000,"Sales":922933.3372840001,"Ach Sales":0.0029676313,"Gap Sales":-310077066.6627159715}
{"Nama Depo":"Depo Tanjung","szEmployeeId":17210037897,"szname":"Hindra","Tipe Salesman":"Sales Representative Mix Yudistira","T.CA":48,"CA":0,"Ach CA":0.0,"Gap CA":-48,"T.Sales":300000000,"Sales":29099.099083,"Ach Sales":0.000096997,"Gap Sales":-299970900.9009169936}
{"Nama Depo":"Depo Tanjung","szEmployeeId":17210037632,"szname":"Robianor","Tipe Salesman":"Sales Representative Mix Yudistira","T.CA":48,"CA":0,"Ach CA":0.0,"Gap CA":-48,"T.Sales":300000000,"Sales":74685.58556,"Ach Sales":0.000248952,"Gap Sales":-299925314.4144399762}
{"Nama Depo":"Depo Tanjung","szEmployeeId":17210042412,"szname":"Muhammad Rizky Algifari","Tipe Salesman":"Sales Representative Mix Yudistira","T.CA":48,"CA":6,"Ach CA":0.125,"Gap CA":-42,"T.Sales":300000000,"Sales":4656165.8343670005,"Ach Sales":0.0155205528,"Gap Sales":-295343834.1656330228}
{"Nama Depo":"Depo Tanjung","szEmployeeId":17210041467,"szname":"Doli Purnama Sari","Tipe Salesman":"Sales Representative Retailer Arjuna","T.CA":70,"CA":1,"Ach CA":0.0142857143,"Gap CA":-69,"T.Sales":49000000,"Sales":308035.156725,"Ach Sales":0.0062864318,"Gap Sales":-48691964.8432750031}
{"Nama Depo":"Depo Tanjung","szEmployeeId":17210042423,"szname":"Siti Fatimah Hadijah","Tipe Salesman":"Sales Representative Retailer Bima","T.CA":70,"CA":0,"Ach CA":0.0,"Gap CA":-70,"T.Sales":40000000,"Sales":7030.630626,"Ach Sales":0.0001757658,"Gap Sales":-39992969.3693739995}
{"Nama Depo":"Depo Tanjung","szEmployeeId":17210036576,"szname":"Muhammad Yasir","Tipe Salesman":"SAC Mix Yudistira","T.CA":380,"CA":10,"Ach CA":0.0263157895,"Gap CA":-370,"T.Sales":1745000000,"Sales":21118217.2311600037,"Ach Sales":0.0121021302,"Gap Sales":-1723881782.7688400745}
