{"Nama Depo":"Depo Tanjung","szEmployeeId":17210032876,"szname":"Asman","Tipe Salesman":"Sales Representative Wholesaler Arjuna","T.CA":48,"CA":34,"Ach CA":0.7083333333,"Gap CA":-14,"T.Sales":445000000,"Sales":126657789.4047079235,"Ach Sales":0.2846242459,"Gap Sales":-318342210.5952920914}
{"Nama Depo":"Depo Tanjung","szEmployeeId":17210036369,"szname":"Muhammad Tamrin","Tipe Salesman":"Sales Representative Wholesaler Bima","T.CA":48,"CA":29,"Ach CA":0.6041666667,"Gap CA":-19,"T.Sales":311000000,"Sales":106377209.0830989629,"Ach Sales":0.3420489038,"Gap Sales":-204622790.916901052}
{"Nama Depo":"Depo Tanjung","szEmployeeId":17210037897,"szname":"Hindra","Tipe Salesman":"Sales Representative Mix Yudistira","T.CA":48,"CA":24,"Ach CA":0.5,"Gap CA":-24,"T.Sales":300000000,"Sales":101374254.1716198921,"Ach Sales":0.3379141806,"Gap Sales":-198625745.8283801079}
{"Nama Depo":"Depo Tanjung","szEmployeeId":17210037632,"szname":"Robianor","Tipe Salesman":"Sales Representative Mix Yudistira","T.CA":48,"CA":23,"Ach CA":0.4791666667,"Gap CA":-25,"T.Sales":300000000,"Sales":134678112.7060709,"Ach Sales":0.4489270424,"Gap Sales":-165321887.2939291}
{"Nama Depo":"Depo Tanjung","szEmployeeId":17210042412,"szname":"Muhammad Rizky Algifari","Tipe Salesman":"Sales Representative Mix Yudistira","T.CA":48,"CA":33,"Ach CA":0.6875,"Gap CA":-15,"T.Sales":300000000,"Sales":84891863.3340379596,"Ach Sales":0.2829728778,"Gap Sales":-215108136.6659620404}
{"Nama Depo":"Depo Tanjung","szEmployeeId":17210041467,"szname":"Doli Purnama Sari","Tipe Salesman":"Sales Representative Retailer Arjuna","T.CA":70,"CA":24,"Ach CA":0.3428571429,"Gap CA":-46,"T.Sales":49000000,"Sales":8092077.805978002,"Ach Sales":0.165144445,"Gap Sales":-40907922.1940219998}
{"Nama Depo":"Depo Tanjung","szEmployeeId":17210042423,"szname":"Siti Fatimah Hadijah","Tipe Salesman":"Sales Representative Retailer Bima","T.CA":70,"CA":28,"Ach CA":0.4,"Gap CA":-42,"T.Sales":40000000,"Sales":9513721.8490680028,"Ach Sales":0.2378430462,"Gap Sales":-30486278.1509319991}
{"Nama Depo":"Depo Tanjung","szEmployeeId":17210036576,"szname":"Muhammad Yasir","Tipe Salesman":"SAC Mix Yudistira","T.CA":380,"CA":195,"Ach CA":0.5131578947,"Gap CA":-185,"T.Sales":1745000000,"Sales":571585028.3545817137,"Ach Sales":0.3275558902,"Gap Sales":-1173414971.6454181671}
