{"Nama Depo":"Depo Tanjung","szEmployeeId":17210032876,"szname":"Asman","Tipe Salesman":"Sales Representative Wholesaler Arjuna","T.CA":48,"CA":47,"Ach CA":0.9791666667,"Gap CA":-1,"T.Sales":445000000,"Sales":359791403.1762473583,"Ach Sales":0.8085200071,"Gap Sales":-85208596.8237526417}
{"Nama Depo":"Depo Tanjung","szEmployeeId":17210036369,"szname":"Muhammad Tamrin","Tipe Salesman":"Sales Representative Wholesaler Bima","T.CA":48,"CA":44,"Ach CA":0.9166666667,"Gap CA":-4,"T.Sales":311000000,"Sales":231928805.5770930052,"Ach Sales":0.7457517864,"Gap Sales":-79071194.4229069948}
{"Nama Depo":"Depo Tanjung","szEmployeeId":17210037897,"szname":"Hindra","Tipe Salesman":"Sales Representative Mix Yudistira","T.CA":48,"CA":42,"Ach CA":0.875,"Gap CA":-6,"T.Sales":300000000,"Sales":434701485.9668508172,"Ach Sales":1.4490049532,"Gap Sales":134701485.9668508172}
{"Nama Depo":"Depo Tanjung","szEmployeeId":17210037632,"szname":"Robianor","Tipe Salesman":"Sales Representative Mix Yudistira","T.CA":48,"CA":33,"Ach CA":0.6875,"Gap CA":-15,"T.Sales":300000000,"Sales":349762286.093978405,"Ach Sales":1.165874287,"Gap Sales":49762286.093978405}
{"Nama Depo":"Depo Tanjung","szEmployeeId":17210042412,"szname":"Muhammad Rizky Algifari","Tipe Salesman":"Sales Representative Mix Yudistira","T.CA":48,"CA":42,"Ach CA":0.875,"Gap CA":-6,"T.Sales":300000000,"Sales":204984496.7961709797,"Ach Sales":0.683281656,"Gap Sales":-95015503.2038290203}
{"Nama Depo":"Depo Tanjung","szEmployeeId":17210041467,"szname":"Doli Purnama Sari","Tipe Salesman":"Sales Representative Retailer Arjuna","T.CA":70,"CA":37,"Ach CA":0.5285714286,"Gap CA":-33,"T.Sales":49000000,"Sales":20900589.0256809816,"Ach Sales":0.4265426332,"Gap Sales":-28099410.9743190184}
{"Nama Depo":"Depo Tanjung","szEmployeeId":17210042423,"szname":"Siti Fatimah Hadijah","Tipe Salesman":"Sales Representative Retailer Bima","T.CA":70,"CA":48,"Ach CA":0.6857142857,"Gap CA":-22,"T.Sales":40000000,"Sales":21144771.0153560042,"Ach Sales":0.5286192754,"Gap Sales":-18855228.9846439958}
{"Nama Depo":"Depo Tanjung","szEmployeeId":17210036576,"szname":"Muhammad Yasir","Tipe Salesman":"SAC Mix Yudistira","T.CA":380,"CA":293,"Ach CA":0.7710526316,"Gap CA":-87,"T.Sales":1745000000,"Sales":1623213837.6513776779,"Ach Sales":0.930208503,"Gap Sales":-121786162.3486223221}
