{"Nama Depo":"Depo Tanjung","szEmployeeId":17210032876,"szname":"Asman","Tipe Salesman":"Sales Representative Wholesaler Arjuna","T.CA":48,"CA":22,"Ach CA":0.4583333333,"Gap CA":-26,"T.Sales":445000000,"Sales":96889418.2180539668,"Ach Sales":0.2177290297,"Gap Sales":-348110581.781946063}
{"Nama Depo":"Depo Tanjung","szEmployeeId":17210036369,"szname":"Muhammad Tamrin","Tipe Salesman":"Sales Representative Wholesaler Bima","T.CA":48,"CA":16,"Ach CA":0.3333333333,"Gap CA":-32,"T.Sales":311000000,"Sales":44510747.7831780016,"Ach Sales":0.1431213755,"Gap Sales":-266489252.2168219984}
{"Nama Depo":"Depo Tanjung","szEmployeeId":17210037897,"szname":"Hindra","Tipe Salesman":"Sales Representative Mix Yudistira","T.CA":48,"CA":17,"Ach CA":0.3541666667,"Gap CA":-31,"T.Sales":300000000,"Sales":95864099.2713259608,"Ach Sales":0.3195469976,"Gap Sales":-204135900.7286740541}
{"Nama Depo":"Depo Tanjung","szEmployeeId":17210037632,"szname":"Robianor","Tipe Salesman":"Sales Representative Mix Yudistira","T.CA":48,"CA":14,"Ach CA":0.2916666667,"Gap CA":-34,"T.Sales":300000000,"Sales":49408603.7637390196,"Ach Sales":0.1646953459,"Gap Sales":-250591396.2362609804}
{"Nama Depo":"Depo Tanjung","szEmployeeId":17210042412,"szname":"Muhammad Rizky Algifari","Tipe Salesman":"Sales Representative Mix Yudistira","T.CA":48,"CA":14,"Ach CA":0.2916666667,"Gap CA":-34,"T.Sales":300000000,"Sales":24453366.8357130066,"Ach Sales":0.0815112228,"Gap Sales":-275546633.1642869711}
{"Nama Depo":"Depo Tanjung","szEmployeeId":17210041467,"szname":"Doli Purnama Sari","Tipe Salesman":"Sales Representative Retailer Arjuna","T.CA":70,"CA":17,"Ach CA":0.2428571429,"Gap CA":-53,"T.Sales":49000000,"Sales":6536996.4736230001,"Ach Sales":0.1334080913,"Gap Sales":-42463003.5263769999}
{"Nama Depo":"Depo Tanjung","szEmployeeId":17210042423,"szname":"Siti Fatimah Hadijah","Tipe Salesman":"Sales Representative Retailer Bima","T.CA":70,"CA":21,"Ach CA":0.3,"Gap CA":-49,"T.Sales":40000000,"Sales":7145852.4399239952,"Ach Sales":0.178646311,"Gap Sales":-32854147.5600760058}
{"Nama Depo":"Depo Tanjung","szEmployeeId":17210036576,"szname":"Muhammad Yasir","Tipe Salesman":"SAC Mix Yudistira","T.CA":380,"CA":121,"Ach CA":0.3184210526,"Gap CA":-259,"T.Sales":1745000000,"Sales":324809084.785556972,"Ach Sales":0.1861370113,"Gap Sales":-1420190915.2144429684}
