{"Nama Depo":"Depo Tanjung","szEmployeeId":17210032876,"szname":"Asman","Tipe Salesman":"Sales Representative Wholesaler Arjuna","T.CA":48,"CA":21,"Ach CA":0.4375,"Gap CA":-27,"T.Sales":445000000,"Sales":87288175.8257209659,"Ach Sales":0.1961532041,"Gap Sales":-357711824.1742790341}
{"Nama Depo":"Depo Tanjung","szEmployeeId":17210036369,"szname":"Muhammad Tamrin","Tipe Salesman":"Sales Representative Wholesaler Bima","T.CA":48,"CA":17,"Ach CA":0.3541666667,"Gap CA":-31,"T.Sales":311000000,"Sales":43451237.9127190039,"Ach Sales":0.1397145914,"Gap Sales":-267548762.0872809887}
{"Nama Depo":"Depo Tanjung","szEmployeeId":17210037897,"szname":"Hindra","Tipe Salesman":"Sales Representative Mix Yudistira","T.CA":48,"CA":13,"Ach CA":0.2708333333,"Gap CA":-35,"T.Sales":300000000,"Sales":51705568.4968590066,"Ach Sales":0.172351895,"Gap Sales":-248294431.503140986}
{"Nama Depo":"Depo Tanjung","szEmployeeId":17210037632,"szname":"Robianor","Tipe Salesman":"Sales Representative Mix Yudistira","T.CA":48,"CA":11,"Ach CA":0.2291666667,"Gap CA":-37,"T.Sales":300000000,"Sales":40426823.5271819904,"Ach Sales":0.1347560784,"Gap Sales":-259573176.472818017}
{"Nama Depo":"Depo Tanjung","szEmployeeId":17210042412,"szname":"Muhammad Rizky Algifari","Tipe Salesman":"Sales Representative Mix Yudistira","T.CA":48,"CA":22,"Ach CA":0.4583333333,"Gap CA":-26,"T.Sales":300000000,"Sales":35938113.6211620197,"Ach Sales":0.1197937121,"Gap Sales":-264061886.3788379729}
{"Nama Depo":"Depo Tanjung","szEmployeeId":17210041467,"szname":"Doli Purnama Sari","Tipe Salesman":"Sales Representative Retailer Arjuna","T.CA":70,"CA":8,"Ach CA":0.1142857143,"Gap CA":-62,"T.Sales":49000000,"Sales":3473863.2010480007,"Ach Sales":0.0708951674,"Gap Sales":-45526136.7989519984}
{"Nama Depo":"Depo Tanjung","szEmployeeId":17210042423,"szname":"Siti Fatimah Hadijah","Tipe Salesman":"Sales Representative Retailer Bima","T.CA":70,"CA":10,"Ach CA":0.1428571429,"Gap CA":-60,"T.Sales":40000000,"Sales":3699919.9295279989,"Ach Sales":0.0924979982,"Gap Sales":-36300080.070472002}
{"Nama Depo":"Depo Tanjung","szEmployeeId":17210036576,"szname":"Muhammad Yasir","Tipe Salesman":"SAC Mix Yudistira","T.CA":380,"CA":102,"Ach CA":0.2684210526,"Gap CA":-278,"T.Sales":1745000000,"Sales":265983702.514218986,"Ach Sales":0.1524261906,"Gap Sales":-1479016297.4857809544}
