{"Nama Depo":"Depo Tanjung","szEmployeeId":17210032876,"szname":"Asman","Tipe Salesman":"Sales Representative Wholesaler Arjuna","T.CA":48,"CA":29,"Ach CA":0.6041666667,"Gap CA":-19,"T.Sales":445000000,"Sales":282237817.1998181939,"Ach Sales":0.6342422858,"Gap Sales":-162762182.8001818061}
{"Nama Depo":"Depo Tanjung","szEmployeeId":17210036369,"szname":"Muhammad Tamrin","Tipe Salesman":"Sales Representative Wholesaler Bima","T.CA":48,"CA":20,"Ach CA":0.4166666667,"Gap CA":-28,"T.Sales":311000000,"Sales":160271249.6035019457,"Ach Sales":0.5153416386,"Gap Sales":-150728750.3964980543}
{"Nama Depo":"Depo Tanjung","szEmployeeId":17210037897,"szname":"Hindra","Tipe Salesman":"Sales Representative Mix Yudistira","T.CA":48,"CA":28,"Ach CA":0.5833333333,"Gap CA":-20,"T.Sales":300000000,"Sales":181259149.6215749979,"Ach Sales":0.6041971654,"Gap Sales":-118740850.3784250021}
{"Nama Depo":"Depo Tanjung","szEmployeeId":17210037632,"szname":"Robianor","Tipe Salesman":"Sales Representative Mix Yudistira","T.CA":48,"CA":25,"Ach CA":0.5208333333,"Gap CA":-23,"T.Sales":300000000,"Sales":189107379.635081023,"Ach Sales":0.6303579321,"Gap Sales":-110892620.364918977}
{"Nama Depo":"Depo Tanjung","szEmployeeId":17210042412,"szname":"Muhammad Rizky Algifari","Tipe Salesman":"Sales Representative Mix Yudistira","T.CA":48,"CA":30,"Ach CA":0.625,"Gap CA":-18,"T.Sales":300000000,"Sales":50798496.744802013,"Ach Sales":0.1693283225,"Gap Sales":-249201503.2551980019}
{"Nama Depo":"Depo Tanjung","szEmployeeId":17210041467,"szname":"Doli Purnama Sari","Tipe Salesman":"Sales Representative Retailer Arjuna","T.CA":70,"CA":65,"Ach CA":0.9285714286,"Gap CA":-5,"T.Sales":49000000,"Sales":21496617.6652610116,"Ach Sales":0.438706483,"Gap Sales":-27503382.3347389884}
{"Nama Depo":"Depo Tanjung","szEmployeeId":17210042423,"szname":"Siti Fatimah Hadijah","Tipe Salesman":"Sales Representative Retailer Bima","T.CA":70,"CA":61,"Ach CA":0.8714285714,"Gap CA":-9,"T.Sales":40000000,"Sales":16951153.0109829977,"Ach Sales":0.4237788253,"Gap Sales":-23048846.9890170023}
{"Nama Depo":"Depo Tanjung","szEmployeeId":17210036576,"szname":"Muhammad Yasir","Tipe Salesman":"SAC Mix Yudistira","T.CA":380,"CA":258,"Ach CA":0.6789473684,"Gap CA":-122,"T.Sales":1745000000,"Sales":902121863.4810222387,"Ach Sales":0.5169752799,"Gap Sales":-842878136.5189777613}
