{"Nama Depo":"Depo Tanjung","szEmployeeId":17210032876,"szname":"Asman","Tipe Salesman":"Sales Representative Wholesaler Arjuna","T.CA":48,"CA":46,"Ach CA":0.9583333333,"Gap CA":-2,"T.Sales":445000000,"Sales":304579268.7942389846,"Ach Sales":0.684447795,"Gap Sales":-140420731.2057610154}
{"Nama Depo":"Depo Tanjung","szEmployeeId":17210036369,"szname":"Muhammad Tamrin","Tipe Salesman":"Sales Representative Wholesaler Bima","T.CA":48,"CA":44,"Ach CA":0.9166666667,"Gap CA":-4,"T.Sales":311000000,"Sales":203362895.6208502352,"Ach Sales":0.6538999859,"Gap Sales":-107637104.3791497648}
{"Nama Depo":"Depo Tanjung","szEmployeeId":17210037897,"szname":"Hindra","Tipe Salesman":"Sales Representative Mix Yudistira","T.CA":48,"CA":40,"Ach CA":0.8333333333,"Gap CA":-8,"T.Sales":300000000,"Sales":321589554.4913338423,"Ach Sales":1.0719651816,"Gap Sales":21589554.4913338423}
{"Nama Depo":"Depo Tanjung","szEmployeeId":17210037632,"szname":"Robianor","Tipe Salesman":"Sales Representative Mix Yudistira","T.CA":48,"CA":31,"Ach CA":0.6458333333,"Gap CA":-17,"T.Sales":300000000,"Sales":223010533.7900273502,"Ach Sales":0.743368446,"Gap Sales":-76989466.2099726498}
{"Nama Depo":"Depo Tanjung","szEmployeeId":17210042412,"szname":"Muhammad Rizky Algifari","Tipe Salesman":"Sales Representative Mix Yudistira","T.CA":48,"CA":42,"Ach CA":0.875,"Gap CA":-6,"T.Sales":300000000,"Sales":168668031.9166561067,"Ach Sales":0.5622267731,"Gap Sales":-131331968.0833438933}
{"Nama Depo":"Depo Tanjung","szEmployeeId":17210041467,"szname":"Doli Purnama Sari","Tipe Salesman":"Sales Representative Retailer Arjuna","T.CA":70,"CA":37,"Ach CA":0.5285714286,"Gap CA":-33,"T.Sales":49000000,"Sales":18355450.1667199768,"Ach Sales":0.3746010238,"Gap Sales":-30644549.8332800232}
{"Nama Depo":"Depo Tanjung","szEmployeeId":17210042423,"szname":"Siti Fatimah Hadijah","Tipe Salesman":"Sales Representative Retailer Bima","T.CA":70,"CA":47,"Ach CA":0.6714285714,"Gap CA":-23,"T.Sales":40000000,"Sales":18616840.2600920051,"Ach Sales":0.4654210065,"Gap Sales":-21383159.7399079949}
{"Nama Depo":"Depo Tanjung","szEmployeeId":17210036576,"szname":"Muhammad Yasir","Tipe Salesman":"SAC Mix Yudistira","T.CA":380,"CA":287,"Ach CA":0.7552631579,"Gap CA":-93,"T.Sales":1745000000,"Sales":1258182575.0399184227,"Ach Sales":0.721021533,"Gap Sales":-486817424.9600815773}
