{"Nama Depo":"Depo Tanjung","szEmployeeId":17210032876,"szname":"Asman","Tipe Salesman":"Sales Representative Wholesaler Arjuna","T.CA":48,"CA":46,"Ach CA":0.9583333333,"Gap CA":-2,"T.Sales":445000000,"Sales":317517838.2746319771,"Ach Sales":0.7135232321,"Gap Sales":-127482161.7253680229}
{"Nama Depo":"Depo Tanjung","szEmployeeId":17210036369,"szname":"Muhammad Tamrin","Tipe Salesman":"Sales Representative Wholesaler Bima","T.CA":48,"CA":44,"Ach CA":0.9166666667,"Gap CA":-4,"T.Sales":311000000,"Sales":205491079.4213809669,"Ach Sales":0.6607430206,"Gap Sales":-105508920.5786190331}
{"Nama Depo":"Depo Tanjung","szEmployeeId":17210037897,"szname":"Hindra","Tipe Salesman":"Sales Representative Mix Yudistira","T.CA":48,"CA":42,"Ach CA":0.875,"Gap CA":-6,"T.Sales":300000000,"Sales":359622801.2424618006,"Ach Sales":1.1987426708,"Gap Sales":59622801.2424618006}
{"Nama Depo":"Depo Tanjung","szEmployeeId":17210037632,"szname":"Robianor","Tipe Salesman":"Sales Representative Mix Yudistira","T.CA":48,"CA":31,"Ach CA":0.6458333333,"Gap CA":-17,"T.Sales":300000000,"Sales":253255402.2430123687,"Ach Sales":0.8441846741,"Gap Sales":-46744597.7569876313}
{"Nama Depo":"Depo Tanjung","szEmployeeId":17210042412,"szname":"Muhammad Rizky Algifari","Tipe Salesman":"Sales Representative Mix Yudistira","T.CA":48,"CA":42,"Ach CA":0.875,"Gap CA":-6,"T.Sales":300000000,"Sales":179619767.9120067656,"Ach Sales":0.5987325597,"Gap Sales":-120380232.0879932344}
{"Nama Depo":"Depo Tanjung","szEmployeeId":17210041467,"szname":"Doli Purnama Sari","Tipe Salesman":"Sales Representative Retailer Arjuna","T.CA":70,"CA":37,"Ach CA":0.5285714286,"Gap CA":-33,"T.Sales":49000000,"Sales":19612707.9126949832,"Ach Sales":0.4002593452,"Gap Sales":-29387292.0873050168}
{"Nama Depo":"Depo Tanjung","szEmployeeId":17210042423,"szname":"Siti Fatimah Hadijah","Tipe Salesman":"Sales Representative Retailer Bima","T.CA":70,"CA":47,"Ach CA":0.6714285714,"Gap CA":-23,"T.Sales":40000000,"Sales":19482781.7602479942,"Ach Sales":0.487069544,"Gap Sales":-20517218.2397520058}
{"Nama Depo":"Depo Tanjung","szEmployeeId":17210036576,"szname":"Muhammad Yasir","Tipe Salesman":"SAC Mix Yudistira","T.CA":380,"CA":289,"Ach CA":0.7605263158,"Gap CA":-91,"T.Sales":1745000000,"Sales":1354602378.7664368153,"Ach Sales":0.7762764348,"Gap Sales":-390397621.2335631847}
