{"Nama Depo":"Depo Tanjung","szEmployeeId":17210032876,"szname":"Asman","Tipe Salesman":"Sales Representative Wholesaler Arjuna","T.CA":48,"CA":25,"Ach CA":0.5208333333,"Gap CA":-23,"T.Sales":445000000,"Sales":139997007.3078429103,"Ach Sales":0.3146000164,"Gap Sales":-305002992.6921570897}
{"Nama Depo":"Depo Tanjung","szEmployeeId":17210036369,"szname":"Muhammad Tamrin","Tipe Salesman":"Sales Representative Wholesaler Bima","T.CA":48,"CA":16,"Ach CA":0.3333333333,"Gap CA":-32,"T.Sales":311000000,"Sales":45022769.4047660083,"Ach Sales":0.1447677473,"Gap Sales":-265977230.5952339768}
{"Nama Depo":"Depo Tanjung","szEmployeeId":17210037897,"szname":"Hindra","Tipe Salesman":"Sales Representative Mix Yudistira","T.CA":48,"CA":20,"Ach CA":0.4166666667,"Gap CA":-28,"T.Sales":300000000,"Sales":113707153.2500809729,"Ach Sales":0.3790238442,"Gap Sales":-186292846.7499190271}
{"Nama Depo":"Depo Tanjung","szEmployeeId":17210037632,"szname":"Robianor","Tipe Salesman":"Sales Representative Mix Yudistira","T.CA":48,"CA":15,"Ach CA":0.3125,"Gap CA":-33,"T.Sales":300000000,"Sales":89258111.933575049,"Ach Sales":0.2975270398,"Gap Sales":-210741888.0664249659}
{"Nama Depo":"Depo Tanjung","szEmployeeId":17210042412,"szname":"Muhammad Rizky Algifari","Tipe Salesman":"Sales Representative Mix Yudistira","T.CA":48,"CA":18,"Ach CA":0.375,"Gap CA":-30,"T.Sales":300000000,"Sales":28399710.0672279969,"Ach Sales":0.0946657002,"Gap Sales":-271600289.9327719808}
{"Nama Depo":"Depo Tanjung","szEmployeeId":17210041467,"szname":"Doli Purnama Sari","Tipe Salesman":"Sales Representative Retailer Arjuna","T.CA":70,"CA":25,"Ach CA":0.3571428571,"Gap CA":-45,"T.Sales":49000000,"Sales":8263380.3554410031,"Ach Sales":0.1686404154,"Gap Sales":-40736619.644558996}
{"Nama Depo":"Depo Tanjung","szEmployeeId":17210042423,"szname":"Siti Fatimah Hadijah","Tipe Salesman":"Sales Representative Retailer Bima","T.CA":70,"CA":30,"Ach CA":0.4285714286,"Gap CA":-40,"T.Sales":40000000,"Sales":9260146.2657019962,"Ach Sales":0.2315036566,"Gap Sales":-30739853.7342980057}
{"Nama Depo":"Depo Tanjung","szEmployeeId":17210036576,"szname":"Muhammad Yasir","Tipe Salesman":"SAC Mix Yudistira","T.CA":380,"CA":149,"Ach CA":0.3921052632,"Gap CA":-231,"T.Sales":1745000000,"Sales":433908278.5846359134,"Ach Sales":0.2486580393,"Gap Sales":-1311091721.415364027}
