{"Nama Depo":"Depo Tanjung","szEmployeeId":17210032876,"szname":"Asman","Tipe Salesman":"Sales Representative Wholesaler Arjuna","T.CA":48,"CA":5,"Ach CA":0.1041666667,"Gap CA":-43,"T.Sales":445000000,"Sales":1849459.5,"Ach Sales":0.0041560888,"Gap Sales":-443150540.5}
{"Nama Depo":"Depo Tanjung","szEmployeeId":17210036369,"szname":"Muhammad Tamrin","Tipe Salesman":"Sales Representative Wholesaler Bima","T.CA":48,"CA":4,"Ach CA":0.0833333333,"Gap CA":-44,"T.Sales":311000000,"Sales":1362222.5191880001,"Ach Sales":0.0043801367,"Gap Sales":-309637777.4808120131}
{"Nama Depo":"Depo Tanjung","szEmployeeId":17210037897,"szname":"Hindra","Tipe Salesman":"Sales Representative Mix Yudistira","T.CA":48,"CA":3,"Ach CA":0.0625,"Gap CA":-45,"T.Sales":300000000,"Sales":6283905.3884429988,"Ach Sales":0.0209463513,"Gap Sales":-293716094.6115570068}
{"Nama Depo":"Depo Tanjung","szEmployeeId":17210037632,"szname":"Robianor","Tipe Salesman":"Sales Representative Mix Yudistira","T.CA":48,"CA":2,"Ach CA":0.0416666667,"Gap CA":-46,"T.Sales":300000000,"Sales":2978901.7785910019,"Ach Sales":0.0099296726,"Gap Sales":-297021098.2214090228}
{"Nama Depo":"Depo Tanjung","szEmployeeId":17210042412,"szname":"Muhammad Rizky Algifari","Tipe Salesman":"Sales Representative Mix Yudistira","T.CA":48,"CA":4,"Ach CA":0.0833333333,"Gap CA":-44,"T.Sales":300000000,"Sales":1542439.6735719997,"Ach Sales":0.0051414656,"Gap Sales":-298457560.3264279962}
{"Nama Depo":"Depo Tanjung","szEmployeeId":17210041467,"szname":"Doli Purnama Sari","Tipe Salesman":"Sales Representative Retailer Arjuna","T.CA":70,"CA":2,"Ach CA":0.0285714286,"Gap CA":-68,"T.Sales":49000000,"Sales":452657.6766500002,"Ach Sales":0.0092379118,"Gap Sales":-48547342.3233499974}
{"Nama Depo":"Depo Tanjung","szEmployeeId":17210042423,"szname":"Siti Fatimah Hadijah","Tipe Salesman":"Sales Representative Retailer Bima","T.CA":70,"CA":3,"Ach CA":0.0428571429,"Gap CA":-67,"T.Sales":40000000,"Sales":553674.82368,"Ach Sales":0.0138418706,"Gap Sales":-39446325.1763200015}
{"Nama Depo":"Depo Tanjung","szEmployeeId":17210036576,"szname":"Muhammad Yasir","Tipe Salesman":"SAC Mix Yudistira","T.CA":380,"CA":23,"Ach CA":0.0605263158,"Gap CA":-357,"T.Sales":1745000000,"Sales":15023261.3601240013,"Ach Sales":0.0086093188,"Gap Sales":-1729976738.6398758888}
