{"Nama Depo":"Depo Tanjung","szEmployeeId":17210032876,"szname":"Asman","Tipe Salesman":"Sales Representative Wholesaler Arjuna","T.CA":48,"CA":5,"Ach CA":0.1041666667,"Gap CA":-43,"T.Sales":445000000,"Sales":23639000.010462001,"Ach Sales":0.0531213483,"Gap Sales":-421360999.9895380139}
{"Nama Depo":"Depo Tanjung","szEmployeeId":17210036369,"szname":"Muhammad Tamrin","Tipe Salesman":"Sales Representative Wholesaler Bima","T.CA":48,"CA":1,"Ach CA":0.0208333333,"Gap CA":-47,"T.Sales":311000000,"Sales":1713971.1750990001,"Ach Sales":0.0055111613,"Gap Sales":-309286028.8249009848}
{"Nama Depo":"Depo Tanjung","szEmployeeId":17210037897,"szname":"Hindra","Tipe Salesman":"Sales Representative Mix Yudistira","T.CA":48,"CA":2,"Ach CA":0.0416666667,"Gap CA":-46,"T.Sales":300000000,"Sales":5419880.1517380001,"Ach Sales":0.0180662672,"Gap Sales":-294580119.848262012}
{"Nama Depo":"Depo Tanjung","szEmployeeId":17210037632,"szname":"Robianor","Tipe Salesman":"Sales Representative Mix Yudistira","T.CA":48,"CA":0,"Ach CA":0.0,"Gap CA":-48,"T.Sales":300000000,"Sales":1157874.774648,"Ach Sales":0.0038595826,"Gap Sales":-298842125.2253519893}
{"Nama Depo":"Depo Tanjung","szEmployeeId":17210042412,"szname":"Muhammad Rizky Algifari","Tipe Salesman":"Sales Representative Mix Yudistira","T.CA":48,"CA":11,"Ach CA":0.2291666667,"Gap CA":-37,"T.Sales":300000000,"Sales":15447230.6856389977,"Ach Sales":0.051490769,"Gap Sales":-284552769.3143609762}
{"Nama Depo":"Depo Tanjung","szEmployeeId":17210041467,"szname":"Doli Purnama Sari","Tipe Salesman":"Sales Representative Retailer Arjuna","T.CA":70,"CA":1,"Ach CA":0.0142857143,"Gap CA":-69,"T.Sales":49000000,"Sales":360432.4539910001,"Ach Sales":0.0073557644,"Gap Sales":-48639567.5460089967}
{"Nama Depo":"Depo Tanjung","szEmployeeId":17210042423,"szname":"Siti Fatimah Hadijah","Tipe Salesman":"Sales Representative Retailer Bima","T.CA":70,"CA":3,"Ach CA":0.0428571429,"Gap CA":-67,"T.Sales":40000000,"Sales":560281.992321,"Ach Sales":0.0140070498,"Gap Sales":-39439718.0076790005}
{"Nama Depo":"Depo Tanjung","szEmployeeId":17210036576,"szname":"Muhammad Yasir","Tipe Salesman":"SAC Mix Yudistira","T.CA":380,"CA":23,"Ach CA":0.0605263158,"Gap CA":-357,"T.Sales":1745000000,"Sales":48298671.2438979968,"Ach Sales":0.0276783216,"Gap Sales":-1696701328.7561020851}
