{"Nama Depo":"Depo Tanjung","szEmployeeId":17210032876.0,"szname":"Asman","Tipe Salesman":"Sales Representative Wholesaler Arjuna","T.CR":120.0,"A.CR":141.0,"Ach_CR":1.175,"A.CA":131.0,"Ach_CA":0.9290780142,"T.PC":17.0,"A.PC":19.7391304348,"Ach_PC":1.1611253197,"T.AC":19.7391304348,"A.AC":18.7391304348,"Ach_AC":0.949339207,"T.EC":14.8043478261,"A.EC":15.9090909091,"Ach_EC":1.0746228808,"T.ET":14.0641304348,"A.ET":14.7391304348,"Ach_ET":1.0479944354,"T.AvgSKU":26.0,"A.AvgSKU":22.1450381679,"Strata":"-","T.CAProdW":124.0,"A.CAProdW":89.0,"Ach_CAProdW":0.7177419355,"T.CAProdR":4.0,"A.CAProdR":0.0,"Ach_CAProdR":0.0,"T.CAProdM":13.0,"A.CAProdM":9.0,"Ach_CAProdM":0.6923076923,"Ach_CAProdAll":0.695035461,"T.GPFood":1200.0,"A.GPFood":1684.0,"Ach_GPFood":1.4033333333,"T.GPOthers":0.0,"A.GPOthers":0.0,"Ach_GPOthers":0.0,"AR_Coll":0.8813832823,"Gap_GPFood":484.0,"Gap_GPOthers":0.0,"T.GS":26.0,"A.GS":16.0,"Ach_GS":0.6153846154,"Strata_GS":0.0,"EC_Ins":0.935828877,"CR Pasif":-10.0,"Loss Pasif":-44834899.5633295178,"Gap TG":-0.0232564395}
{"Nama Depo":"Depo Tanjung","szEmployeeId":17210036369.0,"szname":"Muhammad Tamrin","Tipe Salesman":"Sales Representative Wholesaler Bima","T.CR":220.0,"A.CR":150.0,"Ach_CR":0.6818181818,"A.CA":141.0,"Ach_CA":0.94,"T.PC":19.0,"A.PC":20.7391304348,"Ach_PC":1.0915331808,"T.AC":20.7391304348,"A.AC":19.7391304348,"Ach_AC":0.9517819706,"T.EC":15.5543478261,"A.EC":15.7727272727,"Ach_EC":1.0140397688,"T.ET":14.7766304348,"A.ET":14.2173913043,"Ach_ET":0.9621538122,"T.AvgSKU":12.0,"A.AvgSKU":10.0638297872,"Strata":"-","T.CAProdW":130.0,"A.CAProdW":81.0,"Ach_CAProdW":0.6230769231,"T.CAProdR":4.0,"A.CAProdR":1.0,"Ach_CAProdR":0.25,"T.CAProdM":13.0,"A.CAProdM":8.0,"Ach_CAProdM":0.6153846154,"Ach_CAProdAll":0.612244898,"T.GPFood":0.0,"A.GPFood":261.0,"Ach_GPFood":0.0,"T.GPOthers":0.0,"A.GPOthers":306.0,"Ach_GPOthers":0.0,"AR_Coll":0.889525979,"Gap_GPFood":0.0,"Gap_GPOthers":0.0,"T.GS":26.0,"A.GS":20.0,"Ach_GS":0.7692307692,"Strata_GS":2.0,"EC_Ins":0.8301435407,"CR Pasif":-9.0,"Loss Pasif":-30349818.7276290581,"Gap TG":-0.0683718679}
{"Nama Depo":"Depo Tanjung","szEmployeeId":17210037897.0,"szname":"Hindra","Tipe Salesman":"Sales Representative Mix Yudistira","T.CR":150.0,"A.CR":195.0,"Ach_CR":1.3,"A.CA":177.0,"Ach_CA":0.9076923077,"T.PC":25.0,"A.PC":24.3043478261,"Ach_PC":0.972173913,"T.AC":24.3043478261,"A.AC":23.2173913043,"Ach_AC":0.9552772809,"T.EC":18.2282608696,"A.EC":18.6818181818,"Ach_EC":1.0248820946,"T.ET":17.3168478261,"A.ET":17.2173913043,"Ach_ET":0.9942566613,"T.AvgSKU":26.0,"A.AvgSKU":22.3502824859,"Strata":"-","T.CAProdW":61.0,"A.CAProdW":52.0,"Ach_CAProdW":0.8524590164,"T.CAProdR":128.0,"A.CAProdR":86.0,"Ach_CAProdR":0.671875,"T.CAProdM":4.0,"A.CAProdM":4.0,"Ach_CAProdM":1.0,"Ach_CAProdAll":0.7357512953,"T.GPFood":920.0,"A.GPFood":1773.0,"Ach_GPFood":1.927173913,"T.GPOthers":300.0,"A.GPOthers":263.0,"Ach_GPOthers":0.8766666667,"AR_Coll":0.9396041009,"Gap_GPFood":853.0,"Gap_GPOthers":0.0,"T.GS":23.0,"A.GS":56.0,"Ach_GS":2.4347826087,"Strata_GS":4.0,"EC_Ins":0.7472727273,"CR Pasif":-18.0,"Loss Pasif":-5844163.8403625516,"Gap TG":0.0158834151}
{"Nama Depo":"Depo Tanjung","szEmployeeId":17210037632.0,"szname":"Robianor","Tipe Salesman":"Sales Representative Mix Yudistira","T.CR":150.0,"A.CR":195.0,"Ach_CR":1.3,"A.CA":181.0,"Ach_CA":0.9282051282,"T.PC":25.0,"A.PC":25.0434782609,"Ach_PC":1.0017391304,"T.AC":25.0434782609,"A.AC":24.0,"Ach_AC":0.9583333333,"T.EC":18.7826086957,"A.EC":20.1818181818,"Ach_EC":1.0744949495,"T.ET":17.8434782609,"A.ET":18.7826086957,"Ach_ET":1.0526315789,"T.AvgSKU":26.0,"A.AvgSKU":22.3977900552,"Strata":"-","T.CAProdW":66.0,"A.CAProdW":55.0,"Ach_CAProdW":0.8333333333,"T.CAProdR":126.0,"A.CAProdR":95.0,"Ach_CAProdR":0.753968254,"T.CAProdM":1.0,"A.CAProdM":1.0,"Ach_CAProdM":1.0,"Ach_CAProdAll":0.7823834197,"T.GPFood":920.0,"A.GPFood":1889.0,"Ach_GPFood":2.0532608696,"T.GPOthers":300.0,"A.GPOthers":310.0,"Ach_GPOthers":1.0333333333,"AR_Coll":0.9790994115,"Gap_GPFood":969.0,"Gap_GPOthers":10.0,"T.GS":23.0,"A.GS":38.0,"Ach_GS":1.652173913,"Strata_GS":4.0,"EC_Ins":0.8072727273,"CR Pasif":-14.0,"Loss Pasif":-34209714.0715392753,"Gap TG":-0.0163644326}
{"Nama Depo":"Depo Tanjung","szEmployeeId":17210042412.0,"szname":"Muhammad Rizky Algifari","Tipe Salesman":"Sales Representative Mix Yudistira","T.CR":150.0,"A.CR":201.0,"Ach_CR":1.34,"A.CA":186.0,"Ach_CA":0.9253731343,"T.PC":25.0,"A.PC":26.2608695652,"Ach_PC":1.0504347826,"T.AC":26.2608695652,"A.AC":26.2173913043,"Ach_AC":0.9983443709,"T.EC":19.6956521739,"A.EC":19.6818181818,"Ach_EC":0.9992976119,"T.ET":18.7108695652,"A.ET":18.6086956522,"Ach_ET":0.9945393285,"T.AvgSKU":26.0,"A.AvgSKU":19.0107526882,"Strata":"-","T.CAProdW":57.0,"A.CAProdW":41.0,"Ach_CAProdW":0.7192982456,"T.CAProdR":140.0,"A.CAProdR":111.0,"Ach_CAProdR":0.7928571429,"T.CAProdM":3.0,"A.CAProdM":3.0,"Ach_CAProdM":1.0,"Ach_CAProdAll":0.775,"T.GPFood":920.0,"A.GPFood":1408.0,"Ach_GPFood":1.5304347826,"T.GPOthers":300.0,"A.GPOthers":245.0,"Ach_GPOthers":0.8166666667,"AR_Coll":0.9885785299,"Gap_GPFood":488.0,"Gap_GPOthers":0.0,"T.GS":23.0,"A.GS":22.0,"Ach_GS":0.9565217391,"Strata_GS":2.0,"EC_Ins":0.7872727273,"CR Pasif":-15.0,"Loss Pasif":-2060352.4359783875,"Gap TG":-0.181200768}
{"Nama Depo":"Depo Tanjung","szEmployeeId":17210041467.0,"szname":"Doli Purnama Sari","Tipe Salesman":"Sales Representative Retailer Arjuna","T.CR":250.0,"A.CR":349.0,"Ach_CR":1.396,"A.CA":314.0,"Ach_CA":0.899713467,"T.PC":25.0,"A.PC":29.4782608696,"Ach_PC":1.1791304348,"T.AC":29.4782608696,"A.AC":26.652173913,"Ach_AC":0.9041297935,"T.EC":22.1086956522,"A.EC":23.0454545455,"Ach_EC":1.0423706087,"T.ET":21.0032608696,"A.ET":21.2608695652,"Ach_ET":1.0122651762,"T.AvgSKU":19.0,"A.AvgSKU":13.6656050955,"Strata":"-","T.CAProdW":0.0,"A.CAProdW":0.0,"Ach_CAProdW":0.0,"T.CAProdR":338.0,"A.CAProdR":226.0,"Ach_CAProdR":0.6686390533,"T.CAProdM":10.0,"A.CAProdM":6.0,"Ach_CAProdM":0.6,"Ach_CAProdAll":0.6666666667,"T.GPFood":1230.0,"A.GPFood":2265.0,"Ach_GPFood":1.8414634146,"T.GPOthers":0.0,"A.GPOthers":0.0,"Ach_GPOthers":0.0,"AR_Coll":1.0,"Gap_GPFood":1035.0,"Gap_GPOthers":0.0,"T.GS":38.0,"A.GS":73.0,"Ach_GS":1.9210526316,"Strata_GS":4.0,"EC_Ins":0.9218181818,"CR Pasif":-35.0,"Loss Pasif":-5834054.3380981153,"Gap TG":-0.0914339621}
{"Nama Depo":"Depo Tanjung","szEmployeeId":17210042423.0,"szname":"Siti Fatimah Hadijah","Tipe Salesman":"Sales Representative Retailer Bima","T.CR":360.0,"A.CR":356.0,"Ach_CR":0.9888888889,"A.CA":286.0,"Ach_CA":0.8033707865,"T.PC":30.0,"A.PC":29.9130434783,"Ach_PC":0.9971014493,"T.AC":29.9130434783,"A.AC":29.652173913,"Ach_AC":0.9912790698,"T.EC":22.4347826087,"A.EC":22.9545454545,"Ach_EC":1.0231677237,"T.ET":21.3130434783,"A.ET":19.9130434783,"Ach_ET":0.9343125255,"T.AvgSKU":11.0,"A.AvgSKU":8.3741258741,"Strata":"-","T.CAProdW":0.0,"A.CAProdW":0.0,"Ach_CAProdW":0.0,"T.CAProdR":344.0,"A.CAProdR":175.0,"Ach_CAProdR":0.5087209302,"T.CAProdM":10.0,"A.CAProdM":4.0,"Ach_CAProdM":0.4,"Ach_CAProdAll":0.5056497175,"T.GPFood":0.0,"A.GPFood":347.0,"Ach_GPFood":0.0,"T.GPOthers":0.0,"A.GPOthers":341.0,"Ach_GPOthers":0.0,"AR_Coll":1.0,"Gap_GPFood":0.0,"Gap_GPOthers":0.0,"T.GS":38.0,"A.GS":51.0,"Ach_GS":1.3421052632,"Strata_GS":4.0,"EC_Ins":0.7651515152,"CR Pasif":-70.0,"Loss Pasif":-5108465.261760056,"Gap TG":0.0999527084}
{"Nama Depo":"Depo Tanjung","szEmployeeId":17210036576.0,"szname":"Muhammad Yasir","Tipe Salesman":"SAC Yudistira","T.CR":1400.0,"A.CR":1587.0,"Ach_CR":1.1335714286,"A.CA":1416.0,"Ach_CA":0.8922495274,"T.PC":23.7142857143,"A.PC":25.0683229814,"Ach_PC":1.057097957,"T.AC":25.0683229814,"A.AC":24.0310559006,"Ach_AC":0.9586223984,"T.EC":18.801242236,"A.EC":19.461038961,"Ach_EC":1.0350932516,"T.ET":17.8611801242,"A.ET":17.8198757764,"Ach_ET":0.9976874794,"T.AvgSKU":0.0,"A.AvgSKU":16.8582034506,"Strata":null,"T.CAProdW":438.0,"A.CAProdW":318.0,"Ach_CAProdW":0.7260273973,"T.CAProdR":1084.0,"A.CAProdR":694.0,"Ach_CAProdR":0.6402214022,"T.CAProdM":54.0,"A.CAProdM":35.0,"Ach_CAProdM":0.6481481481,