{"Nama Depo":"Depo Tanjung","szEmployeeId":17210032876,"szname":"Asman","Tipe Salesman":"Sales Representative Mix Yudistira","T.CR":150,"A.CR":154,"Ach_CR":1.0266666667,"A.CA":118,"Ach_CA":0.7662337662,"T.PC":25,"A.PC":26.8181818182,"Ach_PC":1.0727272727,"T.AC":24,"A.AC":22.1818181818,"Ach_AC":0.9242424242,"T.EC":18.75,"A.EC":18.0909090909,"Ach_EC":0.9648484848,"T.ET":16.875,"A.ET":14.2727272727,"Ach_ET":0.8457912458,"T.AvgSKU":26,"A.AvgSKU":15.1271186441,"Ach_AvgSKU":0.5818122555,"T.CAProdW":80,"A.CAProdW":40,"Ach_CAProdW":0.5,"T.CAProdR":59,"A.CAProdR":43,"Ach_CAProdR":0.7288135593,"T.CAProdM":14,"A.CAProdM":9,"Ach_CAProdM":0.6428571429,"Ach_CAProdAll":0.6238902341,"T.GPFood":920.0,"A.GPFood":251.0,"Ach_GPFood":0.272826087,"T.GPOthers":300.0,"A.GPOthers":21.0,"Ach_GPOthers":0.07}
{"Nama Depo":"Depo Tanjung","szEmployeeId":17210037897,"szname":"Hindra","Tipe Salesman":"Sales Representative Mix Yudistira","T.CR":150,"A.CR":171,"Ach_CR":1.14,"A.CA":130,"Ach_CA":0.7602339181,"T.PC":25,"A.PC":26.6363636364,"Ach_PC":1.0654545455,"T.AC":24,"A.AC":23.8181818182,"Ach_AC":0.9924242424,"T.EC":18.75,"A.EC":19.1818181818,"Ach_EC":1.023030303,"T.ET":16.875,"A.ET":15.2727272727,"Ach_ET":0.9050505051,"T.AvgSKU":26,"A.AvgSKU":14.1,"Ach_AvgSKU":0.5423076923,"T.CAProdW":35,"A.CAProdW":17,"Ach_CAProdW":0.4857142857,"T.CAProdR":135,"A.CAProdR":76,"Ach_CAProdR":0.562962963,"T.CAProdM":1,"A.CAProdM":1,"Ach_CAProdM":1.0,"Ach_CAProdAll":0.6828924162,"T.GPFood":920.0,"A.GPFood":337.0,"Ach_GPFood":0.3663043478,"T.GPOthers":300.0,"A.GPOthers":55.0,"Ach_GPOthers":0.1833333333}
{"Nama Depo":"Depo Tanjung","szEmployeeId":17210036369,"szname":"Muhammad Tamrin","Tipe Salesman":"Sales Representative Mix Yudistira","T.CR":150,"A.CR":159,"Ach_CR":1.06,"A.CA":108,"Ach_CA":0.679245283,"T.PC":25,"A.PC":26.0909090909,"Ach_PC":1.0436363636,"T.AC":24,"A.AC":23.7272727273,"Ach_AC":0.9886363636,"T.EC":18.75,"A.EC":19.0,"Ach_EC":1.0133333333,"T.ET":16.875,"A.ET":12.3636363636,"Ach_ET":0.7326599327,"T.AvgSKU":26,"A.AvgSKU":13.4444444444,"Ach_AvgSKU":0.5170940171,"T.CAProdW":30,"A.CAProdW":11,"Ach_CAProdW":0.3666666667,"T.CAProdR":124,"A.CAProdR":58,"Ach_CAProdR":0.4677419355,"T.CAProdM":3,"A.CAProdM":1,"Ach_CAProdM":0.3333333333,"Ach_CAProdAll":0.3892473118,"T.GPFood":920.0,"A.GPFood":306.0,"Ach_GPFood":0.3326086957,"T.GPOthers":300.0,"A.GPOthers":43.0,"Ach_GPOthers":0.1433333333}
{"Nama Depo":"Depo Tanjung","szEmployeeId":17210037713,"szname":"Rahmani","Tipe Salesman":"Sales Representative Mix Yudistira","T.CR":150,"A.CR":160,"Ach_CR":1.0666666667,"A.CA":119,"Ach_CA":0.74375,"T.PC":25,"A.PC":25.7272727273,"Ach_PC":1.0290909091,"T.AC":24,"A.AC":21.4545454545,"Ach_AC":0.8939393939,"T.EC":18.75,"A.EC":17.9090909091,"Ach_EC":0.9551515152,"T.ET":16.875,"A.ET":14.6363636364,"Ach_ET":0.8673400673,"T.AvgSKU":26,"A.AvgSKU":13.3025210084,"Ach_AvgSKU":0.5116354234,"T.CAProdW":35,"A.CAProdW":18,"Ach_CAProdW":0.5142857143,"T.CAProdR":120,"A.CAProdR":65,"Ach_CAProdR":0.5416666667,"T.CAProdM":2,"A.CAProdM":2,"Ach_CAProdM":1.0,"Ach_CAProdAll":0.6853174603,"T.GPFood":920.0,"A.GPFood":338.0,"Ach_GPFood":0.3673913043,"T.GPOthers":300.0,"A.GPOthers":41.0,"Ach_GPOthers":0.1366666667}
{"Nama Depo":"Depo Tanjung","szEmployeeId":17210037632,"szname":"Robianor","Tipe Salesman":"Sales Representative Mix Yudistira","T.CR":150,"A.CR":159,"Ach_CR":1.06,"A.CA":116,"Ach_CA":0.7295597484,"T.PC":25,"A.PC":25.0909090909,"Ach_PC":1.0036363636,"T.AC":24,"A.AC":22.9090909091,"Ach_AC":0.9545454545,"T.EC":18.75,"A.EC":18.3636363636,"Ach_EC":0.9793939394,"T.ET":16.875,"A.ET":14.7272727273,"Ach_ET":0.8727272727,"T.AvgSKU":26,"A.AvgSKU":15.8965517241,"Ach_AvgSKU":0.6114058355,"T.CAProdW":44,"A.CAProdW":20,"Ach_CAProdW":0.4545454545,"T.CAProdR":111,"A.CAProdR":70,"Ach_CAProdR":0.6306306306,"T.CAProdM":1,"A.CAProdM":1,"Ach_CAProdM":1.0,"Ach_CAProdAll":0.6950586951,"T.GPFood":920.0,"A.GPFood":322.0,"Ach_GPFood":0.35,"T.GPOthers":300.0,"A.GPOthers":55.0,"Ach_GPOthers":0.1833333333}
{"Nama Depo":"Depo Tanjung","szEmployeeId":17210038077,"szname":"Sopian Sauri","Tipe Salesman":"Sales Representative Retailer Bima","T.CR":360,"A.CR":333,"Ach_CR":0.925,"A.CA":147,"Ach_CA":0.4414414414,"T.PC":30,"A.PC":31.7272727273,"Ach_PC":1.0575757576,"T.AC":29,"A.AC":29.0909090909,"Ach_AC":1.0031347962,"T.EC":22.5,"A.EC":21.0,"Ach_EC":0.9333333333,"T.ET":20.25,"A.ET":15.2,"Ach_ET":0.750617284,"T.AvgSKU":11,"A.AvgSKU":8.5442176871,"Ach_AvgSKU":0.7767470625,"T.CAProdW":3,"A.CAProdW":1,"Ach_CAProdW":0.3333333333,"T.CAProdR":319,"A.CAProdR":83,"Ach_CAProdR":0.2601880878,"T.CAProdM":9,"A.CAProdM":2,"Ach_CAProdM":0.2222222222,"Ach_CAProdAll":0.2719145478,"T.GPFood":null,"A.GPFood":null,"Ach_GPFood":null,"T.GPOthers":null,"A.GPOthers":null,"Ach_GPOthers":0.0}
{"Nama Depo":"Depo Tanjung","szEmployeeId":17210041467,"szname":"Doli Purnama Sari","Tipe Salesman":"Sales Representative Retailer Arjuna","T.CR":250,"A.CR":327,"Ach_CR":1.308,"A.CA":178,"Ach_CA":0.5443425076,"T.PC":25,"A.PC":29.7272727273,"Ach_PC":1.1890909091,"T.AC":24,"A.AC":26.9090909091,"Ach_AC":1.1212121212,"T.EC":18.75,"A.EC":19.7272727273,"Ach_EC":1.0521212121,"T.ET":16.875,"A.ET":16.6363636364,"Ach_ET":0.9858585859,"T.AvgSKU":19,"A.AvgSKU":11.4831460674,"Ach_AvgSKU":0.6043761088,"T.CAProdW":3,"A.CAProdW":0,"Ach_CAProdW":0.0,"T.CAProdR":316,"A.CAProdR":92,"Ach_CAProdR":0.2911392405,"T.CAProdM":6,"A.CAProdM":5,"Ach_CAProdM":0.8333333333,"Ach_CAProdAll":0.3748241913,"T.GPFood":1230.0,"A.GPFood":635.0,"Ach_GPFood":0.5162601626,"T.GPOthers":0.0,"A.GPOthers":0.0,"Ach_GPOthers":0.0}
