{"Nama Depo":"Depo Tanjung","szEmployeeId":17210032876,"szname":"Asman","Tipe Salesman":"Sales Representative Wholesaler Arjuna","T.CR":120,"A.CR":132,"Ach_CR":1.1,"A.CA":97,"Ach_CA":0.7348484848,"T.PC":18.9166666667,"A.PC":21.4285714286,"Ach_PC":1.1327879169,"T.AC":18.9166666667,"A.AC":21.0,"Ach_AC":1.1101321586,"T.EC":16.0714285714,"A.EC":18.2857142857,"Ach_EC":1.1377777778,"T.ET":15.2678571429,"A.ET":15.7142857143,"Ach_ET":1.0292397661,"T.AvgSKU":26,"A.AvgSKU":11.3402061856,"Strata":"-","T.CAProdW":117,"A.CAProdW":30,"Ach_CAProdW":0.2564102564,"T.CAProdR":3,"A.CAProdR":1,"Ach_CAProdR":0.3333333333,"T.CAProdM":12,"A.CAProdM":6,"Ach_CAProdM":0.5,"Ach_CAProdAll":0.2803030303,"T.GPFood":1200,"A.GPFood":381,"Ach_GPFood":0.3175,"T.GPOthers":0,"A.GPOthers":0,"Ach_GPOthers":0.0,"AR_Coll":0.675517916,"Gap_GPFood":0,"Gap_GPOthers":0}
{"Nama Depo":"Depo Tanjung","szEmployeeId":17210037897,"szname":"Hindra","Tipe Salesman":"Sales Representative Mix Yudistira","T.CR":150,"A.CR":168,"Ach_CR":1.12,"A.CA":113,"Ach_CA":0.6726190476,"T.PC":25.1388888889,"A.PC":27.1428571429,"Ach_PC":1.0797158642,"T.AC":25.1388888889,"A.AC":27.0,"Ach_AC":1.0740331492,"T.EC":20.3571428571,"A.EC":19.1428571429,"Ach_EC":0.9403508772,"T.ET":19.3392857143,"A.ET":20.0,"Ach_ET":1.0341643583,"T.AvgSKU":26,"A.AvgSKU":11.3097345133,"Strata":"-","T.CAProdW":51,"A.CAProdW":20,"Ach_CAProdW":0.3921568627,"T.CAProdR":111,"A.CAProdR":42,"Ach_CAProdR":0.3783783784,"T.CAProdM":2,"A.CAProdM":1,"Ach_CAProdM":0.5,"Ach_CAProdAll":0.3841463415,"T.GPFood":920,"A.GPFood":403,"Ach_GPFood":0.4380434783,"T.GPOthers":300,"A.GPOthers":80,"Ach_GPOthers":0.2666666667,"AR_Coll":0.5965633117,"Gap_GPFood":0,"Gap_GPOthers":0}
{"Nama Depo":"Depo Tanjung","szEmployeeId":17210036369,"szname":"Muhammad Tamrin","Tipe Salesman":"Sales Representative Wholesaler Bima","T.CR":220,"A.CR":136,"Ach_CR":0.6181818182,"A.CA":88,"Ach_CA":0.6470588235,"T.PC":19.1666666667,"A.PC":22.0,"Ach_PC":1.147826087,"T.AC":19.1666666667,"A.AC":21.5714285714,"Ach_AC":1.1254658385,"T.EC":16.5,"A.EC":17.1428571429,"Ach_EC":1.038961039,"T.ET":15.675,"A.ET":13.4285714286,"Ach_ET":0.8566871725,"T.AvgSKU":12,"A.AvgSKU":5.0795454545,"Strata":"-","T.CAProdW":118,"A.CAProdW":24,"Ach_CAProdW":0.2033898305,"T.CAProdR":3,"A.CAProdR":2,"Ach_CAProdR":0.6666666667,"T.CAProdM":12,"A.CAProdM":5,"Ach_CAProdM":0.4166666667,"Ach_CAProdAll":0.2330827068,"T.GPFood":0,"A.GPFood":106,"Ach_GPFood":0.0,"T.GPOthers":0,"A.GPOthers":79,"Ach_GPOthers":0.0,"AR_Coll":0.6339360551,"Gap_GPFood":0,"Gap_GPOthers":0}
{"Nama Depo":"Depo Tanjung","szEmployeeId":17210037632,"szname":"Robianor","Tipe Salesman":"Sales Representative Mix Yudistira","T.CR":150,"A.CR":169,"Ach_CR":1.1266666667,"A.CA":107,"Ach_CA":0.6331360947,"T.PC":25.1388888889,"A.PC":26.2857142857,"Ach_PC":1.0456195738,"T.AC":25.1388888889,"A.AC":26.1428571429,"Ach_AC":1.0399368587,"T.EC":19.7142857143,"A.EC":19.7142857143,"Ach_EC":1.0,"T.ET":18.7285714286,"A.ET":18.5,"Ach_ET":0.9877955759,"T.AvgSKU":26,"A.AvgSKU":11.214953271,"Strata":"-","T.CAProdW":63,"A.CAProdW":20,"Ach_CAProdW":0.3174603175,"T.CAProdR":102,"A.CAProdR":43,"Ach_CAProdR":0.4215686275,"T.CAProdM":1,"A.CAProdM":0,"Ach_CAProdM":0.0,"Ach_CAProdAll":0.3795180723,"T.GPFood":920,"A.GPFood":442,"Ach_GPFood":0.4804347826,"T.GPOthers":300,"A.GPOthers":49,"Ach_GPOthers":0.1633333333,"AR_Coll":0.7181184559,"Gap_GPFood":0,"Gap_GPOthers":0}
{"Nama Depo":"Depo Tanjung","szEmployeeId":17210041467,"szname":"Doli Purnama Sari","Tipe Salesman":"Sales Representative Retailer Yudistira","T.CR":360,"A.CR":204,"Ach_CR":0.5666666667,"A.CA":145,"Ach_CA":0.7107843137,"T.PC":31.5,"A.PC":29.7142857143,"Ach_PC":0.9433106576,"T.AC":31.5,"A.AC":29.5714285714,"Ach_AC":0.9387755102,"T.EC":22.2857142857,"A.EC":22.1428571429,"Ach_EC":0.9935897436,"T.ET":21.1714285714,"A.ET":20.8571428571,"Ach_ET":0.9851551957,"T.AvgSKU":21,"A.AvgSKU":12.0827586207,"Strata":"1","T.CAProdW":0,"A.CAProdW":0,"Ach_CAProdW":"0x7","T.CAProdR":194,"A.CAProdR":84,"Ach_CAProdR":0.4329896907,"T.CAProdM":9,"A.CAProdM":5,"Ach_CAProdM":0.5555555556,"Ach_CAProdAll":0.4384236453,"T.GPFood":600,"A.GPFood":572,"Ach_GPFood":0.9533333333,"T.GPOthers":200,"A.GPOthers":58,"Ach_GPOthers":0.29,"AR_Coll":1.0,"Gap_GPFood":0,"Gap_GPOthers":0}
{"Nama Depo":"Depo Tanjung","szEmployeeId":17210041960,"szname":"Bahrudin Rahman","Tipe Salesman":"Sales Representative Mix Yudistira","T.CR":150,"A.CR":162,"Ach_CR":1.08,"A.CA":97,"Ach_CA":0.5987654321,"T.PC":25.1388888889,"A.PC":25.5714285714,"Ach_PC":1.0172059984,"T.AC":25.1388888889,"A.AC":25.4285714286,"Ach_AC":1.0115232833,"T.EC":19.1785714286,"A.EC":17.5714285714,"Ach_EC":0.9162011173,"T.ET":18.2196428571,"A.ET":14.0,"Ach_ET":0.7684014506,"T.AvgSKU":26,"A.AvgSKU":11.7216494845,"Strata":"-","T.CAProdW":54,"A.CAProdW":22,"Ach_CAProdW":0.4074074074,"T.CAProdR":104,"A.CAProdR":36,"Ach_CAProdR":0.3461538462,"T.CAProdM":3,"A.CAProdM":3,"Ach_CAProdM":1.0,"Ach_CAProdAll":0.3788819876,"T.GPFood":920,"A.GPFood":454,"Ach_GPFood":0.4934782609,"T.GPOthers":300,"A.GPOthers":56,"Ach_GPOthers":0.1866666667,"AR_Coll":0.9194394622,"Gap_GPFood":0,"Gap_GPOthers":0}
