{"Nama Depo":"Depo Tanjung","szEmployeeId":17210032876,"szname":"Asman","Tipe Salesman":"Sales Representative Wholesaler Arjuna","T.CR":120,"A.CR":134,"Ach_CR":1.1166666667,"A.CA":104,"Ach_CA":0.776119403,"T.PC":20,"A.PC":20.4444444444,"Ach_PC":1.0222222222,"T.AC":17,"A.AC":20.4444444444,"Ach_AC":1.2026143791,"T.EC":15.3333333333,"A.EC":16.25,"Ach_EC":1.0597826087,"T.ET":13.8,"A.ET":14.3333333333,"Ach_ET":1.038647343,"T.AvgSKU":26,"A.AvgSKU":13.7115384615,"Strata":"-","T.CAProdW":67,"A.CAProdW":29,"Ach_CAProdW":0.4328358209,"T.CAProdR":55,"A.CAProdR":39,"Ach_CAProdR":0.7090909091,"T.CAProdM":12,"A.CAProdM":9,"Ach_CAProdM":0.75,"Ach_CAProdAll":0.5746268657,"T.GPFood":1200,"A.GPFood":603,"Ach_GPFood":0.5025,"T.GPOthers":0,"A.GPOthers":2,"Ach_GPOthers":0.0,"AR_Coll":0.5783395953,"Gap_GPFood":0,"Gap_GPOthers":0}
{"Nama Depo":"Depo Tanjung","szEmployeeId":17210037897,"szname":"Hindra","Tipe Salesman":"Sales Representative Mix Yudistira","T.CR":150,"A.CR":186,"Ach_CR":1.24,"A.CA":140,"Ach_CA":0.752688172,"T.PC":25,"A.PC":26.7777777778,"Ach_PC":1.0711111111,"T.AC":24,"A.AC":26.3333333333,"Ach_AC":1.0972222222,"T.EC":20.0833333333,"A.EC":19.0,"Ach_EC":0.9460580913,"T.ET":18.075,"A.ET":18.5555555556,"Ach_ET":1.0265867527,"T.AvgSKU":26,"A.AvgSKU":12.9785714286,"Strata":"-","T.CAProdW":39,"A.CAProdW":15,"Ach_CAProdW":0.3846153846,"T.CAProdR":143,"A.CAProdR":82,"Ach_CAProdR":0.5734265734,"T.CAProdM":2,"A.CAProdM":1,"Ach_CAProdM":0.5,"Ach_CAProdAll":0.5326086957,"T.GPFood":920,"A.GPFood":594,"Ach_GPFood":0.6456521739,"T.GPOthers":300,"A.GPOthers":75,"Ach_GPOthers":0.25,"AR_Coll":0.9369182282,"Gap_GPFood":0,"Gap_GPOthers":0}
{"Nama Depo":"Depo Tanjung","szEmployeeId":17210036369,"szname":"Muhammad Tamrin","Tipe Salesman":"Sales Representative Wholesaler Bima","T.CR":220,"A.CR":135,"Ach_CR":0.6136363636,"A.CA":123,"Ach_CA":0.9111111111,"T.PC":20,"A.PC":20.5555555556,"Ach_PC":1.0277777778,"T.AC":19,"A.AC":20.5555555556,"Ach_AC":1.081871345,"T.EC":15.4166666667,"A.EC":16.875,"Ach_EC":1.0945945946,"T.ET":13.875,"A.ET":15.1111111111,"Ach_ET":1.0890890891,"T.AvgSKU":12,"A.AvgSKU":6.6991869919,"Strata":"-","T.CAProdW":68,"A.CAProdW":28,"Ach_CAProdW":0.4117647059,"T.CAProdR":53,"A.CAProdR":40,"Ach_CAProdR":0.7547169811,"T.CAProdM":12,"A.CAProdM":5,"Ach_CAProdM":0.4166666667,"Ach_CAProdAll":0.5488721805,"T.GPFood":0,"A.GPFood":235,"Ach_GPFood":0.0,"T.GPOthers":0,"A.GPOthers":128,"Ach_GPOthers":0.0,"AR_Coll":0.9158972314,"Gap_GPFood":0,"Gap_GPOthers":0}
{"Nama Depo":"Depo Tanjung","szEmployeeId":17210037632,"szname":"Robianor","Tipe Salesman":"Sales Representative Mix Yudistira","T.CR":150,"A.CR":180,"Ach_CR":1.2,"A.CA":127,"Ach_CA":0.7055555556,"T.PC":25,"A.PC":25.7777777778,"Ach_PC":1.0311111111,"T.AC":24,"A.AC":25.7777777778,"Ach_AC":1.0740740741,"T.EC":19.3333333333,"A.EC":18.875,"Ach_EC":0.9762931034,"T.ET":17.4,"A.ET":18.2222222222,"Ach_ET":1.0472541507,"T.AvgSKU":26,"A.AvgSKU":14.6220472441,"Strata":"-","T.CAProdW":49,"A.CAProdW":31,"Ach_CAProdW":0.6326530612,"T.CAProdR":125,"A.CAProdR":71,"Ach_CAProdR":0.568,"T.CAProdM":1,"A.CAProdM":0,"Ach_CAProdM":0.0,"Ach_CAProdAll":0.5828571429,"T.GPFood":920,"A.GPFood":662,"Ach_GPFood":0.7195652174,"T.GPOthers":300,"A.GPOthers":102,"Ach_GPOthers":0.34,"AR_Coll":0.7849788335,"Gap_GPFood":0,"Gap_GPOthers":0}
{"Nama Depo":"Depo Tanjung","szEmployeeId":17210041467,"szname":"Doli Purnama Sari","Tipe Salesman":"Sales Representative Retailer Yudistira","T.CR":360,"A.CR":266,"Ach_CR":0.7388888889,"A.CA":147,"Ach_CA":0.5526315789,"T.PC":30,"A.PC":30.0,"Ach_PC":1.0,"T.AC":29,"A.AC":30.0,"Ach_AC":1.0344827586,"T.EC":22.5,"A.EC":19.875,"Ach_EC":0.8833333333,"T.ET":20.25,"A.ET":17.3333333333,"Ach_ET":0.8559670782,"T.AvgSKU":21,"A.AvgSKU":12.5170068027,"Strata":"1","T.CAProdW":2,"A.CAProdW":0,"Ach_CAProdW":0.0,"T.CAProdR":254,"A.CAProdR":83,"Ach_CAProdR":0.3267716535,"T.CAProdM":8,"A.CAProdM":5,"Ach_CAProdM":0.625,"Ach_CAProdAll":0.3333333333,"T.GPFood":600,"A.GPFood":670,"Ach_GPFood":1.1166666667,"T.GPOthers":200,"A.GPOthers":26,"Ach_GPOthers":0.13,"AR_Coll":1.0,"Gap_GPFood":70,"Gap_GPOthers":0}
{"Nama Depo":"Depo Tanjung","szEmployeeId":17210041960,"szname":"Bahrudin Rahman","Tipe Salesman":"Sales Representative Mix Yudistira","T.CR":150,"A.CR":177,"Ach_CR":1.18,"A.CA":100,"Ach_CA":0.5649717514,"T.PC":25,"A.PC":24.7777777778,"Ach_PC":0.9911111111,"T.AC":24,"A.AC":21.4444444444,"Ach_AC":0.8935185185,"T.EC":18.5833333333,"A.EC":16.125,"Ach_EC":0.8677130045,"T.ET":16.725,"A.ET":12.2222222222,"Ach_ET":0.7307756187,"T.AvgSKU":26,"A.AvgSKU":13.48,"Strata":"-","T.CAProdW":38,"A.CAProdW":22,"Ach_CAProdW":0.5789473684,"T.CAProdR":133,"A.CAProdR":44,"Ach_CAProdR":0.3308270677,"T.CAProdM":3,"A.CAProdM":2,"Ach_CAProdM":0.6666666667,"Ach_CAProdAll":0.3908045977,"T.GPFood":920,"A.GPFood":501,"Ach_GPFood":0.5445652174,"T.GPOthers":300,"A.GPOthers":62,"Ach_GPOthers":0.2066666667,"AR_Coll":0.9877666137,"Gap_GPFood":0,"Gap_GPOthers":0}
