{"Nama Depo":"Depo Tanjung","szEmployeeId":17210032876,"szname":"Asman","Tipe Salesman":"Sales Representative Wholesaler Arjuna","T.CR":120,"A.CR":149,"Ach_CR":1.2416666667,"A.CA":131,"Ach_CA":0.8791946309,"T.PC":20,"A.PC":24.1578947368,"Ach_PC":1.2078947368,"T.AC":17,"A.AC":20.8947368421,"Ach_AC":1.2291021672,"T.EC":15.0,"A.EC":16.1052631579,"Ach_EC":1.0736842105,"T.ET":13.5,"A.ET":15.4444444444,"Ach_ET":1.1440329218,"T.AvgSKU":26,"A.AvgSKU":20.6488549618,"Strata":"-","T.CAProdW":78,"A.CAProdW":47,"Ach_CAProdW":0.6025641026,"T.CAProdR":56,"A.CAProdR":49,"Ach_CAProdR":0.875,"T.CAProdM":14,"A.CAProdM":13,"Ach_CAProdM":0.9285714286,"Ach_CAProdAll":0.7364864865,"T.GPFood":1200.0,"A.GPFood":1221.0,"Ach_GPFood":1.0175,"T.GPOthers":0.0,"A.GPOthers":18.0,"Ach_GPOthers":0.0,"AR_Coll":0.6453347115,"Gap_GPFood":21,"Gap_GPOthers":0}
{"Nama Depo":"Depo Tanjung","szEmployeeId":17210037897,"szname":"Hindra","Tipe Salesman":"Sales Representative Mix Yudistira","T.CR":150,"A.CR":233,"Ach_CR":1.5533333333,"A.CA":181,"Ach_CA":0.7768240343,"T.PC":25,"A.PC":26.6315789474,"Ach_PC":1.0652631579,"T.AC":24,"A.AC":26.1052631579,"Ach_AC":1.0877192982,"T.EC":18.75,"A.EC":18.0526315789,"Ach_EC":0.9628070175,"T.ET":16.875,"A.ET":16.6842105263,"Ach_ET":0.9886939571,"T.AvgSKU":26,"A.AvgSKU":17.3425414365,"Strata":"-","T.CAProdW":46,"A.CAProdW":30,"Ach_CAProdW":0.652173913,"T.CAProdR":184,"A.CAProdR":115,"Ach_CAProdR":0.625,"T.CAProdM":3,"A.CAProdM":2,"Ach_CAProdM":0.6666666667,"Ach_CAProdAll":0.6309012876,"T.GPFood":920.0,"A.GPFood":1181.0,"Ach_GPFood":1.2836956522,"T.GPOthers":300.0,"A.GPOthers":199.0,"Ach_GPOthers":0.6633333333,"AR_Coll":0.9330410235,"Gap_GPFood":261,"Gap_GPOthers":0}
{"Nama Depo":"Depo Tanjung","szEmployeeId":17210036369,"szname":"Muhammad Tamrin","Tipe Salesman":"Sales Representative Mix Yudistira","T.CR":150,"A.CR":202,"Ach_CR":1.3466666667,"A.CA":151,"Ach_CA":0.7475247525,"T.PC":25,"A.PC":25.0,"Ach_PC":1.0,"T.AC":24,"A.AC":22.3684210526,"Ach_AC":0.9320175439,"T.EC":18.75,"A.EC":15.3684210526,"Ach_EC":0.8196491228,"T.ET":16.875,"A.ET":14.4736842105,"Ach_ET":0.8576998051,"T.AvgSKU":26,"A.AvgSKU":18.4503311258,"Strata":"-","T.CAProdW":53,"A.CAProdW":31,"Ach_CAProdW":0.5849056604,"T.CAProdR":141,"A.CAProdR":86,"Ach_CAProdR":0.609929078,"T.CAProdM":4,"A.CAProdM":2,"Ach_CAProdM":0.5,"Ach_CAProdAll":0.601010101,"T.GPFood":920.0,"A.GPFood":1043.0,"Ach_GPFood":1.1336956522,"T.GPOthers":300.0,"A.GPOthers":158.0,"Ach_GPOthers":0.5266666667,"AR_Coll":0.7296175018,"Gap_GPFood":123,"Gap_GPOthers":0}
{"Nama Depo":"Depo Tanjung","szEmployeeId":17210037632,"szname":"Robianor","Tipe Salesman":"Sales Representative Mix Yudistira","T.CR":150,"A.CR":206,"Ach_CR":1.3733333333,"A.CA":159,"Ach_CA":0.7718446602,"T.PC":25,"A.PC":26.3684210526,"Ach_PC":1.0547368421,"T.AC":24,"A.AC":26.1052631579,"Ach_AC":1.0877192982,"T.EC":18.75,"A.EC":17.1052631579,"Ach_EC":0.9122807018,"T.ET":16.875,"A.ET":16.4210526316,"Ach_ET":0.9730994152,"T.AvgSKU":26,"A.AvgSKU":19.3647798742,"Strata":"-","T.CAProdW":56,"A.CAProdW":36,"Ach_CAProdW":0.6428571429,"T.CAProdR":145,"A.CAProdR":88,"Ach_CAProdR":0.6068965517,"T.CAProdM":1,"A.CAProdM":1,"Ach_CAProdM":1.0,"Ach_CAProdAll":0.6188118812,"T.GPFood":920.0,"A.GPFood":1173.0,"Ach_GPFood":1.275,"T.GPOthers":300.0,"A.GPOthers":224.0,"Ach_GPOthers":0.7466666667,"AR_Coll":0.9401155942,"Gap_GPFood":253,"Gap_GPOthers":0}
{"Nama Depo":"Depo Tanjung","szEmployeeId":17210038077,"szname":"Sopian Sauri","Tipe Salesman":"Sales Representative Wholesaler Bima","T.CR":220,"A.CR":236,"Ach_CR":1.0727272727,"A.CA":157,"Ach_CA":0.6652542373,"T.PC":20,"A.PC":24.8421052632,"Ach_PC":1.2421052632,"T.AC":19,"A.AC":21.1578947368,"Ach_AC":1.1135734072,"T.EC":15.0,"A.EC":13.9473684211,"Ach_EC":0.9298245614,"T.ET":13.5,"A.ET":12.0526315789,"Ach_ET":0.8927875244,"T.AvgSKU":12,"A.AvgSKU":6.4522292994,"Strata":"-","T.CAProdW":78,"A.CAProdW":2,"Ach_CAProdW":0.0256410256,"T.CAProdR":141,"A.CAProdR":293,"Ach_CAProdR":2.0780141844,"T.CAProdM":15,"A.CAProdM":7,"Ach_CAProdM":0.4666666667,"Ach_CAProdAll":1.2905982906,"T.GPFood":null,"A.GPFood":null,"Ach_GPFood":null,"T.GPOthers":null,"A.GPOthers":null,"Ach_GPOthers":0.0,"AR_Coll":0.9791528384,"Gap_GPFood":0,"Gap_GPOthers":0}
{"Nama Depo":"Depo Tanjung","szEmployeeId":17210041467,"szname":"Doli Purnama Sari","Tipe Salesman":"Sales Representative Retailer Arjuna","T.CR":250,"A.CR":347,"Ach_CR":1.388,"A.CA":273,"Ach_CA":0.7867435159,"T.PC":25,"A.PC":28.7894736842,"Ach_PC":1.1515789474,"T.AC":24,"A.AC":28.4210526316,"Ach_AC":1.1842105263,"T.EC":18.75,"A.EC":20.0,"Ach_EC":1.0666666667,"T.ET":16.875,"A.ET":18.5263157895,"Ach_ET":1.0978557505,"T.AvgSKU":19,"A.AvgSKU":12.0879120879,"Strata":"-","T.CAProdW":3,"A.CAProdW":2,"Ach_CAProdW":0.6666666667,"T.CAProdR":333,"A.CAProdR":293,"Ach_CAProdR":0.8798798799,"T.CAProdM":9,"A.CAProdM":7,"Ach_CAProdM":0.7777777778,"Ach_CAProdAll":0.8753623188,"T.GPFood":1230.0,"A.GPFood":1222.0,"Ach_GPFood":0.993495935,"T.GPOthers":0.0,"A.GPOthers":0.0,"Ach_GPOthers":0.0,"AR_Coll":1.0,"Gap_GPFood":0,"Gap_GPOthers":0}
{"Nama Depo":"Depo Tanjung","szEmployeeId":17210041719,"szname":"Muhammad Iqbal Purwa Atmaja","Tipe Salesman":"Sales Representative Retailer Bima","T.CR":360,"A.CR":344,"Ach_CR":0.9555555556,"A.CA":236,"Ach_CA":0.6860465116,"T.PC":30,"A.PC":28.7058823529,"Ach_PC":0.9568627451,"T.AC":29,"A.AC":26.2352941176,"Ach_AC":0.9046653144,"T.EC":22.5,"A.EC":19.0,"Ach_EC":0.8444444444,"T.ET":20.25,"A.ET":18.5333333333,"Ach_ET":0.9152263374,"T.AvgSKU":11,"A.AvgSKU":6.8093220339,"Strata":"-","T.CAProdW":3,"A.CAProdW":2,"Ach_CAProdW":0.6666666667,"T.CAProdR":331,"A.CAProdR":293,"Ach_CAProdR":0.8851963746,"T.CAProdM":8,"A.CAProdM":7,"Ach_CAProdM":0.875,"Ach_CAProdAll":0.8830409357,"T.GPFood":0.0,"A.GPFood":257.0,"Ach_GPFood":0.0,"T.GPOthers":0.0,"A.GPOthers":300.0,"Ach_GPOthers":0.0,"AR_Coll":1.0,"Gap_GPFood":0,"Gap_GPOthers":0}
