{"Nama Depo":"Depo Tanjung","szEmployeeId":17210032876,"szname":"Asman","Tipe Salesman":"Sales Representative Wholesaler Arjuna","T.CR":120,"A.CR":152,"Ach_CR":1.2666666667,"A.CA":129,"Ach_CA":0.8486842105,"T.PC":18.5,"A.PC":21.0,"Ach_PC":1.1351351351,"T.AC":18.5,"A.AC":19.0,"Ach_AC":1.027027027,"T.EC":15.75,"A.EC":16.5,"Ach_EC":1.0476190476,"T.ET":14.9625,"A.ET":16.0,"Ach_ET":1.0693400167,"T.AvgSKU":26,"A.AvgSKU":14.1472868217,"Strata":"-","T.CAProdW":135,"A.CAProdW":51,"Ach_CAProdW":0.3777777778,"T.CAProdR":3,"A.CAProdR":1,"Ach_CAProdR":0.3333333333,"T.CAProdM":14,"A.CAProdM":11,"Ach_CAProdM":0.7857142857,"Ach_CAProdAll":0.4144736842,"T.GPFood":1200,"A.GPFood":656,"Ach_GPFood":0.5466666667,"T.GPOthers":0,"A.GPOthers":0,"Ach_GPOthers":0.0,"AR_Coll":0.6010167794,"Gap_GPFood":0,"Gap_GPOthers":0}
{"Nama Depo":"Depo Tanjung","szEmployeeId":17210037897,"szname":"Hindra","Tipe Salesman":"Sales Representative Mix Yudistira","T.CR":150,"A.CR":213,"Ach_CR":1.42,"A.CA":157,"Ach_CA":0.7370892019,"T.PC":24.8611111111,"A.PC":27.4166666667,"Ach_PC":1.1027932961,"T.AC":24.8611111111,"A.AC":27.3333333333,"Ach_AC":1.0994413408,"T.EC":20.5625,"A.EC":18.9166666667,"Ach_EC":0.9199594732,"T.ET":19.534375,"A.ET":19.5454545455,"Ach_ET":1.000567182,"T.AvgSKU":26,"A.AvgSKU":14.025477707,"Strata":"-","T.CAProdW":60,"A.CAProdW":30,"Ach_CAProdW":0.5,"T.CAProdR":147,"A.CAProdR":76,"Ach_CAProdR":0.5170068027,"T.CAProdM":2,"A.CAProdM":1,"Ach_CAProdM":0.5,"Ach_CAProdAll":0.5119617225,"T.GPFood":920,"A.GPFood":697,"Ach_GPFood":0.7576086957,"T.GPOthers":300,"A.GPOthers":131,"Ach_GPOthers":0.4366666667,"AR_Coll":0.7549534323,"Gap_GPFood":0,"Gap_GPOthers":0}
{"Nama Depo":"Depo Tanjung","szEmployeeId":17210036369,"szname":"Muhammad Tamrin","Tipe Salesman":"Sales Representative Wholesaler Bima","T.CR":220,"A.CR":157,"Ach_CR":0.7136363636,"A.CA":126,"Ach_CA":0.8025477707,"T.PC":18.9166666667,"A.PC":21.4166666667,"Ach_PC":1.1321585903,"T.AC":18.9166666667,"A.AC":21.1666666667,"Ach_AC":1.1189427313,"T.EC":16.0625,"A.EC":16.1666666667,"Ach_EC":1.0064850843,"T.ET":15.259375,"A.ET":14.3333333333,"Ach_ET":0.9393132637,"T.AvgSKU":12,"A.AvgSKU":5.7301587302,"Strata":"-","T.CAProdW":137,"A.CAProdW":41,"Ach_CAProdW":0.299270073,"T.CAProdR":3,"A.CAProdR":2,"Ach_CAProdR":0.6666666667,"T.CAProdM":14,"A.CAProdM":7,"Ach_CAProdM":0.5,"Ach_CAProdAll":0.3246753247,"T.GPFood":0,"A.GPFood":171,"Ach_GPFood":0.0,"T.GPOthers":0,"A.GPOthers":162,"Ach_GPOthers":0.0,"AR_Coll":0.4977167336,"Gap_GPFood":0,"Gap_GPOthers":0}
{"Nama Depo":"Depo Tanjung","szEmployeeId":17210037632,"szname":"Robianor","Tipe Salesman":"Sales Representative Mix Yudistira","T.CR":150,"A.CR":213,"Ach_CR":1.42,"A.CA":144,"Ach_CA":0.676056338,"T.PC":24.8611111111,"A.PC":26.4166666667,"Ach_PC":1.0625698324,"T.AC":24.8611111111,"A.AC":26.3333333333,"Ach_AC":1.0592178771,"T.EC":19.8125,"A.EC":18.75,"Ach_EC":0.9463722397,"T.ET":18.821875,"A.ET":18.9090909091,"Ach_ET":1.0046337524,"T.AvgSKU":26,"A.AvgSKU":15.5347222222,"Strata":"-","T.CAProdW":68,"A.CAProdW":38,"Ach_CAProdW":0.5588235294,"T.CAProdR":136,"A.CAProdR":65,"Ach_CAProdR":0.4779411765,"T.CAProdM":1,"A.CAProdM":0,"Ach_CAProdM":0.0,"Ach_CAProdAll":0.5024390244,"T.GPFood":920,"A.GPFood":820,"Ach_GPFood":0.8913043478,"T.GPOthers":300,"A.GPOthers":124,"Ach_GPOthers":0.4133333333,"AR_Coll":0.7689656259,"Gap_GPFood":0,"Gap_GPOthers":0}
{"Nama Depo":"Depo Tanjung","szEmployeeId":17210041467,"szname":"Doli Purnama Sari","Tipe Salesman":"Sales Representative Retailer Yudistira","T.CR":360,"A.CR":351,"Ach_CR":0.975,"A.CA":252,"Ach_CA":0.7179487179,"T.PC":31.9166666667,"A.PC":30.0,"Ach_PC":0.9399477807,"T.AC":31.9166666667,"A.AC":29.75,"Ach_AC":0.9321148825,"T.EC":22.5,"A.EC":21.9166666667,"Ach_EC":0.9740740741,"T.ET":21.375,"A.ET":21.25,"Ach_ET":0.9941520468,"T.AvgSKU":21,"A.AvgSKU":12.0079365079,"Strata":"1","T.CAProdW":0,"A.CAProdW":0,"Ach_CAProdW":"0x7","T.CAProdR":338,"A.CAProdR":154,"Ach_CAProdR":0.4556213018,"T.CAProdM":11,"A.CAProdM":6,"Ach_CAProdM":0.5454545455,"Ach_CAProdAll":0.4584527221,"T.GPFood":600,"A.GPFood":944,"Ach_GPFood":1.5733333333,"T.GPOthers":200,"A.GPOthers":118,"Ach_GPOthers":0.59,"AR_Coll":1.0,"Gap_GPFood":344,"Gap_GPOthers":0}
{"Nama Depo":"Depo Tanjung","szEmployeeId":17210041960,"szname":"Bahrudin Rahman","Tipe Salesman":"Sales Representative Mix Yudistira","T.CR":150,"A.CR":208,"Ach_CR":1.3866666667,"A.CA":145,"Ach_CA":0.6971153846,"T.PC":24.8611111111,"A.PC":25.0833333333,"Ach_PC":1.0089385475,"T.AC":24.8611111111,"A.AC":25.0,"Ach_AC":1.0055865922,"T.EC":18.8125,"A.EC":17.6666666667,"Ach_EC":0.9390919158,"T.ET":17.871875,"A.ET":15.5,"Ach_ET":0.8672844903,"T.AvgSKU":26,"A.AvgSKU":13.4,"Strata":"-","T.CAProdW":62,"A.CAProdW":35,"Ach_CAProdW":0.564516129,"T.CAProdR":139,"A.CAProdR":60,"Ach_CAProdR":0.4316546763,"T.CAProdM":4,"A.CAProdM":3,"Ach_CAProdM":0.75,"Ach_CAProdAll":0.4780487805,"T.GPFood":920,"A.GPFood":756,"Ach_GPFood":0.8217391304,"T.GPOthers":300,"A.GPOthers":102,"Ach_GPOthers":0.34,"AR_Coll":0.70777324,"Gap_GPFood":0,"Gap_GPOthers":0}
