{"Nama Depo":"Depo Tanjung","szEmployeeId":17210032876,"szname":"Asman","Tipe Salesman":"Sales Representative Wholesaler Arjuna","T.CR":120,"A.CR":149,"Ach_CR":1.2416666667,"A.CA":131,"Ach_CA":0.8791946309,"T.PC":20,"A.PC":24.35,"Ach_PC":1.2175,"T.AC":17,"A.AC":21.2,"Ach_AC":1.2470588235,"T.EC":15.0,"A.EC":16.15,"Ach_EC":1.0766666667,"T.ET":13.5,"A.ET":15.3157894737,"Ach_ET":1.134502924,"T.AvgSKU":26,"A.AvgSKU":21.1679389313,"Strata":"-","T.CAProdW":78,"A.CAProdW":48,"Ach_CAProdW":0.6153846154,"T.CAProdR":56,"A.CAProdR":50,"Ach_CAProdR":0.8928571429,"T.CAProdM":14,"A.CAProdM":13,"Ach_CAProdM":0.9285714286,"Ach_CAProdAll":0.75,"T.GPFood":1200.0,"A.GPFood":1278.0,"Ach_GPFood":1.065,"T.GPOthers":0.0,"A.GPOthers":18.0,"Ach_GPOthers":0.0,"AR_Coll":0.6791835708,"Gap_GPFood":78,"Gap_GPOthers":0}
{"Nama Depo":"Depo Tanjung","szEmployeeId":17210037897,"szname":"Hindra","Tipe Salesman":"Sales Representative Mix Yudistira","T.CR":150,"A.CR":233,"Ach_CR":1.5533333333,"A.CA":185,"Ach_CA":0.7939914163,"T.PC":25,"A.PC":26.55,"Ach_PC":1.062,"T.AC":24,"A.AC":26.05,"Ach_AC":1.0854166667,"T.EC":18.75,"A.EC":18.3,"Ach_EC":0.976,"T.ET":16.875,"A.ET":16.9,"Ach_ET":1.0014814815,"T.AvgSKU":26,"A.AvgSKU":17.5621621622,"Strata":"-","T.CAProdW":46,"A.CAProdW":31,"Ach_CAProdW":0.6739130435,"T.CAProdR":184,"A.CAProdR":119,"Ach_CAProdR":0.6467391304,"T.CAProdM":3,"A.CAProdM":2,"Ach_CAProdM":0.6666666667,"Ach_CAProdAll":0.652360515,"T.GPFood":920.0,"A.GPFood":1268.0,"Ach_GPFood":1.3782608696,"T.GPOthers":300.0,"A.GPOthers":220.0,"Ach_GPOthers":0.7333333333,"AR_Coll":0.9602631049,"Gap_GPFood":348,"Gap_GPOthers":0}
{"Nama Depo":"Depo Tanjung","szEmployeeId":17210036369,"szname":"Muhammad Tamrin","Tipe Salesman":"Sales Representative Mix Yudistira","T.CR":150,"A.CR":202,"Ach_CR":1.3466666667,"A.CA":155,"Ach_CA":0.7673267327,"T.PC":25,"A.PC":24.9,"Ach_PC":0.996,"T.AC":24,"A.AC":22.3,"Ach_AC":0.9291666667,"T.EC":18.75,"A.EC":15.3,"Ach_EC":0.816,"T.ET":16.875,"A.ET":14.65,"Ach_ET":0.8681481481,"T.AvgSKU":26,"A.AvgSKU":18.8774193548,"Strata":"-","T.CAProdW":53,"A.CAProdW":33,"Ach_CAProdW":0.6226415094,"T.CAProdR":141,"A.CAProdR":87,"Ach_CAProdR":0.6170212766,"T.CAProdM":4,"A.CAProdM":2,"Ach_CAProdM":0.5,"Ach_CAProdAll":0.6161616162,"T.GPFood":920.0,"A.GPFood":1170.0,"Ach_GPFood":1.2717391304,"T.GPOthers":300.0,"A.GPOthers":181.0,"Ach_GPOthers":0.6033333333,"AR_Coll":0.7392034915,"Gap_GPFood":250,"Gap_GPOthers":0}
{"Nama Depo":"Depo Tanjung","szEmployeeId":17210037632,"szname":"Robianor","Tipe Salesman":"Sales Representative Mix Yudistira","T.CR":150,"A.CR":207,"Ach_CR":1.38,"A.CA":161,"Ach_CA":0.7777777778,"T.PC":25,"A.PC":26.4,"Ach_PC":1.056,"T.AC":24,"A.AC":26.15,"Ach_AC":1.0895833333,"T.EC":18.75,"A.EC":17.2,"Ach_EC":0.9173333333,"T.ET":16.875,"A.ET":16.45,"Ach_ET":0.9748148148,"T.AvgSKU":26,"A.AvgSKU":19.8260869565,"Strata":"-","T.CAProdW":56,"A.CAProdW":36,"Ach_CAProdW":0.6428571429,"T.CAProdR":145,"A.CAProdR":90,"Ach_CAProdR":0.6206896552,"T.CAProdM":1,"A.CAProdM":1,"Ach_CAProdM":1.0,"Ach_CAProdAll":0.6287128713,"T.GPFood":920.0,"A.GPFood":1261.0,"Ach_GPFood":1.3706521739,"T.GPOthers":300.0,"A.GPOthers":230.0,"Ach_GPOthers":0.7666666667,"AR_Coll":0.9550709794,"Gap_GPFood":341,"Gap_GPOthers":0}
{"Nama Depo":"Depo Tanjung","szEmployeeId":17210038077,"szname":"Sopian Sauri","Tipe Salesman":"Sales Representative Wholesaler Bima","T.CR":220,"A.CR":236,"Ach_CR":1.0727272727,"A.CA":158,"Ach_CA":0.6694915254,"T.PC":20,"A.PC":25.05,"Ach_PC":1.2525,"T.AC":19,"A.AC":20.1,"Ach_AC":1.0578947368,"T.EC":15.0,"A.EC":13.9,"Ach_EC":0.9266666667,"T.ET":13.5,"A.ET":11.95,"Ach_ET":0.8851851852,"T.AvgSKU":12,"A.AvgSKU":6.6075949367,"Strata":"-","T.CAProdW":78,"A.CAProdW":2,"Ach_CAProdW":0.0256410256,"T.CAProdR":141,"A.CAProdR":299,"Ach_CAProdR":2.1205673759,"T.CAProdM":15,"A.CAProdM":7,"Ach_CAProdM":0.4666666667,"Ach_CAProdAll":1.3162393162,"T.GPFood":null,"A.GPFood":null,"Ach_GPFood":null,"T.GPOthers":null,"A.GPOthers":null,"Ach_GPOthers":0.0,"AR_Coll":0.9830707637,"Gap_GPFood":0,"Gap_GPOthers":0}
{"Nama Depo":"Depo Tanjung","szEmployeeId":17210041467,"szname":"Doli Purnama Sari","Tipe Salesman":"Sales Representative Retailer Arjuna","T.CR":250,"A.CR":347,"Ach_CR":1.388,"A.CA":282,"Ach_CA":0.8126801153,"T.PC":25,"A.PC":28.75,"Ach_PC":1.15,"T.AC":24,"A.AC":28.4,"Ach_AC":1.1833333333,"T.EC":18.75,"A.EC":20.05,"Ach_EC":1.0693333333,"T.ET":16.875,"A.ET":18.65,"Ach_ET":1.1051851852,"T.AvgSKU":19,"A.AvgSKU":12.2411347518,"Strata":"-","T.CAProdW":3,"A.CAProdW":2,"Ach_CAProdW":0.6666666667,"T.CAProdR":333,"A.CAProdR":299,"Ach_CAProdR":0.8978978979,"T.CAProdM":9,"A.CAProdM":7,"Ach_CAProdM":0.7777777778,"Ach_CAProdAll":0.8927536232,"T.GPFood":1230.0,"A.GPFood":1390.0,"Ach_GPFood":1.1300813008,"T.GPOthers":0.0,"A.GPOthers":0.0,"Ach_GPOthers":0.0,"AR_Coll":1.0,"Gap_GPFood":160,"Gap_GPOthers":0}
{"Nama Depo":"Depo Tanjung","szEmployeeId":17210041719,"szname":"Muhammad Iqbal Purwa Atmaja","Tipe Salesman":"Sales Representative Retailer Bima","T.CR":360,"A.CR":344,"Ach_CR":0.9555555556,"A.CA":240,"Ach_CA":0.6976744186,"T.PC":30,"A.PC":28.7222222222,"Ach_PC":0.9574074074,"T.AC":29,"A.AC":26.3888888889,"Ach_AC":0.9099616858,"T.EC":22.5,"A.EC":18.8333333333,"Ach_EC":0.837037037,"T.ET":20.25,"A.ET":18.3125,"Ach_ET":0.9043209877,"T.AvgSKU":11,"A.AvgSKU":6.9083333333,"Strata":"-","T.CAProdW":3,"A.CAProdW":2,"Ach_CAProdW":0.6666666667,"T.CAProdR":331,"A.CAProdR":299,"Ach_CAProdR":0.9033232628,"T.CAProdM":8,"A.CAProdM":7,"Ach_CAProdM":0.875,"Ach_CAProdAll":0.9005847953,"T.GPFood":0.0,"A.GPFood":291.0,"Ach_GPFood":0.0,"T.GPOthers":0.0,"A.GPOthers":318.0,"Ach_GPOthers":0.0,"AR_Coll":1.0,"Gap_GPFood":0,"Gap_GPOthers":0}
