{"Nama Depo":"Depo Tanjung","szEmployeeId":17210032876,"szname":"Asman","Tipe Salesman":"Sales Representative Wholesaler Arjuna","T.CR":120,"A.CR":141,"Ach_CR":1.175,"A.CA":73,"Ach_CA":0.5177304965,"T.PC":17.0,"A.PC":19.6666666667,"Ach_PC":1.1568627451,"T.AC":19.6666666667,"A.AC":16.1666666667,"Ach_AC":0.8220338983,"T.EC":14.75,"A.EC":15.0,"Ach_EC":1.0169491525,"T.ET":14.0125,"A.ET":15.1666666667,"Ach_ET":1.0823669343,"T.AvgSKU":26,"A.AvgSKU":12.1780821918,"Strata":"-","T.CAProdW":107,"A.CAProdW":30,"Ach_CAProdW":0.2803738318,"T.CAProdR":0,"A.CAProdR":0,"Ach_CAProdR":0.0,"T.CAProdM":11,"A.CAProdM":8,"Ach_CAProdM":0.7272727273,"Ach_CAProdAll":0.3220338983,"T.GPFood":1200,"A.GPFood":492,"Ach_GPFood":0.41,"T.GPOthers":0,"A.GPOthers":0,"Ach_GPOthers":0.0,"AR_Coll":0.6476690219,"Gap_GPFood":0,"Gap_GPOthers":0,"T.GS":26,"A.GS":0,"Ach_GS":0,"Strata_GS":0,"EC_Ins":0.8823529412,"CR Pasif":-68,"Loss Pasif":-305833639.2709509134,"Gap TG":-0.0117819728}
{"Nama Depo":"Depo Tanjung","szEmployeeId":17210036369,"szname":"Muhammad Tamrin","Tipe Salesman":"Sales Representative Wholesaler Bima","T.CR":220,"A.CR":150,"Ach_CR":0.6818181818,"A.CA":70,"Ach_CA":0.4666666667,"T.PC":19.0,"A.PC":20.6666666667,"Ach_PC":1.0877192982,"T.AC":20.6666666667,"A.AC":17.0,"Ach_AC":0.8225806452,"T.EC":15.5,"A.EC":15.0,"Ach_EC":0.9677419355,"T.ET":14.725,"A.ET":13.8333333333,"Ach_ET":0.9394453877,"T.AvgSKU":12,"A.AvgSKU":5.1857142857,"Strata":"-","T.CAProdW":110,"A.CAProdW":23,"Ach_CAProdW":0.2090909091,"T.CAProdR":0,"A.CAProdR":0,"Ach_CAProdR":0.0,"T.CAProdM":11,"A.CAProdM":4,"Ach_CAProdM":0.3636363636,"Ach_CAProdAll":0.2231404959,"T.GPFood":0,"A.GPFood":71,"Ach_GPFood":0.0,"T.GPOthers":0,"A.GPOthers":96,"Ach_GPOthers":0.0,"AR_Coll":0.6513695067,"Gap_GPFood":0,"Gap_GPOthers":0,"T.GS":26,"A.GS":0,"Ach_GS":0,"Strata_GS":0,"EC_Ins":0.7894736842,"CR Pasif":-80,"Loss Pasif":-223515435.2000198662,"Gap TG":-0.0183755815}
{"Nama Depo":"Depo Tanjung","szEmployeeId":17210037897,"szname":"Hindra","Tipe Salesman":"Sales Representative Mix Yudistira","T.CR":150,"A.CR":195,"Ach_CR":1.3,"A.CA":87,"Ach_CA":0.4461538462,"T.PC":25.0,"A.PC":24.1666666667,"Ach_PC":0.9666666667,"T.AC":24.1666666667,"A.AC":20.1666666667,"Ach_AC":0.8344827586,"T.EC":18.125,"A.EC":18.4,"Ach_EC":1.0151724138,"T.ET":17.21875,"A.ET":15.8333333333,"Ach_ET":0.9195402299,"T.AvgSKU":26,"A.AvgSKU":13.9770114943,"Strata":"-","T.CAProdW":49,"A.CAProdW":24,"Ach_CAProdW":0.4897959184,"T.CAProdR":93,"A.CAProdR":35,"Ach_CAProdR":0.376344086,"T.CAProdM":2,"A.CAProdM":2,"Ach_CAProdM":1.0,"Ach_CAProdAll":0.4236111111,"T.GPFood":920,"A.GPFood":511,"Ach_GPFood":0.5554347826,"T.GPOthers":300,"A.GPOthers":108,"Ach_GPOthers":0.36,"AR_Coll":0.9093926074,"Gap_GPFood":0,"Gap_GPOthers":0,"T.GS":23,"A.GS":0,"Ach_GS":0,"Strata_GS":0,"EC_Ins":0.736,"CR Pasif":-108,"Loss Pasif":-332936015.920973897,"Gap TG":-0.0389978727}
{"Nama Depo":"Depo Tanjung","szEmployeeId":17210037632,"szname":"Robianor","Tipe Salesman":"Sales Representative Mix Yudistira","T.CR":150,"A.CR":195,"Ach_CR":1.3,"A.CA":105,"Ach_CA":0.5384615385,"T.PC":25.0,"A.PC":25.0,"Ach_PC":1.0,"T.AC":25.0,"A.AC":21.1666666667,"Ach_AC":0.8466666667,"T.EC":18.75,"A.EC":21.2,"Ach_EC":1.1306666667,"T.ET":17.8125,"A.ET":19.6666666667,"Ach_ET":1.1040935673,"T.AvgSKU":26,"A.AvgSKU":11.8285714286,"Strata":"-","T.CAProdW":56,"A.CAProdW":21,"Ach_CAProdW":0.375,"T.CAProdR":88,"A.CAProdR":44,"Ach_CAProdR":0.5,"T.CAProdM":1,"A.CAProdM":0,"Ach_CAProdM":0.0,"Ach_CAProdAll":0.4482758621,"T.GPFood":920,"A.GPFood":593,"Ach_GPFood":0.6445652174,"T.GPOthers":300,"A.GPOthers":92,"Ach_GPOthers":0.3066666667,"AR_Coll":0.6346595629,"Gap_GPFood":0,"Gap_GPOthers":0,"T.GS":23,"A.GS":0,"Ach_GS":0,"Strata_GS":0,"EC_Ins":0.848,"CR Pasif":-90,"Loss Pasif":-269447684.9878240824,"Gap TG":-0.0522930272}
{"Nama Depo":"Depo Tanjung","szEmployeeId":17210042412,"szname":"Muhammad Rizky Algifari","Tipe Salesman":"Sales Representative Mix Yudistira","T.CR":150,"A.CR":201,"Ach_CR":1.34,"A.CA":113,"Ach_CA":0.5621890547,"T.PC":25.0,"A.PC":25.3333333333,"Ach_PC":1.0133333333,"T.AC":25.3333333333,"A.AC":25.3333333333,"Ach_AC":1.0,"T.EC":19.0,"A.EC":21.0,"Ach_EC":1.1052631579,"T.ET":18.05,"A.ET":21.5,"Ach_ET":1.1911357341,"T.AvgSKU":26,"A.AvgSKU":11.8318584071,"Strata":"-","T.CAProdW":47,"A.CAProdW":14,"Ach_CAProdW":0.2978723404,"T.CAProdR":100,"A.CAProdR":58,"Ach_CAProdR":0.58,"T.CAProdM":2,"A.CAProdM":0,"Ach_CAProdM":0.0,"Ach_CAProdAll":0.4832214765,"T.GPFood":920,"A.GPFood":521,"Ach_GPFood":0.5663043478,"T.GPOthers":300,"A.GPOthers":98,"Ach_GPOthers":0.3266666667,"AR_Coll":1.0,"Gap_GPFood":0,"Gap_GPOthers":0,"T.GS":23,"A.GS":0,"Ach_GS":0,"Strata_GS":0,"EC_Ins":0.84,"CR Pasif":-88,"Loss Pasif":-227088873.8926069736,"Gap TG":-0.0703385472}
{"Nama Depo":"Depo Tanjung","szEmployeeId":17210041467,"szname":"Doli Purnama Sari","Tipe Salesman":"Sales Representative Retailer Arjuna","T.CR":250,"A.CR":349,"Ach_CR":1.396,"A.CA":116,"Ach_CA":0.3323782235,"T.PC":25.0,"A.PC":30.0,"Ach_PC":1.2,"T.AC":30.0,"A.AC":25.0,"Ach_AC":0.8333333333,"T.EC":22.5,"A.EC":21.4,"Ach_EC":0.9511111111,"T.ET":21.375,"A.ET":19.5,"Ach_ET":0.9122807018,"T.AvgSKU":19,"A.AvgSKU":9.6379310345,"Strata":"-","T.CAProdW":0,"A.CAProdW":0,"Ach_CAProdW":0.0,"T.CAProdR":172,"A.CAProdR":58,"Ach_CAProdR":0.3372093023,"T.CAProdM":6,"A.CAProdM":3,"Ach_CAProdM":0.5,"Ach_CAProdAll":0.3426966292,"T.GPFood":1230,"A.GPFood":560,"Ach_GPFood":0.4552845528,"T.GPOthers":0,"A.GPOthers":0,"Ach_GPOthers":0.0,"AR_Coll":0.8213586182,"Gap_GPFood":0,"Gap_GPOthers":0,"T.GS":38,"A.GS":0,"Ach_GS":0,"Strata_GS":0,"EC_Ins":0.856,"CR Pasif":-233,"Loss Pasif":-96332842.1530324966,"Gap TG":-0.0335517822}
{"Nama Depo":"Depo Tanjung","szEmployeeId":17210042423,"szname":"Siti Fatimah Hadijah","Tipe Salesman":"Sales Representative Retailer Bima","T.CR":360,"A.CR":356,"Ach_CR":0.9888888889,"A.CA":101,"Ach_CA":0.2837078652,"T.PC":30.0,"A.PC":30.5,"Ach_PC":1.0166666667,"T.AC":30.5,"A.AC":30.3333333333,"Ach_AC":0.9945355191,"T.EC":22.875,"A.EC":20.2,"Ach_EC":0.8830601093,"T.ET":21.73125,"A.ET":17.0,"Ach_ET":0.7822835778,"T.AvgSKU":11,"A.AvgSKU":6.0792079208,"Strata":"-","T.CAProdW":0,"A.CAProdW":0,"Ach_CAProdW":0.0,"T.CAProdR":173,"A.CAProdR":42,"Ach_CAProdR":0.2427745665,"T.CAProdM":6,"A.CAProdM":1,"Ach_CAProdM":0.1666666667,"Ach_CAProdAll":0.2402234637,"T.GPFood":0,"A.GPFood":79,"Ach_GPFood":0.0,"T.GPOthers":0,"A.GPOthers":100,"Ach_GPOthers":0.0,"AR_Coll":1.0,"Gap_GPFood":0,"Gap_GPOthers":0,"T.GS":38,"A.GS":0,"Ach_GS":0,"Strata_GS":0,"EC_Ins":0.6733333333,"CR Pasif":-255,"Loss Pasif":-53831875.4898990989,"Gap TG":0.0493157822}
{"Nama Depo":"Depo Tanjung","szEmployeeId":17210036576,"szname":"Muhammad Yasir","Tipe Salesman":"Sales Representative Retailer Bima","T.CR":1400,"A.CR":1587,"Ach_CR":1.1335714286,"A.CA":665,"Ach_CA":0.4190296156,"T.PC":23.7142857143,"A.PC":25.0476190476,"Ach_PC":1.0562248996,"T.AC":25.0476190476,"A.AC":22.1666666667,"Ach_AC":0.8849809886,"T.EC":18.7857142857,"A.EC":18.8857142857,"Ach_EC":1.0053231939,"T.ET":17.8464285714,"A.ET":17.5,"Ach_ET":0.980588353,"T.AvgSKU":11,"A.AvgSKU":10.1026252518,"Strata":"-","T.CAProdW":369,"A.CAProdW":112,"Ach_CAProdW":0.3035230352,"T.CAProdR":626,"A.CAProdR":237,"Ach_CAProdR":0.3785942492,"T.CAProdM":39,"A.CAProdM":18,"Ach_CAProdM":0.4615384615,"Ach_CAProdAll":0.3549323017,"T.GPFood":5190,"A.GPFood":2827,"Ach_GPFood":0.5447013487,"T.GPOthers":900,"A.GPOthers":494,"Ach_GPOthers":0.5488888889,"AR_Coll":0.0,"Gap_GPFood":0,"Gap_GPOthers":0,"T.GS":197,"A.GS":0,"Ach_GS":0,"Strata_GS":0,"EC_Ins":0.7963855422,"CR Pasif":-922,"Loss Pasif":-1508986366.9153075218,"Gap TG":-0.0345032615}
