{"Nama Depo":"Depo Tanjung","szEmployeeId":17210032876,"szname":"Asman","Tipe Salesman":"Sales Representative Wholesaler Arjuna","T.CR":120,"A.CR":153,"Ach_CR":1.275,"A.CA":124,"Ach_CA":0.8104575163,"T.PC":20,"A.PC":20.7142857143,"Ach_PC":1.0357142857,"T.AC":17,"A.AC":20.6428571429,"Ach_AC":1.2142857143,"T.EC":15.5357142857,"A.EC":16.0714285714,"Ach_EC":1.0344827586,"T.ET":13.9821428571,"A.ET":14.3571428571,"Ach_ET":1.0268199234,"T.AvgSKU":26,"A.AvgSKU":17.0080645161,"Strata":"-","T.CAProdW":135,"A.CAProdW":57,"Ach_CAProdW":0.4222222222,"T.CAProdR":4,"A.CAProdR":1,"Ach_CAProdR":0.25,"T.CAProdM":14,"A.CAProdM":12,"Ach_CAProdM":0.8571428571,"Ach_CAProdAll":0.4575163399,"T.GPFood":1200,"A.GPFood":860,"Ach_GPFood":0.7166666667,"T.GPOthers":0,"A.GPOthers":3,"Ach_GPOthers":0.0,"AR_Coll":0.7113895377,"Gap_GPFood":0,"Gap_GPOthers":0}
{"Nama Depo":"Depo Tanjung","szEmployeeId":17210037897,"szname":"Hindra","Tipe Salesman":"Sales Representative Mix Yudistira","T.CR":150,"A.CR":212,"Ach_CR":1.4133333333,"A.CA":165,"Ach_CA":0.7783018868,"T.PC":25,"A.PC":26.8571428571,"Ach_PC":1.0742857143,"T.AC":24,"A.AC":26.5,"Ach_AC":1.1041666667,"T.EC":20.1428571429,"A.EC":19.1428571429,"Ach_EC":0.9503546099,"T.ET":18.1285714286,"A.ET":18.5714285714,"Ach_ET":1.024428684,"T.AvgSKU":26,"A.AvgSKU":15.6545454545,"Strata":"-","T.CAProdW":60,"A.CAProdW":34,"Ach_CAProdW":0.5666666667,"T.CAProdR":148,"A.CAProdR":83,"Ach_CAProdR":0.5608108108,"T.CAProdM":2,"A.CAProdM":1,"Ach_CAProdM":0.5,"Ach_CAProdAll":0.5619047619,"T.GPFood":920,"A.GPFood":890,"Ach_GPFood":0.9673913043,"T.GPOthers":300,"A.GPOthers":142,"Ach_GPOthers":0.4733333333,"AR_Coll":0.8053490123,"Gap_GPFood":0,"Gap_GPOthers":0}
{"Nama Depo":"Depo Tanjung","szEmployeeId":17210036369,"szname":"Muhammad Tamrin","Tipe Salesman":"Sales Representative Wholesaler Bima","T.CR":220,"A.CR":154,"Ach_CR":0.7,"A.CA":148,"Ach_CA":0.961038961,"T.PC":20,"A.PC":20.9285714286,"Ach_PC":1.0464285714,"T.AC":19,"A.AC":20.8571428571,"Ach_AC":1.0977443609,"T.EC":15.6964285714,"A.EC":16.0714285714,"Ach_EC":1.023890785,"T.ET":14.1267857143,"A.ET":14.5,"Ach_ET":1.0264189104,"T.AvgSKU":12,"A.AvgSKU":7.3513513514,"Strata":"-","T.CAProdW":136,"A.CAProdW":46,"Ach_CAProdW":0.3382352941,"T.CAProdR":2,"A.CAProdR":6,"Ach_CAProdR":3.0,"T.CAProdM":14,"A.CAProdM":7,"Ach_CAProdM":0.5,"Ach_CAProdAll":0.3881578947,"T.GPFood":0,"A.GPFood":299,"Ach_GPFood":0.0,"T.GPOthers":0,"A.GPOthers":275,"Ach_GPOthers":0.0,"AR_Coll":0.6346747477,"Gap_GPFood":0,"Gap_GPOthers":0}
{"Nama Depo":"Depo Tanjung","szEmployeeId":17210037632,"szname":"Robianor","Tipe Salesman":"Sales Representative Mix Yudistira","T.CR":150,"A.CR":212,"Ach_CR":1.4133333333,"A.CA":155,"Ach_CA":0.7311320755,"T.PC":25,"A.PC":25.7857142857,"Ach_PC":1.0314285714,"T.AC":24,"A.AC":25.7857142857,"Ach_AC":1.0744047619,"T.EC":19.3392857143,"A.EC":19.3571428571,"Ach_EC":1.000923361,"T.ET":17.4053571429,"A.ET":18.5,"Ach_ET":1.062891146,"T.AvgSKU":26,"A.AvgSKU":18.4193548387,"Strata":"1","T.CAProdW":70,"A.CAProdW":53,"Ach_CAProdW":0.7571428571,"T.CAProdR":136,"A.CAProdR":80,"Ach_CAProdR":0.5882352941,"T.CAProdM":1,"A.CAProdM":1,"Ach_CAProdM":1.0,"Ach_CAProdAll":0.6473429952,"T.GPFood":920,"A.GPFood":1147,"Ach_GPFood":1.2467391304,"T.GPOthers":300,"A.GPOthers":203,"Ach_GPOthers":0.6766666667,"AR_Coll":0.8394114705,"Gap_GPFood":227,"Gap_GPOthers":0}
{"Nama Depo":"Depo Tanjung","szEmployeeId":17210041467,"szname":"Doli Purnama Sari","Tipe Salesman":"Sales Representative Retailer Yudistira","T.CR":360,"A.CR":347,"Ach_CR":0.9638888889,"A.CA":229,"Ach_CA":0.6599423631,"T.PC":30,"A.PC":29.8571428571,"Ach_PC":0.9952380952,"T.AC":29,"A.AC":29.8571428571,"Ach_AC":1.0295566502,"T.EC":22.3928571429,"A.EC":20.0714285714,"Ach_EC":0.8963317384,"T.ET":20.1535714286,"A.ET":18.4285714286,"Ach_ET":0.9144072302,"T.AvgSKU":21,"A.AvgSKU":14.1266375546,"Strata":"1","T.CAProdW":0,"A.CAProdW":1,"Ach_CAProdW":"0x7","T.CAProdR":334,"A.CAProdR":146,"Ach_CAProdR":0.4371257485,"T.CAProdM":11,"A.CAProdM":6,"Ach_CAProdM":0.5454545455,"Ach_CAProdAll":0.4434782609,"T.GPFood":600,"A.GPFood":1274,"Ach_GPFood":2.1233333333,"T.GPOthers":200,"A.GPOthers":62,"Ach_GPOthers":0.31,"AR_Coll":1.0,"Gap_GPFood":674,"Gap_GPOthers":0}
{"Nama Depo":"Depo Tanjung","szEmployeeId":17210041960,"szname":"Bahrudin Rahman","Tipe Salesman":"Sales Representative Mix Yudistira","T.CR":150,"A.CR":212,"Ach_CR":1.4133333333,"A.CA":136,"Ach_CA":0.641509434,"T.PC":25,"A.PC":24.8571428571,"Ach_PC":0.9942857143,"T.AC":24,"A.AC":22.7142857143,"Ach_AC":0.9464285714,"T.EC":18.6428571429,"A.EC":15.9285714286,"Ach_EC":0.8544061303,"T.ET":16.7785714286,"A.ET":13.5714285714,"Ach_ET":0.8088548318,"T.AvgSKU":26,"A.AvgSKU":15.5441176471,"Strata":"-","T.CAProdW":63,"A.CAProdW":43,"Ach_CAProdW":0.6825396825,"T.CAProdR":142,"A.CAProdR":55,"Ach_CAProdR":0.3873239437,"T.CAProdM":4,"A.CAProdM":3,"Ach_CAProdM":0.75,"Ach_CAProdAll":0.4832535885,"T.GPFood":920,"A.GPFood":883,"Ach_GPFood":0.9597826087,"T.GPOthers":300,"A.GPOthers":149,"Ach_GPOthers":0.4966666667,"AR_Coll":0.9207640589,"Gap_GPFood":0,"Gap_GPOthers":0}
