{"Nama Depo":"Depo Tanjung","szEmployeeId":17210032876,"szname":"Asman","Tipe Salesman":"Sales Representative Wholesaler Arjuna","T.CR":120,"A.CR":144,"Ach_CR":1.2,"A.CA":121,"Ach_CA":0.8402777778,"T.PC":17,"A.PC":20.2222222222,"Ach_PC":1.1895424837,"T.AC":20.2222222222,"A.AC":18.9444444444,"Ach_AC":0.9368131868,"T.EC":15.1666666667,"A.EC":14.8888888889,"Ach_EC":0.9816849817,"T.ET":14.4083333333,"A.ET":14.0555555556,"Ach_ET":0.9755157124,"T.AvgSKU":26,"A.AvgSKU":17.3884297521,"Strata":"-","T.CAProdW":128,"A.CAProdW":66,"Ach_CAProdW":0.515625,"T.CAProdR":0,"A.CAProdR":0,"Ach_CAProdR":0.0,"T.CAProdM":13,"A.CAProdM":10,"Ach_CAProdM":0.7692307692,"Ach_CAProdAll":0.5390070922,"T.GPFood":1200,"A.GPFood":1089,"Ach_GPFood":0.9075,"T.GPOthers":0,"A.GPOthers":0,"Ach_GPOthers":0.0,"AR_Coll":0.7587695718,"Gap_GPFood":0,"Gap_GPOthers":0,"T.GS":20,"A.GS":27,"Ach_GS":1.35,"Strata_GS":4,"EC_Ins":0.8758169935,"CR Pasif":-23,"Loss Pasif":-48043238.43206615,"Gap TG":-0.0069537367}
{"Nama Depo":"Depo Tanjung","szEmployeeId":17210036369,"szname":"Muhammad Tamrin","Tipe Salesman":"Sales Representative Wholesaler Bima","T.CR":220,"A.CR":152,"Ach_CR":0.6909090909,"A.CA":118,"Ach_CA":0.7763157895,"T.PC":19,"A.PC":21.4444444444,"Ach_PC":1.1286549708,"T.AC":21.4444444444,"A.AC":20.1666666667,"Ach_AC":0.9404145078,"T.EC":16.0833333333,"A.EC":13.8888888889,"Ach_EC":0.8635578584,"T.ET":15.2791666667,"A.ET":11.2222222222,"Ach_ET":0.7344786838,"T.AvgSKU":12,"A.AvgSKU":6.5254237288,"Strata":"-","T.CAProdW":135,"A.CAProdW":50,"Ach_CAProdW":0.3703703704,"T.CAProdR":1,"A.CAProdR":1,"Ach_CAProdR":1.0,"T.CAProdM":13,"A.CAProdM":5,"Ach_CAProdM":0.3846153846,"Ach_CAProdAll":0.3758389262,"T.GPFood":0,"A.GPFood":134,"Ach_GPFood":0.0,"T.GPOthers":0,"A.GPOthers":219,"Ach_GPOthers":0.0,"AR_Coll":0.7353792009,"Gap_GPFood":0,"Gap_GPOthers":0,"T.GS":20,"A.GS":10,"Ach_GS":0.5,"Strata_GS":2,"EC_Ins":0.730994152,"CR Pasif":-34,"Loss Pasif":-57668133.8610442877,"Gap TG":-0.3661744958}
{"Nama Depo":"Depo Tanjung","szEmployeeId":17210037897,"szname":"Hindra","Tipe Salesman":"Sales Representative Mix Yudistira","T.CR":150,"A.CR":209,"Ach_CR":1.3933333333,"A.CA":170,"Ach_CA":0.8133971292,"T.PC":25,"A.PC":25.0555555556,"Ach_PC":1.0022222222,"T.AC":25.0555555556,"A.AC":25.0,"Ach_AC":0.9977827051,"T.EC":18.7916666667,"A.EC":18.4444444444,"Ach_EC":0.9815225425,"T.ET":17.8520833333,"A.ET":16.3888888889,"Ach_ET":0.9180378885,"T.AvgSKU":26,"A.AvgSKU":16.5882352941,"Strata":"-","T.CAProdW":62,"A.CAProdW":46,"Ach_CAProdW":0.7419354839,"T.CAProdR":132,"A.CAProdR":73,"Ach_CAProdR":0.553030303,"T.CAProdM":4,"A.CAProdM":2,"Ach_CAProdM":0.5,"Ach_CAProdAll":0.6111111111,"T.GPFood":920,"A.GPFood":1183,"Ach_GPFood":1.2858695652,"T.GPOthers":300,"A.GPOthers":185,"Ach_GPOthers":0.6166666667,"AR_Coll":0.7999274046,"Gap_GPFood":263,"Gap_GPOthers":0,"T.GS":20,"A.GS":6,"Ach_GS":0.3,"Strata_GS":1,"EC_Ins":0.7377777778,"CR Pasif":-39,"Loss Pasif":-41872847.9695113897,"Gap TG":-0.131105828}
{"Nama Depo":"Depo Tanjung","szEmployeeId":17210037632,"szname":"Robianor","Tipe Salesman":"Sales Representative Mix Yudistira","T.CR":150,"A.CR":202,"Ach_CR":1.3466666667,"A.CA":167,"Ach_CA":0.8267326733,"T.PC":25,"A.PC":25.1666666667,"Ach_PC":1.0066666667,"T.AC":25.1666666667,"A.AC":25.1666666667,"Ach_AC":1.0,"T.EC":18.875,"A.EC":18.7777777778,"Ach_EC":0.9948491538,"T.ET":17.93125,"A.ET":17.4444444444,"Ach_ET":0.9728515549,"T.AvgSKU":26,"A.AvgSKU":17.9461077844,"Strata":"-","T.CAProdW":66,"A.CAProdW":49,"Ach_CAProdW":0.7424242424,"T.CAProdR":121,"A.CAProdR":78,"Ach_CAProdR":0.6446280992,"T.CAProdM":1,"A.CAProdM":0,"Ach_CAProdM":0.0,"Ach_CAProdAll":0.6755319149,"T.GPFood":920,"A.GPFood":1290,"Ach_GPFood":1.402173913,"T.GPOthers":300,"A.GPOthers":217,"Ach_GPOthers":0.7233333333,"AR_Coll":0.7026247088,"Gap_GPFood":370,"Gap_GPOthers":0,"T.GS":20,"A.GS":34,"Ach_GS":1.7,"Strata_GS":4,"EC_Ins":0.7511111111,"CR Pasif":-35,"Loss Pasif":-34073635.6762492061,"Gap TG":-0.1833871859}
{"Nama Depo":"Depo Tanjung","szEmployeeId":17210042412,"szname":"Muhammad Rizky Algifari","Tipe Salesman":"Sales Representative Mix Yudistira","T.CR":150,"A.CR":208,"Ach_CR":1.3866666667,"A.CA":149,"Ach_CA":0.7163461538,"T.PC":25,"A.PC":26.5555555556,"Ach_PC":1.0622222222,"T.AC":26.5555555556,"A.AC":26.5555555556,"Ach_AC":1.0,"T.EC":19.9166666667,"A.EC":15.7777777778,"Ach_EC":0.7921896792,"T.ET":18.9208333333,"A.ET":14.7222222222,"Ach_ET":0.7780958673,"T.AvgSKU":26,"A.AvgSKU":15.9060402685,"Strata":"-","T.CAProdW":58,"A.CAProdW":35,"Ach_CAProdW":0.6034482759,"T.CAProdR":138,"A.CAProdR":76,"Ach_CAProdR":0.5507246377,"T.CAProdM":2,"A.CAProdM":1,"Ach_CAProdM":0.5,"Ach_CAProdAll":0.5656565657,"T.GPFood":920,"A.GPFood":927,"Ach_GPFood":1.0076086957,"T.GPOthers":300,"A.GPOthers":118,"Ach_GPOthers":0.3933333333,"AR_Coll":0.9120523009,"Gap_GPFood":7,"Gap_GPOthers":0,"T.GS":20,"A.GS":14,"Ach_GS":0.7,"Strata_GS":2,"EC_Ins":0.6311111111,"CR Pasif":-59,"Loss Pasif":-23938878.9103128128,"Gap TG":-0.2204334743}
{"Nama Depo":"Depo Tanjung","szEmployeeId":17210041467,"szname":"Doli Purnama Sari","Tipe Salesman":"Sales Representative Retailer Arjuna","T.CR":250,"A.CR":347,"Ach_CR":1.388,"A.CA":285,"Ach_CA":0.8213256484,"T.PC":25,"A.PC":29.8888888889,"Ach_PC":1.1955555556,"T.AC":29.8888888889,"A.AC":29.6111111111,"Ach_AC":0.9907063197,"T.EC":22.4166666667,"A.EC":22.7777777778,"Ach_EC":1.0161090458,"T.ET":21.2958333333,"A.ET":20.7222222222,"Ach_ET":0.9730646318,"T.AvgSKU":19,"A.AvgSKU":10.8350877193,"Strata":"-","T.CAProdW":0,"A.CAProdW":0,"Ach_CAProdW":0.0,"T.CAProdR":338,"A.CAProdR":155,"Ach_CAProdR":0.4585798817,"T.CAProdM":10,"A.CAProdM":5,"Ach_CAProdM":0.5,"Ach_CAProdAll":0.4597701149,"T.GPFood":1230,"A.GPFood":1389,"Ach_GPFood":1.1292682927,"T.GPOthers":0,"A.GPOthers":0,"Ach_GPOthers":0.0,"AR_Coll":0.9689976013,"Gap_GPFood":159,"Gap_GPOthers":0,"T.GS":30,"A.GS":121,"Ach_GS":4.0333333333,"Strata_GS":4,"EC_Ins":0.9111111111,"CR Pasif":-62,"Loss Pasif":-15116960.5959932078,"Gap TG":-0.0568153915}
{"Nama Depo":"Depo Tanjung","szEmployeeId":17210042423,"szname":"Siti Fatimah Hadijah","Tipe Salesman":"Sales Representative Retailer Bima","T.CR":360,"A.CR":349,"Ach_CR":0.9694444444,"A.CA":213,"Ach_CA":0.6103151862,"T.PC":30,"A.PC":29.8333333333,"Ach_PC":0.9944444444,"T.AC":29.8333333333,"A.AC":28.0,"Ach_AC":0.938547486,"T.EC":22.375,"A.EC":17.4117647059,"Ach_EC":0.7781794282,"T.ET":21.25625,"A.ET":15.0555555556,"Ach_ET":0.7082884119,"T.AvgSKU":11,"A.AvgSKU":6.1220657277,"Strata":"-","T.CAProdW":0,"A.CAProdW":0,"Ach_CAProdW":0.0,"T.CAProdR":338,"A.CAProdR":86,"Ach_CAProdR":0.2544378698,"T.CAProdM":10,"A.CAProdM":2,"Ach_CAProdM":0.2,"Ach_CAProdAll":0.2528735632,"T.GPFood":0,"A.GPFood":197,"Ach_GPFood":0.0,"T.GPOthers":0,"A.GPOthers":189,"Ach_GPOthers":0.0,"AR_Coll":0.9918101327,"Gap_GPFood":0,"Gap_GPOthers":0,"T.GS":30,"A.GS":25,"Ach_GS":0.8333333333,"Strata_GS":3,"EC_Ins":0.5803921569,"CR Pasif":-136,"Loss Pasif":-21934810.9694604948,"Gap TG":-0.1771657997}
