{"Nama Depo":"Depo Tanjung","szEmployeeId":17210032876,"szname":"Asman","Tipe Salesman":"Sales Representative Wholesaler Arjuna","T.CR":120,"A.CR":144,"Ach_CR":1.2,"A.CA":84,"Ach_CA":0.5833333333,"T.PC":17,"A.PC":20.1666666667,"Ach_PC":1.1862745098,"T.AC":20.1666666667,"A.AC":19.6666666667,"Ach_AC":0.9752066116,"T.EC":15.125,"A.EC":16.3333333333,"Ach_EC":1.0798898072,"T.ET":14.36875,"A.ET":14.5,"Ach_ET":1.0091344063,"T.AvgSKU":26,"A.AvgSKU":8.75,"Strata":"-","T.CAProdW":111,"A.CAProdW":33,"Ach_CAProdW":0.2972972973,"T.CAProdR":0,"A.CAProdR":0,"Ach_CAProdR":0.0,"T.CAProdM":10,"A.CAProdM":5,"Ach_CAProdM":0.5,"Ach_CAProdAll":0.3140495868,"T.GPFood":1200,"A.GPFood":366,"Ach_GPFood":0.305,"T.GPOthers":0,"A.GPOthers":0,"Ach_GPOthers":0.0,"AR_Coll":0.5734547309,"Gap_GPFood":0,"Gap_GPOthers":0,"T.GS":20,"A.GS":30,"Ach_GS":1.5,"Strata_GS":"4","EC_Ins":0.9607843137,"CR Pasif":-60,"Loss Pasif":-182514912.0551527739}
{"Nama Depo":"Depo Tanjung","szEmployeeId":17210036369,"szname":"Muhammad Tamrin","Tipe Salesman":"Sales Representative Wholesaler Bima","T.CR":220,"A.CR":152,"Ach_CR":0.6909090909,"A.CA":64,"Ach_CA":0.4210526316,"T.PC":19,"A.PC":21.5,"Ach_PC":1.1315789474,"T.AC":21.5,"A.AC":21.3333333333,"Ach_AC":0.992248062,"T.EC":16.125,"A.EC":14.1666666667,"Ach_EC":0.8785529716,"T.ET":15.31875,"A.ET":10.8333333333,"Ach_ET":0.7071943424,"T.AvgSKU":12,"A.AvgSKU":3.296875,"Strata":"-","T.CAProdW":115,"A.CAProdW":14,"Ach_CAProdW":0.1217391304,"T.CAProdR":1,"A.CAProdR":0,"Ach_CAProdR":0.0,"T.CAProdM":10,"A.CAProdM":0,"Ach_CAProdM":0.0,"Ach_CAProdAll":0.1111111111,"T.GPFood":0,"A.GPFood":41,"Ach_GPFood":0.0,"T.GPOthers":0,"A.GPOthers":48,"Ach_GPOthers":0.0,"AR_Coll":0.6930551959,"Gap_GPFood":0,"Gap_GPOthers":0,"T.GS":20,"A.GS":26,"Ach_GS":1.3,"Strata_GS":"4","EC_Ins":0.7456140351,"CR Pasif":-88,"Loss Pasif":-312385683.0042812824}
{"Nama Depo":"Depo Tanjung","szEmployeeId":17210037897,"szname":"Hindra","Tipe Salesman":"Sales Representative Mix Yudistira","T.CR":150,"A.CR":209,"Ach_CR":1.3933333333,"A.CA":93,"Ach_CA":0.4449760766,"T.PC":25,"A.PC":24.6666666667,"Ach_PC":0.9866666667,"T.AC":24.6666666667,"A.AC":24.6666666667,"Ach_AC":1.0,"T.EC":18.5,"A.EC":19.0,"Ach_EC":1.027027027,"T.ET":17.575,"A.ET":15.5,"Ach_ET":0.8819345661,"T.AvgSKU":26,"A.AvgSKU":10.5053763441,"Strata":"-","T.CAProdW":53,"A.CAProdW":16,"Ach_CAProdW":0.3018867925,"T.CAProdR":88,"A.CAProdR":32,"Ach_CAProdR":0.3636363636,"T.CAProdM":4,"A.CAProdM":2,"Ach_CAProdM":0.5,"Ach_CAProdAll":0.3448275862,"T.GPFood":920,"A.GPFood":407,"Ach_GPFood":0.4423913043,"T.GPOthers":300,"A.GPOthers":49,"Ach_GPOthers":0.1633333333,"AR_Coll":0.7707204468,"Gap_GPFood":0,"Gap_GPOthers":0,"T.GS":20,"A.GS":6,"Ach_GS":0.3,"Strata_GS":"1","EC_Ins":0.76,"CR Pasif":-116,"Loss Pasif":-273330166.3301689625}
{"Nama Depo":"Depo Tanjung","szEmployeeId":17210037632,"szname":"Robianor","Tipe Salesman":"Sales Representative Mix Yudistira","T.CR":150,"A.CR":202,"Ach_CR":1.3466666667,"A.CA":98,"Ach_CA":0.4851485149,"T.PC":25,"A.PC":24.5,"Ach_PC":0.98,"T.AC":24.5,"A.AC":24.5,"Ach_AC":1.0,"T.EC":18.375,"A.EC":18.6666666667,"Ach_EC":1.0158730159,"T.ET":17.45625,"A.ET":16.5,"Ach_ET":0.9452201933,"T.AvgSKU":26,"A.AvgSKU":9.7346938776,"Strata":"-","T.CAProdW":52,"A.CAProdW":18,"Ach_CAProdW":0.3461538462,"T.CAProdR":88,"A.CAProdR":28,"Ach_CAProdR":0.3181818182,"T.CAProdM":1,"A.CAProdM":0,"Ach_CAProdM":0.0,"Ach_CAProdAll":0.3262411348,"T.GPFood":920,"A.GPFood":420,"Ach_GPFood":0.4565217391,"T.GPOthers":300,"A.GPOthers":57,"Ach_GPOthers":0.19,"AR_Coll":0.7304465636,"Gap_GPFood":0,"Gap_GPOthers":0,"T.GS":20,"A.GS":45,"Ach_GS":2.25,"Strata_GS":"4","EC_Ins":0.7466666667,"CR Pasif":-104,"Loss Pasif":-237775158.4379714131}
{"Nama Depo":"Depo Tanjung","szEmployeeId":17210042412,"szname":"Muhammad Rizky Algifari","Tipe Salesman":"Sales Representative Mix Yudistira","T.CR":150,"A.CR":208,"Ach_CR":1.3866666667,"A.CA":90,"Ach_CA":0.4326923077,"T.PC":25,"A.PC":27.0,"Ach_PC":1.08,"T.AC":27.0,"A.AC":27.0,"Ach_AC":1.0,"T.EC":20.25,"A.EC":16.6666666667,"Ach_EC":0.8230452675,"T.ET":19.2375,"A.ET":15.0,"Ach_ET":0.7797270955,"T.AvgSKU":26,"A.AvgSKU":9.5888888889,"Strata":"-","T.CAProdW":51,"A.CAProdW":11,"Ach_CAProdW":0.2156862745,"T.CAProdR":106,"A.CAProdR":32,"Ach_CAProdR":0.3018867925,"T.CAProdM":2,"A.CAProdM":0,"Ach_CAProdM":0.0,"Ach_CAProdAll":0.2704402516,"T.GPFood":920,"A.GPFood":386,"Ach_GPFood":0.4195652174,"T.GPOthers":300,"A.GPOthers":40,"Ach_GPOthers":0.1333333333,"AR_Coll":0.954972777,"Gap_GPFood":0,"Gap_GPOthers":0,"T.GS":20,"A.GS":4,"Ach_GS":0.2,"Strata_GS":"-","EC_Ins":0.6666666667,"CR Pasif":-118,"Loss Pasif":-136679920.911340028}
{"Nama Depo":"Depo Tanjung","szEmployeeId":17210041467,"szname":"Doli Purnama Sari","Tipe Salesman":"Sales Representative Retailer Arjuna","T.CR":250,"A.CR":347,"Ach_CR":1.388,"A.CA":105,"Ach_CA":0.3025936599,"T.PC":25,"A.PC":29.8333333333,"Ach_PC":1.1933333333,"T.AC":29.8333333333,"A.AC":29.1666666667,"Ach_AC":0.9776536313,"T.EC":22.375,"A.EC":20.5,"Ach_EC":0.9162011173,"T.ET":21.25625,"A.ET":17.8333333333,"Ach_ET":0.8389689307,"T.AvgSKU":19,"A.AvgSKU":9.3904761905,"Strata":"-","T.CAProdW":0,"A.CAProdW":0,"Ach_CAProdW":0.0,"T.CAProdR":171,"A.CAProdR":51,"Ach_CAProdR":0.298245614,"T.CAProdM":7,"A.CAProdM":3,"Ach_CAProdM":0.4285714286,"Ach_CAProdAll":0.3033707865,"T.GPFood":1230,"A.GPFood":428,"Ach_GPFood":0.3479674797,"T.GPOthers":0,"A.GPOthers":0,"Ach_GPOthers":0.0,"AR_Coll":1.0,"Gap_GPFood":0,"Gap_GPOthers":0,"T.GS":30,"A.GS":113,"Ach_GS":3.7666666667,"Strata_GS":"4","EC_Ins":0.82,"CR Pasif":-242,"Loss Pasif":-96461346.8381026238}
{"Nama Depo":"Depo Tanjung","szEmployeeId":17210042423,"szname":"Siti Fatimah Hadijah","Tipe Salesman":"Sales Representative Retailer Bima","T.CR":360,"A.CR":349,"Ach_CR":0.9694444444,"A.CA":82,"Ach_CA":0.2349570201,"T.PC":30,"A.PC":29.2,"Ach_PC":0.9733333333,"T.AC":29.2,"A.AC":29.2,"Ach_AC":1.0,"T.EC":21.9,"A.EC":19.4,"Ach_EC":0.8858447489,"T.ET":20.805,"A.ET":13.6666666667,"Ach_ET":0.656893375,"T.AvgSKU":11,"A.AvgSKU":4.6097560976,"Strata":"-","T.CAProdW":0,"A.CAProdW":0,"Ach_CAProdW":0.0,"T.CAProdR":139,"A.CAProdR":20,"Ach_CAProdR":0.1438848921,"T.CAProdM":6,"A.CAProdM":0,"Ach_CAProdM":0.0,"Ach_CAProdAll":0.1379310345,"T.GPFood":0,"A.GPFood":53,"Ach_GPFood":0.0,"T.GPOthers":0,"A.GPOthers":52,"Ach_GPOthers":0.0,"AR_Coll":1.0,"Gap_GPFood":0,"Gap_GPOthers":0,"T.GS":30,"A.GS":68,"Ach_GS":2.2666666667,"Strata_GS":"4","EC_Ins":0.6466666667,"CR Pasif":-267,"Loss Pasif":-58697530.155497767}
