{"Nama Depo":"Depo Tanjung","szEmployeeId":17210032876,"szname":"Asman","Tipe Salesman":"Sales Representative Wholesaler Arjuna","T.CR":120,"A.CR":144,"Ach_CR":1.2,"A.CA":120,"Ach_CA":0.8333333333,"T.PC":17,"A.PC":20.1333333333,"Ach_PC":1.1843137255,"T.AC":20.1333333333,"A.AC":18.4666666667,"Ach_AC":0.917218543,"T.EC":15.1,"A.EC":16.2857142857,"Ach_EC":1.0785241249,"T.ET":14.345,"A.ET":14.8,"Ach_ET":1.0317183688,"T.AvgSKU":26,"A.AvgSKU":18.5916666667,"Strata":"-","T.CAProdW":131,"A.CAProdW":65,"Ach_CAProdW":0.4961832061,"T.CAProdR":0,"A.CAProdR":0,"Ach_CAProdR":0.0,"T.CAProdM":13,"A.CAProdM":12,"Ach_CAProdM":0.9230769231,"Ach_CAProdAll":0.5347222222,"T.GPFood":1200,"A.GPFood":1041,"Ach_GPFood":0.8675,"T.GPOthers":0,"A.GPOthers":0,"Ach_GPOthers":0.0,"AR_Coll":0.7265951226,"Gap_GPFood":0,"Gap_GPOthers":0,"T.GS":26,"A.GS":3,"Ach_GS":0.1153846154,"Strata_GS":0,"EC_Ins":0.9579831933,"CR Pasif":-24,"Loss Pasif":-163001174.8612978756,"Gap TG":-0.0007109097}
{"Nama Depo":"Depo Tanjung","szEmployeeId":17210036369,"szname":"Muhammad Tamrin","Tipe Salesman":"Sales Representative Wholesaler Bima","T.CR":220,"A.CR":155,"Ach_CR":0.7045454545,"A.CA":122,"Ach_CA":0.7870967742,"T.PC":19,"A.PC":21.3333333333,"Ach_PC":1.1228070175,"T.AC":21.3333333333,"A.AC":21.0666666667,"Ach_AC":0.9875,"T.EC":16.0,"A.EC":16.0714285714,"Ach_EC":1.0044642857,"T.ET":15.2,"A.ET":13.8,"Ach_ET":0.9078947368,"T.AvgSKU":12,"A.AvgSKU":9.2459016393,"Strata":"-","T.CAProdW":138,"A.CAProdW":58,"Ach_CAProdW":0.4202898551,"T.CAProdR":1,"A.CAProdR":0,"Ach_CAProdR":0.0,"T.CAProdM":13,"A.CAProdM":5,"Ach_CAProdM":0.3846153846,"Ach_CAProdAll":0.4144736842,"T.GPFood":0,"A.GPFood":164,"Ach_GPFood":0.0,"T.GPOthers":0,"A.GPOthers":229,"Ach_GPOthers":0.0,"AR_Coll":0.6786228714,"Gap_GPFood":0,"Gap_GPOthers":0,"T.GS":26,"A.GS":6,"Ach_GS":0.2307692308,"Strata_GS":0,"EC_Ins":0.8458646617,"CR Pasif":-33,"Loss Pasif":-134234762.7986435294,"Gap TG":0.0135760861}
{"Nama Depo":"Depo Tanjung","szEmployeeId":17210037897,"szname":"Hindra","Tipe Salesman":"Sales Representative Mix Yudistira","T.CR":150,"A.CR":201,"Ach_CR":1.34,"A.CA":155,"Ach_CA":0.7711442786,"T.PC":25,"A.PC":24.4,"Ach_PC":0.976,"T.AC":24.4,"A.AC":24.4,"Ach_AC":1.0,"T.EC":18.3,"A.EC":20.3571428571,"Ach_EC":1.112412178,"T.ET":17.385,"A.ET":16.9333333333,"Ach_ET":0.9740197488,"T.AvgSKU":26,"A.AvgSKU":19.7483870968,"Strata":"-","T.CAProdW":62,"A.CAProdW":50,"Ach_CAProdW":0.8064516129,"T.CAProdR":130,"A.CAProdR":76,"Ach_CAProdR":0.5846153846,"T.CAProdM":4,"A.CAProdM":2,"Ach_CAProdM":0.5,"Ach_CAProdAll":0.6530612245,"T.GPFood":920,"A.GPFood":1096,"Ach_GPFood":1.1913043478,"T.GPOthers":300,"A.GPOthers":176,"Ach_GPOthers":0.5866666667,"AR_Coll":0.7737355573,"Gap_GPFood":176,"Gap_GPOthers":0,"T.GS":23,"A.GS":4,"Ach_GS":0.1739130435,"Strata_GS":0,"EC_Ins":0.8142857143,"CR Pasif":-46,"Loss Pasif":-65544259.251490511,"Gap TG":0.0597748821}
{"Nama Depo":"Depo Tanjung","szEmployeeId":17210037632,"szname":"Robianor","Tipe Salesman":"Sales Representative Mix Yudistira","T.CR":150,"A.CR":197,"Ach_CR":1.3133333333,"A.CA":150,"Ach_CA":0.7614213198,"T.PC":25,"A.PC":24.8,"Ach_PC":0.992,"T.AC":24.8,"A.AC":24.8,"Ach_AC":1.0,"T.EC":18.6,"A.EC":20.2142857143,"Ach_EC":1.0867895545,"T.ET":17.67,"A.ET":17.8666666667,"Ach_ET":1.0111299755,"T.AvgSKU":26,"A.AvgSKU":21.2533333333,"Strata":"-","T.CAProdW":66,"A.CAProdW":47,"Ach_CAProdW":0.7121212121,"T.CAProdR":120,"A.CAProdR":77,"Ach_CAProdR":0.6416666667,"T.CAProdM":1,"A.CAProdM":0,"Ach_CAProdM":0.0,"Ach_CAProdAll":0.6631016043,"T.GPFood":920,"A.GPFood":1161,"Ach_GPFood":1.2619565217,"T.GPOthers":300,"A.GPOthers":197,"Ach_GPOthers":0.6566666667,"AR_Coll":0.8238694733,"Gap_GPFood":241,"Gap_GPOthers":0,"T.GS":23,"A.GS":13,"Ach_GS":0.5652173913,"Strata_GS":0,"EC_Ins":0.8085714286,"CR Pasif":-47,"Loss Pasif":-112039556.0560130179,"Gap TG":0.0325723241}
{"Nama Depo":"Depo Tanjung","szEmployeeId":17210042412,"szname":"Muhammad Rizky Algifari","Tipe Salesman":"Sales Representative Mix Yudistira","T.CR":150,"A.CR":204,"Ach_CR":1.36,"A.CA":156,"Ach_CA":0.7647058824,"T.PC":25,"A.PC":26.2666666667,"Ach_PC":1.0506666667,"T.AC":26.2666666667,"A.AC":26.2666666667,"Ach_AC":1.0,"T.EC":19.7,"A.EC":19.3571428571,"Ach_EC":0.9825960841,"T.ET":18.715,"A.ET":18.3571428571,"Ach_ET":0.9808785924,"T.AvgSKU":26,"A.AvgSKU":18.0897435897,"Strata":"-","T.CAProdW":58,"A.CAProdW":33,"Ach_CAProdW":0.5689655172,"T.CAProdR":138,"A.CAProdR":89,"Ach_CAProdR":0.6449275362,"T.CAProdM":3,"A.CAProdM":2,"Ach_CAProdM":0.6666666667,"Ach_CAProdAll":0.6231155779,"T.GPFood":920,"A.GPFood":881,"Ach_GPFood":0.9576086957,"T.GPOthers":300,"A.GPOthers":144,"Ach_GPOthers":0.48,"AR_Coll":0.7849363504,"Gap_GPFood":0,"Gap_GPOthers":0,"T.GS":23,"A.GS":4,"Ach_GS":0.1739130435,"Strata_GS":0,"EC_Ins":0.7742857143,"CR Pasif":-48,"Loss Pasif":-109842802.7001176029,"Gap TG":-0.0314458865}
{"Nama Depo":"Depo Tanjung","szEmployeeId":17210041467,"szname":"Doli Purnama Sari","Tipe Salesman":"Sales Representative Retailer Arjuna","T.CR":250,"A.CR":350,"Ach_CR":1.4,"A.CA":244,"Ach_CA":0.6971428571,"T.PC":25,"A.PC":30.0,"Ach_PC":1.2,"T.AC":30.0,"A.AC":29.8666666667,"Ach_AC":0.9955555556,"T.EC":22.5,"A.EC":22.2142857143,"Ach_EC":0.9873015873,"T.ET":21.375,"A.ET":19.5333333333,"Ach_ET":0.9138401559,"T.AvgSKU":19,"A.AvgSKU":11.1885245902,"Strata":"-","T.CAProdW":0,"A.CAProdW":0,"Ach_CAProdW":0.0,"T.CAProdR":337,"A.CAProdR":132,"Ach_CAProdR":0.3916913947,"T.CAProdM":10,"A.CAProdM":6,"Ach_CAProdM":0.6,"Ach_CAProdAll":0.3976945245,"T.GPFood":1230,"A.GPFood":1068,"Ach_GPFood":0.8682926829,"T.GPOthers":0,"A.GPOthers":0,"Ach_GPOthers":0.0,"AR_Coll":1.0,"Gap_GPFood":0,"Gap_GPOthers":0,"T.GS":38,"A.GS":36,"Ach_GS":0.9473684211,"Strata_GS":2,"EC_Ins":0.8885714286,"CR Pasif":-106,"Loss Pasif":-33744644.1992371455,"Gap TG":0.000970418}
{"Nama Depo":"Depo Tanjung","szEmployeeId":17210042423,"szname":"Siti Fatimah Hadijah","Tipe Salesman":"Sales Representative Retailer Bima","T.CR":360,"A.CR":350,"Ach_CR":0.9722222222,"A.CA":206,"Ach_CA":0.5885714286,"T.PC":30,"A.PC":30.0666666667,"Ach_PC":1.0022222222,"T.AC":30.0666666667,"A.AC":30.0666666667,"Ach_AC":1.0,"T.EC":22.55,"A.EC":19.1428571429,"Ach_EC":0.8489071904,"T.ET":21.4225,"A.ET":15.3333333333,"Ach_ET":0.7157583538,"T.AvgSKU":11,"A.AvgSKU":7.3834951456,"Strata":"-","T.CAProdW":0,"A.CAProdW":0,"Ach_CAProdW":0.0,"T.CAProdR":337,"A.CAProdR":84,"Ach_CAProdR":0.2492581602,"T.CAProdM":10,"A.CAProdM":4,"Ach_CAProdM":0.4,"Ach_CAProdAll":0.2536023055,"T.GPFood":0,"A.GPFood":159,"Ach_GPFood":0.0,"T.GPOthers":0,"A.GPOthers":230,"Ach_GPOthers":0.0,"AR_Coll":1.0,"Gap_GPFood":0,"Gap_GPOthers":0,"T.GS":38,"A.GS":24,"Ach_GS":0.6315789474,"Strata_GS":0,"EC_Ins":0.6380952381,"CR Pasif":-144,"Loss Pasif":-22231927.3747056313,"Gap TG":0.0718457086}
