{"Nama Depo":"Depo Tanjung","szEmployeeId":17210032876,"szname":"Asman","Tipe Salesman":"Sales Representative Wholesaler Arjuna","T.CR":120,"A.CR":144,"Ach_CR":1.2,"A.CA":122,"Ach_CA":0.8472222222,"T.PC":17,"A.PC":20.1052631579,"Ach_PC":1.1826625387,"T.AC":20.1052631579,"A.AC":18.8947368421,"Ach_AC":0.9397905759,"T.EC":15.0789473684,"A.EC":14.7894736842,"Ach_EC":0.9808027923,"T.ET":14.325,"A.ET":14.0526315789,"Ach_ET":0.9809864977,"T.AvgSKU":26,"A.AvgSKU":18.3524590164,"Strata":"-","T.CAProdW":128,"A.CAProdW":68,"Ach_CAProdW":0.53125,"T.CAProdR":0,"A.CAProdR":0,"Ach_CAProdR":0.0,"T.CAProdM":13,"A.CAProdM":10,"Ach_CAProdM":0.7692307692,"Ach_CAProdAll":0.5531914894,"T.GPFood":1200,"A.GPFood":1164,"Ach_GPFood":0.97,"T.GPOthers":0,"A.GPOthers":0,"Ach_GPOthers":0.0,"AR_Coll":0.7931331585,"Gap_GPFood":0,"Gap_GPOthers":0,"T.GS":20,"A.GS":30,"Ach_GS":1.5,"Strata_GS":4,"EC_Ins":0.8699690402,"CR Pasif":-22,"Loss Pasif":-56872077.2368867472,"Gap TG":0.0828900607}
{"Nama Depo":"Depo Tanjung","szEmployeeId":17210036369,"szname":"Muhammad Tamrin","Tipe Salesman":"Sales Representative Wholesaler Bima","T.CR":220,"A.CR":152,"Ach_CR":0.6909090909,"A.CA":120,"Ach_CA":0.7894736842,"T.PC":19,"A.PC":21.3157894737,"Ach_PC":1.1218836565,"T.AC":21.3157894737,"A.AC":20.1052631579,"Ach_AC":0.9432098765,"T.EC":15.9868421053,"A.EC":14.0,"Ach_EC":0.8757201646,"T.ET":15.1875,"A.ET":11.1578947368,"Ach_ET":0.7346761967,"T.AvgSKU":12,"A.AvgSKU":6.7666666667,"Strata":"-","T.CAProdW":135,"A.CAProdW":55,"Ach_CAProdW":0.4074074074,"T.CAProdR":1,"A.CAProdR":1,"Ach_CAProdR":1.0,"T.CAProdM":13,"A.CAProdM":5,"Ach_CAProdM":0.3846153846,"Ach_CAProdAll":0.4093959732,"T.GPFood":0,"A.GPFood":140,"Ach_GPFood":0.0,"T.GPOthers":0,"A.GPOthers":231,"Ach_GPOthers":0.0,"AR_Coll":0.7916227477,"Gap_GPFood":0,"Gap_GPOthers":0,"T.GS":20,"A.GS":12,"Ach_GS":0.6,"Strata_GS":2,"EC_Ins":0.7368421053,"CR Pasif":-32,"Loss Pasif":-86553902.0321163386,"Gap TG":-0.30573197}
{"Nama Depo":"Depo Tanjung","szEmployeeId":17210037897,"szname":"Hindra","Tipe Salesman":"Sales Representative Mix Yudistira","T.CR":150,"A.CR":209,"Ach_CR":1.3933333333,"A.CA":173,"Ach_CA":0.8277511962,"T.PC":25,"A.PC":24.9473684211,"Ach_PC":0.9978947368,"T.AC":24.9473684211,"A.AC":24.8947368421,"Ach_AC":0.9978902954,"T.EC":18.7105263158,"A.EC":18.7368421053,"Ach_EC":1.0014064698,"T.ET":17.775,"A.ET":16.6842105263,"Ach_ET":0.9386335036,"T.AvgSKU":26,"A.AvgSKU":17.2947976879,"Strata":"-","T.CAProdW":62,"A.CAProdW":46,"Ach_CAProdW":0.7419354839,"T.CAProdR":132,"A.CAProdR":80,"Ach_CAProdR":0.6060606061,"T.CAProdM":4,"A.CAProdM":2,"Ach_CAProdM":0.5,"Ach_CAProdAll":0.6464646465,"T.GPFood":920,"A.GPFood":1245,"Ach_GPFood":1.3532608696,"T.GPOthers":300,"A.GPOthers":197,"Ach_GPOthers":0.6566666667,"AR_Coll":0.8624862922,"Gap_GPFood":325,"Gap_GPOthers":0,"T.GS":20,"A.GS":7,"Ach_GS":0.35,"Strata_GS":1,"EC_Ins":0.7494736842,"CR Pasif":-36,"Loss Pasif":-40029485.5114835501,"Gap TG":-0.1608851244}
{"Nama Depo":"Depo Tanjung","szEmployeeId":17210037632,"szname":"Robianor","Tipe Salesman":"Sales Representative Mix Yudistira","T.CR":150,"A.CR":202,"Ach_CR":1.3466666667,"A.CA":172,"Ach_CA":0.8514851485,"T.PC":25,"A.PC":25.3684210526,"Ach_PC":1.0147368421,"T.AC":25.3684210526,"A.AC":25.3684210526,"Ach_AC":1.0,"T.EC":19.0263157895,"A.EC":19.0,"Ach_EC":0.9986168741,"T.ET":18.075,"A.ET":17.2631578947,"Ach_ET":0.9550848075,"T.AvgSKU":26,"A.AvgSKU":18.3430232558,"Strata":"-","T.CAProdW":66,"A.CAProdW":51,"Ach_CAProdW":0.7727272727,"T.CAProdR":121,"A.CAProdR":82,"Ach_CAProdR":0.6776859504,"T.CAProdM":1,"A.CAProdM":0,"Ach_CAProdM":0.0,"Ach_CAProdAll":0.7074468085,"T.GPFood":920,"A.GPFood":1360,"Ach_GPFood":1.4782608696,"T.GPOthers":300,"A.GPOthers":230,"Ach_GPOthers":0.7666666667,"AR_Coll":0.8614073317,"Gap_GPFood":440,"Gap_GPOthers":0,"T.GS":20,"A.GS":43,"Ach_GS":2.15,"Strata_GS":4,"EC_Ins":0.76,"CR Pasif":-30,"Loss Pasif":-12850472.0589116495,"Gap TG":-0.2099316069}
{"Nama Depo":"Depo Tanjung","szEmployeeId":17210042412,"szname":"Muhammad Rizky Algifari","Tipe Salesman":"Sales Representative Mix Yudistira","T.CR":150,"A.CR":208,"Ach_CR":1.3866666667,"A.CA":156,"Ach_CA":0.75,"T.PC":25,"A.PC":26.3157894737,"Ach_PC":1.0526315789,"T.AC":26.3157894737,"A.AC":26.3157894737,"Ach_AC":1.0,"T.EC":19.7368421053,"A.EC":16.0526315789,"Ach_EC":0.8133333333,"T.ET":18.75,"A.ET":15.1578947368,"Ach_ET":0.8084210526,"T.AvgSKU":26,"A.AvgSKU":16.6538461538,"Strata":"-","T.CAProdW":58,"A.CAProdW":36,"Ach_CAProdW":0.6206896552,"T.CAProdR":138,"A.CAProdR":85,"Ach_CAProdR":0.615942029,"T.CAProdM":2,"A.CAProdM":1,"Ach_CAProdM":0.5,"Ach_CAProdAll":0.6161616162,"T.GPFood":920,"A.GPFood":1012,"Ach_GPFood":1.1,"T.GPOthers":300,"A.GPOthers":132,"Ach_GPOthers":0.44,"AR_Coll":0.9754120587,"Gap_GPFood":92,"Gap_GPOthers":0,"T.GS":20,"A.GS":17,"Ach_GS":0.85,"Strata_GS":3,"EC_Ins":0.6421052632,"CR Pasif":-52,"Loss Pasif":-22447845.880019296,"Gap TG":-0.2385182055}
{"Nama Depo":"Depo Tanjung","szEmployeeId":17210041467,"szname":"Doli Purnama Sari","Tipe Salesman":"Sales Representative Retailer Arjuna","T.CR":250,"A.CR":347,"Ach_CR":1.388,"A.CA":292,"Ach_CA":0.8414985591,"T.PC":25,"A.PC":29.9473684211,"Ach_PC":1.1978947368,"T.AC":29.9473684211,"A.AC":29.6315789474,"Ach_AC":0.9894551845,"T.EC":22.4605263158,"A.EC":22.7368421053,"Ach_EC":1.0123022847,"T.ET":21.3375,"A.ET":20.6842105263,"Ach_ET":0.9693830358,"T.AvgSKU":19,"A.AvgSKU":11.0616438356,"Strata":"-","T.CAProdW":0,"A.CAProdW":0,"Ach_CAProdW":0.0,"T.CAProdR":338,"A.CAProdR":166,"Ach_CAProdR":0.4911242604,"T.CAProdM":10,"A.CAProdM":5,"Ach_CAProdM":0.5,"Ach_CAProdAll":0.4913793103,"T.GPFood":1230,"A.GPFood":1449,"Ach_GPFood":1.1780487805,"T.GPOthers":0,"A.GPOthers":0,"Ach_GPOthers":0.0,"AR_Coll":0.970745485,"Gap_GPFood":219,"Gap_GPOthers":0,"T.GS":30,"A.GS":137,"Ach_GS":4.5666666667,"Strata_GS":4,"EC_Ins":0.9094736842,"CR Pasif":-55,"Loss Pasif":-15885667.8491002768,"Gap TG":-0.0559741118}
{"Nama Depo":"Depo Tanjung","szEmployeeId":17210042423,"szname":"Siti Fatimah Hadijah","Tipe Salesman":"Sales Representative Retailer Bima","T.CR":360,"A.CR":349,"Ach_CR":0.9694444444,"A.CA":216,"Ach_CA":0.6189111748,"T.PC":30,"A.PC":29.8947368421,"Ach_PC":0.9964912281,"T.AC":29.8947368421,"A.AC":28.1578947368,"Ach_AC":0.9419014085,"T.EC":22.4210526316,"A.EC":17.7222222222,"Ach_EC":0.7904277517,"T.ET":21.3,"A.ET":15.0,"Ach_ET":0.7042253521,"T.AvgSKU":11,"A.AvgSKU":6.3518518519,"Strata":"-","T.CAProdW":0,"A.CAProdW":0,"Ach_CAProdW":0.0,"T.CAProdR":338,"A.CAProdR":92,"Ach_CAProdR":0.2721893491,"T.CAProdM":10,"A.CAProdM":3,"Ach_CAProdM":0.3,"Ach_CAProdAll":0.2729885057,"T.GPFood":0,"A.GPFood":208,"Ach_GPFood":0.0,"T.GPOthers":0,"A.GPOthers":198,"Ach_GPOthers":0.0,"AR_Coll":0.9928008107,"Gap_GPFood":0,"Gap_GPOthers":0,"T.GS":30,"A.GS":32,"Ach_GS":1.0666666667,"Strata_GS":4,"EC_Ins":0.5907407407,"CR Pasif":-133,"Loss Pasif":-21346052.6801252775,"Gap TG":-0.1295720329}
