{"Nama Depo":"Depo Tanjung","szEmployeeId":17210032876,"szname":"Asman","Tipe Salesman":"Sales Representative Wholesaler Arjuna","T.CR":120,"A.CR":141,"Ach_CR":1.175,"A.CA":88,"Ach_CA":0.6241134752,"T.PC":17.0,"A.PC":19.75,"Ach_PC":1.1617647059,"T.AC":19.75,"A.AC":17.125,"Ach_AC":0.8670886076,"T.EC":14.8125,"A.EC":15.375,"Ach_EC":1.0379746835,"T.ET":14.071875,"A.ET":13.875,"Ach_ET":0.9860093271,"T.AvgSKU":26,"A.AvgSKU":12.4318181818,"Strata":"-","T.CAProdW":110,"A.CAProdW":36,"Ach_CAProdW":0.3272727273,"T.CAProdR":4,"A.CAProdR":0,"Ach_CAProdR":0.0,"T.CAProdM":12,"A.CAProdM":8,"Ach_CAProdM":0.6666666667,"Ach_CAProdAll":0.3492063492,"T.GPFood":1200,"A.GPFood":535,"Ach_GPFood":0.4458333333,"T.GPOthers":0,"A.GPOthers":0,"Ach_GPOthers":0.0,"AR_Coll":0.6729441947,"Gap_GPFood":0,"Gap_GPOthers":0,"T.GS":26,"A.GS":1,"Ach_GS":0.0384615385,"Strata_GS":0,"EC_Ins":0.9044117647,"CR Pasif":-53,"Loss Pasif":-250739387.0727211833,"Gap TG":-0.041751373}
{"Nama Depo":"Depo Tanjung","szEmployeeId":17210036369,"szname":"Muhammad Tamrin","Tipe Salesman":"Sales Representative Wholesaler Bima","T.CR":220,"A.CR":150,"Ach_CR":0.6818181818,"A.CA":86,"Ach_CA":0.5733333333,"T.PC":19.0,"A.PC":21.0,"Ach_PC":1.1052631579,"T.AC":21.0,"A.AC":18.25,"Ach_AC":0.869047619,"T.EC":15.75,"A.EC":15.5,"Ach_EC":0.9841269841,"T.ET":14.9625,"A.ET":13.0,"Ach_ET":0.8688387636,"T.AvgSKU":12,"A.AvgSKU":5.476744186,"Strata":"-","T.CAProdW":115,"A.CAProdW":30,"Ach_CAProdW":0.2608695652,"T.CAProdR":4,"A.CAProdR":1,"Ach_CAProdR":0.25,"T.CAProdM":12,"A.CAProdM":4,"Ach_CAProdM":0.3333333333,"Ach_CAProdAll":0.2671755725,"T.GPFood":0,"A.GPFood":82,"Ach_GPFood":0.0,"T.GPOthers":0,"A.GPOthers":111,"Ach_GPOthers":0.0,"AR_Coll":0.7069563457,"Gap_GPFood":0,"Gap_GPOthers":0,"T.GS":26,"A.GS":1,"Ach_GS":0.0384615385,"Strata_GS":0,"EC_Ins":0.8157894737,"CR Pasif":-64,"Loss Pasif":-166665487.9254366159,"Gap TG":-0.0588671379}
{"Nama Depo":"Depo Tanjung","szEmployeeId":17210037897,"szname":"Hindra","Tipe Salesman":"Sales Representative Mix Yudistira","T.CR":150,"A.CR":195,"Ach_CR":1.3,"A.CA":103,"Ach_CA":0.5282051282,"T.PC":25.0,"A.PC":23.875,"Ach_PC":0.955,"T.AC":23.875,"A.AC":20.875,"Ach_AC":0.8743455497,"T.EC":17.90625,"A.EC":17.875,"Ach_EC":0.9982547993,"T.ET":17.0109375,"A.ET":15.5,"Ach_ET":0.9111784697,"T.AvgSKU":26,"A.AvgSKU":14.8058252427,"Strata":"-","T.CAProdW":53,"A.CAProdW":27,"Ach_CAProdW":0.5094339623,"T.CAProdR":99,"A.CAProdR":45,"Ach_CAProdR":0.4545454545,"T.CAProdM":3,"A.CAProdM":2,"Ach_CAProdM":0.6666666667,"Ach_CAProdAll":0.4774193548,"T.GPFood":920,"A.GPFood":573,"Ach_GPFood":0.622826087,"T.GPOthers":300,"A.GPOthers":120,"Ach_GPOthers":0.4,"AR_Coll":0.892473647,"Gap_GPFood":0,"Gap_GPOthers":0,"T.GS":23,"A.GS":2,"Ach_GS":0.0869565217,"Strata_GS":0,"EC_Ins":0.715,"CR Pasif":-92,"Loss Pasif":-192666207.6231473684,"Gap TG":-0.0690712931}
{"Nama Depo":"Depo Tanjung","szEmployeeId":17210037632,"szname":"Robianor","Tipe Salesman":"Sales Representative Mix Yudistira","T.CR":150,"A.CR":195,"Ach_CR":1.3,"A.CA":120,"Ach_CA":0.6153846154,"T.PC":25.0,"A.PC":24.5,"Ach_PC":0.98,"T.AC":24.5,"A.AC":21.5,"Ach_AC":0.8775510204,"T.EC":18.375,"A.EC":21.0,"Ach_EC":1.1428571429,"T.ET":17.45625,"A.ET":19.125,"Ach_ET":1.0955961332,"T.AvgSKU":26,"A.AvgSKU":13.75,"Strata":"-","T.CAProdW":61,"A.CAProdW":28,"Ach_CAProdW":0.4590163934,"T.CAProdR":99,"A.CAProdR":52,"Ach_CAProdR":0.5252525253,"T.CAProdM":1,"A.CAProdM":0,"Ach_CAProdM":0.0,"Ach_CAProdAll":0.4968944099,"T.GPFood":920,"A.GPFood":666,"Ach_GPFood":0.7239130435,"T.GPOthers":300,"A.GPOthers":108,"Ach_GPOthers":0.36,"AR_Coll":0.7547726198,"Gap_GPFood":0,"Gap_GPOthers":0,"T.GS":23,"A.GS":8,"Ach_GS":0.347826087,"Strata_GS":0,"EC_Ins":0.84,"CR Pasif":-75,"Loss Pasif":-208744955.9959622025,"Gap TG":-0.062786806}
{"Nama Depo":"Depo Tanjung","szEmployeeId":17210042412,"szname":"Muhammad Rizky Algifari","Tipe Salesman":"Sales Representative Mix Yudistira","T.CR":150,"A.CR":201,"Ach_CR":1.34,"A.CA":129,"Ach_CA":0.6417910448,"T.PC":25.0,"A.PC":25.375,"Ach_PC":1.015,"T.AC":25.375,"A.AC":25.25,"Ach_AC":0.9950738916,"T.EC":19.03125,"A.EC":18.25,"Ach_EC":0.9589490969,"T.ET":18.0796875,"A.ET":20.375,"Ach_ET":1.1269553193,"T.AvgSKU":26,"A.AvgSKU":12.7209302326,"Strata":"-","T.CAProdW":50,"A.CAProdW":24,"Ach_CAProdW":0.48,"T.CAProdR":109,"A.CAProdR":68,"Ach_CAProdR":0.623853211,"T.CAProdM":3,"A.CAProdM":0,"Ach_CAProdM":0.0,"Ach_CAProdAll":0.5679012346,"T.GPFood":920,"A.GPFood":566,"Ach_GPFood":0.6152173913,"T.GPOthers":300,"A.GPOthers":109,"Ach_GPOthers":0.3633333333,"AR_Coll":0.8476730757,"Gap_GPFood":0,"Gap_GPOthers":0,"T.GS":23,"A.GS":2,"Ach_GS":0.0869565217,"Strata_GS":0,"EC_Ins":0.73,"CR Pasif":-72,"Loss Pasif":-73101301.0077753514,"Gap TG":-0.024025604}
{"Nama Depo":"Depo Tanjung","szEmployeeId":17210041467,"szname":"Doli Purnama Sari","Tipe Salesman":"Sales Representative Retailer Arjuna","T.CR":250,"A.CR":349,"Ach_CR":1.396,"A.CA":159,"Ach_CA":0.4555873926,"T.PC":25.0,"A.PC":29.75,"Ach_PC":1.19,"T.AC":29.75,"A.AC":26.0,"Ach_AC":0.8739495798,"T.EC":22.3125,"A.EC":22.375,"Ach_EC":1.0028011204,"T.ET":21.196875,"A.ET":20.25,"Ach_ET":0.9553295002,"T.AvgSKU":19,"A.AvgSKU":10.4402515723,"Strata":"-","T.CAProdW":0,"A.CAProdW":0,"Ach_CAProdW":0.0,"T.CAProdR":224,"A.CAProdR":83,"Ach_CAProdR":0.3705357143,"T.CAProdM":8,"A.CAProdM":3,"Ach_CAProdM":0.375,"Ach_CAProdAll":0.3706896552,"T.GPFood":1230,"A.GPFood":680,"Ach_GPFood":0.5528455285,"T.GPOthers":0,"A.GPOthers":0,"Ach_GPOthers":0.0,"AR_Coll":1.0,"Gap_GPFood":0,"Gap_GPOthers":0,"T.GS":38,"A.GS":6,"Ach_GS":0.1578947368,"Strata_GS":0,"EC_Ins":0.895,"CR Pasif":-190,"Loss Pasif":-71388197.5955009609,"Gap TG":-0.0299267821}
{"Nama Depo":"Depo Tanjung","szEmployeeId":17210042423,"szname":"Siti Fatimah Hadijah","Tipe Salesman":"Sales Representative Retailer Bima","T.CR":360,"A.CR":356,"Ach_CR":0.9888888889,"A.CA":134,"Ach_CA":0.3764044944,"T.PC":30.0,"A.PC":30.25,"Ach_PC":1.0083333333,"T.AC":30.25,"A.AC":30.125,"Ach_AC":0.9958677686,"T.EC":22.6875,"A.EC":21.375,"Ach_EC":0.9421487603,"T.ET":21.553125,"A.ET":16.875,"Ach_ET":0.7829491083,"T.AvgSKU":11,"A.AvgSKU":6.171641791,"Strata":"-","T.CAProdW":0,"A.CAProdW":0,"Ach_CAProdW":0.0,"T.CAProdR":226,"A.CAProdR":52,"Ach_CAProdR":0.2300884956,"T.CAProdM":8,"A.CAProdM":1,"Ach_CAProdM":0.125,"Ach_CAProdAll":0.2264957265,"T.GPFood":0,"A.GPFood":98,"Ach_GPFood":0.0,"T.GPOthers":0,"A.GPOthers":117,"Ach_GPOthers":0.0,"AR_Coll":1.0,"Gap_GPFood":0,"Gap_GPOthers":0,"T.GS":38,"A.GS":10,"Ach_GS":0.2631578947,"Strata_GS":0,"EC_Ins":0.7125,"CR Pasif":-222,"Loss Pasif":-37231426.4457363188,"Gap TG":0.0491420575}
{"Nama Depo":"Depo Tanjung","szEmployeeId":17210036576,"szname":"Muhammad Yasir","Tipe Salesman":"Sales Representative Retailer Bima","T.CR":1400,"A.CR":1587,"Ach_CR":1.1335714286,"A.CA":819,"Ach_CA":0.5160680529,"T.PC":23.7142857143,"A.PC":24.9285714286,"Ach_PC":1.0512048193,"T.AC":24.9285714286,"A.AC":22.7321428571,"Ach_AC":0.9118911175,"T.EC":18.6964285714,"A.EC":18.8214285714,"Ach_EC":1.0066857689,"T.ET":17.7616071429,"A.ET":17.0,"Ach_ET":0.9571205952,"T.AvgSKU":11,"A.AvgSKU":10.8281730295,"Strata":"-","T.CAProdW":389,"A.CAProdW":145,"Ach_CAProdW":0.3727506427,"T.CAProdR":765,"A.CAProdR":301,"Ach_CAProdR":0.3934640523,"T.CAProdM":47,"A.CAProdM":18,"Ach_CAProdM":0.3829787234,"Ach_CAProdAll":0.3863447127,"T.GPFood":5190,"A.GPFood":3200,"Ach_GPFood":0.6165703276,"T.GPOthers":900,"A.GPOthers":565,"Ach_GPOthers":0.6277777778,"AR_Coll":0.0,"Gap_GPFood":0,"Gap_GPOthers":0,"T.GS":197,"A.GS":30,"Ach_GS":0.152284264,"Strata_GS":0,"EC_Ins":0.7936746988,"CR Pasif":-768,"Loss Pasif":-1000536963.666279912,"Gap TG":-0.0492659662}
