{"Nama Depo":"Depo Tanjung","szEmployeeId":17210032876,"szname":"Asman","Tipe Salesman":"Sales Representative Wholesaler Arjuna","T.CR":120,"A.CR":144,"Ach_CR":1.2,"A.CA":101,"Ach_CA":0.7013888889,"T.PC":17,"A.PC":20.2222222222,"Ach_PC":1.1895424837,"T.AC":20.2222222222,"A.AC":19.8888888889,"Ach_AC":0.9835164835,"T.EC":15.1666666667,"A.EC":16.3333333333,"Ach_EC":1.0769230769,"T.ET":14.4083333333,"A.ET":14.6666666667,"Ach_ET":1.017929439,"T.AvgSKU":26,"A.AvgSKU":11.3069306931,"Strata":"-","T.CAProdW":121,"A.CAProdW":41,"Ach_CAProdW":0.3388429752,"T.CAProdR":0,"A.CAProdR":0,"Ach_CAProdR":0.0,"T.CAProdM":11,"A.CAProdM":7,"Ach_CAProdM":0.6363636364,"Ach_CAProdAll":0.3636363636,"T.GPFood":1200,"A.GPFood":499,"Ach_GPFood":0.4158333333,"T.GPOthers":0,"A.GPOthers":0,"Ach_GPOthers":0.0,"AR_Coll":0.6996059586,"Gap_GPFood":0,"Gap_GPOthers":0,"T.GS":20,"A.GS":6,"Ach_GS":0.3,"Strata_GS":"1","EC_Ins":0.9607843137,"CR Pasif":-43,"Loss Pasif":-142075973.6816375256,"Gap TG":0.0322723362}
{"Nama Depo":"Depo Tanjung","szEmployeeId":17210036369,"szname":"Muhammad Tamrin","Tipe Salesman":"Sales Representative Wholesaler Bima","T.CR":220,"A.CR":152,"Ach_CR":0.6909090909,"A.CA":89,"Ach_CA":0.5855263158,"T.PC":19,"A.PC":21.4444444444,"Ach_PC":1.1286549708,"T.AC":21.4444444444,"A.AC":21.3333333333,"Ach_AC":0.9948186528,"T.EC":16.0833333333,"A.EC":14.1111111111,"Ach_EC":0.8773747841,"T.ET":15.2791666667,"A.ET":11.6666666667,"Ach_ET":0.7635669485,"T.AvgSKU":12,"A.AvgSKU":4.4943820225,"Strata":"-","T.CAProdW":125,"A.CAProdW":30,"Ach_CAProdW":0.24,"T.CAProdR":1,"A.CAProdR":0,"Ach_CAProdR":0.0,"T.CAProdM":11,"A.CAProdM":1,"Ach_CAProdM":0.0909090909,"Ach_CAProdAll":0.2262773723,"T.GPFood":0,"A.GPFood":63,"Ach_GPFood":0.0,"T.GPOthers":0,"A.GPOthers":86,"Ach_GPOthers":0.0,"AR_Coll":0.7848721653,"Gap_GPFood":0,"Gap_GPOthers":0,"T.GS":20,"A.GS":0,"Ach_GS":0.0,"Strata_GS":"-","EC_Ins":0.7426900585,"CR Pasif":-63,"Loss Pasif":-204142486.739847213,"Gap TG":-0.1359952555}
{"Nama Depo":"Depo Tanjung","szEmployeeId":17210037897,"szname":"Hindra","Tipe Salesman":"Sales Representative Mix Yudistira","T.CR":150,"A.CR":209,"Ach_CR":1.3933333333,"A.CA":120,"Ach_CA":0.5741626794,"T.PC":25,"A.PC":25.1111111111,"Ach_PC":1.0044444444,"T.AC":25.1111111111,"A.AC":25.1111111111,"Ach_AC":1.0,"T.EC":18.8333333333,"A.EC":19.3333333333,"Ach_EC":1.0265486726,"T.ET":17.8916666667,"A.ET":16.0,"Ach_ET":0.8942710759,"T.AvgSKU":26,"A.AvgSKU":12.5666666667,"Strata":"-","T.CAProdW":57,"A.CAProdW":27,"Ach_CAProdW":0.4736842105,"T.CAProdR":116,"A.CAProdR":46,"Ach_CAProdR":0.3965517241,"T.CAProdM":4,"A.CAProdM":2,"Ach_CAProdM":0.5,"Ach_CAProdAll":0.4237288136,"T.GPFood":920,"A.GPFood":563,"Ach_GPFood":0.6119565217,"T.GPOthers":300,"A.GPOthers":67,"Ach_GPOthers":0.2233333333,"AR_Coll":0.9419214733,"Gap_GPFood":0,"Gap_GPOthers":0,"T.GS":20,"A.GS":4,"Ach_GS":0.2,"Strata_GS":"-","EC_Ins":0.7733333333,"CR Pasif":-89,"Loss Pasif":-135297345.611344099,"Gap TG":-0.0147683297}
{"Nama Depo":"Depo Tanjung","szEmployeeId":17210037632,"szname":"Robianor","Tipe Salesman":"Sales Representative Mix Yudistira","T.CR":150,"A.CR":202,"Ach_CR":1.3466666667,"A.CA":123,"Ach_CA":0.6089108911,"T.PC":25,"A.PC":24.5555555556,"Ach_PC":0.9822222222,"T.AC":24.5555555556,"A.AC":24.5555555556,"Ach_AC":1.0,"T.EC":18.4166666667,"A.EC":18.6666666667,"Ach_EC":1.0135746606,"T.ET":17.4958333333,"A.ET":16.8888888889,"Ach_ET":0.9653092006,"T.AvgSKU":26,"A.AvgSKU":11.9430894309,"Strata":"-","T.CAProdW":60,"A.CAProdW":27,"Ach_CAProdW":0.45,"T.CAProdR":105,"A.CAProdR":44,"Ach_CAProdR":0.419047619,"T.CAProdM":1,"A.CAProdM":0,"Ach_CAProdM":0.0,"Ach_CAProdAll":0.4277108434,"T.GPFood":920,"A.GPFood":581,"Ach_GPFood":0.6315217391,"T.GPOthers":300,"A.GPOthers":93,"Ach_GPOthers":0.31,"AR_Coll":0.7388740603,"Gap_GPFood":0,"Gap_GPOthers":0,"T.GS":20,"A.GS":13,"Ach_GS":0.65,"Strata_GS":"2","EC_Ins":0.7466666667,"CR Pasif":-79,"Loss Pasif":-89085783.1541769058,"Gap TG":-0.0705607228}
{"Nama Depo":"Depo Tanjung","szEmployeeId":17210042412,"szname":"Muhammad Rizky Algifari","Tipe Salesman":"Sales Representative Mix Yudistira","T.CR":150,"A.CR":208,"Ach_CR":1.3866666667,"A.CA":115,"Ach_CA":0.5528846154,"T.PC":25,"A.PC":26.7777777778,"Ach_PC":1.0711111111,"T.AC":26.7777777778,"A.AC":26.7777777778,"Ach_AC":1.0,"T.EC":20.0833333333,"A.EC":16.5555555556,"Ach_EC":0.8243430152,"T.ET":19.0791666667,"A.ET":15.4444444444,"Ach_ET":0.8094926112,"T.AvgSKU":26,"A.AvgSKU":11.4173913043,"Strata":"-","T.CAProdW":53,"A.CAProdW":20,"Ach_CAProdW":0.3773584906,"T.CAProdR":125,"A.CAProdR":45,"Ach_CAProdR":0.36,"T.CAProdM":2,"A.CAProdM":1,"Ach_CAProdM":0.5,"Ach_CAProdAll":0.3666666667,"T.GPFood":920,"A.GPFood":508,"Ach_GPFood":0.552173913,"T.GPOthers":300,"A.GPOthers":61,"Ach_GPOthers":0.2033333333,"AR_Coll":0.8784471121,"Gap_GPFood":0,"Gap_GPOthers":0,"T.GS":20,"A.GS":4,"Ach_GS":0.2,"Strata_GS":"-","EC_Ins":0.6622222222,"CR Pasif":-93,"Loss Pasif":-57404593.8189286143,"Gap TG":-0.0752825665}
{"Nama Depo":"Depo Tanjung","szEmployeeId":17210041467,"szname":"Doli Purnama Sari","Tipe Salesman":"Sales Representative Retailer Arjuna","T.CR":250,"A.CR":347,"Ach_CR":1.388,"A.CA":168,"Ach_CA":0.4841498559,"T.PC":25,"A.PC":30.0,"Ach_PC":1.2,"T.AC":30.0,"A.AC":29.5555555556,"Ach_AC":0.9851851852,"T.EC":22.5,"A.EC":21.5555555556,"Ach_EC":0.9580246914,"T.ET":21.375,"A.ET":19.2222222222,"Ach_ET":0.8992852502,"T.AvgSKU":19,"A.AvgSKU":8.9761904762,"Strata":"-","T.CAProdW":0,"A.CAProdW":0,"Ach_CAProdW":0.0,"T.CAProdR":249,"A.CAProdR":76,"Ach_CAProdR":0.3052208835,"T.CAProdM":10,"A.CAProdM":4,"Ach_CAProdM":0.4,"Ach_CAProdAll":0.3088803089,"T.GPFood":1230,"A.GPFood":610,"Ach_GPFood":0.4959349593,"T.GPOthers":0,"A.GPOthers":0,"Ach_GPOthers":0.0,"AR_Coll":1.0,"Gap_GPFood":0,"Gap_GPOthers":0,"T.GS":30,"A.GS":64,"Ach_GS":2.1333333333,"Strata_GS":"4","EC_Ins":0.8622222222,"CR Pasif":-179,"Loss Pasif":-58054492.7618719935,"Gap TG":0.0116039471}
{"Nama Depo":"Depo Tanjung","szEmployeeId":17210042423,"szname":"Siti Fatimah Hadijah","Tipe Salesman":"Sales Representative Retailer Bima","T.CR":360,"A.CR":349,"Ach_CR":0.9694444444,"A.CA":128,"Ach_CA":0.3667621777,"T.PC":30,"A.PC":30.0,"Ach_PC":1.0,"T.AC":30.0,"A.AC":26.3333333333,"Ach_AC":0.8777777778,"T.EC":22.5,"A.EC":19.125,"Ach_EC":0.85,"T.ET":21.375,"A.ET":14.4444444444,"Ach_ET":0.6757634828,"T.AvgSKU":11,"A.AvgSKU":4.4453125,"Strata":"-","T.CAProdW":0,"A.CAProdW":0,"Ach_CAProdW":0.0,"T.CAProdR":249,"A.CAProdR":26,"Ach_CAProdR":0.1044176707,"T.CAProdM":10,"A.CAProdM":1,"Ach_CAProdM":0.1,"Ach_CAProdAll":0.1042471042,"T.GPFood":0,"A.GPFood":83,"Ach_GPFood":0.0,"T.GPOthers":0,"A.GPOthers":70,"Ach_GPOthers":0.0,"AR_Coll":1.0,"Gap_GPFood":0,"Gap_GPOthers":0,"T.GS":30,"A.GS":4,"Ach_GS":0.1333333333,"Strata_GS":"-","EC_Ins":0.6375,"CR Pasif":-221,"Loss Pasif":-44523912.1296176389,"Gap TG":-0.0109739493}
