{"Nama Depo":"Depo Tanjung","szEmployeeId":17210032876,"szname":"Asman","Tipe Salesman":"Sales Representative Wholesaler Arjuna","T.CR":120,"A.CR":144,"Ach_CR":1.2,"A.CA":123,"Ach_CA":0.8541666667,"T.PC":17,"A.PC":20.1176470588,"Ach_PC":1.1833910035,"T.AC":20.1176470588,"A.AC":18.6470588235,"Ach_AC":0.9269005848,"T.EC":15.0882352941,"A.EC":16.3125,"Ach_EC":1.0811403509,"T.ET":14.3338235294,"A.ET":14.7647058824,"Ach_ET":1.0300605314,"T.AvgSKU":26,"A.AvgSKU":19.8536585366,"Strata":"-","T.CAProdW":131,"A.CAProdW":71,"Ach_CAProdW":0.5419847328,"T.CAProdR":0,"A.CAProdR":0,"Ach_CAProdR":0.0,"T.CAProdM":13,"A.CAProdM":12,"Ach_CAProdM":0.9230769231,"Ach_CAProdAll":0.5763888889,"T.GPFood":1200,"A.GPFood":1191,"Ach_GPFood":0.9925,"T.GPOthers":0,"A.GPOthers":0,"Ach_GPOthers":0.0,"AR_Coll":0.8282134098,"Gap_GPFood":0,"Gap_GPOthers":0,"T.GS":26,"A.GS":7,"Ach_GS":0.2692307692,"Strata_GS":0,"EC_Ins":0.9595588235,"CR Pasif":-21,"Loss Pasif":-137529391.4168051779,"Gap TG":0.0684091667}
{"Nama Depo":"Depo Tanjung","szEmployeeId":17210036369,"szname":"Muhammad Tamrin","Tipe Salesman":"Sales Representative Wholesaler Bima","T.CR":220,"A.CR":155,"Ach_CR":0.7045454545,"A.CA":127,"Ach_CA":0.8193548387,"T.PC":19,"A.PC":21.3529411765,"Ach_PC":1.1238390093,"T.AC":21.3529411765,"A.AC":21.1176470588,"Ach_AC":0.9889807163,"T.EC":16.0147058824,"A.EC":15.9375,"Ach_EC":0.9951790634,"T.ET":15.2139705882,"A.ET":13.3529411765,"Ach_ET":0.8776762844,"T.AvgSKU":12,"A.AvgSKU":9.3149606299,"Strata":"-","T.CAProdW":138,"A.CAProdW":62,"Ach_CAProdW":0.4492753623,"T.CAProdR":1,"A.CAProdR":0,"Ach_CAProdR":0.0,"T.CAProdM":13,"A.CAProdM":5,"Ach_CAProdM":0.3846153846,"Ach_CAProdAll":0.4407894737,"T.GPFood":0,"A.GPFood":180,"Ach_GPFood":0.0,"T.GPOthers":0,"A.GPOthers":257,"Ach_GPOthers":0.0,"AR_Coll":0.7803623004,"Gap_GPFood":0,"Gap_GPOthers":0,"T.GS":26,"A.GS":6,"Ach_GS":0.2307692308,"Strata_GS":0,"EC_Ins":0.8388157895,"CR Pasif":-28,"Loss Pasif":-126297007.5561317801,"Gap TG":-0.018049118}
{"Nama Depo":"Depo Tanjung","szEmployeeId":17210037897,"szname":"Hindra","Tipe Salesman":"Sales Representative Mix Yudistira","T.CR":150,"A.CR":201,"Ach_CR":1.34,"A.CA":160,"Ach_CA":0.7960199005,"T.PC":25,"A.PC":24.0588235294,"Ach_PC":0.9623529412,"T.AC":24.0588235294,"A.AC":24.0,"Ach_AC":0.9975550122,"T.EC":18.0441176471,"A.EC":19.75,"Ach_EC":1.0945395273,"T.ET":17.1419117647,"A.ET":16.9411764706,"Ach_ET":0.9882897954,"T.AvgSKU":26,"A.AvgSKU":20.775,"Strata":"-","T.CAProdW":62,"A.CAProdW":51,"Ach_CAProdW":0.8225806452,"T.CAProdR":130,"A.CAProdR":80,"Ach_CAProdR":0.6153846154,"T.CAProdM":4,"A.CAProdM":3,"Ach_CAProdM":0.75,"Ach_CAProdAll":0.6836734694,"T.GPFood":920,"A.GPFood":1208,"Ach_GPFood":1.3130434783,"T.GPOthers":300,"A.GPOthers":202,"Ach_GPOthers":0.6733333333,"AR_Coll":0.8239217244,"Gap_GPFood":288,"Gap_GPOthers":0,"T.GS":23,"A.GS":7,"Ach_GS":0.3043478261,"Strata_GS":0,"EC_Ins":0.79,"CR Pasif":-41,"Loss Pasif":-40446457.8090810776,"Gap TG":0.0541757848}
{"Nama Depo":"Depo Tanjung","szEmployeeId":17210037632,"szname":"Robianor","Tipe Salesman":"Sales Representative Mix Yudistira","T.CR":150,"A.CR":197,"Ach_CR":1.3133333333,"A.CA":155,"Ach_CA":0.7868020305,"T.PC":25,"A.PC":24.4117647059,"Ach_PC":0.9764705882,"T.AC":24.4117647059,"A.AC":24.4117647059,"Ach_AC":1.0,"T.EC":18.3088235294,"A.EC":20.0625,"Ach_EC":1.0957831325,"T.ET":17.3933823529,"A.ET":18.0588235294,"Ach_ET":1.0382582963,"T.AvgSKU":26,"A.AvgSKU":22.8064516129,"Strata":"-","T.CAProdW":66,"A.CAProdW":49,"Ach_CAProdW":0.7424242424,"T.CAProdR":120,"A.CAProdR":83,"Ach_CAProdR":0.6916666667,"T.CAProdM":1,"A.CAProdM":1,"Ach_CAProdM":1.0,"Ach_CAProdAll":0.7112299465,"T.GPFood":920,"A.GPFood":1329,"Ach_GPFood":1.4445652174,"T.GPOthers":300,"A.GPOthers":226,"Ach_GPOthers":0.7533333333,"AR_Coll":0.8547033224,"Gap_GPFood":409,"Gap_GPOthers":0,"T.GS":23,"A.GS":21,"Ach_GS":0.9130434783,"Strata_GS":2,"EC_Ins":0.8025,"CR Pasif":-42,"Loss Pasif":-106887759.5438478887,"Gap TG":0.0168259328}
{"Nama Depo":"Depo Tanjung","szEmployeeId":17210042412,"szname":"Muhammad Rizky Algifari","Tipe Salesman":"Sales Representative Mix Yudistira","T.CR":150,"A.CR":204,"Ach_CR":1.36,"A.CA":161,"Ach_CA":0.7892156863,"T.PC":25,"A.PC":25.9411764706,"Ach_PC":1.0376470588,"T.AC":25.9411764706,"A.AC":25.9411764706,"Ach_AC":1.0,"T.EC":19.4558823529,"A.EC":18.875,"Ach_EC":0.970143613,"T.ET":18.4830882353,"A.ET":18.4375,"Ach_ET":0.9975335163,"T.AvgSKU":26,"A.AvgSKU":18.9378881988,"Strata":"-","T.CAProdW":58,"A.CAProdW":35,"Ach_CAProdW":0.6034482759,"T.CAProdR":139,"A.CAProdR":93,"Ach_CAProdR":0.6690647482,"T.CAProdM":3,"A.CAProdM":2,"Ach_CAProdM":0.6666666667,"Ach_CAProdAll":0.65,"T.GPFood":920,"A.GPFood":1002,"Ach_GPFood":1.0891304348,"T.GPOthers":300,"A.GPOthers":161,"Ach_GPOthers":0.5366666667,"AR_Coll":0.8436916725,"Gap_GPFood":82,"Gap_GPOthers":0,"T.GS":23,"A.GS":8,"Ach_GS":0.347826087,"Strata_GS":0,"EC_Ins":0.755,"CR Pasif":-43,"Loss Pasif":-99486839.3855967671,"Gap TG":-0.0329489444}
{"Nama Depo":"Depo Tanjung","szEmployeeId":17210041467,"szname":"Doli Purnama Sari","Tipe Salesman":"Sales Representative Retailer Arjuna","T.CR":250,"A.CR":350,"Ach_CR":1.4,"A.CA":262,"Ach_CA":0.7485714286,"T.PC":25,"A.PC":29.9411764706,"Ach_PC":1.1976470588,"T.AC":29.9411764706,"A.AC":29.7647058824,"Ach_AC":0.9941060904,"T.EC":22.4558823529,"A.EC":22.375,"Ach_EC":0.9963981663,"T.ET":21.3330882353,"A.ET":19.7647058824,"Ach_ET":0.9264812326,"T.AvgSKU":19,"A.AvgSKU":11.8625954198,"Strata":"-","T.CAProdW":0,"A.CAProdW":0,"Ach_CAProdW":0.0,"T.CAProdR":337,"A.CAProdR":146,"Ach_CAProdR":0.4332344214,"T.CAProdM":10,"A.CAProdM":7,"Ach_CAProdM":0.7,"Ach_CAProdAll":0.4409221902,"T.GPFood":1230,"A.GPFood":1287,"Ach_GPFood":1.0463414634,"T.GPOthers":0,"A.GPOthers":0,"Ach_GPOthers":0.0,"AR_Coll":1.0,"Gap_GPFood":57,"Gap_GPOthers":0,"T.GS":38,"A.GS":53,"Ach_GS":1.3947368421,"Strata_GS":4,"EC_Ins":0.895,"CR Pasif":-88,"Loss Pasif":-24584817.1521856263,"Gap TG":-0.011230966}
{"Nama Depo":"Depo Tanjung","szEmployeeId":17210042423,"szname":"Siti Fatimah Hadijah","Tipe Salesman":"Sales Representative Retailer Bima","T.CR":360,"A.CR":350,"Ach_CR":0.9722222222,"A.CA":217,"Ach_CA":0.62,"T.PC":30,"A.PC":30.0,"Ach_PC":1.0,"T.AC":30.0,"A.AC":29.9411764706,"Ach_AC":0.9980392157,"T.EC":22.5,"A.EC":18.9375,"Ach_EC":0.8416666667,"T.ET":21.375,"A.ET":15.0,"Ach_ET":0.701754386,"T.AvgSKU":11,"A.AvgSKU":7.6405529954,"Strata":"-","T.CAProdW":0,"A.CAProdW":0,"Ach_CAProdW":0.0,"T.CAProdR":337,"A.CAProdR":99,"Ach_CAProdR":0.293768546,"T.CAProdM":10,"A.CAProdM":4,"Ach_CAProdM":0.4,"Ach_CAProdAll":0.2968299712,"T.GPFood":0,"A.GPFood":187,"Ach_GPFood":0.0,"T.GPOthers":0,"A.GPOthers":265,"Ach_GPOthers":0.0,"AR_Coll":1.0,"Gap_GPFood":0,"Gap_GPOthers":0,"T.GS":38,"A.GS":24,"Ach_GS":0.6315789474,"Strata_GS":0,"EC_Ins":0.63125,"CR Pasif":-133,"Loss Pasif":-16477682.1182109844,"Gap TG":0.0600940711}
