{"Nama Depo":"Depo Tanjung","szEmployeeId":17210032876,"szname":"Asman","Tipe Salesman":"Sales Representative Wholesaler Arjuna","T.CR":120,"A.CR":144,"Ach_CR":1.2,"A.CA":112,"Ach_CA":0.7777777778,"T.PC":17,"A.PC":20.0909090909,"Ach_PC":1.1818181818,"T.AC":20.0909090909,"A.AC":19.7272727273,"Ach_AC":0.9819004525,"T.EC":15.0681818182,"A.EC":17.4,"Ach_EC":1.1547511312,"T.ET":14.3147727273,"A.ET":14.9090909091,"Ach_ET":1.0415178217,"T.AvgSKU":26,"A.AvgSKU":16.4107142857,"Strata":"-","T.CAProdW":124,"A.CAProdW":55,"Ach_CAProdW":0.4435483871,"T.CAProdR":0,"A.CAProdR":0,"Ach_CAProdR":0.0,"T.CAProdM":13,"A.CAProdM":12,"Ach_CAProdM":0.9230769231,"Ach_CAProdAll":0.4890510949,"T.GPFood":1200,"A.GPFood":798,"Ach_GPFood":0.665,"T.GPOthers":0,"A.GPOthers":0,"Ach_GPOthers":0.0,"AR_Coll":0.6319337726,"Gap_GPFood":0,"Gap_GPOthers":0,"T.GS":26,"A.GS":2,"Ach_GS":0.0769230769,"Strata_GS":0,"EC_Ins":1.0235294118,"CR Pasif":-32,"Loss Pasif":-176061505.9182531536,"Gap TG":0.0455414021}
{"Nama Depo":"Depo Tanjung","szEmployeeId":17210036369,"szname":"Muhammad Tamrin","Tipe Salesman":"Sales Representative Wholesaler Bima","T.CR":220,"A.CR":155,"Ach_CR":0.7045454545,"A.CA":107,"Ach_CA":0.6903225806,"T.PC":19,"A.PC":21.3636363636,"Ach_PC":1.1244019139,"T.AC":21.3636363636,"A.AC":21.0909090909,"Ach_AC":0.9872340426,"T.EC":16.0227272727,"A.EC":16.7,"Ach_EC":1.0422695035,"T.ET":15.2215909091,"A.ET":13.3636363636,"Ach_ET":0.8779395297,"T.AvgSKU":12,"A.AvgSKU":8.3551401869,"Strata":"-","T.CAProdW":131,"A.CAProdW":46,"Ach_CAProdW":0.3511450382,"T.CAProdR":1,"A.CAProdR":0,"Ach_CAProdR":0.0,"T.CAProdM":13,"A.CAProdM":5,"Ach_CAProdM":0.3846153846,"Ach_CAProdAll":0.3517241379,"T.GPFood":0,"A.GPFood":103,"Ach_GPFood":0.0,"T.GPOthers":0,"A.GPOthers":156,"Ach_GPOthers":0.0,"AR_Coll":0.6342942179,"Gap_GPFood":0,"Gap_GPOthers":0,"T.GS":26,"A.GS":4,"Ach_GS":0.1538461538,"Strata_GS":0,"EC_Ins":0.8789473684,"CR Pasif":-48,"Loss Pasif":-198556310.0302648842,"Gap TG":-0.0278002854}
{"Nama Depo":"Depo Tanjung","szEmployeeId":17210037897,"szname":"Hindra","Tipe Salesman":"Sales Representative Mix Yudistira","T.CR":150,"A.CR":201,"Ach_CR":1.34,"A.CA":144,"Ach_CA":0.7164179104,"T.PC":25,"A.PC":24.2727272727,"Ach_PC":0.9709090909,"T.AC":24.2727272727,"A.AC":24.2727272727,"Ach_AC":1.0,"T.EC":18.2045454545,"A.EC":20.7,"Ach_EC":1.1370786517,"T.ET":17.2943181818,"A.ET":17.0909090909,"Ach_ET":0.9882383862,"T.AvgSKU":26,"A.AvgSKU":17.75,"Strata":"-","T.CAProdW":58,"A.CAProdW":45,"Ach_CAProdW":0.775862069,"T.CAProdR":118,"A.CAProdR":67,"Ach_CAProdR":0.5677966102,"T.CAProdM":4,"A.CAProdM":2,"Ach_CAProdM":0.5,"Ach_CAProdAll":0.6333333333,"T.GPFood":920,"A.GPFood":843,"Ach_GPFood":0.9163043478,"T.GPOthers":300,"A.GPOthers":111,"Ach_GPOthers":0.37,"AR_Coll":0.9244309214,"Gap_GPFood":0,"Gap_GPOthers":0,"T.GS":23,"A.GS":1,"Ach_GS":0.0434782609,"Strata_GS":0,"EC_Ins":0.828,"CR Pasif":-57,"Loss Pasif":-119240811.0043318421,"Gap TG":0.0575859215}
{"Nama Depo":"Depo Tanjung","szEmployeeId":17210037632,"szname":"Robianor","Tipe Salesman":"Sales Representative Mix Yudistira","T.CR":150,"A.CR":197,"Ach_CR":1.3133333333,"A.CA":135,"Ach_CA":0.6852791878,"T.PC":25,"A.PC":24.5454545455,"Ach_PC":0.9818181818,"T.AC":24.5454545455,"A.AC":24.5454545455,"Ach_AC":1.0,"T.EC":18.4090909091,"A.EC":20.2,"Ach_EC":1.0972839506,"T.ET":17.4886363636,"A.ET":17.3636363636,"Ach_ET":0.9928525016,"T.AvgSKU":26,"A.AvgSKU":17.9185185185,"Strata":"-","T.CAProdW":65,"A.CAProdW":43,"Ach_CAProdW":0.6615384615,"T.CAProdR":110,"A.CAProdR":64,"Ach_CAProdR":0.5818181818,"T.CAProdM":1,"A.CAProdM":0,"Ach_CAProdM":0.0,"Ach_CAProdAll":0.6079545455,"T.GPFood":920,"A.GPFood":816,"Ach_GPFood":0.8869565217,"T.GPOthers":300,"A.GPOthers":153,"Ach_GPOthers":0.51,"AR_Coll":0.7724283931,"Gap_GPFood":0,"Gap_GPOthers":0,"T.GS":23,"A.GS":6,"Ach_GS":0.2608695652,"Strata_GS":0,"EC_Ins":0.808,"CR Pasif":-62,"Loss Pasif":-130250248.5555186719,"Gap TG":-0.0010873499}
{"Nama Depo":"Depo Tanjung","szEmployeeId":17210042412,"szname":"Muhammad Rizky Algifari","Tipe Salesman":"Sales Representative Mix Yudistira","T.CR":150,"A.CR":204,"Ach_CR":1.36,"A.CA":134,"Ach_CA":0.6568627451,"T.PC":25,"A.PC":25.7272727273,"Ach_PC":1.0290909091,"T.AC":25.7272727273,"A.AC":25.7272727273,"Ach_AC":1.0,"T.EC":19.2954545455,"A.EC":19.3,"Ach_EC":1.0002355713,"T.ET":18.3306818182,"A.ET":18.6,"Ach_ET":1.0146922076,"T.AvgSKU":26,"A.AvgSKU":15.9402985075,"Strata":"-","T.CAProdW":57,"A.CAProdW":31,"Ach_CAProdW":0.5438596491,"T.CAProdR":127,"A.CAProdR":70,"Ach_CAProdR":0.5511811024,"T.CAProdM":3,"A.CAProdM":0,"Ach_CAProdM":0.0,"Ach_CAProdAll":0.5401069519,"T.GPFood":920,"A.GPFood":601,"Ach_GPFood":0.6532608696,"T.GPOthers":300,"A.GPOthers":97,"Ach_GPOthers":0.3233333333,"AR_Coll":0.8361002836,"Gap_GPFood":0,"Gap_GPOthers":0,"T.GS":23,"A.GS":0,"Ach_GS":0.0,"Strata_GS":0,"EC_Ins":0.772,"CR Pasif":-70,"Loss Pasif":-127989258.3932579011,"Gap TG":0.016729425}
{"Nama Depo":"Depo Tanjung","szEmployeeId":17210041467,"szname":"Doli Purnama Sari","Tipe Salesman":"Sales Representative Retailer Arjuna","T.CR":250,"A.CR":350,"Ach_CR":1.4,"A.CA":200,"Ach_CA":0.5714285714,"T.PC":25,"A.PC":30.0,"Ach_PC":1.2,"T.AC":30.0,"A.AC":29.8181818182,"Ach_AC":0.9939393939,"T.EC":22.5,"A.EC":22.3,"Ach_EC":0.9911111111,"T.ET":21.375,"A.ET":18.9090909091,"Ach_ET":0.884635832,"T.AvgSKU":19,"A.AvgSKU":9.71,"Strata":"-","T.CAProdW":0,"A.CAProdW":0,"Ach_CAProdW":0.0,"T.CAProdR":310,"A.CAProdR":93,"Ach_CAProdR":0.3,"T.CAProdM":10,"A.CAProdM":5,"Ach_CAProdM":0.5,"Ach_CAProdAll":0.30625,"T.GPFood":1230,"A.GPFood":696,"Ach_GPFood":0.5658536585,"T.GPOthers":0,"A.GPOthers":0,"Ach_GPOthers":0.0,"AR_Coll":1.0,"Gap_GPFood":0,"Gap_GPOthers":0,"T.GS":38,"A.GS":13,"Ach_GS":0.3421052632,"Strata_GS":0,"EC_Ins":0.892,"CR Pasif":-150,"Loss Pasif":-55599456.8369029909,"Gap TG":-0.019930058}
{"Nama Depo":"Depo Tanjung","szEmployeeId":17210042423,"szname":"Siti Fatimah Hadijah","Tipe Salesman":"Sales Representative Retailer Bima","T.CR":360,"A.CR":350,"Ach_CR":0.9722222222,"A.CA":153,"Ach_CA":0.4371428571,"T.PC":30,"A.PC":30.0,"Ach_PC":1.0,"T.AC":30.0,"A.AC":30.0,"Ach_AC":1.0,"T.EC":22.5,"A.EC":20.5,"Ach_EC":0.9111111111,"T.ET":21.375,"A.ET":14.0909090909,"Ach_ET":0.6592238171,"T.AvgSKU":11,"A.AvgSKU":6.7777777778,"Strata":"-","T.CAProdW":0,"A.CAProdW":0,"Ach_CAProdW":0.0,"T.CAProdR":310,"A.CAProdR":55,"Ach_CAProdR":0.1774193548,"T.CAProdM":10,"A.CAProdM":2,"Ach_CAProdM":0.2,"Ach_CAProdAll":0.178125,"T.GPFood":0,"A.GPFood":104,"Ach_GPFood":0.0,"T.GPOthers":0,"A.GPOthers":130,"Ach_GPOthers":0.0,"AR_Coll":1.0,"Gap_GPFood":0,"Gap_GPOthers":0,"T.GS":38,"A.GS":11,"Ach_GS":0.2894736842,"Strata_GS":0,"EC_Ins":0.6833333333,"CR Pasif":-197,"Loss Pasif":-37754778.4692427069,"Gap TG":0.0157019285}
