{"Nama Depo":"Depo Tanjung","szEmployeeId":17210032876,"szname":"Asman","Tipe Salesman":"Sales Representative Wholesaler Arjuna","T.CR":120,"A.CR":144,"Ach_CR":1.2,"A.CA":118,"Ach_CA":0.8194444444,"T.PC":17,"A.PC":20.3846153846,"Ach_PC":1.1990950226,"T.AC":20.3846153846,"A.AC":18.4615384615,"Ach_AC":0.9056603774,"T.EC":15.2884615385,"A.EC":16.7272727273,"Ach_EC":1.0941109205,"T.ET":14.5240384615,"A.ET":15.0,"Ach_ET":1.0327706058,"T.AvgSKU":26,"A.AvgSKU":17.5677966102,"Strata":"-","T.CAProdW":131,"A.CAProdW":62,"Ach_CAProdW":0.4732824427,"T.CAProdR":0,"A.CAProdR":0,"Ach_CAProdR":0.0,"T.CAProdM":13,"A.CAProdM":12,"Ach_CAProdM":0.9230769231,"Ach_CAProdAll":0.5138888889,"T.GPFood":1200,"A.GPFood":949,"Ach_GPFood":0.7908333333,"T.GPOthers":0,"A.GPOthers":0,"Ach_GPOthers":0.0,"AR_Coll":0.6513507873,"Gap_GPFood":0,"Gap_GPOthers":0,"T.GS":26,"A.GS":3,"Ach_GS":0.1153846154,"Strata_GS":0,"EC_Ins":0.9839572193,"CR Pasif":-26,"Loss Pasif":-164319958.5368660986,"Gap TG":0.0354720189}
{"Nama Depo":"Depo Tanjung","szEmployeeId":17210036369,"szname":"Muhammad Tamrin","Tipe Salesman":"Sales Representative Wholesaler Bima","T.CR":220,"A.CR":155,"Ach_CR":0.7045454545,"A.CA":116,"Ach_CA":0.7483870968,"T.PC":19,"A.PC":21.6923076923,"Ach_PC":1.1417004049,"T.AC":21.6923076923,"A.AC":21.3846153846,"Ach_AC":0.9858156028,"T.EC":16.2692307692,"A.EC":16.6363636364,"Ach_EC":1.0225660864,"T.ET":15.4557692308,"A.ET":13.5384615385,"Ach_ET":0.8759487371,"T.AvgSKU":12,"A.AvgSKU":8.75,"Strata":"-","T.CAProdW":138,"A.CAProdW":52,"Ach_CAProdW":0.3768115942,"T.CAProdR":1,"A.CAProdR":0,"Ach_CAProdR":0.0,"T.CAProdM":13,"A.CAProdM":5,"Ach_CAProdM":0.3846153846,"Ach_CAProdAll":0.375,"T.GPFood":0,"A.GPFood":134,"Ach_GPFood":0.0,"T.GPOthers":0,"A.GPOthers":193,"Ach_GPOthers":0.0,"AR_Coll":0.5886481699,"Gap_GPFood":0,"Gap_GPOthers":0,"T.GS":26,"A.GS":6,"Ach_GS":0.2307692308,"Strata_GS":0,"EC_Ins":0.8755980861,"CR Pasif":-39,"Loss Pasif":-141823271.8702049553,"Gap TG":0.0142951967}
{"Nama Depo":"Depo Tanjung","szEmployeeId":17210037897,"szname":"Hindra","Tipe Salesman":"Sales Representative Mix Yudistira","T.CR":150,"A.CR":201,"Ach_CR":1.34,"A.CA":152,"Ach_CA":0.7562189055,"T.PC":25,"A.PC":24.3846153846,"Ach_PC":0.9753846154,"T.AC":24.3846153846,"A.AC":24.3846153846,"Ach_AC":1.0,"T.EC":18.2884615385,"A.EC":21.0,"Ach_EC":1.1482649842,"T.ET":17.3740384615,"A.ET":16.9230769231,"Ach_ET":0.9740439427,"T.AvgSKU":26,"A.AvgSKU":18.5986842105,"Strata":"-","T.CAProdW":62,"A.CAProdW":48,"Ach_CAProdW":0.7741935484,"T.CAProdR":130,"A.CAProdR":73,"Ach_CAProdR":0.5615384615,"T.CAProdM":4,"A.CAProdM":2,"Ach_CAProdM":0.5,"Ach_CAProdAll":0.6275510204,"T.GPFood":920,"A.GPFood":1004,"Ach_GPFood":1.0913043478,"T.GPOthers":300,"A.GPOthers":145,"Ach_GPOthers":0.4833333333,"AR_Coll":0.6626412198,"Gap_GPFood":84,"Gap_GPOthers":0,"T.GS":23,"A.GS":4,"Ach_GS":0.1739130435,"Strata_GS":0,"EC_Ins":0.84,"CR Pasif":-49,"Loss Pasif":-67242947.3505265415,"Gap TG":0.0816707254}
{"Nama Depo":"Depo Tanjung","szEmployeeId":17210037632,"szname":"Robianor","Tipe Salesman":"Sales Representative Mix Yudistira","T.CR":150,"A.CR":197,"Ach_CR":1.3133333333,"A.CA":143,"Ach_CA":0.7258883249,"T.PC":25,"A.PC":24.7692307692,"Ach_PC":0.9907692308,"T.AC":24.7692307692,"A.AC":24.7692307692,"Ach_AC":1.0,"T.EC":18.5769230769,"A.EC":20.3636363636,"Ach_EC":1.0961791831,"T.ET":17.6480769231,"A.ET":17.6153846154,"Ach_ET":0.9981475428,"T.AvgSKU":26,"A.AvgSKU":19.7482517483,"Strata":"-","T.CAProdW":66,"A.CAProdW":46,"Ach_CAProdW":0.696969697,"T.CAProdR":120,"A.CAProdR":70,"Ach_CAProdR":0.5833333333,"T.CAProdM":1,"A.CAProdM":0,"Ach_CAProdM":0.0,"Ach_CAProdAll":0.6203208556,"T.GPFood":920,"A.GPFood":984,"Ach_GPFood":1.0695652174,"T.GPOthers":300,"A.GPOthers":173,"Ach_GPOthers":0.5766666667,"AR_Coll":0.7137423755,"Gap_GPFood":64,"Gap_GPOthers":0,"T.GS":23,"A.GS":13,"Ach_GS":0.5652173913,"Strata_GS":0,"EC_Ins":0.8145454545,"CR Pasif":-54,"Loss Pasif":-115788639.6097192764,"Gap TG":0.0701157833}
{"Nama Depo":"Depo Tanjung","szEmployeeId":17210042412,"szname":"Muhammad Rizky Algifari","Tipe Salesman":"Sales Representative Mix Yudistira","T.CR":150,"A.CR":204,"Ach_CR":1.36,"A.CA":144,"Ach_CA":0.7058823529,"T.PC":25,"A.PC":26.1538461538,"Ach_PC":1.0461538462,"T.AC":26.1538461538,"A.AC":26.1538461538,"Ach_AC":1.0,"T.EC":19.6153846154,"A.EC":19.4545454545,"Ach_EC":0.9918003565,"T.ET":18.6346153846,"A.ET":18.3333333333,"Ach_ET":0.9838321293,"T.AvgSKU":26,"A.AvgSKU":16.8333333333,"Strata":"-","T.CAProdW":58,"A.CAProdW":31,"Ach_CAProdW":0.5344827586,"T.CAProdR":138,"A.CAProdR":77,"Ach_CAProdR":0.5579710145,"T.CAProdM":3,"A.CAProdM":1,"Ach_CAProdM":0.3333333333,"Ach_CAProdAll":0.5477386935,"T.GPFood":920,"A.GPFood":745,"Ach_GPFood":0.8097826087,"T.GPOthers":300,"A.GPOthers":119,"Ach_GPOthers":0.3966666667,"AR_Coll":0.7633046433,"Gap_GPFood":0,"Gap_GPOthers":0,"T.GS":23,"A.GS":4,"Ach_GS":0.1739130435,"Strata_GS":0,"EC_Ins":0.7781818182,"CR Pasif":-60,"Loss Pasif":-116718891.1897635758,"Gap TG":0.00424352}
{"Nama Depo":"Depo Tanjung","szEmployeeId":17210041467,"szname":"Doli Purnama Sari","Tipe Salesman":"Sales Representative Retailer Arjuna","T.CR":250,"A.CR":350,"Ach_CR":1.4,"A.CA":230,"Ach_CA":0.6571428571,"T.PC":25,"A.PC":30.0,"Ach_PC":1.2,"T.AC":30.0,"A.AC":29.8461538462,"Ach_AC":0.9948717949,"T.EC":22.5,"A.EC":22.2727272727,"Ach_EC":0.9898989899,"T.ET":21.375,"A.ET":19.2307692308,"Ach_ET":0.8996851102,"T.AvgSKU":19,"A.AvgSKU":10.3913043478,"Strata":"-","T.CAProdW":0,"A.CAProdW":0,"Ach_CAProdW":0.0,"T.CAProdR":337,"A.CAProdR":110,"Ach_CAProdR":0.3264094955,"T.CAProdM":10,"A.CAProdM":5,"Ach_CAProdM":0.5,"Ach_CAProdAll":0.3314121037,"T.GPFood":1230,"A.GPFood":932,"Ach_GPFood":0.7577235772,"T.GPOthers":0,"A.GPOthers":0,"Ach_GPOthers":0.0,"AR_Coll":0.9629944797,"Gap_GPFood":0,"Gap_GPOthers":0,"T.GS":38,"A.GS":36,"Ach_GS":0.9473684211,"Strata_GS":2,"EC_Ins":0.8909090909,"CR Pasif":-120,"Loss Pasif":-39227516.4319407791,"Gap TG":0.0001390645}
{"Nama Depo":"Depo Tanjung","szEmployeeId":17210042423,"szname":"Siti Fatimah Hadijah","Tipe Salesman":"Sales Representative Retailer Bima","T.CR":360,"A.CR":350,"Ach_CR":0.9722222222,"A.CA":187,"Ach_CA":0.5342857143,"T.PC":30,"A.PC":30.0,"Ach_PC":1.0,"T.AC":30.0,"A.AC":30.0,"Ach_AC":1.0,"T.EC":22.5,"A.EC":20.1818181818,"Ach_EC":0.896969697,"T.ET":21.375,"A.ET":15.0,"Ach_ET":0.701754386,"T.AvgSKU":11,"A.AvgSKU":7.0748663102,"Strata":"-","T.CAProdW":0,"A.CAProdW":0,"Ach_CAProdW":0.0,"T.CAProdR":337,"A.CAProdR":72,"Ach_CAProdR":0.2136498516,"T.CAProdM":10,"A.CAProdM":2,"Ach_CAProdM":0.2,"Ach_CAProdAll":0.2132564841,"T.GPFood":0,"A.GPFood":141,"Ach_GPFood":0.0,"T.GPOthers":0,"A.GPOthers":187,"Ach_GPOthers":0.0,"AR_Coll":0.9347429942,"Gap_GPFood":0,"Gap_GPOthers":0,"T.GS":38,"A.GS":24,"Ach_GS":0.6315789474,"Strata_GS":0,"EC_Ins":0.6727272727,"CR Pasif":-163,"Loss Pasif":-27909098.4303915575,"Gap TG":0.058122023}
