{"Nama Depo":"Depo Tanjung","szEmployeeId":17210032876,"szname":"Asman","Tipe Salesman":"Sales Representative Wholesaler Arjuna","T.CR":120,"A.CR":144,"Ach_CR":1.2,"A.CA":132,"Ach_CA":0.9166666667,"T.PC":17,"A.PC":20.0416666667,"Ach_PC":1.1789215686,"T.AC":20.0416666667,"A.AC":19.0,"Ach_AC":0.948024948,"T.EC":15.03125,"A.EC":15.9090909091,"Ach_EC":1.0584010584,"T.ET":14.2796875,"A.ET":14.5833333333,"Ach_ET":1.0212641792,"T.AvgSKU":26,"A.AvgSKU":23.6287878788,"Strata":"-","T.CAProdW":131,"A.CAProdW":90,"Ach_CAProdW":0.6870229008,"T.CAProdR":0,"A.CAProdR":0,"Ach_CAProdR":0.0,"T.CAProdM":13,"A.CAProdM":12,"Ach_CAProdM":0.9230769231,"Ach_CAProdAll":0.7083333333,"T.GPFood":1200,"A.GPFood":1761,"Ach_GPFood":1.4675,"T.GPOthers":0,"A.GPOthers":0,"Ach_GPOthers":0.0,"AR_Coll":0.9485284783,"Gap_GPFood":561,"Gap_GPOthers":0,"T.GS":26,"A.GS":32,"Ach_GS":1.2307692308,"Strata_GS":4,"EC_Ins":0.935828877,"CR Pasif":-12,"Loss Pasif":-70563878.8927340508,"Gap TG":0.0802305943}
{"Nama Depo":"Depo Tanjung","szEmployeeId":17210036369,"szname":"Muhammad Tamrin","Tipe Salesman":"Sales Representative Wholesaler Bima","T.CR":220,"A.CR":155,"Ach_CR":0.7045454545,"A.CA":138,"Ach_CA":0.8903225806,"T.PC":19,"A.PC":21.2083333333,"Ach_PC":1.1162280702,"T.AC":21.2083333333,"A.AC":21.0,"Ach_AC":0.9901768173,"T.EC":15.90625,"A.EC":15.6363636364,"Ach_EC":0.9830326844,"T.ET":15.1109375,"A.ET":13.375,"Ach_ET":0.8851204632,"T.AvgSKU":12,"A.AvgSKU":11.1376811594,"Strata":"-","T.CAProdW":138,"A.CAProdW":82,"Ach_CAProdW":0.5942028986,"T.CAProdR":1,"A.CAProdR":0,"Ach_CAProdR":0.0,"T.CAProdM":13,"A.CAProdM":7,"Ach_CAProdM":0.5384615385,"Ach_CAProdAll":0.5855263158,"T.GPFood":0,"A.GPFood":210,"Ach_GPFood":0.0,"T.GPOthers":0,"A.GPOthers":363,"Ach_GPOthers":0.0,"AR_Coll":0.9898996571,"Gap_GPFood":0,"Gap_GPOthers":0,"T.GS":26,"A.GS":8,"Ach_GS":0.3076923077,"Strata_GS":0,"EC_Ins":0.8229665072,"CR Pasif":-17,"Loss Pasif":-77123318.8328354508,"Gap TG":0.0042844385}
{"Nama Depo":"Depo Tanjung","szEmployeeId":17210037897,"szname":"Hindra","Tipe Salesman":"Sales Representative Mix Yudistira","T.CR":150,"A.CR":201,"Ach_CR":1.34,"A.CA":172,"Ach_CA":0.855721393,"T.PC":25,"A.PC":24.3333333333,"Ach_PC":0.9733333333,"T.AC":24.3333333333,"A.AC":24.25,"Ach_AC":0.9965753425,"T.EC":18.25,"A.EC":19.3181818182,"Ach_EC":1.0585305106,"T.ET":17.3375,"A.ET":16.75,"Ach_ET":0.9661139149,"T.AvgSKU":26,"A.AvgSKU":24.273255814,"Strata":"-","T.CAProdW":62,"A.CAProdW":55,"Ach_CAProdW":0.8870967742,"T.CAProdR":131,"A.CAProdR":92,"Ach_CAProdR":0.7022900763,"T.CAProdM":4,"A.CAProdM":4,"Ach_CAProdM":1.0,"Ach_CAProdAll":0.7664974619,"T.GPFood":920,"A.GPFood":1715,"Ach_GPFood":1.8641304348,"T.GPOthers":300,"A.GPOthers":282,"Ach_GPOthers":0.94,"AR_Coll":0.9303422776,"Gap_GPFood":795,"Gap_GPOthers":0,"T.GS":23,"A.GS":20,"Ach_GS":0.8695652174,"Strata_GS":2,"EC_Ins":0.7727272727,"CR Pasif":-29,"Loss Pasif":-36382374.1011715606,"Gap TG":0.0243759054}
{"Nama Depo":"Depo Tanjung","szEmployeeId":17210037632,"szname":"Robianor","Tipe Salesman":"Sales Representative Mix Yudistira","T.CR":150,"A.CR":197,"Ach_CR":1.3133333333,"A.CA":174,"Ach_CA":0.883248731,"T.PC":25,"A.PC":24.75,"Ach_PC":0.99,"T.AC":24.75,"A.AC":24.7083333333,"Ach_AC":0.9983164983,"T.EC":18.5625,"A.EC":19.9090909091,"Ach_EC":1.072543618,"T.ET":17.634375,"A.ET":18.2916666667,"Ach_ET":1.037273318,"T.AvgSKU":26,"A.AvgSKU":25.316091954,"Strata":"-","T.CAProdW":66,"A.CAProdW":56,"Ach_CAProdW":0.8484848485,"T.CAProdR":121,"A.CAProdR":94,"Ach_CAProdR":0.7768595041,"T.CAProdM":1,"A.CAProdM":1,"Ach_CAProdM":1.0,"Ach_CAProdAll":0.8031914894,"T.GPFood":920,"A.GPFood":1824,"Ach_GPFood":1.9826086957,"T.GPOthers":300,"A.GPOthers":326,"Ach_GPOthers":1.0866666667,"AR_Coll":0.9592489604,"Gap_GPFood":904,"Gap_GPOthers":26,"T.GS":23,"A.GS":48,"Ach_GS":2.0869565217,"Strata_GS":4,"EC_Ins":0.7963636364,"CR Pasif":-23,"Loss Pasif":-12677267.1115001086,"Gap TG":0.0863462893}
{"Nama Depo":"Depo Tanjung","szEmployeeId":17210042412,"szname":"Muhammad Rizky Algifari","Tipe Salesman":"Sales Representative Mix Yudistira","T.CR":150,"A.CR":204,"Ach_CR":1.36,"A.CA":178,"Ach_CA":0.8725490196,"T.PC":25,"A.PC":26.0833333333,"Ach_PC":1.0433333333,"T.AC":26.0833333333,"A.AC":26.0833333333,"Ach_AC":1.0,"T.EC":19.5625,"A.EC":18.5909090909,"Ach_EC":0.950334011,"T.ET":18.584375,"A.ET":17.6086956522,"Ach_ET":0.9475000183,"T.AvgSKU":26,"A.AvgSKU":21.4101123596,"Strata":"-","T.CAProdW":58,"A.CAProdW":39,"Ach_CAProdW":0.6724137931,"T.CAProdR":140,"A.CAProdR":107,"Ach_CAProdR":0.7642857143,"T.CAProdM":3,"A.CAProdM":3,"Ach_CAProdM":1.0,"Ach_CAProdAll":0.7412935323,"T.GPFood":920,"A.GPFood":1410,"Ach_GPFood":1.5326086957,"T.GPOthers":300,"A.GPOthers":228,"Ach_GPOthers":0.76,"AR_Coll":0.8311388543,"Gap_GPFood":490,"Gap_GPOthers":0,"T.GS":23,"A.GS":30,"Ach_GS":1.3043478261,"Strata_GS":4,"EC_Ins":0.7436363636,"CR Pasif":-26,"Loss Pasif":-39190191.9511651248,"Gap TG":0.0290222829}
{"Nama Depo":"Depo Tanjung","szEmployeeId":17210041467,"szname":"Doli Purnama Sari","Tipe Salesman":"Sales Representative Retailer Arjuna","T.CR":250,"A.CR":350,"Ach_CR":1.4,"A.CA":318,"Ach_CA":0.9085714286,"T.PC":25,"A.PC":29.7916666667,"Ach_PC":1.1916666667,"T.AC":29.7916666667,"A.AC":29.625,"Ach_AC":0.9944055944,"T.EC":22.34375,"A.EC":23.0454545455,"Ach_EC":1.0314049587,"T.ET":21.2265625,"A.ET":20.8333333333,"Ach_ET":0.9814746657,"T.AvgSKU":19,"A.AvgSKU":13.4937106918,"Strata":"-","T.CAProdW":0,"A.CAProdW":0,"Ach_CAProdW":0.0,"T.CAProdR":337,"A.CAProdR":213,"Ach_CAProdR":0.6320474777,"T.CAProdM":10,"A.CAProdM":7,"Ach_CAProdM":0.7,"Ach_CAProdAll":0.6340057637,"T.GPFood":1230,"A.GPFood":2180,"Ach_GPFood":1.7723577236,"T.GPOthers":0,"A.GPOthers":0,"Ach_GPOthers":0.0,"AR_Coll":1.0,"Gap_GPFood":950,"Gap_GPOthers":0,"T.GS":38,"A.GS":156,"Ach_GS":4.1052631579,"Strata_GS":4,"EC_Ins":0.9218181818,"CR Pasif":-32,"Loss Pasif":-12342495.9845483042,"Gap TG":-0.0364294154}
{"Nama Depo":"Depo Tanjung","szEmployeeId":17210042423,"szname":"Siti Fatimah Hadijah","Tipe Salesman":"Sales Representative Retailer Bima","T.CR":360,"A.CR":350,"Ach_CR":0.9722222222,"A.CA":271,"Ach_CA":0.7742857143,"T.PC":30,"A.PC":29.8333333333,"Ach_PC":0.9944444444,"T.AC":29.8333333333,"A.AC":29.7916666667,"Ach_AC":0.998603352,"T.EC":22.375,"A.EC":20.7272727273,"Ach_EC":0.9263585576,"T.ET":21.25625,"A.ET":16.5833333333,"Ach_ET":0.7801626972,"T.AvgSKU":11,"A.AvgSKU":8.9446494465,"Strata":"-","T.CAProdW":0,"A.CAProdW":0,"Ach_CAProdW":0.0,"T.CAProdR":338,"A.CAProdR":163,"Ach_CAProdR":0.4822485207,"T.CAProdM":10,"A.CAProdM":4,"Ach_CAProdM":0.4,"Ach_CAProdAll":0.4798850575,"T.GPFood":0,"A.GPFood":282,"Ach_GPFood":0.0,"T.GPOthers":0,"A.GPOthers":379,"Ach_GPOthers":0.0,"AR_Coll":1.0,"Gap_GPFood":0,"Gap_GPOthers":0,"T.GS":38,"A.GS":38,"Ach_GS":1.0,"Strata_GS":3,"EC_Ins":0.6909090909,"CR Pasif":-79,"Loss Pasif":-7744879.3166389884,"Gap TG":0.1590695186}
