{"Nama Depo":"Depo Tanjung","szEmployeeId":17210032876,"szname":"Asman","Tipe Salesman":"Sales Representative Wholesaler Arjuna","T.CR":120,"A.CR":141,"Ach_CR":1.175,"A.CA":57,"Ach_CA":0.4042553191,"T.PC":17.0,"A.PC":20.0,"Ach_PC":1.1764705882,"T.AC":20.0,"A.AC":14.75,"Ach_AC":0.7375,"T.EC":15.0,"A.EC":14.6666666667,"Ach_EC":0.9777777778,"T.ET":14.25,"A.ET":14.25,"Ach_ET":1.0,"T.AvgSKU":26,"A.AvgSKU":10.2105263158,"Strata":"-","T.CAProdW":74,"A.CAProdW":19,"Ach_CAProdW":0.2567567568,"T.CAProdR":0,"A.CAProdR":0,"Ach_CAProdR":0.0,"T.CAProdM":6,"A.CAProdM":5,"Ach_CAProdM":0.8333333333,"Ach_CAProdAll":0.3,"T.GPFood":1200,"A.GPFood":341,"Ach_GPFood":0.2841666667,"T.GPOthers":0,"A.GPOthers":0,"Ach_GPOthers":0.0,"AR_Coll":0.4831551636,"Gap_GPFood":0,"Gap_GPOthers":0,"T.GS":26,"A.GS":0,"Ach_GS":0,"Strata_GS":0,"EC_Ins":0.862745098,"CR Pasif":-84,"Loss Pasif":-342757602.9945435524,"Gap TG":0.0136885041}
{"Nama Depo":"Depo Tanjung","szEmployeeId":17210036369,"szname":"Muhammad Tamrin","Tipe Salesman":"Sales Representative Wholesaler Bima","T.CR":220,"A.CR":150,"Ach_CR":0.6818181818,"A.CA":55,"Ach_CA":0.3666666667,"T.PC":19.0,"A.PC":21.0,"Ach_PC":1.1052631579,"T.AC":21.0,"A.AC":15.5,"Ach_AC":0.7380952381,"T.EC":15.75,"A.EC":15.6666666667,"Ach_EC":0.9947089947,"T.ET":14.9625,"A.ET":13.75,"Ach_ET":0.9189640769,"T.AvgSKU":12,"A.AvgSKU":4.2,"Strata":"-","T.CAProdW":75,"A.CAProdW":17,"Ach_CAProdW":0.2266666667,"T.CAProdR":0,"A.CAProdR":0,"Ach_CAProdR":0.0,"T.CAProdM":6,"A.CAProdM":2,"Ach_CAProdM":0.3333333333,"Ach_CAProdAll":0.2345679012,"T.GPFood":0,"A.GPFood":51,"Ach_GPFood":0.0,"T.GPOthers":0,"A.GPOthers":66,"Ach_GPOthers":0.0,"AR_Coll":0.6321507571,"Gap_GPFood":0,"Gap_GPOthers":0,"T.GS":26,"A.GS":0,"Ach_GS":0,"Strata_GS":0,"EC_Ins":0.8245614035,"CR Pasif":-95,"Loss Pasif":-268364231.4453409314,"Gap TG":0.0094803285}
{"Nama Depo":"Depo Tanjung","szEmployeeId":17210037897,"szname":"Hindra","Tipe Salesman":"Sales Representative Mix Yudistira","T.CR":150,"A.CR":195,"Ach_CR":1.3,"A.CA":59,"Ach_CA":0.3025641026,"T.PC":25.0,"A.PC":25.0,"Ach_PC":1.0,"T.AC":25.0,"A.AC":19.25,"Ach_AC":0.77,"T.EC":18.75,"A.EC":19.0,"Ach_EC":1.0133333333,"T.ET":17.8125,"A.ET":15.0,"Ach_ET":0.8421052632,"T.AvgSKU":26,"A.AvgSKU":12.2711864407,"Strata":"-","T.CAProdW":32,"A.CAProdW":16,"Ach_CAProdW":0.5,"T.CAProdR":66,"A.CAProdR":20,"Ach_CAProdR":0.303030303,"T.CAProdM":2,"A.CAProdM":1,"Ach_CAProdM":0.5,"Ach_CAProdAll":0.37,"T.GPFood":920,"A.GPFood":288,"Ach_GPFood":0.3130434783,"T.GPOthers":300,"A.GPOthers":64,"Ach_GPOthers":0.2133333333,"AR_Coll":0.8615596086,"Gap_GPFood":0,"Gap_GPOthers":0,"T.GS":23,"A.GS":0,"Ach_GS":0,"Strata_GS":0,"EC_Ins":0.76,"CR Pasif":-136,"Loss Pasif":-384158229.576295197,"Gap TG":-0.0183627974}
{"Nama Depo":"Depo Tanjung","szEmployeeId":17210037632,"szname":"Robianor","Tipe Salesman":"Sales Representative Mix Yudistira","T.CR":150,"A.CR":195,"Ach_CR":1.3,"A.CA":82,"Ach_CA":0.4205128205,"T.PC":25.0,"A.PC":24.25,"Ach_PC":0.97,"T.AC":24.25,"A.AC":18.5,"Ach_AC":0.7628865979,"T.EC":18.1875,"A.EC":22.3333333333,"Ach_EC":1.2279495991,"T.ET":17.278125,"A.ET":20.5,"Ach_ET":1.186471333,"T.AvgSKU":26,"A.AvgSKU":10.4024390244,"Strata":"-","T.CAProdW":35,"A.CAProdW":16,"Ach_CAProdW":0.4571428571,"T.CAProdR":58,"A.CAProdR":32,"Ach_CAProdR":0.5517241379,"T.CAProdM":0,"A.CAProdM":0,"Ach_CAProdM":0.0,"Ach_CAProdAll":0.5161290323,"T.GPFood":920,"A.GPFood":401,"Ach_GPFood":0.4358695652,"T.GPOthers":300,"A.GPOthers":61,"Ach_GPOthers":0.2033333333,"AR_Coll":0.6721337286,"Gap_GPFood":0,"Gap_GPOthers":0,"T.GS":23,"A.GS":0,"Ach_GS":0,"Strata_GS":0,"EC_Ins":0.8933333333,"CR Pasif":-113,"Loss Pasif":-308008465.6533232927,"Gap TG":-0.0153256663}
{"Nama Depo":"Depo Tanjung","szEmployeeId":17210042412,"szname":"Muhammad Rizky Algifari","Tipe Salesman":"Sales Representative Mix Yudistira","T.CR":150,"A.CR":201,"Ach_CR":1.34,"A.CA":91,"Ach_CA":0.4527363184,"T.PC":25.0,"A.PC":26.0,"Ach_PC":1.04,"T.AC":26.0,"A.AC":26.0,"Ach_AC":1.0,"T.EC":19.5,"A.EC":23.0,"Ach_EC":1.1794871795,"T.ET":18.525,"A.ET":22.75,"Ach_ET":1.2280701754,"T.AvgSKU":26,"A.AvgSKU":9.989010989,"Strata":"-","T.CAProdW":26,"A.CAProdW":12,"Ach_CAProdW":0.4615384615,"T.CAProdR":75,"A.CAProdR":39,"Ach_CAProdR":0.52,"T.CAProdM":2,"A.CAProdM":0,"Ach_CAProdM":0.0,"Ach_CAProdAll":0.4951456311,"T.GPFood":920,"A.GPFood":360,"Ach_GPFood":0.3913043478,"T.GPOthers":300,"A.GPOthers":69,"Ach_GPOthers":0.23,"AR_Coll":0.7911337584,"Gap_GPFood":0,"Gap_GPOthers":0,"T.GS":23,"A.GS":0,"Ach_GS":0,"Strata_GS":0,"EC_Ins":0.92,"CR Pasif":-110,"Loss Pasif":-237385915.3153173029,"Gap TG":-0.0252733358}
{"Nama Depo":"Depo Tanjung","szEmployeeId":17210041467,"szname":"Doli Purnama Sari","Tipe Salesman":"Sales Representative Retailer Arjuna","T.CR":250,"A.CR":349,"Ach_CR":1.396,"A.CA":70,"Ach_CA":0.2005730659,"T.PC":25.0,"A.PC":30.25,"Ach_PC":1.21,"T.AC":30.25,"A.AC":22.75,"Ach_AC":0.7520661157,"T.EC":22.6875,"A.EC":22.0,"Ach_EC":0.9696969697,"T.ET":21.553125,"A.ET":17.5,"Ach_ET":0.8119472234,"T.AvgSKU":19,"A.AvgSKU":9.6571428571,"Strata":"-","T.CAProdW":0,"A.CAProdW":0,"Ach_CAProdW":0.0,"T.CAProdR":113,"A.CAProdR":33,"Ach_CAProdR":0.2920353982,"T.CAProdM":6,"A.CAProdM":1,"Ach_CAProdM":0.1666666667,"Ach_CAProdAll":0.2857142857,"T.GPFood":1230,"A.GPFood":339,"Ach_GPFood":0.2756097561,"T.GPOthers":0,"A.GPOthers":0,"Ach_GPOthers":0.0,"AR_Coll":0.8832069297,"Gap_GPFood":0,"Gap_GPOthers":0,"T.GS":38,"A.GS":0,"Ach_GS":0,"Strata_GS":0,"EC_Ins":0.88,"CR Pasif":-279,"Loss Pasif":-118923253.8337818086,"Gap TG":-0.0520707443}
{"Nama Depo":"Depo Tanjung","szEmployeeId":17210042423,"szname":"Siti Fatimah Hadijah","Tipe Salesman":"Sales Representative Retailer Bima","T.CR":360,"A.CR":356,"Ach_CR":0.9888888889,"A.CA":51,"Ach_CA":0.143258427,"T.PC":30.0,"A.PC":31.0,"Ach_PC":1.0333333333,"T.AC":31.0,"A.AC":30.75,"Ach_AC":0.9919354839,"T.EC":23.25,"A.EC":21.0,"Ach_EC":0.9032258065,"T.ET":22.0875,"A.ET":12.75,"Ach_ET":0.5772495756,"T.AvgSKU":11,"A.AvgSKU":6.2549019608,"Strata":"-","T.CAProdW":0,"A.CAProdW":0,"Ach_CAProdW":0.0,"T.CAProdR":114,"A.CAProdR":19,"Ach_CAProdR":0.1666666667,"T.CAProdM":6,"A.CAProdM":1,"Ach_CAProdM":0.1666666667,"Ach_CAProdAll":0.1666666667,"T.GPFood":0,"A.GPFood":41,"Ach_GPFood":0.0,"T.GPOthers":0,"A.GPOthers":54,"Ach_GPOthers":0.0,"AR_Coll":0.9140566827,"Gap_GPFood":0,"Gap_GPOthers":0,"T.GS":38,"A.GS":0,"Ach_GS":0,"Strata_GS":0,"EC_Ins":0.7,"CR Pasif":-305,"Loss Pasif":-60595171.099422425,"Gap TG":-0.0342272632}
{"Nama Depo":"Depo Tanjung","szEmployeeId":17210036576,"szname":"Muhammad Yasir","Tipe Salesman":"Sales Representative Retailer Bima","T.CR":1400,"A.CR":1587,"Ach_CR":1.1335714286,"A.CA":465,"Ach_CA":0.2930056711,"T.PC":23.7142857143,"A.PC":25.3571428571,"Ach_PC":1.0692771084,"T.AC":25.3571428571,"A.AC":21.0714285714,"Ach_AC":0.8309859155,"T.EC":19.0178571429,"A.EC":19.6666666667,"Ach_EC":1.0341158059,"T.ET":18.0669642857,"A.ET":16.6428571429,"Ach_ET":0.9211761799,"T.AvgSKU":11,"A.AvgSKU":8.9978867983,"Strata":"-","T.CAProdW":242,"A.CAProdW":80,"Ach_CAProdW":0.3305785124,"T.CAProdR":426,"A.CAProdR":143,"Ach_CAProdR":0.3356807512,"T.CAProdM":28,"A.CAProdM":10,"Ach_CAProdM":0.3571428571,"Ach_CAProdAll":0.3347701149,"T.GPFood":5190,"A.GPFood":1821,"Ach_GPFood":0.350867052,"T.GPOthers":900,"A.GPOthers":314,"Ach_GPOthers":0.3488888889,"AR_Coll":0.0,"Gap_GPFood":0,"Gap_GPOthers":0,"T.GS":197,"A.GS":0,"Ach_GS":0,"Strata_GS":0,"EC_Ins":0.8293172691,"CR Pasif":-1122,"Loss Pasif":-1720192869.9180243015,"Gap TG":-0.0100081968}
