{"Nama Depo":"Depo Tanjung","szEmployeeId":17210032876,"szname":"Asman","Tipe Salesman":"Sales Representative Wholesaler Arjuna","T.CR":120,"A.CR":144,"Ach_CR":1.2,"A.CA":128,"Ach_CA":0.8888888889,"T.PC":17,"A.PC":20.1578947368,"Ach_PC":1.1857585139,"T.AC":20.1578947368,"A.AC":20.0526315789,"Ach_AC":0.9947780679,"T.EC":15.1184210526,"A.EC":16.0,"Ach_EC":1.0583115753,"T.ET":14.3625,"A.ET":14.5263157895,"Ach_ET":1.0114057991,"T.AvgSKU":26,"A.AvgSKU":16.3046875,"Strata":"-","T.CAProdW":129,"A.CAProdW":63,"Ach_CAProdW":0.488372093,"T.CAProdR":0,"A.CAProdR":0,"Ach_CAProdR":0.0,"T.CAProdM":14,"A.CAProdM":11,"Ach_CAProdM":0.7857142857,"Ach_CAProdAll":0.5174825175,"T.GPFood":1200,"A.GPFood":917,"Ach_GPFood":0.7641666667,"T.GPOthers":0,"A.GPOthers":0,"Ach_GPOthers":0.0,"AR_Coll":0.8112920448,"Gap_GPFood":0,"Gap_GPOthers":0,"T.GS":20,"A.GS":15,"Ach_GS":0.75,"Strata_GS":"3","EC_Ins":0.9411764706,"CR Pasif":-16}
{"Nama Depo":"Depo Tanjung","szEmployeeId":17210036369,"szname":"Muhammad Tamrin","Tipe Salesman":"Sales Representative Wholesaler Bima","T.CR":220,"A.CR":152,"Ach_CR":0.6909090909,"A.CA":135,"Ach_CA":0.8881578947,"T.PC":19,"A.PC":21.2105263158,"Ach_PC":1.1163434903,"T.AC":21.2105263158,"A.AC":21.1052631579,"Ach_AC":0.9950372208,"T.EC":15.9078947368,"A.EC":15.0555555556,"Ach_EC":0.9464203658,"T.ET":15.1125,"A.ET":13.2631578947,"Ach_ET":0.877628314,"T.AvgSKU":12,"A.AvgSKU":6.6814814815,"Strata":"-","T.CAProdW":135,"A.CAProdW":53,"Ach_CAProdW":0.3925925926,"T.CAProdR":0,"A.CAProdR":0,"Ach_CAProdR":0.0,"T.CAProdM":14,"A.CAProdM":8,"Ach_CAProdM":0.5714285714,"Ach_CAProdAll":0.4093959732,"T.GPFood":0,"A.GPFood":179,"Ach_GPFood":0.0,"T.GPOthers":0,"A.GPOthers":212,"Ach_GPOthers":0.0,"AR_Coll":0.7987195669,"Gap_GPFood":0,"Gap_GPOthers":0,"T.GS":20,"A.GS":19,"Ach_GS":0.95,"Strata_GS":"3","EC_Ins":0.7923976608,"CR Pasif":-17}
{"Nama Depo":"Depo Tanjung","szEmployeeId":17210037897,"szname":"Hindra","Tipe Salesman":"Sales Representative Mix Yudistira","T.CR":150,"A.CR":209,"Ach_CR":1.3933333333,"A.CA":160,"Ach_CA":0.7655502392,"T.PC":25,"A.PC":24.3684210526,"Ach_PC":0.9747368421,"T.AC":24.3684210526,"A.AC":24.2631578947,"Ach_AC":0.9956803456,"T.EC":18.2763157895,"A.EC":17.5555555556,"Ach_EC":0.9605631549,"T.ET":17.3625,"A.ET":15.2105263158,"Ach_ET":0.8760562313,"T.AvgSKU":26,"A.AvgSKU":16.84375,"Strata":"-","T.CAProdW":62,"A.CAProdW":43,"Ach_CAProdW":0.6935483871,"T.CAProdR":134,"A.CAProdR":76,"Ach_CAProdR":0.5671641791,"T.CAProdM":4,"A.CAProdM":3,"Ach_CAProdM":0.75,"Ach_CAProdAll":0.61,"T.GPFood":920,"A.GPFood":986,"Ach_GPFood":1.0717391304,"T.GPOthers":300,"A.GPOthers":167,"Ach_GPOthers":0.5566666667,"AR_Coll":0.8535569451,"Gap_GPFood":66,"Gap_GPOthers":0,"T.GS":20,"A.GS":5,"Ach_GS":0.25,"Strata_GS":"1","EC_Ins":0.7022222222,"CR Pasif":-49}
{"Nama Depo":"Depo Tanjung","szEmployeeId":17210037632,"szname":"Robianor","Tipe Salesman":"Sales Representative Mix Yudistira","T.CR":150,"A.CR":202,"Ach_CR":1.3466666667,"A.CA":169,"Ach_CA":0.8366336634,"T.PC":25,"A.PC":24.6842105263,"Ach_PC":0.9873684211,"T.AC":24.6842105263,"A.AC":24.6842105263,"Ach_AC":1.0,"T.EC":18.5131578947,"A.EC":19.1111111111,"Ach_EC":1.0322988233,"T.ET":17.5875,"A.ET":17.1052631579,"Ach_ET":0.9725807055,"T.AvgSKU":26,"A.AvgSKU":17.7692307692,"Strata":"-","T.CAProdW":67,"A.CAProdW":49,"Ach_CAProdW":0.7313432836,"T.CAProdR":122,"A.CAProdR":81,"Ach_CAProdR":0.6639344262,"T.CAProdM":1,"A.CAProdM":1,"Ach_CAProdM":1.0,"Ach_CAProdAll":0.6894736842,"T.GPFood":920,"A.GPFood":1100,"Ach_GPFood":1.1956521739,"T.GPOthers":300,"A.GPOthers":207,"Ach_GPOthers":0.69,"AR_Coll":0.8363838518,"Gap_GPFood":180,"Gap_GPOthers":0,"T.GS":20,"A.GS":33,"Ach_GS":1.65,"Strata_GS":"4","EC_Ins":0.7644444444,"CR Pasif":-33}
{"Nama Depo":"Depo Tanjung","szEmployeeId":17210042412,"szname":"Muhammad Rizky Algifari","Tipe Salesman":"Sales Representative Mix Yudistira","T.CR":150,"A.CR":208,"Ach_CR":1.3866666667,"A.CA":156,"Ach_CA":0.75,"T.PC":25,"A.PC":26.5789473684,"Ach_PC":1.0631578947,"T.AC":26.5789473684,"A.AC":26.5263157895,"Ach_AC":0.998019802,"T.EC":19.9342105263,"A.EC":17.2777777778,"Ach_EC":0.8667400073,"T.ET":18.9375,"A.ET":15.9473684211,"Ach_ET":0.8421052632,"T.AvgSKU":26,"A.AvgSKU":15.8782051282,"Strata":"-","T.CAProdW":58,"A.CAProdW":33,"Ach_CAProdW":0.5689655172,"T.CAProdR":144,"A.CAProdR":78,"Ach_CAProdR":0.5416666667,"T.CAProdM":2,"A.CAProdM":1,"Ach_CAProdM":0.5,"Ach_CAProdAll":0.5490196078,"T.GPFood":920,"A.GPFood":837,"Ach_GPFood":0.9097826087,"T.GPOthers":300,"A.GPOthers":143,"Ach_GPOthers":0.4766666667,"AR_Coll":0.9413901616,"Gap_GPFood":0,"Gap_GPOthers":0,"T.GS":20,"A.GS":0,"Ach_GS":0.0,"Strata_GS":"-","EC_Ins":0.6911111111,"CR Pasif":-52}
{"Nama Depo":"Depo Tanjung","szEmployeeId":17210041467,"szname":"Doli Purnama Sari","Tipe Salesman":"Sales Representative Retailer Arjuna","T.CR":250,"A.CR":347,"Ach_CR":1.388,"A.CA":295,"Ach_CA":0.8501440922,"T.PC":25,"A.PC":29.7777777778,"Ach_PC":1.1911111111,"T.AC":29.7777777778,"A.AC":29.6111111111,"Ach_AC":0.9944029851,"T.EC":22.3333333333,"A.EC":23.7647058824,"Ach_EC":1.0640913082,"T.ET":21.2166666667,"A.ET":21.4444444444,"Ach_ET":1.0107357947,"T.AvgSKU":19,"A.AvgSKU":10.8813559322,"Strata":"-","T.CAProdW":0,"A.CAProdW":0,"Ach_CAProdW":0.0,"T.CAProdR":306,"A.CAProdR":153,"Ach_CAProdR":0.5,"T.CAProdM":11,"A.CAProdM":6,"Ach_CAProdM":0.5454545455,"Ach_CAProdAll":0.5015772871,"T.GPFood":1230,"A.GPFood":1110,"Ach_GPFood":0.9024390244,"T.GPOthers":0,"A.GPOthers":0,"Ach_GPOthers":0.0,"AR_Coll":1.0,"Gap_GPFood":0,"Gap_GPOthers":0,"T.GS":30,"A.GS":74,"Ach_GS":2.4666666667,"Strata_GS":"4","EC_Ins":0.9505882353,"CR Pasif":-52}
{"Nama Depo":"Depo Tanjung","szEmployeeId":17210042423,"szname":"Siti Fatimah Hadijah","Tipe Salesman":"Sales Representative Retailer Bima","T.CR":360,"A.CR":349,"Ach_CR":0.9694444444,"A.CA":222,"Ach_CA":0.6361031519,"T.PC":30,"A.PC":29.8421052632,"Ach_PC":0.9947368421,"T.AC":29.8421052632,"A.AC":29.7368421053,"Ach_AC":0.9964726631,"T.EC":22.3815789474,"A.EC":16.7777777778,"Ach_EC":0.7496244039,"T.ET":21.2625,"A.ET":15.0,"Ach_ET":0.7054673721,"T.AvgSKU":11,"A.AvgSKU":6.4279279279,"Strata":"-","T.CAProdW":0,"A.CAProdW":0,"Ach_CAProdW":0.0,"T.CAProdR":337,"A.CAProdR":93,"Ach_CAProdR":0.2759643917,"T.CAProdM":11,"A.CAProdM":3,"Ach_CAProdM":0.2727272727,"Ach_CAProdAll":0.275862069,"T.GPFood":0,"A.GPFood":240,"Ach_GPFood":0.0,"T.GPOthers":0,"A.GPOthers":193,"Ach_GPOthers":0.0,"AR_Coll":1.0,"Gap_GPFood":0,"Gap_GPOthers":0,"T.GS":30,"A.GS":57,"Ach_GS":1.9,"Strata_GS":"4","EC_Ins":0.5592592593,"CR Pasif":-127}
