{"Nama Depo":"Depo Tanjung","szEmployeeId":17210032876,"szname":"Asman","Tipe Salesman":"Sales Representative Wholesaler Arjuna","T.CR":120,"A.CR":144,"Ach_CR":1.2,"A.CA":132,"Ach_CA":0.9166666667,"T.PC":17,"A.PC":20.0,"Ach_PC":1.1764705882,"T.AC":20.0,"A.AC":18.9130434783,"Ach_AC":0.9456521739,"T.EC":15.0,"A.EC":15.9090909091,"Ach_EC":1.0606060606,"T.ET":14.25,"A.ET":14.9130434783,"Ach_ET":1.0465293669,"T.AvgSKU":26,"A.AvgSKU":23.4090909091,"Strata":"-","T.CAProdW":131,"A.CAProdW":90,"Ach_CAProdW":0.6870229008,"T.CAProdR":0,"A.CAProdR":0,"Ach_CAProdR":0.0,"T.CAProdM":13,"A.CAProdM":12,"Ach_CAProdM":0.9230769231,"Ach_CAProdAll":0.7083333333,"T.GPFood":1200,"A.GPFood":1734,"Ach_GPFood":1.445,"T.GPOthers":0,"A.GPOthers":0,"Ach_GPOthers":0.0,"AR_Coll":0.9213234262,"Gap_GPFood":534,"Gap_GPOthers":0,"T.GS":26,"A.GS":27,"Ach_GS":1.0384615385,"Strata_GS":3,"EC_Ins":0.935828877,"CR Pasif":-12,"Loss Pasif":-37498382.5627340823,"Gap TG":0.1152547687}
{"Nama Depo":"Depo Tanjung","szEmployeeId":17210036369,"szname":"Muhammad Tamrin","Tipe Salesman":"Sales Representative Wholesaler Bima","T.CR":220,"A.CR":155,"Ach_CR":0.7045454545,"A.CA":137,"Ach_CA":0.8838709677,"T.PC":19,"A.PC":21.2173913043,"Ach_PC":1.1167048055,"T.AC":21.2173913043,"A.AC":21.0,"Ach_AC":0.9897540984,"T.EC":15.9130434783,"A.EC":15.6363636364,"Ach_EC":0.9826130154,"T.ET":15.1173913043,"A.ET":13.5217391304,"Ach_ET":0.8944492378,"T.AvgSKU":12,"A.AvgSKU":10.8540145985,"Strata":"-","T.CAProdW":138,"A.CAProdW":80,"Ach_CAProdW":0.5797101449,"T.CAProdR":1,"A.CAProdR":0,"Ach_CAProdR":0.0,"T.CAProdM":13,"A.CAProdM":7,"Ach_CAProdM":0.5384615385,"Ach_CAProdAll":0.5723684211,"T.GPFood":0,"A.GPFood":206,"Ach_GPFood":0.0,"T.GPOthers":0,"A.GPOthers":350,"Ach_GPOthers":0.0,"AR_Coll":0.9466504076,"Gap_GPFood":0,"Gap_GPOthers":0,"T.GS":26,"A.GS":7,"Ach_GS":0.2692307692,"Strata_GS":0,"EC_Ins":0.8229665072,"CR Pasif":-18,"Loss Pasif":-67799552.8545244932,"Gap TG":0.0054838074}
{"Nama Depo":"Depo Tanjung","szEmployeeId":17210037897,"szname":"Hindra","Tipe Salesman":"Sales Representative Mix Yudistira","T.CR":150,"A.CR":201,"Ach_CR":1.34,"A.CA":170,"Ach_CA":0.8457711443,"T.PC":25,"A.PC":24.1739130435,"Ach_PC":0.9669565217,"T.AC":24.1739130435,"A.AC":24.1304347826,"Ach_AC":0.9982014388,"T.EC":18.1304347826,"A.EC":19.3181818182,"Ach_EC":1.0655112274,"T.ET":17.2239130435,"A.ET":16.9130434783,"Ach_ET":0.9819512811,"T.AvgSKU":26,"A.AvgSKU":24.0176470588,"Strata":"-","T.CAProdW":62,"A.CAProdW":52,"Ach_CAProdW":0.8387096774,"T.CAProdR":130,"A.CAProdR":91,"Ach_CAProdR":0.7,"T.CAProdM":4,"A.CAProdM":4,"Ach_CAProdM":1.0,"Ach_CAProdAll":0.75,"T.GPFood":920,"A.GPFood":1676,"Ach_GPFood":1.8217391304,"T.GPOthers":300,"A.GPOthers":276,"Ach_GPOthers":0.92,"AR_Coll":0.8996288981,"Gap_GPFood":756,"Gap_GPOthers":0,"T.GS":23,"A.GS":19,"Ach_GS":0.8260869565,"Strata_GS":2,"EC_Ins":0.7727272727,"CR Pasif":-31,"Loss Pasif":-33188756.6840128079,"Gap TG":0.0250086147}
{"Nama Depo":"Depo Tanjung","szEmployeeId":17210037632,"szname":"Robianor","Tipe Salesman":"Sales Representative Mix Yudistira","T.CR":150,"A.CR":197,"Ach_CR":1.3133333333,"A.CA":172,"Ach_CA":0.8730964467,"T.PC":25,"A.PC":24.6086956522,"Ach_PC":0.9843478261,"T.AC":24.6086956522,"A.AC":24.5652173913,"Ach_AC":0.9982332155,"T.EC":18.4565217391,"A.EC":19.9090909091,"Ach_EC":1.0787022165,"T.ET":17.5336956522,"A.ET":18.1304347826,"Ach_ET":1.0340338479,"T.AvgSKU":26,"A.AvgSKU":25.0755813953,"Strata":"-","T.CAProdW":66,"A.CAProdW":56,"Ach_CAProdW":0.8484848485,"T.CAProdR":120,"A.CAProdR":94,"Ach_CAProdR":0.7833333333,"T.CAProdM":1,"A.CAProdM":1,"Ach_CAProdM":1.0,"Ach_CAProdAll":0.807486631,"T.GPFood":920,"A.GPFood":1787,"Ach_GPFood":1.9423913043,"T.GPOthers":300,"A.GPOthers":316,"Ach_GPOthers":1.0533333333,"AR_Coll":0.9852302718,"Gap_GPFood":867,"Gap_GPOthers":16,"T.GS":23,"A.GS":49,"Ach_GS":2.1304347826,"Strata_GS":4,"EC_Ins":0.7963636364,"CR Pasif":-25,"Loss Pasif":-13201145.3588245306,"Gap TG":0.023990118}
{"Nama Depo":"Depo Tanjung","szEmployeeId":17210042412,"szname":"Muhammad Rizky Algifari","Tipe Salesman":"Sales Representative Mix Yudistira","T.CR":150,"A.CR":204,"Ach_CR":1.36,"A.CA":177,"Ach_CA":0.8676470588,"T.PC":25,"A.PC":25.9130434783,"Ach_PC":1.0365217391,"T.AC":25.9130434783,"A.AC":25.9130434783,"Ach_AC":1.0,"T.EC":19.4347826087,"A.EC":18.5909090909,"Ach_EC":0.956579215,"T.ET":18.4630434783,"A.ET":17.6818181818,"Ach_ET":0.9576870792,"T.AvgSKU":26,"A.AvgSKU":20.5706214689,"Strata":"-","T.CAProdW":58,"A.CAProdW":38,"Ach_CAProdW":0.6551724138,"T.CAProdR":140,"A.CAProdR":107,"Ach_CAProdR":0.7642857143,"T.CAProdM":3,"A.CAProdM":3,"Ach_CAProdM":1.0,"Ach_CAProdAll":0.736318408,"T.GPFood":920,"A.GPFood":1341,"Ach_GPFood":1.4576086957,"T.GPOthers":300,"A.GPOthers":212,"Ach_GPOthers":0.7066666667,"AR_Coll":0.9106977175,"Gap_GPFood":421,"Gap_GPOthers":0,"T.GS":23,"A.GS":28,"Ach_GS":1.2173913043,"Strata_GS":4,"EC_Ins":0.7436363636,"CR Pasif":-27,"Loss Pasif":-48425829.8928577453,"Gap TG":-0.1460922104}
{"Nama Depo":"Depo Tanjung","szEmployeeId":17210041467,"szname":"Doli Purnama Sari","Tipe Salesman":"Sales Representative Retailer Arjuna","T.CR":250,"A.CR":350,"Ach_CR":1.4,"A.CA":316,"Ach_CA":0.9028571429,"T.PC":25,"A.PC":29.8695652174,"Ach_PC":1.1947826087,"T.AC":29.8695652174,"A.AC":29.6956521739,"Ach_AC":0.9941775837,"T.EC":22.402173913,"A.EC":23.0454545455,"Ach_EC":1.0287150986,"T.ET":21.2820652174,"A.ET":20.9130434783,"Ach_ET":0.9826604357,"T.AvgSKU":19,"A.AvgSKU":13.0537974684,"Strata":"-","T.CAProdW":0,"A.CAProdW":0,"Ach_CAProdW":0.0,"T.CAProdR":337,"A.CAProdR":201,"Ach_CAProdR":0.5964391691,"T.CAProdM":10,"A.CAProdM":7,"Ach_CAProdM":0.7,"Ach_CAProdAll":0.5994236311,"T.GPFood":1230,"A.GPFood":2093,"Ach_GPFood":1.7016260163,"T.GPOthers":0,"A.GPOthers":0,"Ach_GPOthers":0.0,"AR_Coll":1.0,"Gap_GPFood":863,"Gap_GPOthers":0,"T.GS":38,"A.GS":145,"Ach_GS":3.8157894737,"Strata_GS":4,"EC_Ins":0.9218181818,"CR Pasif":-34,"Loss Pasif":-11900432.4135916233,"Gap TG":-0.0413387518}
{"Nama Depo":"Depo Tanjung","szEmployeeId":17210042423,"szname":"Siti Fatimah Hadijah","Tipe Salesman":"Sales Representative Retailer Bima","T.CR":360,"A.CR":350,"Ach_CR":0.9722222222,"A.CA":269,"Ach_CA":0.7685714286,"T.PC":30,"A.PC":29.9130434783,"Ach_PC":0.9971014493,"T.AC":29.9130434783,"A.AC":29.8695652174,"Ach_AC":0.9985465116,"T.EC":22.4347826087,"A.EC":20.7272727273,"Ach_EC":0.9238900634,"T.ET":21.3130434783,"A.ET":16.6086956522,"Ach_ET":0.7792737658,"T.AvgSKU":11,"A.AvgSKU":8.6691449814,"Strata":"-","T.CAProdW":0,"A.CAProdW":0,"Ach_CAProdW":0.0,"T.CAProdR":338,"A.CAProdR":153,"Ach_CAProdR":0.4526627219,"T.CAProdM":10,"A.CAProdM":4,"Ach_CAProdM":0.4,"Ach_CAProdAll":0.4511494253,"T.GPFood":0,"A.GPFood":268,"Ach_GPFood":0.0,"T.GPOthers":0,"A.GPOthers":365,"Ach_GPOthers":0.0,"AR_Coll":1.0,"Gap_GPFood":0,"Gap_GPOthers":0,"T.GS":38,"A.GS":36,"Ach_GS":0.9473684211,"Strata_GS":2,"EC_Ins":0.6909090909,"CR Pasif":-81,"Loss Pasif":-7119005.5426821345,"Gap TG":0.1575344977}
