{"Nama Depo":"Depo Tanjung","szEmployeeId":17210032876,"szname":"Asman","Tipe Salesman":"Sales Representative Wholesaler Arjuna","T.CR":120,"A.CR":144,"Ach_CR":1.2,"A.CA":132,"Ach_CA":0.9166666667,"T.PC":17,"A.PC":20.16,"Ach_PC":1.1858823529,"T.AC":20.16,"A.AC":19.16,"Ach_AC":0.9503968254,"T.EC":15.12,"A.EC":15.9166666667,"Ach_EC":1.0526895944,"T.ET":14.364,"A.ET":14.6,"Ach_ET":1.0164299638,"T.AvgSKU":26,"A.AvgSKU":24.1212121212,"Strata":"-","T.CAProdW":131,"A.CAProdW":92,"Ach_CAProdW":0.7022900763,"T.CAProdR":0,"A.CAProdR":0,"Ach_CAProdR":0.0,"T.CAProdM":13,"A.CAProdM":12,"Ach_CAProdM":0.9230769231,"Ach_CAProdAll":0.7222222222,"T.GPFood":1200,"A.GPFood":1761,"Ach_GPFood":1.4675,"T.GPOthers":0,"A.GPOthers":0,"Ach_GPOthers":0.0,"AR_Coll":0.951959658,"Gap_GPFood":561,"Gap_GPOthers":0,"T.GS":26,"A.GS":32,"Ach_GS":1.2307692308,"Strata_GS":4,"EC_Ins":0.9362745098,"CR Pasif":-12,"Loss Pasif":-56464168.0427340567,"Gap TG":0.0713392288}
{"Nama Depo":"Depo Tanjung","szEmployeeId":17210036369,"szname":"Muhammad Tamrin","Tipe Salesman":"Sales Representative Wholesaler Bima","T.CR":220,"A.CR":155,"Ach_CR":0.7045454545,"A.CA":138,"Ach_CA":0.8903225806,"T.PC":19,"A.PC":21.36,"Ach_PC":1.1242105263,"T.AC":21.36,"A.AC":21.16,"Ach_AC":0.9906367041,"T.EC":16.02,"A.EC":15.8333333333,"Ach_EC":0.9883478985,"T.ET":15.219,"A.ET":13.44,"Ach_ET":0.883106643,"T.AvgSKU":12,"A.AvgSKU":11.347826087,"Strata":"-","T.CAProdW":138,"A.CAProdW":82,"Ach_CAProdW":0.5942028986,"T.CAProdR":1,"A.CAProdR":0,"Ach_CAProdR":0.0,"T.CAProdM":13,"A.CAProdM":7,"Ach_CAProdM":0.5384615385,"Ach_CAProdAll":0.5855263158,"T.GPFood":0,"A.GPFood":210,"Ach_GPFood":0.0,"T.GPOthers":0,"A.GPOthers":363,"Ach_GPOthers":0.0,"AR_Coll":0.902456733,"Gap_GPFood":0,"Gap_GPOthers":0,"T.GS":26,"A.GS":8,"Ach_GS":0.3076923077,"Strata_GS":0,"EC_Ins":0.8333333333,"CR Pasif":-17,"Loss Pasif":-65784744.9728354588,"Gap TG":-0.0167885661}
{"Nama Depo":"Depo Tanjung","szEmployeeId":17210037897,"szname":"Hindra","Tipe Salesman":"Sales Representative Mix Yudistira","T.CR":150,"A.CR":201,"Ach_CR":1.34,"A.CA":172,"Ach_CA":0.855721393,"T.PC":25,"A.PC":24.28,"Ach_PC":0.9712,"T.AC":24.28,"A.AC":24.2,"Ach_AC":0.9967051071,"T.EC":18.21,"A.EC":19.125,"Ach_EC":1.050247117,"T.ET":17.2995,"A.ET":16.72,"Ach_ET":0.966501922,"T.AvgSKU":26,"A.AvgSKU":24.9186046512,"Strata":"-","T.CAProdW":62,"A.CAProdW":55,"Ach_CAProdW":0.8870967742,"T.CAProdR":131,"A.CAProdR":93,"Ach_CAProdR":0.7099236641,"T.CAProdM":4,"A.CAProdM":4,"Ach_CAProdM":1.0,"Ach_CAProdAll":0.7715736041,"T.GPFood":920,"A.GPFood":1715,"Ach_GPFood":1.8641304348,"T.GPOthers":300,"A.GPOthers":282,"Ach_GPOthers":0.94,"AR_Coll":0.9438433958,"Gap_GPFood":795,"Gap_GPOthers":0,"T.GS":23,"A.GS":20,"Ach_GS":0.8695652174,"Strata_GS":2,"EC_Ins":0.765,"CR Pasif":-29,"Loss Pasif":-36090887.5911715627,"Gap TG":0.0860386754}
{"Nama Depo":"Depo Tanjung","szEmployeeId":17210037632,"szname":"Robianor","Tipe Salesman":"Sales Representative Mix Yudistira","T.CR":150,"A.CR":197,"Ach_CR":1.3133333333,"A.CA":174,"Ach_CA":0.883248731,"T.PC":25,"A.PC":24.76,"Ach_PC":0.9904,"T.AC":24.76,"A.AC":24.72,"Ach_AC":0.9983844911,"T.EC":18.57,"A.EC":19.8333333333,"Ach_EC":1.0680308742,"T.ET":17.6415,"A.ET":18.28,"Ach_ET":1.0361930675,"T.AvgSKU":26,"A.AvgSKU":26.2068965517,"Strata":"-","T.CAProdW":66,"A.CAProdW":56,"Ach_CAProdW":0.8484848485,"T.CAProdR":121,"A.CAProdR":94,"Ach_CAProdR":0.7768595041,"T.CAProdM":1,"A.CAProdM":1,"Ach_CAProdM":1.0,"Ach_CAProdAll":0.8031914894,"T.GPFood":920,"A.GPFood":1824,"Ach_GPFood":1.9826086957,"T.GPOthers":300,"A.GPOthers":326,"Ach_GPOthers":1.0866666667,"AR_Coll":0.9922810821,"Gap_GPFood":904,"Gap_GPOthers":26,"T.GS":23,"A.GS":48,"Ach_GS":2.0869565217,"Strata_GS":4,"EC_Ins":0.7933333333,"CR Pasif":-23,"Loss Pasif":-11977276.2315001097,"Gap TG":0.1272764472}
{"Nama Depo":"Depo Tanjung","szEmployeeId":17210042412,"szname":"Muhammad Rizky Algifari","Tipe Salesman":"Sales Representative Mix Yudistira","T.CR":150,"A.CR":204,"Ach_CR":1.36,"A.CA":179,"Ach_CA":0.8774509804,"T.PC":25,"A.PC":26.12,"Ach_PC":1.0448,"T.AC":26.12,"A.AC":26.12,"Ach_AC":1.0,"T.EC":19.59,"A.EC":18.625,"Ach_EC":0.9507401736,"T.ET":18.6105,"A.ET":17.7083333333,"Ach_ET":0.9515237814,"T.AvgSKU":26,"A.AvgSKU":21.8715083799,"Strata":"-","T.CAProdW":58,"A.CAProdW":39,"Ach_CAProdW":0.6724137931,"T.CAProdR":140,"A.CAProdR":108,"Ach_CAProdR":0.7714285714,"T.CAProdM":3,"A.CAProdM":3,"Ach_CAProdM":1.0,"Ach_CAProdAll":0.7462686567,"T.GPFood":920,"A.GPFood":1410,"Ach_GPFood":1.5326086957,"T.GPOthers":300,"A.GPOthers":228,"Ach_GPOthers":0.76,"AR_Coll":0.9913730457,"Gap_GPFood":490,"Gap_GPOthers":0,"T.GS":23,"A.GS":30,"Ach_GS":1.3043478261,"Strata_GS":4,"EC_Ins":0.745,"CR Pasif":-25,"Loss Pasif":-15891395.1602185667,"Gap TG":0.032541304}
{"Nama Depo":"Depo Tanjung","szEmployeeId":17210041467,"szname":"Doli Purnama Sari","Tipe Salesman":"Sales Representative Retailer Arjuna","T.CR":250,"A.CR":350,"Ach_CR":1.4,"A.CA":323,"Ach_CA":0.9228571429,"T.PC":25,"A.PC":29.88,"Ach_PC":1.1952,"T.AC":29.88,"A.AC":29.72,"Ach_AC":0.9946452477,"T.EC":22.41,"A.EC":22.9166666667,"Ach_EC":1.0226089543,"T.ET":21.2895,"A.ET":21.04,"Ach_ET":0.9882806078,"T.AvgSKU":19,"A.AvgSKU":13.7399380805,"Strata":"-","T.CAProdW":0,"A.CAProdW":0,"Ach_CAProdW":0.0,"T.CAProdR":337,"A.CAProdR":219,"Ach_CAProdR":0.649851632,"T.CAProdM":10,"A.CAProdM":7,"Ach_CAProdM":0.7,"Ach_CAProdAll":0.65129683,"T.GPFood":1230,"A.GPFood":2180,"Ach_GPFood":1.7723577236,"T.GPOthers":0,"A.GPOthers":0,"Ach_GPOthers":0.0,"AR_Coll":1.0,"Gap_GPFood":950,"Gap_GPOthers":0,"T.GS":38,"A.GS":156,"Ach_GS":4.1052631579,"Strata_GS":4,"EC_Ins":0.9166666667,"CR Pasif":-27,"Loss Pasif":-9240096.8265127428,"Gap TG":-0.0110009497}
{"Nama Depo":"Depo Tanjung","szEmployeeId":17210042423,"szname":"Siti Fatimah Hadijah","Tipe Salesman":"Sales Representative Retailer Bima","T.CR":360,"A.CR":350,"Ach_CR":0.9722222222,"A.CA":277,"Ach_CA":0.7914285714,"T.PC":30,"A.PC":29.92,"Ach_PC":0.9973333333,"T.AC":29.92,"A.AC":29.84,"Ach_AC":0.9973262032,"T.EC":22.44,"A.EC":21.5416666667,"Ach_EC":0.9599673203,"T.ET":21.318,"A.ET":16.8,"Ach_ET":0.7880664227,"T.AvgSKU":11,"A.AvgSKU":9.0938628159,"Strata":"-","T.CAProdW":0,"A.CAProdW":0,"Ach_CAProdW":0.0,"T.CAProdR":338,"A.CAProdR":169,"Ach_CAProdR":0.5,"T.CAProdM":10,"A.CAProdM":4,"Ach_CAProdM":0.4,"Ach_CAProdAll":0.4971264368,"T.GPFood":0,"A.GPFood":282,"Ach_GPFood":0.0,"T.GPOthers":0,"A.GPOthers":379,"Ach_GPOthers":0.0,"AR_Coll":1.0,"Gap_GPFood":0,"Gap_GPOthers":0,"T.GS":38,"A.GS":38,"Ach_GS":1.0,"Strata_GS":3,"EC_Ins":0.7180555556,"CR Pasif":-73,"Loss Pasif":-5514827.9754814915,"Gap TG":0.1617601011}
