{"Nama Depo":"Depo Tanjung","szEmployeeId":17210032876,"szname":"Asman","Tipe Salesman":"Sales Representative Wholesaler Arjuna","T.CR":120,"A.CR":128,"Ach_CR":1.0666666667,"A.CA":90,"Ach_CA":0.703125,"T.PC":20,"A.PC":21.3333333333,"Ach_PC":1.0666666667,"T.AC":17,"A.AC":20.8333333333,"Ach_AC":1.2254901961,"T.EC":16.0,"A.EC":18.0,"Ach_EC":1.125,"T.ET":14.4,"A.ET":15.8333333333,"Ach_ET":1.099537037,"T.AvgSKU":26,"A.AvgSKU":10.8888888889,"Strata":"-","T.CAProdW":114,"A.CAProdW":28,"Ach_CAProdW":0.2456140351,"T.CAProdR":3,"A.CAProdR":1,"Ach_CAProdR":0.3333333333,"T.CAProdM":11,"A.CAProdM":6,"Ach_CAProdM":0.5454545455,"Ach_CAProdAll":0.2734375,"T.GPFood":1200,"A.GPFood":279,"Ach_GPFood":0.2325,"T.GPOthers":0,"A.GPOthers":0,"Ach_GPOthers":0.0,"AR_Coll":0.2736552465,"Gap_GPFood":0,"Gap_GPOthers":0}
{"Nama Depo":"Depo Tanjung","szEmployeeId":17210037897,"szname":"Hindra","Tipe Salesman":"Sales Representative Mix Yudistira","T.CR":150,"A.CR":164,"Ach_CR":1.0933333333,"A.CA":104,"Ach_CA":0.6341463415,"T.PC":25,"A.PC":27.3333333333,"Ach_PC":1.0933333333,"T.AC":24,"A.AC":27.1666666667,"Ach_AC":1.1319444444,"T.EC":20.5,"A.EC":19.3333333333,"Ach_EC":0.9430894309,"T.ET":18.45,"A.ET":20.8,"Ach_ET":1.1273712737,"T.AvgSKU":26,"A.AvgSKU":10.5865384615,"Strata":"-","T.CAProdW":50,"A.CAProdW":15,"Ach_CAProdW":0.3,"T.CAProdR":108,"A.CAProdR":39,"Ach_CAProdR":0.3611111111,"T.CAProdM":2,"A.CAProdM":1,"Ach_CAProdM":0.5,"Ach_CAProdAll":0.34375,"T.GPFood":920,"A.GPFood":262,"Ach_GPFood":0.2847826087,"T.GPOthers":300,"A.GPOthers":59,"Ach_GPOthers":0.1966666667,"AR_Coll":0.4304619807,"Gap_GPFood":0,"Gap_GPOthers":0}
{"Nama Depo":"Depo Tanjung","szEmployeeId":17210036369,"szname":"Muhammad Tamrin","Tipe Salesman":"Sales Representative Wholesaler Bima","T.CR":220,"A.CR":130,"Ach_CR":0.5909090909,"A.CA":79,"Ach_CA":0.6076923077,"T.PC":20,"A.PC":21.6666666667,"Ach_PC":1.0833333333,"T.AC":19,"A.AC":21.1666666667,"Ach_AC":1.1140350877,"T.EC":16.25,"A.EC":16.8333333333,"Ach_EC":1.0358974359,"T.ET":14.625,"A.ET":13.6666666667,"Ach_ET":0.9344729345,"T.AvgSKU":12,"A.AvgSKU":5.0379746835,"Strata":"-","T.CAProdW":113,"A.CAProdW":23,"Ach_CAProdW":0.203539823,"T.CAProdR":3,"A.CAProdR":2,"Ach_CAProdR":0.6666666667,"T.CAProdM":11,"A.CAProdM":5,"Ach_CAProdM":0.4545454545,"Ach_CAProdAll":0.2362204724,"T.GPFood":0,"A.GPFood":77,"Ach_GPFood":0.0,"T.GPOthers":0,"A.GPOthers":59,"Ach_GPOthers":0.0,"AR_Coll":0.2709135109,"Gap_GPFood":0,"Gap_GPOthers":0}
{"Nama Depo":"Depo Tanjung","szEmployeeId":17210037632,"szname":"Robianor","Tipe Salesman":"Sales Representative Mix Yudistira","T.CR":150,"A.CR":159,"Ach_CR":1.06,"A.CA":91,"Ach_CA":0.572327044,"T.PC":25,"A.PC":26.5,"Ach_PC":1.06,"T.AC":24,"A.AC":26.5,"Ach_AC":1.1041666667,"T.EC":19.875,"A.EC":19.1666666667,"Ach_EC":0.964360587,"T.ET":17.8875,"A.ET":18.2,"Ach_ET":1.0174703005,"T.AvgSKU":26,"A.AvgSKU":10.6043956044,"Strata":"-","T.CAProdW":62,"A.CAProdW":15,"Ach_CAProdW":0.2419354839,"T.CAProdR":93,"A.CAProdR":35,"Ach_CAProdR":0.376344086,"T.CAProdM":1,"A.CAProdM":0,"Ach_CAProdM":0.0,"Ach_CAProdAll":0.3205128205,"T.GPFood":920,"A.GPFood":280,"Ach_GPFood":0.3043478261,"T.GPOthers":300,"A.GPOthers":31,"Ach_GPOthers":0.1033333333,"AR_Coll":0.4278462686,"Gap_GPFood":0,"Gap_GPOthers":0}
{"Nama Depo":"Depo Tanjung","szEmployeeId":17210041467,"szname":"Doli Purnama Sari","Tipe Salesman":"Sales Representative Retailer Yudistira","T.CR":360,"A.CR":178,"Ach_CR":0.4944444444,"A.CA":121,"Ach_CA":0.6797752809,"T.PC":30,"A.PC":29.6666666667,"Ach_PC":0.9888888889,"T.AC":29,"A.AC":29.5,"Ach_AC":1.0172413793,"T.EC":22.25,"A.EC":22.6666666667,"Ach_EC":1.0187265918,"T.ET":20.025,"A.ET":20.3333333333,"Ach_ET":1.0153974199,"T.AvgSKU":21,"A.AvgSKU":12.0991735537,"Strata":"1","T.CAProdW":0,"A.CAProdW":0,"Ach_CAProdW":"0x7","T.CAProdR":171,"A.CAProdR":70,"Ach_CAProdR":0.4093567251,"T.CAProdM":6,"A.CAProdM":5,"Ach_CAProdM":0.8333333333,"Ach_CAProdAll":0.4237288136,"T.GPFood":600,"A.GPFood":381,"Ach_GPFood":0.635,"T.GPOthers":200,"A.GPOthers":36,"Ach_GPOthers":0.18,"AR_Coll":0.7057469467,"Gap_GPFood":0,"Gap_GPOthers":0}
{"Nama Depo":"Depo Tanjung","szEmployeeId":17210041960,"szname":"Bahrudin Rahman","Tipe Salesman":"Sales Representative Mix Yudistira","T.CR":150,"A.CR":155,"Ach_CR":1.0333333333,"A.CA":79,"Ach_CA":0.5096774194,"T.PC":25,"A.PC":25.8333333333,"Ach_PC":1.0333333333,"T.AC":24,"A.AC":25.6666666667,"Ach_AC":1.0694444444,"T.EC":19.375,"A.EC":18.0,"Ach_EC":0.9290322581,"T.ET":17.4375,"A.ET":13.3333333333,"Ach_ET":0.7646356033,"T.AvgSKU":26,"A.AvgSKU":12.4430379747,"Strata":"-","T.CAProdW":53,"A.CAProdW":14,"Ach_CAProdW":0.2641509434,"T.CAProdR":99,"A.CAProdR":32,"Ach_CAProdR":0.3232323232,"T.CAProdM":2,"A.CAProdM":3,"Ach_CAProdM":1.5,"Ach_CAProdAll":0.3181818182,"T.GPFood":920,"A.GPFood":297,"Ach_GPFood":0.322826087,"T.GPOthers":300,"A.GPOthers":36,"Ach_GPOthers":0.12,"AR_Coll":0.3582303421,"Gap_GPFood":0,"Gap_GPOthers":0}
