{"Nama Depo":"Depo Tanjung","szEmployeeId":17210032876,"szname":"Asman","Tipe Salesman":"Sales Representative Wholesaler Arjuna","T.CR":120,"A.CR":144,"Ach_CR":1.2,"A.CA":106,"Ach_CA":0.7361111111,"T.PC":17,"A.PC":76.4444444444,"Ach_PC":4.4967320261,"T.AC":76.4444444444,"A.AC":74.8888888889,"Ach_AC":0.9796511628,"T.EC":57.3333333333,"A.EC":17.375,"Ach_EC":0.3030523256,"T.ET":54.4666666667,"A.ET":15.0,"Ach_ET":0.2753977968,"T.AvgSKU":26,"A.AvgSKU":14.5754716981,"Strata":"-","T.CAProdW":117,"A.CAProdW":47,"Ach_CAProdW":0.4017094017,"T.CAProdR":0,"A.CAProdR":0,"Ach_CAProdR":0.0,"T.CAProdM":12,"A.CAProdM":10,"Ach_CAProdM":0.8333333333,"Ach_CAProdAll":0.4418604651,"T.GPFood":1200,"A.GPFood":747,"Ach_GPFood":0.6225,"T.GPOthers":0,"A.GPOthers":0,"Ach_GPOthers":0.0,"AR_Coll":0.6975076914,"Gap_GPFood":0,"Gap_GPOthers":0,"T.GS":26,"A.GS":2,"Ach_GS":0.0769230769,"Strata_GS":0,"EC_Ins":1.0220588235,"CR Pasif":-38,"Loss Pasif":-226634420.2634408772,"Gap TG":0.0170869311}
{"Nama Depo":"Depo Tanjung","szEmployeeId":17210036369,"szname":"Muhammad Tamrin","Tipe Salesman":"Sales Representative Wholesaler Bima","T.CR":220,"A.CR":155,"Ach_CR":0.7045454545,"A.CA":98,"Ach_CA":0.6322580645,"T.PC":19,"A.PC":80.6666666667,"Ach_PC":4.2456140351,"T.AC":80.6666666667,"A.AC":79.3333333333,"Ach_AC":0.9834710744,"T.EC":60.5,"A.EC":17.125,"Ach_EC":0.2830578512,"T.ET":57.475,"A.ET":13.3333333333,"Ach_ET":0.231984921,"T.AvgSKU":12,"A.AvgSKU":7.612244898,"Strata":"-","T.CAProdW":122,"A.CAProdW":36,"Ach_CAProdW":0.2950819672,"T.CAProdR":1,"A.CAProdR":0,"Ach_CAProdR":0.0,"T.CAProdM":12,"A.CAProdM":3,"Ach_CAProdM":0.25,"Ach_CAProdAll":0.2888888889,"T.GPFood":0,"A.GPFood":96,"Ach_GPFood":0.0,"T.GPOthers":0,"A.GPOthers":133,"Ach_GPOthers":0.0,"AR_Coll":0.8293230282,"Gap_GPFood":0,"Gap_GPOthers":0,"T.GS":26,"A.GS":4,"Ach_GS":0.1538461538,"Strata_GS":0,"EC_Ins":0.9013157895,"CR Pasif":-57,"Loss Pasif":-207479322.7719755769,"Gap TG":-0.0342130042}
{"Nama Depo":"Depo Tanjung","szEmployeeId":17210037897,"szname":"Hindra","Tipe Salesman":"Sales Representative Mix Yudistira","T.CR":150,"A.CR":201,"Ach_CR":1.34,"A.CA":116,"Ach_CA":0.5771144279,"T.PC":25,"A.PC":94.0,"Ach_PC":3.76,"T.AC":94.0,"A.AC":94.0,"Ach_AC":1.0,"T.EC":70.5,"A.EC":21.75,"Ach_EC":0.3085106383,"T.ET":66.975,"A.ET":14.4444444444,"Ach_ET":0.2156691966,"T.AvgSKU":26,"A.AvgSKU":16.8362068966,"Strata":"-","T.CAProdW":54,"A.CAProdW":34,"Ach_CAProdW":0.6296296296,"T.CAProdR":112,"A.CAProdR":47,"Ach_CAProdR":0.4196428571,"T.CAProdM":3,"A.CAProdM":2,"Ach_CAProdM":0.6666666667,"Ach_CAProdAll":0.4911242604,"T.GPFood":920,"A.GPFood":743,"Ach_GPFood":0.8076086957,"T.GPOthers":300,"A.GPOthers":88,"Ach_GPOthers":0.2933333333,"AR_Coll":0.9192907904,"Gap_GPFood":0,"Gap_GPOthers":0,"T.GS":23,"A.GS":1,"Ach_GS":0.0434782609,"Strata_GS":0,"EC_Ins":0.87,"CR Pasif":-85,"Loss Pasif":-150169543.0879738033,"Gap TG":0.0581578706}
{"Nama Depo":"Depo Tanjung","szEmployeeId":17210037632,"szname":"Robianor","Tipe Salesman":"Sales Representative Mix Yudistira","T.CR":150,"A.CR":197,"Ach_CR":1.3133333333,"A.CA":115,"Ach_CA":0.5837563452,"T.PC":25,"A.PC":93.3333333333,"Ach_PC":3.7333333333,"T.AC":93.3333333333,"A.AC":93.3333333333,"Ach_AC":1.0,"T.EC":70.0,"A.EC":20.25,"Ach_EC":0.2892857143,"T.ET":66.5,"A.ET":15.3333333333,"Ach_ET":0.2305764411,"T.AvgSKU":26,"A.AvgSKU":16.2695652174,"Strata":"-","T.CAProdW":60,"A.CAProdW":35,"Ach_CAProdW":0.5833333333,"T.CAProdR":99,"A.CAProdR":50,"Ach_CAProdR":0.5050505051,"T.CAProdM":1,"A.CAProdM":0,"Ach_CAProdM":0.0,"Ach_CAProdAll":0.53125,"T.GPFood":920,"A.GPFood":702,"Ach_GPFood":0.7630434783,"T.GPOthers":300,"A.GPOthers":121,"Ach_GPOthers":0.4033333333,"AR_Coll":0.8331104743,"Gap_GPFood":0,"Gap_GPOthers":0,"T.GS":23,"A.GS":6,"Ach_GS":0.2608695652,"Strata_GS":0,"EC_Ins":0.81,"CR Pasif":-82,"Loss Pasif":-170124522.7175840139,"Gap TG":0.0013057502}
{"Nama Depo":"Depo Tanjung","szEmployeeId":17210042412,"szname":"Muhammad Rizky Algifari","Tipe Salesman":"Sales Representative Mix Yudistira","T.CR":150,"A.CR":204,"Ach_CR":1.36,"A.CA":108,"Ach_CA":0.5294117647,"T.PC":25,"A.PC":98.8888888889,"Ach_PC":3.9555555556,"T.AC":98.8888888889,"A.AC":98.8888888889,"Ach_AC":1.0,"T.EC":74.1666666667,"A.EC":19.5,"Ach_EC":0.2629213483,"T.ET":70.4583333333,"A.ET":15.5,"Ach_ET":0.2199881727,"T.AvgSKU":26,"A.AvgSKU":13.8888888889,"Strata":"-","T.CAProdW":54,"A.CAProdW":22,"Ach_CAProdW":0.4074074074,"T.CAProdR":118,"A.CAProdR":52,"Ach_CAProdR":0.4406779661,"T.CAProdM":2,"A.CAProdM":0,"Ach_CAProdM":0.0,"Ach_CAProdAll":0.4252873563,"T.GPFood":920,"A.GPFood":479,"Ach_GPFood":0.5206521739,"T.GPOthers":300,"A.GPOthers":75,"Ach_GPOthers":0.25,"AR_Coll":0.7778433012,"Gap_GPFood":0,"Gap_GPOthers":0,"T.GS":23,"A.GS":0,"Ach_GS":0.0,"Strata_GS":0,"EC_Ins":0.78,"CR Pasif":-96,"Loss Pasif":-189273524.598063767,"Gap TG":-0.0548431608}
{"Nama Depo":"Depo Tanjung","szEmployeeId":17210041467,"szname":"Doli Purnama Sari","Tipe Salesman":"Sales Representative Retailer Arjuna","T.CR":250,"A.CR":350,"Ach_CR":1.4,"A.CA":152,"Ach_CA":0.4342857143,"T.PC":25,"A.PC":114.2222222222,"Ach_PC":4.5688888889,"T.AC":114.2222222222,"A.AC":113.5555555556,"Ach_AC":0.9941634241,"T.EC":85.6666666667,"A.EC":22.25,"Ach_EC":0.2597276265,"T.ET":81.3833333333,"A.ET":17.6666666667,"Ach_ET":0.2170796641,"T.AvgSKU":19,"A.AvgSKU":9.9539473684,"Strata":"-","T.CAProdW":0,"A.CAProdW":0,"Ach_CAProdW":0.0,"T.CAProdR":258,"A.CAProdR":74,"Ach_CAProdR":0.2868217054,"T.CAProdM":8,"A.CAProdM":5,"Ach_CAProdM":0.625,"Ach_CAProdAll":0.2969924812,"T.GPFood":1230,"A.GPFood":637,"Ach_GPFood":0.5178861789,"T.GPOthers":0,"A.GPOthers":0,"Ach_GPOthers":0.0,"AR_Coll":1.0,"Gap_GPFood":0,"Gap_GPOthers":0,"T.GS":38,"A.GS":13,"Ach_GS":0.3421052632,"Strata_GS":0,"EC_Ins":0.89,"CR Pasif":-198,"Loss Pasif":-77620836.192977041,"Gap TG":-0.0114332347}
{"Nama Depo":"Depo Tanjung","szEmployeeId":17210042423,"szname":"Siti Fatimah Hadijah","Tipe Salesman":"Sales Representative Retailer Bima","T.CR":360,"A.CR":350,"Ach_CR":0.9722222222,"A.CA":117,"Ach_CA":0.3342857143,"T.PC":30,"A.PC":114.6666666667,"Ach_PC":3.8222222222,"T.AC":114.6666666667,"A.AC":114.6666666667,"Ach_AC":1.0,"T.EC":86.0,"A.EC":20.5,"Ach_EC":0.238372093,"T.ET":81.7,"A.ET":13.2222222222,"Ach_ET":0.1618387053,"T.AvgSKU":11,"A.AvgSKU":6.4700854701,"Strata":"-","T.CAProdW":0,"A.CAProdW":0,"Ach_CAProdW":0.0,"T.CAProdR":259,"A.CAProdR":41,"Ach_CAProdR":0.1583011583,"T.CAProdM":8,"A.CAProdM":2,"Ach_CAProdM":0.25,"Ach_CAProdAll":0.1610486891,"T.GPFood":0,"A.GPFood":101,"Ach_GPFood":0.0,"T.GPOthers":0,"A.GPOthers":116,"Ach_GPOthers":0.0,"AR_Coll":1.0,"Gap_GPFood":0,"Gap_GPOthers":0,"T.GS":38,"A.GS":11,"Ach_GS":0.2894736842,"Strata_GS":0,"EC_Ins":0.6833333333,"CR Pasif":-233,"Loss Pasif":-50275473.7434792221,"Gap TG":0.001652124}
