{"Nama Depo":"Depo Tanjung","szEmployeeId":17210032876,"szname":"Asman","Tipe Salesman":"Sales Representative Wholesaler Arjuna","T.CR":120,"A.CR":141,"Ach_CR":1.175,"A.CA":77,"Ach_CA":0.5460992908,"T.PC":17.0,"A.PC":19.5714285714,"Ach_PC":1.1512605042,"T.AC":19.5714285714,"A.AC":16.5714285714,"Ach_AC":0.8467153285,"T.EC":14.6785714286,"A.EC":14.7142857143,"Ach_EC":1.00243309,"T.ET":13.9446428571,"A.ET":14.2857142857,"Ach_ET":1.0244589576,"T.AvgSKU":26,"A.AvgSKU":12.3896103896,"Strata":"-","T.CAProdW":108,"A.CAProdW":32,"Ach_CAProdW":0.2962962963,"T.CAProdR":3,"A.CAProdR":0,"Ach_CAProdR":0.0,"T.CAProdM":11,"A.CAProdM":8,"Ach_CAProdM":0.7272727273,"Ach_CAProdAll":0.3278688525,"T.GPFood":1200,"A.GPFood":535,"Ach_GPFood":0.4458333333,"T.GPOthers":0,"A.GPOthers":0,"Ach_GPOthers":0.0,"AR_Coll":0.7206648249,"Gap_GPFood":0,"Gap_GPOthers":0,"T.GS":26,"A.GS":1,"Ach_GS":0.0384615385,"Strata_GS":0,"EC_Ins":0.8655462185,"CR Pasif":-64,"Loss Pasif":-262190037.3326275349,"Gap TG":-0.036166404}
{"Nama Depo":"Depo Tanjung","szEmployeeId":17210036369,"szname":"Muhammad Tamrin","Tipe Salesman":"Sales Representative Wholesaler Bima","T.CR":220,"A.CR":150,"Ach_CR":0.6818181818,"A.CA":77,"Ach_CA":0.5133333333,"T.PC":19.0,"A.PC":20.7142857143,"Ach_PC":1.0902255639,"T.AC":20.7142857143,"A.AC":17.5714285714,"Ach_AC":0.8482758621,"T.EC":15.5357142857,"A.EC":15.2857142857,"Ach_EC":0.983908046,"T.ET":14.7589285714,"A.ET":13.2857142857,"Ach_ET":0.9001814882,"T.AvgSKU":12,"A.AvgSKU":5.2597402597,"Strata":"-","T.CAProdW":112,"A.CAProdW":26,"Ach_CAProdW":0.2321428571,"T.CAProdR":3,"A.CAProdR":1,"Ach_CAProdR":0.3333333333,"T.CAProdM":11,"A.CAProdM":4,"Ach_CAProdM":0.3636363636,"Ach_CAProdAll":0.246031746,"T.GPFood":0,"A.GPFood":82,"Ach_GPFood":0.0,"T.GPOthers":0,"A.GPOthers":111,"Ach_GPOthers":0.0,"AR_Coll":0.6892665538,"Gap_GPFood":0,"Gap_GPOthers":0,"T.GS":26,"A.GS":1,"Ach_GS":0.0384615385,"Strata_GS":0,"EC_Ins":0.8045112782,"CR Pasif":-73,"Loss Pasif":-175757824.7079391479,"Gap TG":-0.0380036902}
{"Nama Depo":"Depo Tanjung","szEmployeeId":17210037897,"szname":"Hindra","Tipe Salesman":"Sales Representative Mix Yudistira","T.CR":150,"A.CR":195,"Ach_CR":1.3,"A.CA":92,"Ach_CA":0.4717948718,"T.PC":25.0,"A.PC":23.7142857143,"Ach_PC":0.9485714286,"T.AC":23.7142857143,"A.AC":20.2857142857,"Ach_AC":0.8554216867,"T.EC":17.7857142857,"A.EC":17.7142857143,"Ach_EC":0.9959839357,"T.ET":16.8964285714,"A.ET":15.4285714286,"Ach_ET":0.913126189,"T.AvgSKU":26,"A.AvgSKU":14.9891304348,"Strata":"-","T.CAProdW":52,"A.CAProdW":24,"Ach_CAProdW":0.4615384615,"T.CAProdR":94,"A.CAProdR":39,"Ach_CAProdR":0.414893617,"T.CAProdM":2,"A.CAProdM":2,"Ach_CAProdM":1.0,"Ach_CAProdAll":0.4391891892,"T.GPFood":920,"A.GPFood":573,"Ach_GPFood":0.622826087,"T.GPOthers":300,"A.GPOthers":120,"Ach_GPOthers":0.4,"AR_Coll":0.8482045848,"Gap_GPFood":0,"Gap_GPOthers":0,"T.GS":23,"A.GS":2,"Ach_GS":0.0869565217,"Strata_GS":0,"EC_Ins":0.7085714286,"CR Pasif":-103,"Loss Pasif":-310970869.9658380151,"Gap TG":-0.0568980183}
{"Nama Depo":"Depo Tanjung","szEmployeeId":17210037632,"szname":"Robianor","Tipe Salesman":"Sales Representative Mix Yudistira","T.CR":150,"A.CR":195,"Ach_CR":1.3,"A.CA":115,"Ach_CA":0.5897435897,"T.PC":25.0,"A.PC":24.7142857143,"Ach_PC":0.9885714286,"T.AC":24.7142857143,"A.AC":21.4285714286,"Ach_AC":0.8670520231,"T.EC":18.5357142857,"A.EC":20.5714285714,"Ach_EC":1.1098265896,"T.ET":17.6089285714,"A.ET":19.7142857143,"Ach_ET":1.1195619106,"T.AvgSKU":26,"A.AvgSKU":12.5826086957,"Strata":"-","T.CAProdW":60,"A.CAProdW":24,"Ach_CAProdW":0.4,"T.CAProdR":92,"A.CAProdR":48,"Ach_CAProdR":0.5217391304,"T.CAProdM":1,"A.CAProdM":0,"Ach_CAProdM":0.0,"Ach_CAProdAll":0.4705882353,"T.GPFood":920,"A.GPFood":666,"Ach_GPFood":0.7239130435,"T.GPOthers":300,"A.GPOthers":108,"Ach_GPOthers":0.36,"AR_Coll":0.7257073934,"Gap_GPFood":0,"Gap_GPOthers":0,"T.GS":23,"A.GS":8,"Ach_GS":0.347826087,"Strata_GS":0,"EC_Ins":0.8228571429,"CR Pasif":-80,"Loss Pasif":-221216516.582929641,"Gap TG":-0.0773107544}
{"Nama Depo":"Depo Tanjung","szEmployeeId":17210042412,"szname":"Muhammad Rizky Algifari","Tipe Salesman":"Sales Representative Mix Yudistira","T.CR":150,"A.CR":201,"Ach_CR":1.34,"A.CA":120,"Ach_CA":0.5970149254,"T.PC":25.0,"A.PC":25.1428571429,"Ach_PC":1.0057142857,"T.AC":25.1428571429,"A.AC":25.0,"Ach_AC":0.9943181818,"T.EC":18.8571428571,"A.EC":19.2857142857,"Ach_EC":1.0227272727,"T.ET":17.9142857143,"A.ET":20.8571428571,"Ach_ET":1.1642743222,"T.AvgSKU":26,"A.AvgSKU":12.2333333333,"Strata":"-","T.CAProdW":49,"A.CAProdW":17,"Ach_CAProdW":0.3469387755,"T.CAProdR":106,"A.CAProdR":62,"Ach_CAProdR":0.5849056604,"T.CAProdM":2,"A.CAProdM":0,"Ach_CAProdM":0.0,"Ach_CAProdAll":0.5031847134,"T.GPFood":920,"A.GPFood":566,"Ach_GPFood":0.6152173913,"T.GPOthers":300,"A.GPOthers":109,"Ach_GPOthers":0.3633333333,"AR_Coll":0.8344980168,"Gap_GPFood":0,"Gap_GPOthers":0,"T.GS":23,"A.GS":2,"Ach_GS":0.0869565217,"Strata_GS":0,"EC_Ins":0.7714285714,"CR Pasif":-81,"Loss Pasif":-170038715.6674450934,"Gap TG":-0.0679720433}
{"Nama Depo":"Depo Tanjung","szEmployeeId":17210041467,"szname":"Doli Purnama Sari","Tipe Salesman":"Sales Representative Retailer Arjuna","T.CR":250,"A.CR":349,"Ach_CR":1.396,"A.CA":136,"Ach_CA":0.3896848138,"T.PC":25.0,"A.PC":29.8571428571,"Ach_PC":1.1942857143,"T.AC":29.8571428571,"A.AC":25.5714285714,"Ach_AC":0.8564593301,"T.EC":22.3928571429,"A.EC":22.2857142857,"Ach_EC":0.995215311,"T.ET":21.2732142857,"A.ET":19.5714285714,"Ach_ET":0.9200033577,"T.AvgSKU":19,"A.AvgSKU":9.7867647059,"Strata":"-","T.CAProdW":0,"A.CAProdW":0,"Ach_CAProdW":0.0,"T.CAProdR":201,"A.CAProdR":69,"Ach_CAProdR":0.3432835821,"T.CAProdM":6,"A.CAProdM":3,"Ach_CAProdM":0.5,"Ach_CAProdAll":0.347826087,"T.GPFood":1230,"A.GPFood":680,"Ach_GPFood":0.5528455285,"T.GPOthers":0,"A.GPOthers":0,"Ach_GPOthers":0.0,"AR_Coll":1.0,"Gap_GPFood":0,"Gap_GPOthers":0,"T.GS":38,"A.GS":6,"Ach_GS":0.1578947368,"Strata_GS":0,"EC_Ins":0.8914285714,"CR Pasif":-213,"Loss Pasif":-78319442.632041201,"Gap TG":-0.0356277367}
{"Nama Depo":"Depo Tanjung","szEmployeeId":17210042423,"szname":"Siti Fatimah Hadijah","Tipe Salesman":"Sales Representative Retailer Bima","T.CR":360,"A.CR":356,"Ach_CR":0.9888888889,"A.CA":115,"Ach_CA":0.3230337079,"T.PC":30.0,"A.PC":30.4285714286,"Ach_PC":1.0142857143,"T.AC":30.4285714286,"A.AC":30.2857142857,"Ach_AC":0.9953051643,"T.EC":22.8214285714,"A.EC":21.1428571429,"Ach_EC":0.9264475743,"T.ET":21.6803571429,"A.ET":16.5714285714,"Ach_ET":0.764352195,"T.AvgSKU":11,"A.AvgSKU":6.0260869565,"Strata":"-","T.CAProdW":0,"A.CAProdW":0,"Ach_CAProdW":0.0,"T.CAProdR":203,"A.CAProdR":44,"Ach_CAProdR":0.2167487685,"T.CAProdM":6,"A.CAProdM":1,"Ach_CAProdM":0.1666666667,"Ach_CAProdAll":0.2153110048,"T.GPFood":0,"A.GPFood":98,"Ach_GPFood":0.0,"T.GPOthers":0,"A.GPOthers":117,"Ach_GPOthers":0.0,"AR_Coll":1.0,"Gap_GPFood":0,"Gap_GPOthers":0,"T.GS":38,"A.GS":10,"Ach_GS":0.2631578947,"Strata_GS":0,"EC_Ins":0.7047619048,"CR Pasif":-241,"Loss Pasif":-42789526.2083826512,"Gap TG":0.0447720463}
{"Nama Depo":"Depo Tanjung","szEmployeeId":17210036576,"szname":"Muhammad Yasir","Tipe Salesman":"Sales Representative Retailer Bima","T.CR":1400,"A.CR":1587,"Ach_CR":1.1335714286,"A.CA":732,"Ach_CA":0.4612476371,"T.PC":23.7142857143,"A.PC":24.8775510204,"Ach_PC":1.0490533563,"T.AC":24.8775510204,"A.AC":22.387755102,"Ach_AC":0.8999179655,"T.EC":18.6581632653,"A.EC":18.7142857143,"Ach_EC":1.00300793,"T.ET":17.725255102,"A.ET":17.1020408163,"Ach_ET":0.9648403207,"T.AvgSKU":11,"A.AvgSKU":10.4667535394,"Strata":"-","T.CAProdW":381,"A.CAProdW":123,"Ach_CAProdW":0.3228346457,"T.CAProdR":702,"A.CAProdR":263,"Ach_CAProdR":0.3746438746,"T.CAProdM":39,"A.CAProdM":18,"Ach_CAProdM":0.4615384615,"Ach_CAProdAll":0.3600713012,"T.GPFood":5190,"A.GPFood":3200,"Ach_GPFood":0.6165703276,"T.GPOthers":900,"A.GPOthers":565,"Ach_GPOthers":0.6277777778,"AR_Coll":0.0,"Gap_GPFood":0,"Gap_GPOthers":0,"T.GS":197,"A.GS":30,"Ach_GS":0.152284264,"Strata_GS":0,"EC_Ins":0.7891566265,"CR Pasif":-855,"Loss Pasif":-1261282933.0972032547,