{"Nama Depo":"Depo Tanjung","szEmployeeId":17210032876,"szname":"Asman","Tipe Salesman":"Sales Representative Mix Yudistira","T.CR":150,"A.CR":149,"Ach_CR":0.9933333333,"A.CA":141,"Ach_CA":0.9463087248,"T.PC":25,"A.PC":24.3461538462,"Ach_PC":0.9738461538,"T.AC":24,"A.AC":21.8076923077,"Ach_AC":0.9086538462,"T.EC":18.75,"A.EC":15.8846153846,"Ach_EC":0.8471794872,"T.ET":16.875,"A.ET":15.28,"Ach_ET":0.9054814815,"T.AvgSKU":26,"A.AvgSKU":23.9716312057,"Strata":"1","T.CAProdW":78,"A.CAProdW":59,"Ach_CAProdW":0.7564102564,"T.CAProdR":56,"A.CAProdR":50,"Ach_CAProdR":0.8928571429,"T.CAProdM":14,"A.CAProdM":13,"Ach_CAProdM":0.9285714286,"Ach_CAProdAll":0.8243243243,"T.GPFood":920.0,"A.GPFood":1460.0,"Ach_GPFood":1.5869565217,"T.GPOthers":300.0,"A.GPOthers":18.0,"Ach_GPOthers":0.06,"AR_Coll":0.9696405038,"Gap_GPFood":540,"Gap_GPOthers":0}
{"Nama Depo":"Depo Tanjung","szEmployeeId":17210037897,"szname":"Hindra","Tipe Salesman":"Sales Representative Mix Yudistira","T.CR":150,"A.CR":239,"Ach_CR":1.5933333333,"A.CA":194,"Ach_CA":0.8117154812,"T.PC":25,"A.PC":26.7307692308,"Ach_PC":1.0692307692,"T.AC":24,"A.AC":26.0384615385,"Ach_AC":1.0849358974,"T.EC":18.75,"A.EC":18.3461538462,"Ach_EC":0.9784615385,"T.ET":16.875,"A.ET":17.2692307692,"Ach_ET":1.0233618234,"T.AvgSKU":26,"A.AvgSKU":20.7010309278,"Strata":"-","T.CAProdW":47,"A.CAProdW":33,"Ach_CAProdW":0.7021276596,"T.CAProdR":189,"A.CAProdR":133,"Ach_CAProdR":0.7037037037,"T.CAProdM":3,"A.CAProdM":3,"Ach_CAProdM":1.0,"Ach_CAProdAll":0.7071129707,"T.GPFood":920.0,"A.GPFood":1467.0,"Ach_GPFood":1.5945652174,"T.GPOthers":300.0,"A.GPOthers":261.0,"Ach_GPOthers":0.87,"AR_Coll":0.9537766469,"Gap_GPFood":547,"Gap_GPOthers":0}
{"Nama Depo":"Depo Tanjung","szEmployeeId":17210036369,"szname":"Muhammad Tamrin","Tipe Salesman":"Sales Representative Mix Yudistira","T.CR":150,"A.CR":211,"Ach_CR":1.4066666667,"A.CA":166,"Ach_CA":0.7867298578,"T.PC":25,"A.PC":24.6153846154,"Ach_PC":0.9846153846,"T.AC":24,"A.AC":22.2307692308,"Ach_AC":0.9262820513,"T.EC":18.75,"A.EC":15.1923076923,"Ach_EC":0.8102564103,"T.ET":16.875,"A.ET":14.8076923077,"Ach_ET":0.8774928775,"T.AvgSKU":26,"A.AvgSKU":22.3373493976,"Strata":"1","T.CAProdW":54,"A.CAProdW":42,"Ach_CAProdW":0.7777777778,"T.CAProdR":149,"A.CAProdR":94,"Ach_CAProdR":0.6308724832,"T.CAProdM":4,"A.CAProdM":2,"Ach_CAProdM":0.5,"Ach_CAProdAll":0.6666666667,"T.GPFood":920.0,"A.GPFood":1445.0,"Ach_GPFood":1.5706521739,"T.GPOthers":300.0,"A.GPOthers":242.0,"Ach_GPOthers":0.8066666667,"AR_Coll":0.910767882,"Gap_GPFood":525,"Gap_GPOthers":0}
{"Nama Depo":"Depo Tanjung","szEmployeeId":17210037632,"szname":"Robianor","Tipe Salesman":"Sales Representative Mix Yudistira","T.CR":150,"A.CR":212,"Ach_CR":1.4133333333,"A.CA":177,"Ach_CA":0.8349056604,"T.PC":25,"A.PC":26.6923076923,"Ach_PC":1.0676923077,"T.AC":24,"A.AC":25.7307692308,"Ach_AC":1.0721153846,"T.EC":18.75,"A.EC":16.8846153846,"Ach_EC":0.9005128205,"T.ET":16.875,"A.ET":16.8846153846,"Ach_ET":1.0005698006,"T.AvgSKU":26,"A.AvgSKU":23.3107344633,"Strata":"1","T.CAProdW":56,"A.CAProdW":46,"Ach_CAProdW":0.8214285714,"T.CAProdR":150,"A.CAProdR":97,"Ach_CAProdR":0.6466666667,"T.CAProdM":1,"A.CAProdM":1,"Ach_CAProdM":1.0,"Ach_CAProdAll":0.6956521739,"T.GPFood":920.0,"A.GPFood":1533.0,"Ach_GPFood":1.6663043478,"T.GPOthers":300.0,"A.GPOthers":293.0,"Ach_GPOthers":0.9766666667,"AR_Coll":0.9772674181,"Gap_GPFood":613,"Gap_GPOthers":0}
{"Nama Depo":"Depo Tanjung","szEmployeeId":17210038077,"szname":"Sopian Sauri","Tipe Salesman":"Sales Representative Wholesaler Bima","T.CR":220,"A.CR":236,"Ach_CR":1.0727272727,"A.CA":170,"Ach_CA":0.7203389831,"T.PC":20,"A.PC":24.9615384615,"Ach_PC":1.2480769231,"T.AC":19,"A.AC":15.4615384615,"Ach_AC":0.8137651822,"T.EC":15.0,"A.EC":12.5,"Ach_EC":0.8333333333,"T.ET":13.5,"A.ET":11.4230769231,"Ach_ET":0.8461538462,"T.AvgSKU":12,"A.AvgSKU":7.2470588235,"Strata":"-","T.CAProdW":78,"A.CAProdW":2,"Ach_CAProdW":0.0256410256,"T.CAProdR":141,"A.CAProdR":320,"Ach_CAProdR":2.2695035461,"T.CAProdM":15,"A.CAProdM":9,"Ach_CAProdM":0.6,"Ach_CAProdAll":1.4145299145,"T.GPFood":null,"A.GPFood":null,"Ach_GPFood":null,"T.GPOthers":null,"A.GPOthers":null,"Ach_GPOthers":0.0,"AR_Coll":0.9287171675,"Gap_GPFood":0,"Gap_GPOthers":0}
{"Nama Depo":"Depo Tanjung","szEmployeeId":17210041467,"szname":"Doli Purnama Sari","Tipe Salesman":"Sales Representative Retailer Arjuna","T.CR":250,"A.CR":347,"Ach_CR":1.388,"A.CA":315,"Ach_CA":0.9077809798,"T.PC":25,"A.PC":28.5769230769,"Ach_PC":1.1430769231,"T.AC":24,"A.AC":28.2692307692,"Ach_AC":1.1778846154,"T.EC":18.75,"A.EC":20.2692307692,"Ach_EC":1.081025641,"T.ET":16.875,"A.ET":18.8461538462,"Ach_ET":1.1168091168,"T.AvgSKU":19,"A.AvgSKU":14.0126984127,"Strata":"-","T.CAProdW":3,"A.CAProdW":2,"Ach_CAProdW":0.6666666667,"T.CAProdR":333,"A.CAProdR":320,"Ach_CAProdR":0.960960961,"T.CAProdM":9,"A.CAProdM":9,"Ach_CAProdM":1.0,"Ach_CAProdAll":0.9594202899,"T.GPFood":1230.0,"A.GPFood":1694.0,"Ach_GPFood":1.3772357724,"T.GPOthers":0.0,"A.GPOthers":0.0,"Ach_GPOthers":0.0,"AR_Coll":1.0,"Gap_GPFood":464,"Gap_GPOthers":0}
{"Nama Depo":"Depo Tanjung","szEmployeeId":17210041719,"szname":"Muhammad Iqbal Purwa Atmaja","Tipe Salesman":"Sales Representative Retailer Bima","T.CR":360,"A.CR":344,"Ach_CR":0.9555555556,"A.CA":273,"Ach_CA":0.7936046512,"T.PC":30,"A.PC":28.6666666667,"Ach_PC":0.9555555556,"T.AC":29,"A.AC":26.8333333333,"Ach_AC":0.9252873563,"T.EC":22.5,"A.EC":18.4166666667,"Ach_EC":0.8185185185,"T.ET":20.25,"A.ET":17.4545454545,"Ach_ET":0.861952862,"T.AvgSKU":11,"A.AvgSKU":7.8241758242,"Strata":"1","T.CAProdW":3,"A.CAProdW":2,"Ach_CAProdW":0.6666666667,"T.CAProdR":331,"A.CAProdR":320,"Ach_CAProdR":0.9667673716,"T.CAProdM":8,"A.CAProdM":9,"Ach_CAProdM":1.125,"Ach_CAProdAll":0.9678362573,"T.GPFood":0.0,"A.GPFood":391.0,"Ach_GPFood":0.0,"T.GPOthers":0.0,"A.GPOthers":387.0,"Ach_GPOthers":0.0,"AR_Coll":1.0,"Gap_GPFood":0,"Gap_GPOthers":0}
