{"Nama Depo":"Depo Tanjung","szEmployeeId":17210032876,"szname":"Asman","Tipe Salesman":"Sales Representative Mix Yudistira","T.CR":150,"A.CR":142,"Ach_CR":0.9466666667,"A.CA":115,"Ach_CA":0.8098591549,"T.PC":25,"A.PC":20.5454545455,"Ach_PC":0.8218181818,"T.AC":24,"A.AC":20.3636363636,"Ach_AC":0.8484848485,"T.EC":18.75,"A.EC":18.3,"Ach_EC":0.976,"T.ET":16.875,"A.ET":15.6363636364,"Ach_ET":0.9265993266,"T.AvgSKU":26,"A.AvgSKU":17.9043478261,"Strata":"-","T.CAProdW":75,"A.CAProdW":48,"Ach_CAProdW":0.64,"T.CAProdR":52,"A.CAProdR":38,"Ach_CAProdR":0.7307692308,"T.CAProdM":14,"A.CAProdM":10,"Ach_CAProdM":0.7142857143,"Ach_CAProdAll":0.6808510638,"T.GPFood":920,"A.GPFood":831,"Ach_GPFood":0.9032608696,"T.GPOthers":300,"A.GPOthers":98,"Ach_GPOthers":0.3266666667,"AR_Coll":0.7841055465,"Gap_GPFood":0,"Gap_GPOthers":0}
{"Nama Depo":"Depo Tanjung","szEmployeeId":17210037897,"szname":"Hindra","Tipe Salesman":"Sales Representative Mix Yudistira","T.CR":150,"A.CR":204,"Ach_CR":1.36,"A.CA":147,"Ach_CA":0.7205882353,"T.PC":25,"A.PC":26.7272727273,"Ach_PC":1.0690909091,"T.AC":24,"A.AC":26.1818181818,"Ach_AC":1.0909090909,"T.EC":18.75,"A.EC":20.9,"Ach_EC":1.1146666667,"T.ET":16.875,"A.ET":17.6363636364,"Ach_ET":1.0451178451,"T.AvgSKU":26,"A.AvgSKU":14.4557823129,"Strata":"-","T.CAProdW":37,"A.CAProdW":16,"Ach_CAProdW":0.4324324324,"T.CAProdR":165,"A.CAProdR":90,"Ach_CAProdR":0.5454545455,"T.CAProdM":2,"A.CAProdM":2,"Ach_CAProdM":1.0,"Ach_CAProdAll":0.5294117647,"T.GPFood":920,"A.GPFood":718,"Ach_GPFood":0.7804347826,"T.GPOthers":300,"A.GPOthers":106,"Ach_GPOthers":0.3533333333,"AR_Coll":0.8549292293,"Gap_GPFood":0,"Gap_GPOthers":0}
{"Nama Depo":"Depo Tanjung","szEmployeeId":17210036369,"szname":"Muhammad Tamrin","Tipe Salesman":"Sales Representative Mix Yudistira","T.CR":150,"A.CR":202,"Ach_CR":1.3466666667,"A.CA":122,"Ach_CA":0.603960396,"T.PC":25,"A.PC":23.6363636364,"Ach_PC":0.9454545455,"T.AC":24,"A.AC":23.4545454545,"Ach_AC":0.9772727273,"T.EC":18.75,"A.EC":18.6,"Ach_EC":0.992,"T.ET":16.875,"A.ET":14.1818181818,"Ach_ET":0.8404040404,"T.AvgSKU":26,"A.AvgSKU":15.2704918033,"Strata":"-","T.CAProdW":48,"A.CAProdW":22,"Ach_CAProdW":0.4583333333,"T.CAProdR":147,"A.CAProdR":64,"Ach_CAProdR":0.4353741497,"T.CAProdM":4,"A.CAProdM":2,"Ach_CAProdM":0.5,"Ach_CAProdAll":0.4422110553,"T.GPFood":920,"A.GPFood":716,"Ach_GPFood":0.7782608696,"T.GPOthers":300,"A.GPOthers":94,"Ach_GPOthers":0.3133333333,"AR_Coll":0.8430527553,"Gap_GPFood":0,"Gap_GPOthers":0}
{"Nama Depo":"Depo Tanjung","szEmployeeId":17210037632,"szname":"Robianor","Tipe Salesman":"Sales Representative Mix Yudistira","T.CR":150,"A.CR":204,"Ach_CR":1.36,"A.CA":133,"Ach_CA":0.6519607843,"T.PC":25,"A.PC":26.2727272727,"Ach_PC":1.0509090909,"T.AC":24,"A.AC":26.2727272727,"Ach_AC":1.0946969697,"T.EC":18.75,"A.EC":21.0,"Ach_EC":1.12,"T.ET":16.875,"A.ET":16.9090909091,"Ach_ET":1.002020202,"T.AvgSKU":26,"A.AvgSKU":15.7142857143,"Strata":"-","T.CAProdW":53,"A.CAProdW":29,"Ach_CAProdW":0.5471698113,"T.CAProdR":145,"A.CAProdR":73,"Ach_CAProdR":0.5034482759,"T.CAProdM":1,"A.CAProdM":0,"Ach_CAProdM":0.0,"Ach_CAProdAll":0.5125628141,"T.GPFood":920,"A.GPFood":820,"Ach_GPFood":0.8913043478,"T.GPOthers":300,"A.GPOthers":94,"Ach_GPOthers":0.3133333333,"AR_Coll":0.9320789831,"Gap_GPFood":0,"Gap_GPOthers":0}
{"Nama Depo":"Depo Tanjung","szEmployeeId":17210041467,"szname":"Doli Purnama Sari","Tipe Salesman":"Sales Representative Retailer Arjuna","T.CR":250,"A.CR":324,"Ach_CR":1.296,"A.CA":215,"Ach_CA":0.6635802469,"T.PC":25,"A.PC":29.9090909091,"Ach_PC":1.1963636364,"T.AC":24,"A.AC":24.9090909091,"Ach_AC":1.0378787879,"T.EC":18.75,"A.EC":22.7,"Ach_EC":1.2106666667,"T.ET":16.875,"A.ET":19.9090909091,"Ach_ET":1.1797979798,"T.AvgSKU":19,"A.AvgSKU":11.3255813953,"Strata":"-","T.CAProdW":2,"A.CAProdW":0,"Ach_CAProdW":0.0,"T.CAProdR":311,"A.CAProdR":106,"Ach_CAProdR":0.3408360129,"T.CAProdM":10,"A.CAProdM":4,"Ach_CAProdM":0.4,"Ach_CAProdAll":0.3405572755,"T.GPFood":1230,"A.GPFood":847,"Ach_GPFood":0.6886178862,"T.GPOthers":0,"A.GPOthers":0,"Ach_GPOthers":0.0,"AR_Coll":1.0,"Gap_GPFood":0,"Gap_GPOthers":0}
{"Nama Depo":"Depo Tanjung","szEmployeeId":17210041719,"szname":"Muhammad Iqbal Purwa Atmaja","Tipe Salesman":"Sales Representative Retailer Bima","T.CR":360,"A.CR":326,"Ach_CR":0.9055555556,"A.CA":183,"Ach_CA":0.5613496933,"T.PC":30,"A.PC":30.0,"Ach_PC":1.0,"T.AC":29,"A.AC":30.0,"Ach_AC":1.0344827586,"T.EC":22.5,"A.EC":19.9,"Ach_EC":0.8844444444,"T.ET":20.25,"A.ET":16.7272727273,"Ach_ET":0.8260381594,"T.AvgSKU":11,"A.AvgSKU":5.8196721311,"Strata":"-","T.CAProdW":3,"A.CAProdW":1,"Ach_CAProdW":0.3333333333,"T.CAProdR":313,"A.CAProdR":55,"Ach_CAProdR":0.1757188498,"T.CAProdM":9,"A.CAProdM":0,"Ach_CAProdM":0.0,"Ach_CAProdAll":0.1723076923,"T.GPFood":0,"A.GPFood":199,"Ach_GPFood":0.0,"T.GPOthers":0,"A.GPOthers":164,"Ach_GPOthers":0.0,"AR_Coll":1.0,"Gap_GPFood":0,"Gap_GPOthers":0}
