{"Nama Depo":"Depo Tanjung","szEmployeeId":17210032876,"szname":"Asman","Tipe Salesman":"Sales Representative Wholesaler Arjuna","T.CR":120,"A.CR":144,"Ach_CR":1.2,"A.CA":128,"Ach_CA":0.8888888889,"T.PC":17,"A.PC":20.1111111111,"Ach_PC":1.1830065359,"T.AC":20.1111111111,"A.AC":20.0,"Ach_AC":0.9944751381,"T.EC":15.0833333333,"A.EC":16.0,"Ach_EC":1.0607734807,"T.ET":14.3291666667,"A.ET":14.6666666667,"Ach_ET":1.0235533585,"T.AvgSKU":26,"A.AvgSKU":16.0234375,"Strata":"-","T.CAProdW":129,"A.CAProdW":58,"Ach_CAProdW":0.4496124031,"T.CAProdR":0,"A.CAProdR":0,"Ach_CAProdR":0.0,"T.CAProdM":14,"A.CAProdM":11,"Ach_CAProdM":0.7857142857,"Ach_CAProdAll":0.4825174825,"T.GPFood":1200,"A.GPFood":917,"Ach_GPFood":0.7641666667,"T.GPOthers":0,"A.GPOthers":0,"Ach_GPOthers":0.0,"AR_Coll":0.809498033,"Gap_GPFood":0,"Gap_GPOthers":0,"T.GS":20,"A.GS":16,"Ach_GS":0.8,"Strata_GS":"3","EC_Ins":0.9411764706,"CR Pasif":-16}
{"Nama Depo":"Depo Tanjung","szEmployeeId":17210036369,"szname":"Muhammad Tamrin","Tipe Salesman":"Sales Representative Wholesaler Bima","T.CR":220,"A.CR":152,"Ach_CR":0.6909090909,"A.CA":135,"Ach_CA":0.8881578947,"T.PC":19,"A.PC":21.1111111111,"Ach_PC":1.1111111111,"T.AC":21.1111111111,"A.AC":21.0,"Ach_AC":0.9947368421,"T.EC":15.8333333333,"A.EC":15.1764705882,"Ach_EC":0.9585139319,"T.ET":15.0416666667,"A.ET":13.6666666667,"Ach_ET":0.9085872576,"T.AvgSKU":12,"A.AvgSKU":6.6074074074,"Strata":"-","T.CAProdW":135,"A.CAProdW":53,"Ach_CAProdW":0.3925925926,"T.CAProdR":0,"A.CAProdR":0,"Ach_CAProdR":0.0,"T.CAProdM":14,"A.CAProdM":8,"Ach_CAProdM":0.5714285714,"Ach_CAProdAll":0.4093959732,"T.GPFood":0,"A.GPFood":179,"Ach_GPFood":0.0,"T.GPOthers":0,"A.GPOthers":212,"Ach_GPOthers":0.0,"AR_Coll":0.7873181548,"Gap_GPFood":0,"Gap_GPOthers":0,"T.GS":20,"A.GS":19,"Ach_GS":0.95,"Strata_GS":"3","EC_Ins":0.7987616099,"CR Pasif":-17}
{"Nama Depo":"Depo Tanjung","szEmployeeId":17210037897,"szname":"Hindra","Tipe Salesman":"Sales Representative Mix Yudistira","T.CR":150,"A.CR":209,"Ach_CR":1.3933333333,"A.CA":158,"Ach_CA":0.7559808612,"T.PC":25,"A.PC":24.4444444444,"Ach_PC":0.9777777778,"T.AC":24.4444444444,"A.AC":24.3333333333,"Ach_AC":0.9954545455,"T.EC":18.3333333333,"A.EC":17.7647058824,"Ach_EC":0.9689839572,"T.ET":17.4166666667,"A.ET":14.8333333333,"Ach_ET":0.8516746411,"T.AvgSKU":26,"A.AvgSKU":16.1202531646,"Strata":"-","T.CAProdW":62,"A.CAProdW":42,"Ach_CAProdW":0.6774193548,"T.CAProdR":134,"A.CAProdR":74,"Ach_CAProdR":0.552238806,"T.CAProdM":4,"A.CAProdM":3,"Ach_CAProdM":0.75,"Ach_CAProdAll":0.595,"T.GPFood":920,"A.GPFood":986,"Ach_GPFood":1.0717391304,"T.GPOthers":300,"A.GPOthers":167,"Ach_GPOthers":0.5566666667,"AR_Coll":0.8193253376,"Gap_GPFood":66,"Gap_GPOthers":0,"T.GS":20,"A.GS":6,"Ach_GS":0.3,"Strata_GS":"1","EC_Ins":0.7105882353,"CR Pasif":-51}
{"Nama Depo":"Depo Tanjung","szEmployeeId":17210037632,"szname":"Robianor","Tipe Salesman":"Sales Representative Mix Yudistira","T.CR":150,"A.CR":202,"Ach_CR":1.3466666667,"A.CA":162,"Ach_CA":0.801980198,"T.PC":25,"A.PC":24.8333333333,"Ach_PC":0.9933333333,"T.AC":24.8333333333,"A.AC":24.8333333333,"Ach_AC":1.0,"T.EC":18.625,"A.EC":19.4705882353,"Ach_EC":1.0454007106,"T.ET":17.69375,"A.ET":16.9444444444,"Ach_ET":0.9576513992,"T.AvgSKU":26,"A.AvgSKU":17.5308641975,"Strata":"-","T.CAProdW":67,"A.CAProdW":47,"Ach_CAProdW":0.7014925373,"T.CAProdR":122,"A.CAProdR":77,"Ach_CAProdR":0.631147541,"T.CAProdM":1,"A.CAProdM":1,"Ach_CAProdM":1.0,"Ach_CAProdAll":0.6578947368,"T.GPFood":920,"A.GPFood":1100,"Ach_GPFood":1.1956521739,"T.GPOthers":300,"A.GPOthers":207,"Ach_GPOthers":0.69,"AR_Coll":0.8325822062,"Gap_GPFood":180,"Gap_GPOthers":0,"T.GS":20,"A.GS":34,"Ach_GS":1.7,"Strata_GS":"4","EC_Ins":0.7788235294,"CR Pasif":-40}
{"Nama Depo":"Depo Tanjung","szEmployeeId":17210042412,"szname":"Muhammad Rizky Algifari","Tipe Salesman":"Sales Representative Mix Yudistira","T.CR":150,"A.CR":208,"Ach_CR":1.3866666667,"A.CA":154,"Ach_CA":0.7403846154,"T.PC":25,"A.PC":26.7222222222,"Ach_PC":1.0688888889,"T.AC":26.7222222222,"A.AC":26.6666666667,"Ach_AC":0.9979209979,"T.EC":20.0416666667,"A.EC":17.7647058824,"Ach_EC":0.8863886511,"T.ET":19.0395833333,"A.ET":15.8333333333,"Ach_ET":0.8316008316,"T.AvgSKU":26,"A.AvgSKU":15.0909090909,"Strata":"-","T.CAProdW":58,"A.CAProdW":30,"Ach_CAProdW":0.5172413793,"T.CAProdR":144,"A.CAProdR":78,"Ach_CAProdR":0.5416666667,"T.CAProdM":2,"A.CAProdM":1,"Ach_CAProdM":0.5,"Ach_CAProdAll":0.5343137255,"T.GPFood":920,"A.GPFood":837,"Ach_GPFood":0.9097826087,"T.GPOthers":300,"A.GPOthers":143,"Ach_GPOthers":0.4766666667,"AR_Coll":0.9345724374,"Gap_GPFood":0,"Gap_GPOthers":0,"T.GS":20,"A.GS":0,"Ach_GS":0.0,"Strata_GS":"-","EC_Ins":0.7105882353,"CR Pasif":-54}
{"Nama Depo":"Depo Tanjung","szEmployeeId":17210041467,"szname":"Doli Purnama Sari","Tipe Salesman":"Sales Representative Retailer Arjuna","T.CR":250,"A.CR":347,"Ach_CR":1.388,"A.CA":284,"Ach_CA":0.818443804,"T.PC":25,"A.PC":29.7647058824,"Ach_PC":1.1905882353,"T.AC":29.7647058824,"A.AC":29.6470588235,"Ach_AC":0.9960474308,"T.EC":22.3235294118,"A.EC":24.0625,"Ach_EC":1.0778985507,"T.ET":21.2073529412,"A.ET":21.2352941176,"Ach_ET":1.0013175231,"T.AvgSKU":19,"A.AvgSKU":10.823943662,"Strata":"-","T.CAProdW":0,"A.CAProdW":0,"Ach_CAProdW":0.0,"T.CAProdR":306,"A.CAProdR":143,"Ach_CAProdR":0.4673202614,"T.CAProdM":11,"A.CAProdM":6,"Ach_CAProdM":0.5454545455,"Ach_CAProdAll":0.4700315457,"T.GPFood":1230,"A.GPFood":1110,"Ach_GPFood":0.9024390244,"T.GPOthers":0,"A.GPOthers":0,"Ach_GPOthers":0.0,"AR_Coll":1.0,"Gap_GPFood":0,"Gap_GPOthers":0,"T.GS":30,"A.GS":74,"Ach_GS":2.4666666667,"Strata_GS":"4","EC_Ins":0.9625,"CR Pasif":-63}
{"Nama Depo":"Depo Tanjung","szEmployeeId":17210042423,"szname":"Siti Fatimah Hadijah","Tipe Salesman":"Sales Representative Retailer Bima","T.CR":360,"A.CR":349,"Ach_CR":0.9694444444,"A.CA":214,"Ach_CA":0.6131805158,"T.PC":30,"A.PC":29.8333333333,"Ach_PC":0.9944444444,"T.AC":29.8333333333,"A.AC":29.7777777778,"Ach_AC":0.9981378026,"T.EC":22.375,"A.EC":17.0588235294,"Ach_EC":0.7624055209,"T.ET":21.25625,"A.ET":14.8888888889,"Ach_ET":0.7004475808,"T.AvgSKU":11,"A.AvgSKU":6.3317757009,"Strata":"-","T.CAProdW":0,"A.CAProdW":0,"Ach_CAProdW":0.0,"T.CAProdR":337,"A.CAProdR":85,"Ach_CAProdR":0.2522255193,"T.CAProdM":11,"A.CAProdM":2,"Ach_CAProdM":0.1818181818,"Ach_CAProdAll":0.25,"T.GPFood":0,"A.GPFood":240,"Ach_GPFood":0.0,"T.GPOthers":0,"A.GPOthers":193,"Ach_GPOthers":0.0,"AR_Coll":1.0,"Gap_GPFood":0,"Gap_GPOthers":0,"T.GS":30,"A.GS":57,"Ach_GS":1.9,"Strata_GS":"4","EC_Ins":0.568627451,"CR Pasif":-135}
