{"Nama Depo":"Depo Tanjung","szEmployeeId":17210032876.0,"szname":"Asman","Tipe Salesman":"Sales Representative Wholesaler Arjuna","T.CR":120.0,"A.CR":144.0,"Ach_CR":1.2,"A.CA":133.0,"Ach_CA":0.9236111111,"T.PC":17.0,"A.PC":20.1153846154,"Ach_PC":1.1832579186,"T.AC":20.1153846154,"A.AC":19.1538461538,"Ach_AC":0.9521988528,"T.EC":15.0865384615,"A.EC":15.84,"Ach_EC":1.0499426386,"T.ET":14.3322115385,"A.ET":14.8846153846,"Ach_ET":1.0385428198,"T.AvgSKU":26.0,"A.AvgSKU":24.7443609023,"Strata":"-","T.CAProdW":131.0,"A.CAProdW":94.0,"Ach_CAProdW":0.7175572519,"T.CAProdR":0.0,"A.CAProdR":0.0,"Ach_CAProdR":0.0,"T.CAProdM":13.0,"A.CAProdM":12.0,"Ach_CAProdM":0.9230769231,"Ach_CAProdAll":0.7361111111,"T.GPFood":1200.0,"A.GPFood":1870.0,"Ach_GPFood":1.5583333333,"T.GPOthers":0.0,"A.GPOthers":0.0,"Ach_GPOthers":0.0,"AR_Coll":0.9875815285,"Gap_GPFood":670.0,"Gap_GPOthers":0.0,"T.GS":26.0,"A.GS":32.0,"Ach_GS":1.2307692308,"Strata_GS":4.0,"EC_Ins":0.9317647059,"CR Pasif":-11.0,"Loss Pasif":-39934384.8966777921,"Gap TG":0.1423540759}
{"Nama Depo":"Depo Tanjung","szEmployeeId":17210036369.0,"szname":"Muhammad Tamrin","Tipe Salesman":"Sales Representative Wholesaler Bima","T.CR":220.0,"A.CR":155.0,"Ach_CR":0.7045454545,"A.CA":139.0,"Ach_CA":0.8967741935,"T.PC":19.0,"A.PC":21.3076923077,"Ach_PC":1.1214574899,"T.AC":21.3076923077,"A.AC":21.1153846154,"Ach_AC":0.9909747292,"T.EC":15.9807692308,"A.EC":15.72,"Ach_EC":0.9836823105,"T.ET":15.1817307692,"A.ET":13.8461538462,"Ach_ET":0.9120273608,"T.AvgSKU":12.0,"A.AvgSKU":11.7913669065,"Strata":"-","T.CAProdW":138.0,"A.CAProdW":84.0,"Ach_CAProdW":0.6086956522,"T.CAProdR":1.0,"A.CAProdR":0.0,"Ach_CAProdR":0.0,"T.CAProdM":13.0,"A.CAProdM":7.0,"Ach_CAProdM":0.5384615385,"Ach_CAProdAll":0.5986842105,"T.GPFood":0.0,"A.GPFood":226.0,"Ach_GPFood":0.0,"T.GPOthers":0.0,"A.GPOthers":382.0,"Ach_GPOthers":0.0,"AR_Coll":0.9500225935,"Gap_GPFood":0.0,"Gap_GPOthers":0.0,"T.GS":26.0,"A.GS":8.0,"Ach_GS":0.3076923077,"Strata_GS":0.0,"EC_Ins":0.8273684211,"CR Pasif":-16.0,"Loss Pasif":-49255035.6934091672,"Gap TG":0.0804882261}
{"Nama Depo":"Depo Tanjung","szEmployeeId":17210037897.0,"szname":"Hindra","Tipe Salesman":"Sales Representative Mix Yudistira","T.CR":150.0,"A.CR":201.0,"Ach_CR":1.34,"A.CA":172.0,"Ach_CA":0.855721393,"T.PC":25.0,"A.PC":24.2307692308,"Ach_PC":0.9692307692,"T.AC":24.2307692308,"A.AC":24.1538461538,"Ach_AC":0.9968253968,"T.EC":18.1730769231,"A.EC":18.96,"Ach_EC":1.0433015873,"T.ET":17.2644230769,"A.ET":16.7692307692,"Ach_ET":0.9713171818,"T.AvgSKU":26.0,"A.AvgSKU":25.5290697674,"Strata":"-","T.CAProdW":62.0,"A.CAProdW":55.0,"Ach_CAProdW":0.8870967742,"T.CAProdR":131.0,"A.CAProdR":94.0,"Ach_CAProdR":0.7175572519,"T.CAProdM":4.0,"A.CAProdM":4.0,"Ach_CAProdM":1.0,"Ach_CAProdAll":0.7766497462,"T.GPFood":920.0,"A.GPFood":1803.0,"Ach_GPFood":1.9597826087,"T.GPOthers":300.0,"A.GPOthers":313.0,"Ach_GPOthers":1.0433333333,"AR_Coll":0.9751767485,"Gap_GPFood":883.0,"Gap_GPOthers":13.0,"T.GS":23.0,"A.GS":20.0,"Ach_GS":0.8695652174,"Strata_GS":2.0,"EC_Ins":0.7584,"CR Pasif":-29.0,"Loss Pasif":-36032270.5011715665,"Gap TG":0.2064254223}
{"Nama Depo":"Depo Tanjung","szEmployeeId":17210037632.0,"szname":"Robianor","Tipe Salesman":"Sales Representative Mix Yudistira","T.CR":150.0,"A.CR":197.0,"Ach_CR":1.3133333333,"A.CA":176.0,"Ach_CA":0.8934010152,"T.PC":25.0,"A.PC":24.7307692308,"Ach_PC":0.9892307692,"T.AC":24.7307692308,"A.AC":24.6923076923,"Ach_AC":0.99844479,"T.EC":18.5480769231,"A.EC":19.8,"Ach_EC":1.067496112,"T.ET":17.6206730769,"A.ET":18.2692307692,"Ach_ET":1.0368066356,"T.AvgSKU":26.0,"A.AvgSKU":26.4147727273,"Strata":"-","T.CAProdW":66.0,"A.CAProdW":56.0,"Ach_CAProdW":0.8484848485,"T.CAProdR":121.0,"A.CAProdR":96.0,"Ach_CAProdR":0.7933884298,"T.CAProdM":1.0,"A.CAProdM":1.0,"Ach_CAProdM":1.0,"Ach_CAProdAll":0.8138297872,"T.GPFood":920.0,"A.GPFood":1915.0,"Ach_GPFood":2.0815217391,"T.GPOthers":300.0,"A.GPOthers":336.0,"Ach_GPOthers":1.12,"AR_Coll":0.9898428361,"Gap_GPFood":995.0,"Gap_GPOthers":36.0,"T.GS":23.0,"A.GS":48.0,"Ach_GS":2.0869565217,"Strata_GS":4.0,"EC_Ins":0.792,"CR Pasif":-21.0,"Loss Pasif":-11749407.026226161,"Gap TG":0.1128234559}
{"Nama Depo":"Depo Tanjung","szEmployeeId":17210042412.0,"szname":"Muhammad Rizky Algifari","Tipe Salesman":"Sales Representative Mix Yudistira","T.CR":150.0,"A.CR":204.0,"Ach_CR":1.36,"A.CA":181.0,"Ach_CA":0.887254902,"T.PC":25.0,"A.PC":26.1538461538,"Ach_PC":1.0461538462,"T.AC":26.1538461538,"A.AC":26.1538461538,"Ach_AC":1.0,"T.EC":19.6153846154,"A.EC":18.68,"Ach_EC":0.9523137255,"T.ET":18.6346153846,"A.ET":17.32,"Ach_ET":0.9294530444,"T.AvgSKU":26.0,"A.AvgSKU":22.1215469613,"Strata":"-","T.CAProdW":58.0,"A.CAProdW":40.0,"Ach_CAProdW":0.6896551724,"T.CAProdR":140.0,"A.CAProdR":108.0,"Ach_CAProdR":0.7714285714,"T.CAProdM":3.0,"A.CAProdM":3.0,"Ach_CAProdM":1.0,"Ach_CAProdAll":0.7512437811,"T.GPFood":920.0,"A.GPFood":1479.0,"Ach_GPFood":1.6076086957,"T.GPOthers":300.0,"A.GPOthers":250.0,"Ach_GPOthers":0.8333333333,"AR_Coll":0.9990717099,"Gap_GPFood":559.0,"Gap_GPOthers":0.0,"T.GS":23.0,"A.GS":30.0,"Ach_GS":1.3043478261,"Strata_GS":4.0,"EC_Ins":0.7472,"CR Pasif":-23.0,"Loss Pasif":-4625513.4273827933,"Gap TG":0.0518882763}
{"Nama Depo":"Depo Tanjung","szEmployeeId":17210041467.0,"szname":"Doli Purnama Sari","Tipe Salesman":"Sales Representative Retailer Arjuna","T.CR":250.0,"A.CR":350.0,"Ach_CR":1.4,"A.CA":325.0,"Ach_CA":0.9285714286,"T.PC":25.0,"A.PC":29.9615384615,"Ach_PC":1.1984615385,"T.AC":29.9615384615,"A.AC":29.8076923077,"Ach_AC":0.9948652118,"T.EC":22.4711538462,"A.EC":22.6,"Ach_EC":1.0057338468,"T.ET":21.3475961538,"A.ET":21.2692307692,"Ach_ET":0.9963290769,"T.AvgSKU":19.0,"A.AvgSKU":14.1476923077,"Strata":"-","T.CAProdW":0.0,"A.CAProdW":0.0,"Ach_CAProdW":0.0,"T.CAProdR":337.0,"A.CAProdR":224.0,"Ach_CAProdR":0.6646884273,"T.CAProdM":10.0,"A.CAProdM":7.0,"Ach_CAProdM":0.7,"Ach_CAProdAll":0.6657060519,"T.GPFood":1230.0,"A.GPFood":2295.0,"Ach_GPFood":1.8658536585,"T.GPOthers":0.0,"A.GPOthers":0.0,"Ach_GPOthers":0.0,"AR_Coll":1.0,"Gap_GPFood":1065.0,"Gap_GPOthers":0.0,"T.GS":38.0,"A.GS":156.0,"Ach_GS":4.1052631579,"Strata_GS":4.0,"EC_Ins":0.904,"CR Pasif":-25.0,"Loss Pasif":-5741720.894879858,"Gap TG":0.0317738565}
{"Nama Depo":"Depo Tanjung","szEmployeeId":17210042423.0,"szname":"Siti Fatimah Hadijah","Tipe Salesman":"Sales Representative Retailer Bima","T.CR":360.0,"A.CR":350.0,"Ach_CR":0.9722222222,"A.CA":300.0,"Ach_CA":0.8571428571,"T.PC":30.0,"A.PC":30.0769230769,"Ach_PC":1.0025641026,"T.AC":30.0769230769,"A.AC":30.0,"Ach_AC":0.9974424552,"T.EC":22.5576923077,"A.EC":21.24,"Ach_EC":0.9415856777,"T.ET":21.4298076923,"A.ET":18.1923076923,"Ach_ET":0.8489253825,"T.AvgSKU":11.0,"A.AvgSKU":9.1366666667,"Strata":"-","T.CAProdW":0.0,"A.CAProdW":0.0,"Ach_CAProdW":0.0,"T.CAProdR":339.0,"A.CAProdR":186.0,"Ach_CAProdR":0.5486725664,"T.CAProdM":10.0,"A.CAProdM":4.0,"Ach_CAProdM":0.4,"Ach_CAProdAll":0.5444126074,"T.GPFood":0.0,"A.GPFood":320.0,"Ach_GPFood":0.0,"T.GPOthers":0.0,"A.GPOthers":406.0,"Ach_GPOthers":0.0,"AR_Coll":1.0,"Gap_GPFood":0.0,"Gap_GPOthers":0.0,"T.GS":38.0,"A.GS":38.0,"Ach_GS":1.0,"Strata_GS":3.0,"EC_Ins":0.708,"CR Pasif":-50.0,"Loss Pasif":-3798188.6742837047,"Gap TG":0.2021432524}
{"Nama Depo":null,"szEmployeeId":null,"szname":null,"Tipe Salesman":null,"T.CR":null,"A.CR":null,"Ach_CR":null,"A.CA":null,"Ach_CA":null,"T.PC":null,"A.PC":null,"Ach_PC":null,"T.AC":null,"A.AC":null,"Ach_AC":null,"T.EC":null,"A.EC":null,"Ach_EC":null,"T.ET":null,"A.ET":null,"Ach_ET":null,"T.AvgSKU":null,"A.AvgSKU":null,"Strata":null,"T.CAProdW":null,"A.CAProdW":null,"Ach_CAProdW":null,"T.CAProdR":null,"A.CAProdR":null,"Ach_CAProdR":null,"T.CAProdM":null,"A.CAProdM":null,"Ach_CAProdM":null,"Ach_CAProdAll":null,"T.GPFood":null,"A.GPFood":null,"Ach_GPFood":null,"T.GPOthers":null,"A.GPOthers":null,"Ach_GPOthers":null,"AR_Coll":null,"Gap_GPFood":null,"Gap_GPOthers":null,"T.GS":null,"A.GS":null,"Ach_GS":null,"Strata_GS":null,"EC_Ins":null,"CR Pasif":null,"Loss Pasif":null,