{"Nama Depo":"Depo Tanjung","szEmployeeId":17210032876,"szname":"Asman","Tipe Salesman":"Sales Representative Wholesaler Arjuna","T.CR":120,"A.CR":144,"Ach_CR":1.2,"A.CA":117,"Ach_CA":0.8125,"T.PC":17,"A.PC":20.1666666667,"Ach_PC":1.1862745098,"T.AC":20.1666666667,"A.AC":18.0833333333,"Ach_AC":0.8966942149,"T.EC":15.125,"A.EC":16.7272727273,"Ach_EC":1.1059353869,"T.ET":14.36875,"A.ET":15.0,"Ach_ET":1.0439321444,"T.AvgSKU":26,"A.AvgSKU":16.7435897436,"Strata":"-","T.CAProdW":131,"A.CAProdW":60,"Ach_CAProdW":0.4580152672,"T.CAProdR":0,"A.CAProdR":0,"Ach_CAProdR":0.0,"T.CAProdM":13,"A.CAProdM":12,"Ach_CAProdM":0.9230769231,"Ach_CAProdAll":0.5,"T.GPFood":1200,"A.GPFood":949,"Ach_GPFood":0.7908333333,"T.GPOthers":0,"A.GPOthers":0,"Ach_GPOthers":0.0,"AR_Coll":0.6414570253,"Gap_GPFood":0,"Gap_GPOthers":0,"T.GS":26,"A.GS":3,"Ach_GS":0.1153846154,"Strata_GS":0,"EC_Ins":0.9839572193,"CR Pasif":-27,"Loss Pasif":-164670812.5630289018,"Gap TG":0.0353423899}
{"Nama Depo":"Depo Tanjung","szEmployeeId":17210036369,"szname":"Muhammad Tamrin","Tipe Salesman":"Sales Representative Wholesaler Bima","T.CR":220,"A.CR":155,"Ach_CR":0.7045454545,"A.CA":113,"Ach_CA":0.7290322581,"T.PC":19,"A.PC":21.4166666667,"Ach_PC":1.1271929825,"T.AC":21.4166666667,"A.AC":21.0833333333,"Ach_AC":0.9844357977,"T.EC":16.0625,"A.EC":16.6363636364,"Ach_EC":1.035726919,"T.ET":15.259375,"A.ET":13.5833333333,"Ach_ET":0.8901631511,"T.AvgSKU":12,"A.AvgSKU":8.5044247788,"Strata":"-","T.CAProdW":138,"A.CAProdW":50,"Ach_CAProdW":0.3623188406,"T.CAProdR":1,"A.CAProdR":0,"Ach_CAProdR":0.0,"T.CAProdM":13,"A.CAProdM":5,"Ach_CAProdM":0.3846153846,"Ach_CAProdAll":0.3618421053,"T.GPFood":0,"A.GPFood":134,"Ach_GPFood":0.0,"T.GPOthers":0,"A.GPOthers":193,"Ach_GPOthers":0.0,"AR_Coll":0.6584746665,"Gap_GPFood":0,"Gap_GPOthers":0,"T.GS":26,"A.GS":6,"Ach_GS":0.2307692308,"Strata_GS":0,"EC_Ins":0.8755980861,"CR Pasif":-42,"Loss Pasif":-190996532.7777630091,"Gap TG":-0.0496397424}
{"Nama Depo":"Depo Tanjung","szEmployeeId":17210037897,"szname":"Hindra","Tipe Salesman":"Sales Representative Mix Yudistira","T.CR":150,"A.CR":201,"Ach_CR":1.34,"A.CA":148,"Ach_CA":0.736318408,"T.PC":25,"A.PC":24.5,"Ach_PC":0.98,"T.AC":24.5,"A.AC":24.5,"Ach_AC":1.0,"T.EC":18.375,"A.EC":21.0,"Ach_EC":1.1428571429,"T.ET":17.45625,"A.ET":16.8333333333,"Ach_ET":0.9643155508,"T.AvgSKU":26,"A.AvgSKU":18.2162162162,"Strata":"-","T.CAProdW":62,"A.CAProdW":47,"Ach_CAProdW":0.7580645161,"T.CAProdR":130,"A.CAProdR":68,"Ach_CAProdR":0.5230769231,"T.CAProdM":4,"A.CAProdM":2,"Ach_CAProdM":0.5,"Ach_CAProdAll":0.5969387755,"T.GPFood":920,"A.GPFood":1004,"Ach_GPFood":1.0913043478,"T.GPOthers":300,"A.GPOthers":145,"Ach_GPOthers":0.4833333333,"AR_Coll":0.6916146663,"Gap_GPFood":84,"Gap_GPOthers":0,"T.GS":23,"A.GS":3,"Ach_GS":0.1304347826,"Strata_GS":0,"EC_Ins":0.84,"CR Pasif":-53,"Loss Pasif":-106973321.4936890602,"Gap TG":0.0756896085}
{"Nama Depo":"Depo Tanjung","szEmployeeId":17210037632,"szname":"Robianor","Tipe Salesman":"Sales Representative Mix Yudistira","T.CR":150,"A.CR":197,"Ach_CR":1.3133333333,"A.CA":141,"Ach_CA":0.7157360406,"T.PC":25,"A.PC":24.75,"Ach_PC":0.99,"T.AC":24.75,"A.AC":24.75,"Ach_AC":1.0,"T.EC":18.5625,"A.EC":20.3636363636,"Ach_EC":1.0970309152,"T.ET":17.634375,"A.ET":17.1666666667,"Ach_ET":0.9734774647,"T.AvgSKU":26,"A.AvgSKU":18.524822695,"Strata":"-","T.CAProdW":66,"A.CAProdW":46,"Ach_CAProdW":0.696969697,"T.CAProdR":120,"A.CAProdR":68,"Ach_CAProdR":0.5666666667,"T.CAProdM":1,"A.CAProdM":0,"Ach_CAProdM":0.0,"Ach_CAProdAll":0.6096256684,"T.GPFood":920,"A.GPFood":984,"Ach_GPFood":1.0695652174,"T.GPOthers":300,"A.GPOthers":173,"Ach_GPOthers":0.5766666667,"AR_Coll":0.7302123159,"Gap_GPFood":64,"Gap_GPOthers":0,"T.GS":23,"A.GS":11,"Ach_GS":0.4782608696,"Strata_GS":0,"EC_Ins":0.8145454545,"CR Pasif":-56,"Loss Pasif":-116128092.1090462208,"Gap TG":0.0408848389}
{"Nama Depo":"Depo Tanjung","szEmployeeId":17210042412,"szname":"Muhammad Rizky Algifari","Tipe Salesman":"Sales Representative Mix Yudistira","T.CR":150,"A.CR":204,"Ach_CR":1.36,"A.CA":142,"Ach_CA":0.6960784314,"T.PC":25,"A.PC":26.0833333333,"Ach_PC":1.0433333333,"T.AC":26.0833333333,"A.AC":26.0833333333,"Ach_AC":1.0,"T.EC":19.5625,"A.EC":19.4545454545,"Ach_EC":0.9944815568,"T.ET":18.584375,"A.ET":18.4545454545,"Ach_ET":0.9930140483,"T.AvgSKU":26,"A.AvgSKU":16.0563380282,"Strata":"-","T.CAProdW":58,"A.CAProdW":31,"Ach_CAProdW":0.5344827586,"T.CAProdR":138,"A.CAProdR":74,"Ach_CAProdR":0.5362318841,"T.CAProdM":3,"A.CAProdM":0,"Ach_CAProdM":0.0,"Ach_CAProdAll":0.527638191,"T.GPFood":920,"A.GPFood":745,"Ach_GPFood":0.8097826087,"T.GPOthers":300,"A.GPOthers":119,"Ach_GPOthers":0.3966666667,"AR_Coll":0.7662706361,"Gap_GPFood":0,"Gap_GPOthers":0,"T.GS":23,"A.GS":3,"Ach_GS":0.1304347826,"Strata_GS":0,"EC_Ins":0.7781818182,"CR Pasif":-62,"Loss Pasif":-122528503.0669004619,"Gap TG":-0.004985025}
{"Nama Depo":"Depo Tanjung","szEmployeeId":17210041467,"szname":"Doli Purnama Sari","Tipe Salesman":"Sales Representative Retailer Arjuna","T.CR":250,"A.CR":350,"Ach_CR":1.4,"A.CA":220,"Ach_CA":0.6285714286,"T.PC":25,"A.PC":29.8333333333,"Ach_PC":1.1933333333,"T.AC":29.8333333333,"A.AC":29.6666666667,"Ach_AC":0.9944134078,"T.EC":22.375,"A.EC":22.2727272727,"Ach_EC":0.9954291519,"T.ET":21.25625,"A.ET":19.0833333333,"Ach_ET":0.8977751642,"T.AvgSKU":19,"A.AvgSKU":9.9,"Strata":"-","T.CAProdW":0,"A.CAProdW":0,"Ach_CAProdW":0.0,"T.CAProdR":337,"A.CAProdR":102,"Ach_CAProdR":0.3026706231,"T.CAProdM":10,"A.CAProdM":5,"Ach_CAProdM":0.5,"Ach_CAProdAll":0.3083573487,"T.GPFood":1230,"A.GPFood":932,"Ach_GPFood":0.7577235772,"T.GPOthers":0,"A.GPOthers":0,"Ach_GPOthers":0.0,"AR_Coll":1.0,"Gap_GPFood":0,"Gap_GPOthers":0,"T.GS":38,"A.GS":21,"Ach_GS":0.5526315789,"Strata_GS":0,"EC_Ins":0.8909090909,"CR Pasif":-130,"Loss Pasif":-44142417.8321444541,"Gap TG":-0.0253522446}
{"Nama Depo":"Depo Tanjung","szEmployeeId":17210042423,"szname":"Siti Fatimah Hadijah","Tipe Salesman":"Sales Representative Retailer Bima","T.CR":360,"A.CR":350,"Ach_CR":0.9722222222,"A.CA":169,"Ach_CA":0.4828571429,"T.PC":30,"A.PC":29.8333333333,"Ach_PC":0.9944444444,"T.AC":29.8333333333,"A.AC":29.8333333333,"Ach_AC":1.0,"T.EC":22.375,"A.EC":20.1818181818,"Ach_EC":0.9019807009,"T.ET":21.25625,"A.ET":14.25,"Ach_ET":0.6703910615,"T.AvgSKU":11,"A.AvgSKU":6.8106508876,"Strata":"-","T.CAProdW":0,"A.CAProdW":0,"Ach_CAProdW":0.0,"T.CAProdR":337,"A.CAProdR":61,"Ach_CAProdR":0.1810089021,"T.CAProdM":10,"A.CAProdM":2,"Ach_CAProdM":0.2,"Ach_CAProdAll":0.181556196,"T.GPFood":0,"A.GPFood":141,"Ach_GPFood":0.0,"T.GPOthers":0,"A.GPOthers":187,"Ach_GPOthers":0.0,"AR_Coll":1.0,"Gap_GPFood":0,"Gap_GPOthers":0,"T.GS":38,"A.GS":22,"Ach_GS":0.5789473684,"Strata_GS":0,"EC_Ins":0.6727272727,"CR Pasif":-181,"Loss Pasif":-32584251.1515196934,"Gap TG":0.0125150498}
