{"Nama Depo":"Depo Tanjung","szEmployeeId":17210032876,"szname":"Asman","Tipe Salesman":"Sales Representative Wholesaler Arjuna","T.CR":120,"A.CR":147,"Ach_CR":1.225,"A.CA":114,"Ach_CA":0.7755102041,"T.PC":20,"A.PC":24.25,"Ach_PC":1.2125,"T.AC":17,"A.AC":19.5833333333,"Ach_AC":1.1519607843,"T.EC":15.0,"A.EC":15.8333333333,"Ach_EC":1.0555555556,"T.ET":13.5,"A.ET":15.0,"Ach_ET":1.1111111111,"T.AvgSKU":26,"A.AvgSKU":15.8859649123,"Strata":"-","T.CAProdW":76,"A.CAProdW":38,"Ach_CAProdW":0.5,"T.CAProdR":56,"A.CAProdR":41,"Ach_CAProdR":0.7321428571,"T.CAProdM":14,"A.CAProdM":10,"Ach_CAProdM":0.7142857143,"Ach_CAProdAll":0.6095890411,"T.GPFood":1200.0,"A.GPFood":791.0,"Ach_GPFood":0.6591666667,"T.GPOthers":0.0,"A.GPOthers":18.0,"Ach_GPOthers":0.0,"AR_Coll":0.5682210035,"Gap_GPFood":0,"Gap_GPOthers":0}
{"Nama Depo":"Depo Tanjung","szEmployeeId":17210037897,"szname":"Hindra","Tipe Salesman":"Sales Representative Mix Yudistira","T.CR":150,"A.CR":182,"Ach_CR":1.2133333333,"A.CA":128,"Ach_CA":0.7032967033,"T.PC":25,"A.PC":26.3333333333,"Ach_PC":1.0533333333,"T.AC":24,"A.AC":26.0,"Ach_AC":1.0833333333,"T.EC":18.75,"A.EC":17.0,"Ach_EC":0.9066666667,"T.ET":16.875,"A.ET":15.3333333333,"Ach_ET":0.9086419753,"T.AvgSKU":26,"A.AvgSKU":14.84375,"Strata":"-","T.CAProdW":37,"A.CAProdW":23,"Ach_CAProdW":0.6216216216,"T.CAProdR":144,"A.CAProdR":75,"Ach_CAProdR":0.5208333333,"T.CAProdM":1,"A.CAProdM":1,"Ach_CAProdM":1.0,"Ach_CAProdAll":0.543956044,"T.GPFood":920.0,"A.GPFood":694.0,"Ach_GPFood":0.7543478261,"T.GPOthers":300.0,"A.GPOthers":105.0,"Ach_GPOthers":0.35,"AR_Coll":0.9292471617,"Gap_GPFood":0,"Gap_GPOthers":0}
{"Nama Depo":"Depo Tanjung","szEmployeeId":17210036369,"szname":"Muhammad Tamrin","Tipe Salesman":"Sales Representative Mix Yudistira","T.CR":150,"A.CR":169,"Ach_CR":1.1266666667,"A.CA":113,"Ach_CA":0.6686390533,"T.PC":25,"A.PC":25.9166666667,"Ach_PC":1.0366666667,"T.AC":24,"A.AC":24.0,"Ach_AC":1.0,"T.EC":18.75,"A.EC":15.6666666667,"Ach_EC":0.8355555556,"T.ET":16.875,"A.ET":13.8333333333,"Ach_ET":0.8197530864,"T.AvgSKU":26,"A.AvgSKU":14.5044247788,"Strata":"-","T.CAProdW":41,"A.CAProdW":17,"Ach_CAProdW":0.4146341463,"T.CAProdR":123,"A.CAProdR":66,"Ach_CAProdR":0.5365853659,"T.CAProdM":3,"A.CAProdM":1,"Ach_CAProdM":0.3333333333,"Ach_CAProdAll":0.502994012,"T.GPFood":920.0,"A.GPFood":558.0,"Ach_GPFood":0.6065217391,"T.GPOthers":300.0,"A.GPOthers":93.0,"Ach_GPOthers":0.31,"AR_Coll":0.563835429,"Gap_GPFood":0,"Gap_GPOthers":0}
{"Nama Depo":"Depo Tanjung","szEmployeeId":17210037713,"szname":"Rahmani","Tipe Salesman":"Sales Representative Mix Yudistira","T.CR":150,"A.CR":156,"Ach_CR":1.04,"A.CA":99,"Ach_CA":0.6346153846,"T.PC":25,"A.PC":25.7,"Ach_PC":1.028,"T.AC":24,"A.AC":18.6,"Ach_AC":0.775,"T.EC":18.75,"A.EC":13.875,"Ach_EC":0.74,"T.ET":16.875,"A.ET":13.5,"Ach_ET":0.8,"T.AvgSKU":26,"A.AvgSKU":14.2323232323,"Strata":"-","T.CAProdW":35,"A.CAProdW":17,"Ach_CAProdW":0.4857142857,"T.CAProdR":116,"A.CAProdR":55,"Ach_CAProdR":0.474137931,"T.CAProdM":2,"A.CAProdM":1,"Ach_CAProdM":0.5,"Ach_CAProdAll":0.477124183,"T.GPFood":920.0,"A.GPFood":548.0,"Ach_GPFood":0.5956521739,"T.GPOthers":300.0,"A.GPOthers":100.0,"Ach_GPOthers":0.3333333333,"AR_Coll":0.5110541265,"Gap_GPFood":0,"Gap_GPOthers":0}
{"Nama Depo":"Depo Tanjung","szEmployeeId":17210037632,"szname":"Robianor","Tipe Salesman":"Sales Representative Mix Yudistira","T.CR":150,"A.CR":174,"Ach_CR":1.16,"A.CA":120,"Ach_CA":0.6896551724,"T.PC":25,"A.PC":26.0,"Ach_PC":1.04,"T.AC":24,"A.AC":26.0,"Ach_AC":1.0833333333,"T.EC":18.75,"A.EC":16.6666666667,"Ach_EC":0.8888888889,"T.ET":16.875,"A.ET":15.4166666667,"Ach_ET":0.9135802469,"T.AvgSKU":26,"A.AvgSKU":16.9416666667,"Strata":"-","T.CAProdW":47,"A.CAProdW":28,"Ach_CAProdW":0.5957446809,"T.CAProdR":123,"A.CAProdR":62,"Ach_CAProdR":0.5040650407,"T.CAProdM":1,"A.CAProdM":1,"Ach_CAProdM":1.0,"Ach_CAProdAll":0.5321637427,"T.GPFood":920.0,"A.GPFood":693.0,"Ach_GPFood":0.7532608696,"T.GPOthers":300.0,"A.GPOthers":125.0,"Ach_GPOthers":0.4166666667,"AR_Coll":0.918312892,"Gap_GPFood":0,"Gap_GPOthers":0}
{"Nama Depo":"Depo Tanjung","szEmployeeId":17210038077,"szname":"Sopian Sauri","Tipe Salesman":"Sales Representative Wholesaler Bima","T.CR":220,"A.CR":234,"Ach_CR":1.0636363636,"A.CA":134,"Ach_CA":0.5726495726,"T.PC":20,"A.PC":25.0833333333,"Ach_PC":1.2541666667,"T.AC":19,"A.AC":22.3333333333,"Ach_AC":1.1754385965,"T.EC":15.0,"A.EC":14.75,"Ach_EC":0.9833333333,"T.ET":13.5,"A.ET":12.25,"Ach_ET":0.9074074074,"T.AvgSKU":12,"A.AvgSKU":5.1940298507,"Strata":"-","T.CAProdW":76,"A.CAProdW":1,"Ach_CAProdW":0.0131578947,"T.CAProdR":141,"A.CAProdR":214,"Ach_CAProdR":1.5177304965,"T.CAProdM":15,"A.CAProdM":6,"Ach_CAProdM":0.4,"Ach_CAProdAll":0.9525862069,"T.GPFood":null,"A.GPFood":null,"Ach_GPFood":null,"T.GPOthers":null,"A.GPOthers":null,"Ach_GPOthers":0.0,"AR_Coll":0.9688591564,"Gap_GPFood":0,"Gap_GPOthers":0}
{"Nama Depo":"Depo Tanjung","szEmployeeId":17210041467,"szname":"Doli Purnama Sari","Tipe Salesman":"Sales Representative Retailer Arjuna","T.CR":250,"A.CR":347,"Ach_CR":1.388,"A.CA":206,"Ach_CA":0.5936599424,"T.PC":25,"A.PC":28.9166666667,"Ach_PC":1.1566666667,"T.AC":24,"A.AC":28.9166666667,"Ach_AC":1.2048611111,"T.EC":18.75,"A.EC":19.3333333333,"Ach_EC":1.0311111111,"T.ET":16.875,"A.ET":17.6666666667,"Ach_ET":1.0469135802,"T.AvgSKU":19,"A.AvgSKU":10.6359223301,"Strata":"-","T.CAProdW":3,"A.CAProdW":1,"Ach_CAProdW":0.3333333333,"T.CAProdR":333,"A.CAProdR":214,"Ach_CAProdR":0.6426426426,"T.CAProdM":9,"A.CAProdM":6,"Ach_CAProdM":0.6666666667,"Ach_CAProdAll":0.6405797101,"T.GPFood":1230.0,"A.GPFood":767.0,"Ach_GPFood":0.6235772358,"T.GPOthers":0.0,"A.GPOthers":0.0,"Ach_GPOthers":0.0,"AR_Coll":1.0,"Gap_GPFood":0,"Gap_GPOthers":0}
