{"Nama Depo":"Depo Tanjung","szEmployeeId":17210032876,"szname":"Asman","Tipe Salesman":"Sales Representative Mix Yudistira","T.CR":150,"A.CR":150,"Ach_CR":1.0,"A.CA":122,"Ach_CA":0.8133333333,"T.PC":25,"A.PC":20.5384615385,"Ach_PC":0.8215384615,"T.AC":24,"A.AC":20.3846153846,"Ach_AC":0.8493589744,"T.EC":18.75,"A.EC":18.3333333333,"Ach_EC":0.9777777778,"T.ET":16.875,"A.ET":14.9230769231,"Ach_ET":0.8843304843,"T.AvgSKU":26,"A.AvgSKU":18.5983606557,"Strata":"-","T.CAProdW":79,"A.CAProdW":53,"Ach_CAProdW":0.6708860759,"T.CAProdR":56,"A.CAProdR":40,"Ach_CAProdR":0.7142857143,"T.CAProdM":14,"A.CAProdM":10,"Ach_CAProdM":0.7142857143,"Ach_CAProdAll":0.6912751678,"T.GPFood":920,"A.GPFood":1012,"Ach_GPFood":1.1,"T.GPOthers":300,"A.GPOthers":109,"Ach_GPOthers":0.3633333333,"AR_Coll":0.3334581612,"Gap_GPFood":92,"Gap_GPOthers":0}
{"Nama Depo":"Depo Tanjung","szEmployeeId":17210037897,"szname":"Hindra","Tipe Salesman":"Sales Representative Mix Yudistira","T.CR":150,"A.CR":212,"Ach_CR":1.4133333333,"A.CA":161,"Ach_CA":0.7594339623,"T.PC":25,"A.PC":26.6923076923,"Ach_PC":1.0676923077,"T.AC":24,"A.AC":26.1538461538,"Ach_AC":1.0897435897,"T.EC":18.75,"A.EC":20.0833333333,"Ach_EC":1.0711111111,"T.ET":16.875,"A.ET":17.6923076923,"Ach_ET":1.0484330484,"T.AvgSKU":26,"A.AvgSKU":14.7888198758,"Strata":"-","T.CAProdW":40,"A.CAProdW":20,"Ach_CAProdW":0.5,"T.CAProdR":170,"A.CAProdR":101,"Ach_CAProdR":0.5941176471,"T.CAProdM":2,"A.CAProdM":2,"Ach_CAProdM":1.0,"Ach_CAProdAll":0.5801886792,"T.GPFood":920,"A.GPFood":901,"Ach_GPFood":0.9793478261,"T.GPOthers":300,"A.GPOthers":127,"Ach_GPOthers":0.4233333333,"AR_Coll":0.4955550326,"Gap_GPFood":0,"Gap_GPOthers":0}
{"Nama Depo":"Depo Tanjung","szEmployeeId":17210036369,"szname":"Muhammad Tamrin","Tipe Salesman":"Sales Representative Mix Yudistira","T.CR":150,"A.CR":209,"Ach_CR":1.3933333333,"A.CA":137,"Ach_CA":0.6555023923,"T.PC":25,"A.PC":23.5384615385,"Ach_PC":0.9415384615,"T.AC":24,"A.AC":23.3846153846,"Ach_AC":0.9743589744,"T.EC":18.75,"A.EC":18.3333333333,"Ach_EC":0.9777777778,"T.ET":16.875,"A.ET":14.5384615385,"Ach_ET":0.8615384615,"T.AvgSKU":26,"A.AvgSKU":16.2262773723,"Strata":"-","T.CAProdW":52,"A.CAProdW":28,"Ach_CAProdW":0.5384615385,"T.CAProdR":150,"A.CAProdR":77,"Ach_CAProdR":0.5133333333,"T.CAProdM":4,"A.CAProdM":2,"Ach_CAProdM":0.5,"Ach_CAProdAll":0.5194174757,"T.GPFood":920,"A.GPFood":861,"Ach_GPFood":0.9358695652,"T.GPOthers":300,"A.GPOthers":132,"Ach_GPOthers":0.44,"AR_Coll":0.3682186631,"Gap_GPFood":0,"Gap_GPOthers":0}
{"Nama Depo":"Depo Tanjung","szEmployeeId":17210037632,"szname":"Robianor","Tipe Salesman":"Sales Representative Mix Yudistira","T.CR":150,"A.CR":212,"Ach_CR":1.4133333333,"A.CA":147,"Ach_CA":0.6933962264,"T.PC":25,"A.PC":26.0769230769,"Ach_PC":1.0430769231,"T.AC":24,"A.AC":26.0769230769,"Ach_AC":1.0865384615,"T.EC":18.75,"A.EC":20.9166666667,"Ach_EC":1.1155555556,"T.ET":16.875,"A.ET":17.3846153846,"Ach_ET":1.0301994302,"T.AvgSKU":26,"A.AvgSKU":16.7074829932,"Strata":"-","T.CAProdW":56,"A.CAProdW":32,"Ach_CAProdW":0.5714285714,"T.CAProdR":149,"A.CAProdR":81,"Ach_CAProdR":0.5436241611,"T.CAProdM":1,"A.CAProdM":0,"Ach_CAProdM":0.0,"Ach_CAProdAll":0.5485436893,"T.GPFood":920,"A.GPFood":1012,"Ach_GPFood":1.1,"T.GPOthers":300,"A.GPOthers":134,"Ach_GPOthers":0.4466666667,"AR_Coll":0.3513427799,"Gap_GPFood":92,"Gap_GPOthers":0}
{"Nama Depo":"Depo Tanjung","szEmployeeId":17210041467,"szname":"Doli Purnama Sari","Tipe Salesman":"Sales Representative Retailer Arjuna","T.CR":250,"A.CR":354,"Ach_CR":1.416,"A.CA":242,"Ach_CA":0.6836158192,"T.PC":25,"A.PC":29.4615384615,"Ach_PC":1.1784615385,"T.AC":24,"A.AC":25.2307692308,"Ach_AC":1.0512820513,"T.EC":18.75,"A.EC":22.5833333333,"Ach_EC":1.2044444444,"T.ET":16.875,"A.ET":20.3076923077,"Ach_ET":1.2034188034,"T.AvgSKU":19,"A.AvgSKU":11.9173553719,"Strata":"-","T.CAProdW":2,"A.CAProdW":0,"Ach_CAProdW":0.0,"T.CAProdR":340,"A.CAProdR":128,"Ach_CAProdR":0.3764705882,"T.CAProdM":10,"A.CAProdM":4,"Ach_CAProdM":0.4,"Ach_CAProdAll":0.375,"T.GPFood":1230,"A.GPFood":1086,"Ach_GPFood":0.8829268293,"T.GPOthers":0,"A.GPOthers":0,"Ach_GPOthers":0.0,"AR_Coll":0.0,"Gap_GPFood":0,"Gap_GPOthers":0}
{"Nama Depo":"Depo Tanjung","szEmployeeId":17210041719,"szname":"Muhammad Iqbal Purwa Atmaja","Tipe Salesman":"Sales Representative Retailer Bima","T.CR":360,"A.CR":354,"Ach_CR":0.9833333333,"A.CA":211,"Ach_CA":0.5960451977,"T.PC":30,"A.PC":29.3076923077,"Ach_PC":0.9769230769,"T.AC":29,"A.AC":29.3076923077,"Ach_AC":1.0106100796,"T.EC":22.5,"A.EC":20.0,"Ach_EC":0.8888888889,"T.ET":20.25,"A.ET":17.4615384615,"Ach_ET":0.8622981956,"T.AvgSKU":11,"A.AvgSKU":6.327014218,"Strata":"-","T.CAProdW":3,"A.CAProdW":1,"Ach_CAProdW":0.3333333333,"T.CAProdR":340,"A.CAProdR":81,"Ach_CAProdR":0.2382352941,"T.CAProdM":9,"A.CAProdM":0,"Ach_CAProdM":0.0,"Ach_CAProdAll":0.2329545455,"T.GPFood":0,"A.GPFood":261,"Ach_GPFood":0.0,"T.GPOthers":0,"A.GPOthers":223,"Ach_GPOthers":0.0,"AR_Coll":0.0,"Gap_GPFood":0,"Gap_GPOthers":0}
