{"Nama Depo":"Depo Tanjung","szEmployeeId":17210032876,"szname":"Asman","Tipe Salesman":"Sales Representative Wholesaler Arjuna","T.CR":120,"A.CR":141,"Ach_CR":1.175,"A.CA":120,"Ach_CA":0.8510638298,"T.PC":17.0,"A.PC":19.9333333333,"Ach_PC":1.1725490196,"T.AC":19.9333333333,"A.AC":18.4666666667,"Ach_AC":0.9264214047,"T.EC":14.95,"A.EC":16.0714285714,"Ach_EC":1.0750119446,"T.ET":14.2025,"A.ET":14.8666666667,"Ach_ET":1.0467640674,"T.AvgSKU":26,"A.AvgSKU":17.375,"Strata":"-","T.CAProdW":124,"A.CAProdW":69,"Ach_CAProdW":0.5564516129,"T.CAProdR":4,"A.CAProdR":0,"Ach_CAProdR":0.0,"T.CAProdM":13,"A.CAProdM":9,"Ach_CAProdM":0.6923076923,"Ach_CAProdAll":0.5531914894,"T.GPFood":1200,"A.GPFood":1095,"Ach_GPFood":0.9125,"T.GPOthers":0,"A.GPOthers":0,"Ach_GPOthers":0.0,"AR_Coll":0.7185258877,"Gap_GPFood":0,"Gap_GPOthers":0,"T.GS":26,"A.GS":15,"Ach_GS":0.5769230769,"Strata_GS":0.0,"EC_Ins":0.9453781513,"CR Pasif":-21,"Loss Pasif":-163279215.7212704718,"Gap TG":-0.0414807294}
{"Nama Depo":"Depo Tanjung","szEmployeeId":17210036369,"szname":"Muhammad Tamrin","Tipe Salesman":"Sales Representative Wholesaler Bima","T.CR":220,"A.CR":150,"Ach_CR":0.6818181818,"A.CA":130,"Ach_CA":0.8666666667,"T.PC":19.0,"A.PC":20.9333333333,"Ach_PC":1.101754386,"T.AC":20.9333333333,"A.AC":19.4,"Ach_AC":0.9267515924,"T.EC":15.7,"A.EC":16.7142857143,"Ach_EC":1.0646041856,"T.ET":14.915,"A.ET":14.4666666667,"Ach_ET":0.9699407755,"T.AvgSKU":12,"A.AvgSKU":7.4461538462,"Strata":"-","T.CAProdW":130,"A.CAProdW":62,"Ach_CAProdW":0.4769230769,"T.CAProdR":4,"A.CAProdR":1,"Ach_CAProdR":0.25,"T.CAProdM":13,"A.CAProdM":6,"Ach_CAProdM":0.4615384615,"Ach_CAProdAll":0.4693877551,"T.GPFood":0,"A.GPFood":178,"Ach_GPFood":0.0,"T.GPOthers":0,"A.GPOthers":195,"Ach_GPOthers":0.0,"AR_Coll":0.6878978228,"Gap_GPFood":0,"Gap_GPOthers":0,"T.GS":26,"A.GS":17,"Ach_GS":0.6538461538,"Strata_GS":1.0,"EC_Ins":0.8796992481,"CR Pasif":-20,"Loss Pasif":-82952204.8714228123,"Gap TG":-0.0600206219}
{"Nama Depo":"Depo Tanjung","szEmployeeId":17210037897,"szname":"Hindra","Tipe Salesman":"Sales Representative Mix Yudistira","T.CR":150,"A.CR":195,"Ach_CR":1.3,"A.CA":154,"Ach_CA":0.7897435897,"T.PC":25.0,"A.PC":24.3333333333,"Ach_PC":0.9733333333,"T.AC":24.3333333333,"A.AC":22.7333333333,"Ach_AC":0.9342465753,"T.EC":18.25,"A.EC":19.5714285714,"Ach_EC":1.072407045,"T.ET":17.3375,"A.ET":16.6,"Ach_ET":0.9574621485,"T.AvgSKU":26,"A.AvgSKU":18.6428571429,"Strata":"-","T.CAProdW":61,"A.CAProdW":45,"Ach_CAProdW":0.737704918,"T.CAProdR":127,"A.CAProdR":70,"Ach_CAProdR":0.5511811024,"T.CAProdM":4,"A.CAProdM":4,"Ach_CAProdM":1.0,"Ach_CAProdAll":0.6197916667,"T.GPFood":920,"A.GPFood":1136,"Ach_GPFood":1.2347826087,"T.GPOthers":300,"A.GPOthers":208,"Ach_GPOthers":0.6933333333,"AR_Coll":0.9272889109,"Gap_GPFood":216,"Gap_GPOthers":0,"T.GS":23,"A.GS":48,"Ach_GS":2.0869565217,"Strata_GS":4.0,"EC_Ins":0.7828571429,"CR Pasif":-41,"Loss Pasif":-31165251.3381276391,"Gap TG":0.0037746394}
{"Nama Depo":"Depo Tanjung","szEmployeeId":17210037632,"szname":"Robianor","Tipe Salesman":"Sales Representative Mix Yudistira","T.CR":150,"A.CR":195,"Ach_CR":1.3,"A.CA":156,"Ach_CA":0.8,"T.PC":25.0,"A.PC":24.7333333333,"Ach_PC":0.9893333333,"T.AC":24.7333333333,"A.AC":23.1333333333,"Ach_AC":0.935309973,"T.EC":18.55,"A.EC":21.4285714286,"Ach_EC":1.1551790528,"T.ET":17.6225,"A.ET":18.6666666667,"Ach_ET":1.0592519033,"T.AvgSKU":26,"A.AvgSKU":18.358974359,"Strata":"-","T.CAProdW":66,"A.CAProdW":44,"Ach_CAProdW":0.6666666667,"T.CAProdR":124,"A.CAProdR":78,"Ach_CAProdR":0.6290322581,"T.CAProdM":1,"A.CAProdM":1,"Ach_CAProdM":1.0,"Ach_CAProdAll":0.6439790576,"T.GPFood":920,"A.GPFood":1292,"Ach_GPFood":1.4043478261,"T.GPOthers":300,"A.GPOthers":201,"Ach_GPOthers":0.67,"AR_Coll":0.7726812592,"Gap_GPFood":372,"Gap_GPOthers":0,"T.GS":23,"A.GS":35,"Ach_GS":1.5217391304,"Strata_GS":4.0,"EC_Ins":0.8571428571,"CR Pasif":-39,"Loss Pasif":-124975054.3614115566,"Gap TG":-0.0358135126}
{"Nama Depo":"Depo Tanjung","szEmployeeId":17210042412,"szname":"Muhammad Rizky Algifari","Tipe Salesman":"Sales Representative Mix Yudistira","T.CR":150,"A.CR":201,"Ach_CR":1.34,"A.CA":161,"Ach_CA":0.8009950249,"T.PC":25.0,"A.PC":26.0,"Ach_PC":1.04,"T.AC":26.0,"A.AC":25.9333333333,"Ach_AC":0.9974358974,"T.EC":19.5,"A.EC":20.0,"Ach_EC":1.0256410256,"T.ET":18.525,"A.ET":17.6,"Ach_ET":0.9500674764,"T.AvgSKU":26,"A.AvgSKU":15.2795031056,"Strata":"-","T.CAProdW":57,"A.CAProdW":32,"Ach_CAProdW":0.5614035088,"T.CAProdR":139,"A.CAProdR":93,"Ach_CAProdR":0.6690647482,"T.CAProdM":3,"A.CAProdM":1,"Ach_CAProdM":0.3333333333,"Ach_CAProdAll":0.6331658291,"T.GPFood":920,"A.GPFood":930,"Ach_GPFood":1.0108695652,"T.GPOthers":300,"A.GPOthers":189,"Ach_GPOthers":0.63,"AR_Coll":0.8437361613,"Gap_GPFood":10,"Gap_GPOthers":0,"T.GS":23,"A.GS":26,"Ach_GS":1.1304347826,"Strata_GS":3.0,"EC_Ins":0.8,"CR Pasif":-40,"Loss Pasif":-46520949.9600251094,"Gap TG":-0.1127977533}
{"Nama Depo":"Depo Tanjung","szEmployeeId":17210041467,"szname":"Doli Purnama Sari","Tipe Salesman":"Sales Representative Retailer Arjuna","T.CR":250,"A.CR":349,"Ach_CR":1.396,"A.CA":263,"Ach_CA":0.7535816619,"T.PC":25.0,"A.PC":29.8666666667,"Ach_PC":1.1946666667,"T.AC":29.8666666667,"A.AC":25.5333333333,"Ach_AC":0.8549107143,"T.EC":22.4,"A.EC":23.0714285714,"Ach_EC":1.0299744898,"T.ET":21.28,"A.ET":20.4666666667,"Ach_ET":0.9617794486,"T.AvgSKU":19,"A.AvgSKU":11.6349809886,"Strata":"-","T.CAProdW":0,"A.CAProdW":0,"Ach_CAProdW":0.0,"T.CAProdR":338,"A.CAProdR":153,"Ach_CAProdR":0.4526627219,"T.CAProdM":10,"A.CAProdM":4,"Ach_CAProdM":0.4,"Ach_CAProdAll":0.4511494253,"T.GPFood":1230,"A.GPFood":1451,"Ach_GPFood":1.1796747967,"T.GPOthers":0,"A.GPOthers":0,"Ach_GPOthers":0.0,"AR_Coll":1.0,"Gap_GPFood":221,"Gap_GPOthers":0,"T.GS":38,"A.GS":100,"Ach_GS":2.6315789474,"Strata_GS":4.0,"EC_Ins":0.9228571429,"CR Pasif":-86,"Loss Pasif":-26578955.1134841107,"Gap TG":-0.0872957503}
{"Nama Depo":"Depo Tanjung","szEmployeeId":17210042423,"szname":"Siti Fatimah Hadijah","Tipe Salesman":"Sales Representative Retailer Bima","T.CR":360,"A.CR":356,"Ach_CR":0.9888888889,"A.CA":243,"Ach_CA":0.6825842697,"T.PC":30.0,"A.PC":30.3333333333,"Ach_PC":1.0111111111,"T.AC":30.3333333333,"A.AC":30.0,"Ach_AC":0.989010989,"T.EC":22.75,"A.EC":22.4285714286,"Ach_EC":0.9858712716,"T.ET":21.6125,"A.ET":19.0666666667,"Ach_ET":0.8822055138,"T.AvgSKU":11,"A.AvgSKU":6.7572016461,"Strata":"-","T.CAProdW":0,"A.CAProdW":0,"Ach_CAProdW":0.0,"T.CAProdR":343,"A.CAProdR":111,"Ach_CAProdR":0.3236151603,"T.CAProdM":10,"A.CAProdM":3,"Ach_CAProdM":0.3,"Ach_CAProdAll":0.3229461756,"T.GPFood":0,"A.GPFood":199,"Ach_GPFood":0.0,"T.GPOthers":0,"A.GPOthers":257,"Ach_GPOthers":0.0,"AR_Coll":1.0,"Gap_GPFood":0,"Gap_GPOthers":0,"T.GS":38,"A.GS":53,"Ach_GS":1.3947368421,"Strata_GS":4.0,"EC_Ins":0.7476190476,"CR Pasif":-113,"Loss Pasif":-14783126.2739439495,"Gap TG":0.1032465627}
{"Nama Depo":"Depo Tanjung","szEmployeeId":17210036576,"szname":"Muhammad Yasir","Tipe Salesman":"Sales Representative Retailer Bima","T.CR":1400,"A.CR":1587,"Ach_CR":1.1335714286,"A.CA":1227,"Ach_CA":0.7731568998,"T.PC":23.7142857143,"A.PC":25.1619047619,"Ach_PC":1.0610441767,"T.AC":25.1619047619,"A.AC":23.6,"Ach_AC":0.9379258138,"T.EC":18.8714285714,"A.EC":19.8979591837,"Ach_EC":1.0543960203,"T.ET":17.9278571429,"A.ET":17.3904761905,"Ach_ET":0.9700253662,"T.AvgSKU":11,"A.AvgSKU":13.6420958698,"Strata":"-","T.CAProdW":438,"A.CAProdW":252,"Ach_CAProdW":0.5753424658,"T.CAProdR":1079,"A.CAProdR":506,"Ach_CAProdR":0.468952734,"T.CAProdM":54,"A.CAProdM":28,"Ach_CAProdM":0.5185185185,"Ach_CAProdAll":0.5003182686,"T.GPFood":5190,"A.GPFood":6281,"Ach_GPFood":1.2102119461,"T.GPOthers":900,"A.GPOthers":1050,"Ach_GPOthers":1.1666666667,"AR_Coll":0.0,"Gap_GPFood":819,"Gap_GPOthers":0,"T.GS":197,"A.GS":294,"Ach_GS":1.4923857868,"Strata_GS":2.8571428571,"EC_Ins":0.839070568,"CR Pasif":-360,"Loss Pasif":-490254757.6396856308,"Gap TG":-0.0416835252}
