{"Nama Depo":"Depo Tanjung","szEmployeeId":17210032876,"szname":"Asman","Tipe Salesman":"Sales Representative Wholesaler Arjuna","T.CR":120,"A.CR":149,"Ach_CR":1.2416666667,"A.CA":131,"Ach_CA":0.8791946309,"T.PC":20,"A.PC":24.2777777778,"Ach_PC":1.2138888889,"T.AC":17,"A.AC":20.8333333333,"Ach_AC":1.2254901961,"T.EC":15.0,"A.EC":16.1666666667,"Ach_EC":1.0777777778,"T.ET":13.5,"A.ET":15.4117647059,"Ach_ET":1.1416122004,"T.AvgSKU":26,"A.AvgSKU":19.8702290076,"Strata":"-","T.CAProdW":78,"A.CAProdW":46,"Ach_CAProdW":0.5897435897,"T.CAProdR":56,"A.CAProdR":48,"Ach_CAProdR":0.8571428571,"T.CAProdM":14,"A.CAProdM":13,"Ach_CAProdM":0.9285714286,"Ach_CAProdAll":0.722972973,"T.GPFood":1200.0,"A.GPFood":1221.0,"Ach_GPFood":1.0175,"T.GPOthers":0.0,"A.GPOthers":18.0,"Ach_GPOthers":0.0,"AR_Coll":0.6445839334,"Gap_GPFood":21,"Gap_GPOthers":0}
{"Nama Depo":"Depo Tanjung","szEmployeeId":17210037897,"szname":"Hindra","Tipe Salesman":"Sales Representative Mix Yudistira","T.CR":150,"A.CR":233,"Ach_CR":1.5533333333,"A.CA":176,"Ach_CA":0.7553648069,"T.PC":25,"A.PC":26.6666666667,"Ach_PC":1.0666666667,"T.AC":24,"A.AC":26.2777777778,"Ach_AC":1.0949074074,"T.EC":18.75,"A.EC":17.9444444444,"Ach_EC":0.957037037,"T.ET":16.875,"A.ET":16.5,"Ach_ET":0.9777777778,"T.AvgSKU":26,"A.AvgSKU":16.9431818182,"Strata":"-","T.CAProdW":46,"A.CAProdW":29,"Ach_CAProdW":0.6304347826,"T.CAProdR":184,"A.CAProdR":111,"Ach_CAProdR":0.6032608696,"T.CAProdM":3,"A.CAProdM":2,"Ach_CAProdM":0.6666666667,"Ach_CAProdAll":0.6094420601,"T.GPFood":920.0,"A.GPFood":1181.0,"Ach_GPFood":1.2836956522,"T.GPOthers":300.0,"A.GPOthers":199.0,"Ach_GPOthers":0.6633333333,"AR_Coll":0.8976134803,"Gap_GPFood":261,"Gap_GPOthers":0}
{"Nama Depo":"Depo Tanjung","szEmployeeId":17210036369,"szname":"Muhammad Tamrin","Tipe Salesman":"Sales Representative Mix Yudistira","T.CR":150,"A.CR":195,"Ach_CR":1.3,"A.CA":149,"Ach_CA":0.7641025641,"T.PC":25,"A.PC":25.1666666667,"Ach_PC":1.0066666667,"T.AC":24,"A.AC":22.5555555556,"Ach_AC":0.9398148148,"T.EC":18.75,"A.EC":15.3333333333,"Ach_EC":0.8177777778,"T.ET":16.875,"A.ET":14.3888888889,"Ach_ET":0.8526748971,"T.AvgSKU":26,"A.AvgSKU":17.4899328859,"Strata":"-","T.CAProdW":52,"A.CAProdW":31,"Ach_CAProdW":0.5961538462,"T.CAProdR":137,"A.CAProdR":82,"Ach_CAProdR":0.598540146,"T.CAProdM":4,"A.CAProdM":2,"Ach_CAProdM":0.5,"Ach_CAProdAll":0.5958549223,"T.GPFood":920.0,"A.GPFood":1043.0,"Ach_GPFood":1.1336956522,"T.GPOthers":300.0,"A.GPOthers":158.0,"Ach_GPOthers":0.5266666667,"AR_Coll":0.7116534342,"Gap_GPFood":123,"Gap_GPOthers":0}
{"Nama Depo":"Depo Tanjung","szEmployeeId":17210037632,"szname":"Robianor","Tipe Salesman":"Sales Representative Mix Yudistira","T.CR":150,"A.CR":199,"Ach_CR":1.3266666667,"A.CA":157,"Ach_CA":0.7889447236,"T.PC":25,"A.PC":26.3333333333,"Ach_PC":1.0533333333,"T.AC":24,"A.AC":26.0555555556,"Ach_AC":1.0856481481,"T.EC":18.75,"A.EC":17.1666666667,"Ach_EC":0.9155555556,"T.ET":16.875,"A.ET":16.4444444444,"Ach_ET":0.9744855967,"T.AvgSKU":26,"A.AvgSKU":19.0891719745,"Strata":"-","T.CAProdW":50,"A.CAProdW":35,"Ach_CAProdW":0.7,"T.CAProdR":144,"A.CAProdR":86,"Ach_CAProdR":0.5972222222,"T.CAProdM":1,"A.CAProdM":1,"Ach_CAProdM":1.0,"Ach_CAProdAll":0.6256410256,"T.GPFood":920.0,"A.GPFood":1173.0,"Ach_GPFood":1.275,"T.GPOthers":300.0,"A.GPOthers":224.0,"Ach_GPOthers":0.7466666667,"AR_Coll":0.910553114,"Gap_GPFood":253,"Gap_GPOthers":0}
{"Nama Depo":"Depo Tanjung","szEmployeeId":17210038077,"szname":"Sopian Sauri","Tipe Salesman":"Sales Representative Wholesaler Bima","T.CR":220,"A.CR":236,"Ach_CR":1.0727272727,"A.CA":155,"Ach_CA":0.656779661,"T.PC":20,"A.PC":24.9444444444,"Ach_PC":1.2472222222,"T.AC":19,"A.AC":22.3333333333,"Ach_AC":1.1754385965,"T.EC":15.0,"A.EC":14.2222222222,"Ach_EC":0.9481481481,"T.ET":13.5,"A.ET":12.1111111111,"Ach_ET":0.8971193416,"T.AvgSKU":12,"A.AvgSKU":6.3870967742,"Strata":"-","T.CAProdW":78,"A.CAProdW":1,"Ach_CAProdW":0.0128205128,"T.CAProdR":141,"A.CAProdR":284,"Ach_CAProdR":2.0141843972,"T.CAProdM":15,"A.CAProdM":7,"Ach_CAProdM":0.4666666667,"Ach_CAProdAll":1.2478632479,"T.GPFood":null,"A.GPFood":null,"Ach_GPFood":null,"T.GPOthers":null,"A.GPOthers":null,"Ach_GPOthers":0.0,"AR_Coll":0.9645842731,"Gap_GPFood":0,"Gap_GPOthers":0}
{"Nama Depo":"Depo Tanjung","szEmployeeId":17210041467,"szname":"Doli Purnama Sari","Tipe Salesman":"Sales Representative Retailer Arjuna","T.CR":250,"A.CR":347,"Ach_CR":1.388,"A.CA":261,"Ach_CA":0.7521613833,"T.PC":25,"A.PC":28.9444444444,"Ach_PC":1.1577777778,"T.AC":24,"A.AC":28.6111111111,"Ach_AC":1.1921296296,"T.EC":18.75,"A.EC":20.0555555556,"Ach_EC":1.0696296296,"T.ET":16.875,"A.ET":18.0,"Ach_ET":1.0666666667,"T.AvgSKU":19,"A.AvgSKU":11.8314176245,"Strata":"-","T.CAProdW":3,"A.CAProdW":1,"Ach_CAProdW":0.3333333333,"T.CAProdR":333,"A.CAProdR":284,"Ach_CAProdR":0.8528528529,"T.CAProdM":9,"A.CAProdM":7,"Ach_CAProdM":0.7777777778,"Ach_CAProdAll":0.8463768116,"T.GPFood":1230.0,"A.GPFood":1222.0,"Ach_GPFood":0.993495935,"T.GPOthers":0.0,"A.GPOthers":0.0,"Ach_GPOthers":0.0,"AR_Coll":1.0,"Gap_GPFood":0,"Gap_GPOthers":0}
{"Nama Depo":"Depo Tanjung","szEmployeeId":17210041719,"szname":"Muhammad Iqbal Purwa Atmaja","Tipe Salesman":"Sales Representative Retailer Bima","T.CR":360,"A.CR":344,"Ach_CR":0.9555555556,"A.CA":229,"Ach_CA":0.6656976744,"T.PC":30,"A.PC":28.8125,"Ach_PC":0.9604166667,"T.AC":29,"A.AC":26.25,"Ach_AC":0.9051724138,"T.EC":22.5,"A.EC":19.0,"Ach_EC":0.8444444444,"T.ET":20.25,"A.ET":18.0714285714,"Ach_ET":0.8924162257,"T.AvgSKU":11,"A.AvgSKU":6.7030567686,"Strata":"-","T.CAProdW":3,"A.CAProdW":1,"Ach_CAProdW":0.3333333333,"T.CAProdR":331,"A.CAProdR":284,"Ach_CAProdR":0.8580060423,"T.CAProdM":8,"A.CAProdM":7,"Ach_CAProdM":0.875,"Ach_CAProdAll":0.8538011696,"T.GPFood":0.0,"A.GPFood":257.0,"Ach_GPFood":0.0,"T.GPOthers":0.0,"A.GPOthers":300.0,"Ach_GPOthers":0.0,"AR_Coll":1.0,"Gap_GPFood":0,"Gap_GPOthers":0}
