{"Nama Depo":"Depo Tanjung","szEmployeeId":17210032876,"szname":"Asman","Tipe Salesman":"Sales Representative Wholesaler Arjuna","T.CR":120,"A.CR":144,"Ach_CR":1.2,"A.CA":117,"Ach_CA":0.8125,"T.PC":17,"A.PC":20.1538461538,"Ach_PC":1.185520362,"T.AC":20.1538461538,"A.AC":20.0,"Ach_AC":0.9923664122,"T.EC":15.1153846154,"A.EC":15.4615384615,"Ach_EC":1.0229007634,"T.ET":14.3596153846,"A.ET":14.0,"Ach_ET":0.9749564752,"T.AvgSKU":26,"A.AvgSKU":13.0427350427,"Strata":"-","T.CAProdW":129,"A.CAProdW":43,"Ach_CAProdW":0.3333333333,"T.CAProdR":0,"A.CAProdR":0,"Ach_CAProdR":0.0,"T.CAProdM":14,"A.CAProdM":10,"Ach_CAProdM":0.7142857143,"Ach_CAProdAll":0.3706293706,"T.GPFood":1200,"A.GPFood":709,"Ach_GPFood":0.5908333333,"T.GPOthers":0,"A.GPOthers":0,"Ach_GPOthers":0.0,"AR_Coll":0.6946680572,"Gap_GPFood":0,"Gap_GPOthers":0,"T.GS":20,"A.GS":7,"Ach_GS":0.35,"Strata_GS":"1","EC_Ins":0.9095022624,"CR Pasif":-27}
{"Nama Depo":"Depo Tanjung","szEmployeeId":17210036369,"szname":"Muhammad Tamrin","Tipe Salesman":"Sales Representative Wholesaler Bima","T.CR":220,"A.CR":152,"Ach_CR":0.6909090909,"A.CA":119,"Ach_CA":0.7828947368,"T.PC":19,"A.PC":21.2307692308,"Ach_PC":1.1174089069,"T.AC":21.2307692308,"A.AC":21.1538461538,"Ach_AC":0.9963768116,"T.EC":15.9230769231,"A.EC":14.3076923077,"Ach_EC":0.8985507246,"T.ET":15.1269230769,"A.ET":13.6923076923,"Ach_ET":0.9051614544,"T.AvgSKU":12,"A.AvgSKU":5.4033613445,"Strata":"-","T.CAProdW":135,"A.CAProdW":40,"Ach_CAProdW":0.2962962963,"T.CAProdR":0,"A.CAProdR":0,"Ach_CAProdR":0.0,"T.CAProdM":14,"A.CAProdM":8,"Ach_CAProdM":0.5714285714,"Ach_CAProdAll":0.322147651,"T.GPFood":0,"A.GPFood":144,"Ach_GPFood":0.0,"T.GPOthers":0,"A.GPOthers":158,"Ach_GPOthers":0.0,"AR_Coll":0.7368369615,"Gap_GPFood":0,"Gap_GPOthers":0,"T.GS":20,"A.GS":13,"Ach_GS":0.65,"Strata_GS":"2","EC_Ins":0.7530364372,"CR Pasif":-33}
{"Nama Depo":"Depo Tanjung","szEmployeeId":17210037897,"szname":"Hindra","Tipe Salesman":"Sales Representative Mix Yudistira","T.CR":150,"A.CR":209,"Ach_CR":1.3933333333,"A.CA":147,"Ach_CA":0.7033492823,"T.PC":25,"A.PC":24.3846153846,"Ach_PC":0.9753846154,"T.AC":24.3846153846,"A.AC":24.2307692308,"Ach_AC":0.9936908517,"T.EC":18.2884615385,"A.EC":16.7692307692,"Ach_EC":0.9169295478,"T.ET":17.3740384615,"A.ET":15.0,"Ach_ET":0.863357131,"T.AvgSKU":26,"A.AvgSKU":14.2925170068,"Strata":"-","T.CAProdW":62,"A.CAProdW":36,"Ach_CAProdW":0.5806451613,"T.CAProdR":131,"A.CAProdR":66,"Ach_CAProdR":0.5038167939,"T.CAProdM":4,"A.CAProdM":3,"Ach_CAProdM":0.75,"Ach_CAProdAll":0.5329949239,"T.GPFood":920,"A.GPFood":831,"Ach_GPFood":0.9032608696,"T.GPOthers":300,"A.GPOthers":153,"Ach_GPOthers":0.51,"AR_Coll":0.6883080952,"Gap_GPFood":0,"Gap_GPOthers":0,"T.GS":20,"A.GS":5,"Ach_GS":0.25,"Strata_GS":"1","EC_Ins":0.6707692308,"CR Pasif":-62}
{"Nama Depo":"Depo Tanjung","szEmployeeId":17210037632,"szname":"Robianor","Tipe Salesman":"Sales Representative Mix Yudistira","T.CR":150,"A.CR":202,"Ach_CR":1.3466666667,"A.CA":143,"Ach_CA":0.7079207921,"T.PC":25,"A.PC":24.9230769231,"Ach_PC":0.9969230769,"T.AC":24.9230769231,"A.AC":24.9230769231,"Ach_AC":1.0,"T.EC":18.6923076923,"A.EC":18.2307692308,"Ach_EC":0.975308642,"T.ET":17.7576923077,"A.ET":16.3846153846,"Ach_ET":0.922677063,"T.AvgSKU":26,"A.AvgSKU":14.3636363636,"Strata":"-","T.CAProdW":67,"A.CAProdW":35,"Ach_CAProdW":0.5223880597,"T.CAProdR":121,"A.CAProdR":63,"Ach_CAProdR":0.520661157,"T.CAProdM":1,"A.CAProdM":0,"Ach_CAProdM":0.0,"Ach_CAProdAll":0.5185185185,"T.GPFood":920,"A.GPFood":833,"Ach_GPFood":0.9054347826,"T.GPOthers":300,"A.GPOthers":159,"Ach_GPOthers":0.53,"AR_Coll":0.7049220473,"Gap_GPFood":0,"Gap_GPOthers":0,"T.GS":20,"A.GS":18,"Ach_GS":0.9,"Strata_GS":"3","EC_Ins":0.7292307692,"CR Pasif":-59}
{"Nama Depo":"Depo Tanjung","szEmployeeId":17210042412,"szname":"Muhammad Rizky Algifari","Tipe Salesman":"Sales Representative Mix Yudistira","T.CR":150,"A.CR":208,"Ach_CR":1.3866666667,"A.CA":139,"Ach_CA":0.6682692308,"T.PC":25,"A.PC":26.5384615385,"Ach_PC":1.0615384615,"T.AC":26.5384615385,"A.AC":26.5384615385,"Ach_AC":1.0,"T.EC":19.9038461538,"A.EC":16.7692307692,"Ach_EC":0.8425120773,"T.ET":18.9086538462,"A.ET":16.0,"Ach_ET":0.8461734045,"T.AvgSKU":26,"A.AvgSKU":12.7050359712,"Strata":"-","T.CAProdW":58,"A.CAProdW":25,"Ach_CAProdW":0.4310344828,"T.CAProdR":144,"A.CAProdR":59,"Ach_CAProdR":0.4097222222,"T.CAProdM":2,"A.CAProdM":1,"Ach_CAProdM":0.5,"Ach_CAProdAll":0.4166666667,"T.GPFood":920,"A.GPFood":622,"Ach_GPFood":0.6760869565,"T.GPOthers":300,"A.GPOthers":116,"Ach_GPOthers":0.3866666667,"AR_Coll":0.8445661615,"Gap_GPFood":0,"Gap_GPOthers":0,"T.GS":20,"A.GS":0,"Ach_GS":0.0,"Strata_GS":"-","EC_Ins":0.6707692308,"CR Pasif":-69}
{"Nama Depo":"Depo Tanjung","szEmployeeId":17210041467,"szname":"Doli Purnama Sari","Tipe Salesman":"Sales Representative Retailer Arjuna","T.CR":250,"A.CR":347,"Ach_CR":1.388,"A.CA":230,"Ach_CA":0.6628242075,"T.PC":25,"A.PC":29.75,"Ach_PC":1.19,"T.AC":29.75,"A.AC":29.75,"Ach_AC":1.0,"T.EC":22.3125,"A.EC":23.4166666667,"Ach_EC":1.0494864613,"T.ET":21.196875,"A.ET":19.75,"Ach_ET":0.9317411175,"T.AvgSKU":19,"A.AvgSKU":9.5956521739,"Strata":"-","T.CAProdW":0,"A.CAProdW":0,"Ach_CAProdW":0.0,"T.CAProdR":306,"A.CAProdR":89,"Ach_CAProdR":0.2908496732,"T.CAProdM":11,"A.CAProdM":4,"Ach_CAProdM":0.3636363636,"Ach_CAProdAll":0.2933753943,"T.GPFood":1230,"A.GPFood":858,"Ach_GPFood":0.6975609756,"T.GPOthers":0,"A.GPOthers":0,"Ach_GPOthers":0.0,"AR_Coll":1.0,"Gap_GPFood":0,"Gap_GPOthers":0,"T.GS":30,"A.GS":32,"Ach_GS":1.0666666667,"Strata_GS":"4","EC_Ins":0.9366666667,"CR Pasif":-117}
{"Nama Depo":"Depo Tanjung","szEmployeeId":17210042423,"szname":"Siti Fatimah Hadijah","Tipe Salesman":"Sales Representative Retailer Bima","T.CR":360,"A.CR":349,"Ach_CR":0.9694444444,"A.CA":183,"Ach_CA":0.5243553009,"T.PC":30,"A.PC":29.7692307692,"Ach_PC":0.9923076923,"T.AC":29.7692307692,"A.AC":29.7692307692,"Ach_AC":1.0,"T.EC":22.3269230769,"A.EC":16.6153846154,"Ach_EC":0.7441860465,"T.ET":21.2105769231,"A.ET":15.0769230769,"Ach_ET":0.7108209801,"T.AvgSKU":11,"A.AvgSKU":5.4699453552,"Strata":"-","T.CAProdW":0,"A.CAProdW":0,"Ach_CAProdW":0.0,"T.CAProdR":337,"A.CAProdR":55,"Ach_CAProdR":0.1632047478,"T.CAProdM":11,"A.CAProdM":1,"Ach_CAProdM":0.0909090909,"Ach_CAProdAll":0.1609195402,"T.GPFood":0,"A.GPFood":179,"Ach_GPFood":0.0,"T.GPOthers":0,"A.GPOthers":164,"Ach_GPOthers":0.0,"AR_Coll":1.0,"Gap_GPFood":0,"Gap_GPOthers":0,"T.GS":30,"A.GS":32,"Ach_GS":1.0666666667,"Strata_GS":"4","EC_Ins":0.5538461538,"CR Pasif":-166}
