{"Nama Depo":"Depo Tanjung","szEmployeeId":17210032876,"szname":"Asman","Tipe Salesman":"Sales Representative Mix Yudistira","T.CR":150,"A.CR":150,"Ach_CR":1.0,"A.CA":131,"Ach_CA":0.8733333333,"T.PC":25,"A.PC":20.5333333333,"Ach_PC":0.8213333333,"T.AC":24,"A.AC":20.4,"Ach_AC":0.85,"T.EC":18.75,"A.EC":18.2857142857,"Ach_EC":0.9752380952,"T.ET":16.875,"A.ET":16.2666666667,"Ach_ET":0.9639506173,"T.AvgSKU":26,"A.AvgSKU":20.9083969466,"Strata":"-","T.CAProdW":79,"A.CAProdW":58,"Ach_CAProdW":0.7341772152,"T.CAProdR":56,"A.CAProdR":49,"Ach_CAProdR":0.875,"T.CAProdM":14,"A.CAProdM":11,"Ach_CAProdM":0.7857142857,"Ach_CAProdAll":0.7919463087,"T.GPFood":920,"A.GPFood":1126,"Ach_GPFood":1.2239130435,"T.GPOthers":300,"A.GPOthers":126,"Ach_GPOthers":0.42,"AR_Coll":0.3558965112,"Gap_GPFood":206,"Gap_GPOthers":0}
{"Nama Depo":"Depo Tanjung","szEmployeeId":17210037897,"szname":"Hindra","Tipe Salesman":"Sales Representative Mix Yudistira","T.CR":150,"A.CR":212,"Ach_CR":1.4133333333,"A.CA":166,"Ach_CA":0.7830188679,"T.PC":25,"A.PC":26.8666666667,"Ach_PC":1.0746666667,"T.AC":24,"A.AC":26.4,"Ach_AC":1.1,"T.EC":18.75,"A.EC":19.7857142857,"Ach_EC":1.0552380952,"T.ET":16.875,"A.ET":17.5333333333,"Ach_ET":1.0390123457,"T.AvgSKU":26,"A.AvgSKU":15.8072289157,"Strata":"-","T.CAProdW":40,"A.CAProdW":22,"Ach_CAProdW":0.55,"T.CAProdR":170,"A.CAProdR":106,"Ach_CAProdR":0.6235294118,"T.CAProdM":2,"A.CAProdM":2,"Ach_CAProdM":1.0,"Ach_CAProdAll":0.6132075472,"T.GPFood":920,"A.GPFood":923,"Ach_GPFood":1.0032608696,"T.GPOthers":300,"A.GPOthers":135,"Ach_GPOthers":0.45,"AR_Coll":0.4753665084,"Gap_GPFood":3,"Gap_GPOthers":0}
{"Nama Depo":"Depo Tanjung","szEmployeeId":17210036369,"szname":"Muhammad Tamrin","Tipe Salesman":"Sales Representative Mix Yudistira","T.CR":150,"A.CR":209,"Ach_CR":1.3933333333,"A.CA":143,"Ach_CA":0.6842105263,"T.PC":25,"A.PC":23.8666666667,"Ach_PC":0.9546666667,"T.AC":24,"A.AC":23.7333333333,"Ach_AC":0.9888888889,"T.EC":18.75,"A.EC":18.5,"Ach_EC":0.9866666667,"T.ET":16.875,"A.ET":14.6,"Ach_ET":0.8651851852,"T.AvgSKU":26,"A.AvgSKU":17.6643356643,"Strata":"-","T.CAProdW":52,"A.CAProdW":32,"Ach_CAProdW":0.6153846154,"T.CAProdR":150,"A.CAProdR":80,"Ach_CAProdR":0.5333333333,"T.CAProdM":4,"A.CAProdM":2,"Ach_CAProdM":0.5,"Ach_CAProdAll":0.5533980583,"T.GPFood":920,"A.GPFood":884,"Ach_GPFood":0.9608695652,"T.GPOthers":300,"A.GPOthers":141,"Ach_GPOthers":0.47,"AR_Coll":0.3230753973,"Gap_GPFood":0,"Gap_GPOthers":0}
{"Nama Depo":"Depo Tanjung","szEmployeeId":17210037632,"szname":"Robianor","Tipe Salesman":"Sales Representative Mix Yudistira","T.CR":150,"A.CR":212,"Ach_CR":1.4133333333,"A.CA":156,"Ach_CA":0.7358490566,"T.PC":25,"A.PC":26.2,"Ach_PC":1.048,"T.AC":24,"A.AC":26.2,"Ach_AC":1.0916666667,"T.EC":18.75,"A.EC":20.9285714286,"Ach_EC":1.1161904762,"T.ET":16.875,"A.ET":17.3333333333,"Ach_ET":1.0271604938,"T.AvgSKU":26,"A.AvgSKU":18.0576923077,"Strata":"-","T.CAProdW":56,"A.CAProdW":37,"Ach_CAProdW":0.6607142857,"T.CAProdR":149,"A.CAProdR":87,"Ach_CAProdR":0.5838926174,"T.CAProdM":1,"A.CAProdM":0,"Ach_CAProdM":0.0,"Ach_CAProdAll":0.6019417476,"T.GPFood":920,"A.GPFood":1076,"Ach_GPFood":1.1695652174,"T.GPOthers":300,"A.GPOthers":142,"Ach_GPOthers":0.4733333333,"AR_Coll":0.3277197383,"Gap_GPFood":156,"Gap_GPOthers":0}
{"Nama Depo":"Depo Tanjung","szEmployeeId":17210041467,"szname":"Doli Purnama Sari","Tipe Salesman":"Sales Representative Retailer Arjuna","T.CR":250,"A.CR":355,"Ach_CR":1.42,"A.CA":263,"Ach_CA":0.7408450704,"T.PC":25,"A.PC":29.6666666667,"Ach_PC":1.1866666667,"T.AC":24,"A.AC":26.0,"Ach_AC":1.0833333333,"T.EC":18.75,"A.EC":22.7142857143,"Ach_EC":1.2114285714,"T.ET":16.875,"A.ET":21.0,"Ach_ET":1.2444444444,"T.AvgSKU":19,"A.AvgSKU":13.0570342205,"Strata":"-","T.CAProdW":2,"A.CAProdW":0,"Ach_CAProdW":0.0,"T.CAProdR":341,"A.CAProdR":156,"Ach_CAProdR":0.4574780059,"T.CAProdM":10,"A.CAProdM":4,"Ach_CAProdM":0.4,"Ach_CAProdAll":0.4532577904,"T.GPFood":1230,"A.GPFood":1189,"Ach_GPFood":0.9666666667,"T.GPOthers":0,"A.GPOthers":0,"Ach_GPOthers":0.0,"AR_Coll":0.0,"Gap_GPFood":0,"Gap_GPOthers":0}
{"Nama Depo":"Depo Tanjung","szEmployeeId":17210041719,"szname":"Muhammad Iqbal Purwa Atmaja","Tipe Salesman":"Sales Representative Retailer Bima","T.CR":360,"A.CR":355,"Ach_CR":0.9861111111,"A.CA":237,"Ach_CA":0.6676056338,"T.PC":30,"A.PC":29.4,"Ach_PC":0.98,"T.AC":29,"A.AC":29.4,"Ach_AC":1.0137931034,"T.EC":22.5,"A.EC":19.8571428571,"Ach_EC":0.8825396825,"T.ET":20.25,"A.ET":18.4666666667,"Ach_ET":0.9119341564,"T.AvgSKU":11,"A.AvgSKU":6.7046413502,"Strata":"-","T.CAProdW":3,"A.CAProdW":1,"Ach_CAProdW":0.3333333333,"T.CAProdR":341,"A.CAProdR":109,"Ach_CAProdR":0.3196480938,"T.CAProdM":9,"A.CAProdM":0,"Ach_CAProdM":0.0,"Ach_CAProdAll":0.3116147309,"T.GPFood":0,"A.GPFood":287,"Ach_GPFood":0.0,"T.GPOthers":0,"A.GPOthers":239,"Ach_GPOthers":0.0,"AR_Coll":0.0,"Gap_GPFood":0,"Gap_GPOthers":0}
