{"Nama Depo":"Depo Tanjung","szEmployeeId":17210032876,"szname":"Asman","Tipe Salesman":"Sales Representative Wholesaler Arjuna","T.CR":120,"A.CR":149,"Ach_CR":1.2416666667,"A.CA":124,"Ach_CA":0.8322147651,"T.PC":20,"A.PC":20.5,"Ach_PC":1.025,"T.AC":17,"A.AC":18.9285714286,"Ach_AC":1.1134453782,"T.EC":15.375,"A.EC":15.4285714286,"Ach_EC":1.0034843206,"T.ET":13.8375,"A.ET":14.5,"Ach_ET":1.0478771454,"T.AvgSKU":26,"A.AvgSKU":16.6693548387,"Strata":"-","T.CAProdW":133,"A.CAProdW":56,"Ach_CAProdW":0.4210526316,"T.CAProdR":2,"A.CAProdR":2,"Ach_CAProdR":1.0,"T.CAProdM":14,"A.CAProdM":10,"Ach_CAProdM":0.7142857143,"Ach_CAProdAll":0.4563758389,"T.GPFood":1200,"A.GPFood":955,"Ach_GPFood":0.7958333333,"T.GPOthers":0,"A.GPOthers":0,"Ach_GPOthers":0.0,"AR_Coll":0.763962879,"Gap_GPFood":0,"Gap_GPOthers":0}
{"Nama Depo":"Depo Tanjung","szEmployeeId":17210037897,"szname":"Hindra","Tipe Salesman":"Sales Representative Mix Yudistira","T.CR":150,"A.CR":215,"Ach_CR":1.4333333333,"A.CA":166,"Ach_CA":0.7720930233,"T.PC":25,"A.PC":27.2142857143,"Ach_PC":1.0885714286,"T.AC":24,"A.AC":25.0,"Ach_AC":1.0416666667,"T.EC":20.4107142857,"A.EC":18.8571428571,"Ach_EC":0.9238845144,"T.ET":18.3696428571,"A.ET":18.6428571429,"Ach_ET":1.0148731409,"T.AvgSKU":26,"A.AvgSKU":15.9698795181,"Strata":"-","T.CAProdW":60,"A.CAProdW":40,"Ach_CAProdW":0.6666666667,"T.CAProdR":149,"A.CAProdR":89,"Ach_CAProdR":0.5973154362,"T.CAProdM":2,"A.CAProdM":1,"Ach_CAProdM":0.5,"Ach_CAProdAll":0.6161137441,"T.GPFood":920,"A.GPFood":962,"Ach_GPFood":1.0456521739,"T.GPOthers":300,"A.GPOthers":136,"Ach_GPOthers":0.4533333333,"AR_Coll":0.753050804,"Gap_GPFood":42,"Gap_GPOthers":0}
{"Nama Depo":"Depo Tanjung","szEmployeeId":17210036369,"szname":"Muhammad Tamrin","Tipe Salesman":"Sales Representative Wholesaler Bima","T.CR":220,"A.CR":152,"Ach_CR":0.6909090909,"A.CA":116,"Ach_CA":0.7631578947,"T.PC":20,"A.PC":20.7857142857,"Ach_PC":1.0392857143,"T.AC":19,"A.AC":16.5714285714,"Ach_AC":0.8721804511,"T.EC":15.5892857143,"A.EC":14.2857142857,"Ach_EC":0.9163802978,"T.ET":14.0303571429,"A.ET":12.7857142857,"Ach_ET":0.9112892962,"T.AvgSKU":12,"A.AvgSKU":5.8275862069,"Strata":"-","T.CAProdW":134,"A.CAProdW":39,"Ach_CAProdW":0.2910447761,"T.CAProdR":2,"A.CAProdR":1,"Ach_CAProdR":0.5,"T.CAProdM":14,"A.CAProdM":4,"Ach_CAProdM":0.2857142857,"Ach_CAProdAll":0.2933333333,"T.GPFood":0,"A.GPFood":160,"Ach_GPFood":0.0,"T.GPOthers":0,"A.GPOthers":161,"Ach_GPOthers":0.0,"AR_Coll":0.7041877331,"Gap_GPFood":0,"Gap_GPOthers":0}
{"Nama Depo":"Depo Tanjung","szEmployeeId":17210037632,"szname":"Robianor","Tipe Salesman":"Sales Representative Mix Yudistira","T.CR":150,"A.CR":214,"Ach_CR":1.4266666667,"A.CA":146,"Ach_CA":0.6822429907,"T.PC":25,"A.PC":25.2857142857,"Ach_PC":1.0114285714,"T.AC":24,"A.AC":25.2857142857,"Ach_AC":1.0535714286,"T.EC":18.9642857143,"A.EC":17.3571428571,"Ach_EC":0.9152542373,"T.ET":17.0678571429,"A.ET":16.5,"Ach_ET":0.9667294413,"T.AvgSKU":26,"A.AvgSKU":16.9863013699,"Strata":"-","T.CAProdW":70,"A.CAProdW":46,"Ach_CAProdW":0.6571428571,"T.CAProdR":137,"A.CAProdR":66,"Ach_CAProdR":0.4817518248,"T.CAProdM":1,"A.CAProdM":1,"Ach_CAProdM":1.0,"Ach_CAProdAll":0.5432692308,"T.GPFood":920,"A.GPFood":1021,"Ach_GPFood":1.1097826087,"T.GPOthers":300,"A.GPOthers":167,"Ach_GPOthers":0.5566666667,"AR_Coll":0.8074587674,"Gap_GPFood":101,"Gap_GPOthers":0}
{"Nama Depo":"Depo Tanjung","szEmployeeId":17210041467,"szname":"Doli Purnama Sari","Tipe Salesman":"Sales Representative Retailer Yudistira","T.CR":360,"A.CR":347,"Ach_CR":0.9638888889,"A.CA":250,"Ach_CA":0.7204610951,"T.PC":30,"A.PC":29.7142857143,"Ach_PC":0.9904761905,"T.AC":29,"A.AC":29.6428571429,"Ach_AC":1.0221674877,"T.EC":22.2857142857,"A.EC":21.5,"Ach_EC":0.9647435897,"T.ET":20.0571428571,"A.ET":20.2857142857,"Ach_ET":1.0113960114,"T.AvgSKU":21,"A.AvgSKU":13.68,"Strata":"1","T.CAProdW":0,"A.CAProdW":0,"Ach_CAProdW":"0x7","T.CAProdR":334,"A.CAProdR":170,"Ach_CAProdR":0.5089820359,"T.CAProdM":11,"A.CAProdM":5,"Ach_CAProdM":0.4545454545,"Ach_CAProdAll":0.5072463768,"T.GPFood":600,"A.GPFood":1243,"Ach_GPFood":2.0716666667,"T.GPOthers":200,"A.GPOthers":162,"Ach_GPOthers":0.81,"AR_Coll":1.0,"Gap_GPFood":643,"Gap_GPOthers":0}
{"Nama Depo":"Depo Tanjung","szEmployeeId":17210041960,"szname":"Bahrudin Rahman","Tipe Salesman":"Sales Representative Mix Yudistira","T.CR":150,"A.CR":212,"Ach_CR":1.4133333333,"A.CA":141,"Ach_CA":0.6650943396,"T.PC":25,"A.PC":25.0,"Ach_PC":1.0,"T.AC":24,"A.AC":23.2857142857,"Ach_AC":0.9702380952,"T.EC":18.75,"A.EC":16.2142857143,"Ach_EC":0.8647619048,"T.ET":16.875,"A.ET":14.9285714286,"Ach_ET":0.8846560847,"T.AvgSKU":26,"A.AvgSKU":15.2127659574,"Strata":"-","T.CAProdW":63,"A.CAProdW":42,"Ach_CAProdW":0.6666666667,"T.CAProdR":142,"A.CAProdR":62,"Ach_CAProdR":0.4366197183,"T.CAProdM":4,"A.CAProdM":2,"Ach_CAProdM":0.5,"Ach_CAProdAll":0.5071770335,"T.GPFood":920,"A.GPFood":913,"Ach_GPFood":0.9923913043,"T.GPOthers":300,"A.GPOthers":144,"Ach_GPOthers":0.48,"AR_Coll":0.9563598439,"Gap_GPFood":0,"Gap_GPOthers":0}
