{"Nama Depo":"Depo Tanjung","szEmployeeId":17210032876,"szname":"Asman","Tipe Salesman":"Sales Representative Wholesaler Arjuna","T.CR":120,"A.CR":143,"Ach_CR":1.1916666667,"A.CA":118,"Ach_CA":0.8251748252,"T.PC":23.8333333333,"A.PC":20.1875,"Ach_PC":0.847027972,"T.AC":20.1875,"A.AC":20.0625,"Ach_AC":0.9938080495,"T.EC":15.140625,"A.EC":16.4666666667,"Ach_EC":1.0875816993,"T.ET":14.38359375,"A.ET":13.9375,"Ach_ET":0.9689859323,"T.AvgSKU":26,"A.AvgSKU":18.7033898305,"Strata":"-","T.CAProdW":130,"A.CAProdW":62,"Ach_CAProdW":0.4769230769,"T.CAProdR":0,"A.CAProdR":0,"Ach_CAProdR":0.0,"T.CAProdM":14,"A.CAProdM":12,"Ach_CAProdM":0.8571428571,"Ach_CAProdAll":0.5138888889,"T.GPFood":1200,"A.GPFood":976,"Ach_GPFood":0.8133333333,"T.GPOthers":0,"A.GPOthers":0,"Ach_GPOthers":0.0,"AR_Coll":0.7976447638,"Gap_GPFood":0,"Gap_GPOthers":0,"T.GS":20,"A.GS":1,"Ach_GS":0.05,"Strata_GS":"-","EC_Ins":0.6909090909}
{"Nama Depo":"Depo Tanjung","szEmployeeId":17210036369,"szname":"Muhammad Tamrin","Tipe Salesman":"Sales Representative Wholesaler Bima","T.CR":220,"A.CR":151,"Ach_CR":0.6863636364,"A.CA":107,"Ach_CA":0.7086092715,"T.PC":24.8333333333,"A.PC":21.0,"Ach_PC":0.8456375839,"T.AC":21.0,"A.AC":21.0,"Ach_AC":1.0,"T.EC":15.75,"A.EC":13.8,"Ach_EC":0.8761904762,"T.ET":14.9625,"A.ET":11.25,"Ach_ET":0.7518796992,"T.AvgSKU":12,"A.AvgSKU":6.5700934579,"Strata":"-","T.CAProdW":134,"A.CAProdW":36,"Ach_CAProdW":0.2686567164,"T.CAProdR":0,"A.CAProdR":0,"Ach_CAProdR":0.0,"T.CAProdM":14,"A.CAProdM":6,"Ach_CAProdM":0.4285714286,"Ach_CAProdAll":0.2837837838,"T.GPFood":0,"A.GPFood":130,"Ach_GPFood":0.0,"T.GPOthers":0,"A.GPOthers":182,"Ach_GPOthers":0.0,"AR_Coll":0.5500957691,"Gap_GPFood":0,"Gap_GPOthers":0,"T.GS":20,"A.GS":0,"Ach_GS":0.0,"Strata_GS":"-","EC_Ins":0.555704698}
{"Nama Depo":"Depo Tanjung","szEmployeeId":17210037897,"szname":"Hindra","Tipe Salesman":"Sales Representative Mix Yudistira","T.CR":150,"A.CR":209,"Ach_CR":1.3933333333,"A.CA":189,"Ach_CA":0.9043062201,"T.PC":34.2777777778,"A.PC":25.0625,"Ach_PC":0.7311588331,"T.AC":25.0625,"A.AC":25.0625,"Ach_AC":1.0,"T.EC":18.796875,"A.EC":18.3333333333,"Ach_EC":0.9753394292,"T.ET":17.85703125,"A.ET":16.5,"Ach_ET":0.924005775,"T.AvgSKU":26,"A.AvgSKU":17.9417989418,"Strata":"-","T.CAProdW":64,"A.CAProdW":45,"Ach_CAProdW":0.703125,"T.CAProdR":137,"A.CAProdR":102,"Ach_CAProdR":0.7445255474,"T.CAProdM":4,"A.CAProdM":3,"Ach_CAProdM":0.75,"Ach_CAProdAll":0.7317073171,"T.GPFood":920,"A.GPFood":1315,"Ach_GPFood":1.4293478261,"T.GPOthers":300,"A.GPOthers":217,"Ach_GPOthers":0.7233333333,"AR_Coll":0.9386259733,"Gap_GPFood":395,"Gap_GPOthers":0,"T.GS":20,"A.GS":0,"Ach_GS":0.0,"Strata_GS":"-","EC_Ins":0.5348460292}
{"Nama Depo":"Depo Tanjung","szEmployeeId":17210037632,"szname":"Robianor","Tipe Salesman":"Sales Representative Mix Yudistira","T.CR":150,"A.CR":203,"Ach_CR":1.3533333333,"A.CA":151,"Ach_CA":0.7438423645,"T.PC":34.2777777778,"A.PC":26.0625,"Ach_PC":0.7603322528,"T.AC":26.0625,"A.AC":26.0625,"Ach_AC":1.0,"T.EC":19.546875,"A.EC":19.6666666667,"Ach_EC":1.0061284306,"T.ET":18.56953125,"A.ET":17.75,"Ach_ET":0.9558668854,"T.AvgSKU":26,"A.AvgSKU":19.2251655629,"Strata":"-","T.CAProdW":68,"A.CAProdW":47,"Ach_CAProdW":0.6911764706,"T.CAProdR":128,"A.CAProdR":77,"Ach_CAProdR":0.6015625,"T.CAProdM":1,"A.CAProdM":1,"Ach_CAProdM":1.0,"Ach_CAProdAll":0.6345177665,"T.GPFood":920,"A.GPFood":1213,"Ach_GPFood":1.3184782609,"T.GPOthers":300,"A.GPOthers":157,"Ach_GPOthers":0.5233333333,"AR_Coll":0.8087457183,"Gap_GPFood":293,"Gap_GPOthers":0,"T.GS":20,"A.GS":0,"Ach_GS":0.0,"Strata_GS":"-","EC_Ins":0.5737439222}
{"Nama Depo":"Depo Tanjung","szEmployeeId":17210042412,"szname":"Muhammad Rizky Algifari","Tipe Salesman":"Sales Representative Mix Yudistira","T.CR":150,"A.CR":208,"Ach_CR":1.3866666667,"A.CA":70,"Ach_CA":0.3365384615,"T.PC":34.2777777778,"A.PC":25.875,"Ach_PC":0.7548622366,"T.AC":25.875,"A.AC":25.625,"Ach_AC":0.9903381643,"T.EC":19.40625,"A.EC":16.0,"Ach_EC":0.8244766506,"T.ET":18.4359375,"A.ET":11.6666666667,"Ach_ET":0.6328219906,"T.AvgSKU":26,"A.AvgSKU":10.9285714286,"Strata":"-","T.CAProdW":50,"A.CAProdW":11,"Ach_CAProdW":0.22,"T.CAProdR":117,"A.CAProdR":27,"Ach_CAProdR":0.2307692308,"T.CAProdM":2,"A.CAProdM":0,"Ach_CAProdM":0.0,"Ach_CAProdAll":0.224852071,"T.GPFood":920,"A.GPFood":311,"Ach_GPFood":0.3380434783,"T.GPOthers":300,"A.GPOthers":58,"Ach_GPOthers":0.1933333333,"AR_Coll":1.0,"Gap_GPFood":0,"Gap_GPOthers":0,"T.GS":20,"A.GS":0,"Ach_GS":0.0,"Strata_GS":"-","EC_Ins":0.4667747164}
{"Nama Depo":"Depo Tanjung","szEmployeeId":17210041467,"szname":"Doli Purnama Sari","Tipe Salesman":"Sales Representative Retailer Arjuna","T.CR":250,"A.CR":347,"Ach_CR":1.388,"A.CA":278,"Ach_CA":0.8011527378,"T.PC":25.0,"A.PC":29.875,"Ach_PC":1.195,"T.AC":29.875,"A.AC":29.6875,"Ach_AC":0.9937238494,"T.EC":22.40625,"A.EC":24.1333333333,"Ach_EC":1.0770804277,"T.ET":21.2859375,"A.ET":21.875,"Ach_ET":1.027673787,"T.AvgSKU":19,"A.AvgSKU":15.0395683453,"Strata":"-","T.CAProdW":0,"A.CAProdW":0,"Ach_CAProdW":0.0,"T.CAProdR":339,"A.CAProdR":182,"Ach_CAProdR":0.5368731563,"T.CAProdM":11,"A.CAProdM":5,"Ach_CAProdM":0.4545454545,"Ach_CAProdAll":0.5342857143,"T.GPFood":1230,"A.GPFood":1501,"Ach_GPFood":1.2203252033,"T.GPOthers":0,"A.GPOthers":113,"Ach_GPOthers":0.0,"AR_Coll":1.0,"Gap_GPFood":271,"Gap_GPOthers":0,"T.GS":30,"A.GS":4,"Ach_GS":0.1333333333,"Strata_GS":"-","EC_Ins":0.9653333333}
{"Nama Depo":"Depo Tanjung","szEmployeeId":17210042423,"szname":"Siti Fatimah Hadijah","Tipe Salesman":"Sales Representative Retailer Bima","T.CR":360,"A.CR":349,"Ach_CR":0.9694444444,"A.CA":113,"Ach_CA":0.323782235,"T.PC":30.0,"A.PC":29.625,"Ach_PC":0.9875,"T.AC":29.625,"A.AC":29.5,"Ach_AC":0.9957805907,"T.EC":22.21875,"A.EC":21.1428571429,"Ach_EC":0.9515772554,"T.ET":21.1078125,"A.ET":18.8333333333,"Ach_ET":0.8922446764,"T.AvgSKU":11,"A.AvgSKU":6.6460176991,"Strata":"-","T.CAProdW":0,"A.CAProdW":0,"Ach_CAProdW":0.0,"T.CAProdR":222,"A.CAProdR":31,"Ach_CAProdR":0.1396396396,"T.CAProdM":9,"A.CAProdM":2,"Ach_CAProdM":0.2222222222,"Ach_CAProdAll":0.1428571429,"T.GPFood":0,"A.GPFood":142,"Ach_GPFood":0.0,"T.GPOthers":0,"A.GPOthers":124,"Ach_GPOthers":0.0,"AR_Coll":1.0,"Gap_GPFood":0,"Gap_GPOthers":0,"T.GS":30,"A.GS":0,"Ach_GS":0.0,"Strata_GS":"-","EC_Ins":0.7047619048}
