{"Nama Depo":"Depo Tanjung","szEmployeeId":17210032876,"szname":"Asman","Tipe Salesman":"Sales Representative Mix Yudistira","T.CR":150,"A.CR":154,"Ach_CR":1.0266666667,"A.CA":141,"Ach_CA":0.9155844156,"T.PC":25,"A.PC":25.92,"Ach_PC":1.0368,"T.AC":24,"A.AC":22.0,"Ach_AC":0.9166666667,"T.EC":18.75,"A.EC":17.5416666667,"Ach_EC":0.9355555556,"T.ET":16.875,"A.ET":15.12,"Ach_ET":0.896,"T.AvgSKU":26,"A.AvgSKU":26.3829787234,"Strata":"3","T.CAProdW":81,"A.CAProdW":66,"Ach_CAProdW":0.8148148148,"T.CAProdR":58,"A.CAProdR":54,"Ach_CAProdR":0.9310344828,"T.CAProdM":14,"A.CAProdM":11,"Ach_CAProdM":0.7857142857,"Ach_CAProdAll":0.8562091503,"T.GPFood":920.0,"A.GPFood":1498.0,"Ach_GPFood":1.6282608696,"T.GPOthers":300.0,"A.GPOthers":236.0,"Ach_GPOthers":0.7866666667,"AR_Coll":0.9633837986}
{"Nama Depo":"Depo Tanjung","szEmployeeId":17210037897,"szname":"Hindra","Tipe Salesman":"Sales Representative Mix Yudistira","T.CR":150,"A.CR":171,"Ach_CR":1.14,"A.CA":156,"Ach_CA":0.9122807018,"T.PC":25,"A.PC":26.92,"Ach_PC":1.0768,"T.AC":24,"A.AC":23.2,"Ach_AC":0.9666666667,"T.EC":18.75,"A.EC":18.5,"Ach_EC":0.9866666667,"T.ET":16.875,"A.ET":15.56,"Ach_ET":0.9220740741,"T.AvgSKU":26,"A.AvgSKU":22.3782051282,"Strata":"1","T.CAProdW":36,"A.CAProdW":29,"Ach_CAProdW":0.8055555556,"T.CAProdR":134,"A.CAProdR":109,"Ach_CAProdR":0.8134328358,"T.CAProdM":1,"A.CAProdM":1,"Ach_CAProdM":1.0,"Ach_CAProdAll":0.8128654971,"T.GPFood":920.0,"A.GPFood":1171.0,"Ach_GPFood":1.272826087,"T.GPOthers":300.0,"A.GPOthers":186.0,"Ach_GPOthers":0.62,"AR_Coll":0.9383751908}
{"Nama Depo":"Depo Tanjung","szEmployeeId":17210036369,"szname":"Muhammad Tamrin","Tipe Salesman":"Sales Representative Mix Yudistira","T.CR":150,"A.CR":162,"Ach_CR":1.08,"A.CA":144,"Ach_CA":0.8888888889,"T.PC":25,"A.PC":26.8,"Ach_PC":1.072,"T.AC":24,"A.AC":23.28,"Ach_AC":0.97,"T.EC":18.75,"A.EC":17.0,"Ach_EC":0.9066666667,"T.ET":16.875,"A.ET":13.08,"Ach_ET":0.7751111111,"T.AvgSKU":26,"A.AvgSKU":23.3194444444,"Strata":"1","T.CAProdW":39,"A.CAProdW":35,"Ach_CAProdW":0.8974358974,"T.CAProdR":118,"A.CAProdR":88,"Ach_CAProdR":0.7457627119,"T.CAProdM":3,"A.CAProdM":2,"Ach_CAProdM":0.6666666667,"Ach_CAProdAll":0.78125,"T.GPFood":920.0,"A.GPFood":1258.0,"Ach_GPFood":1.3673913043,"T.GPOthers":300.0,"A.GPOthers":198.0,"Ach_GPOthers":0.66,"AR_Coll":0.8583092751}
{"Nama Depo":"Depo Tanjung","szEmployeeId":17210037713,"szname":"Rahmani","Tipe Salesman":"Sales Representative Mix Yudistira","T.CR":150,"A.CR":160,"Ach_CR":1.0666666667,"A.CA":138,"Ach_CA":0.8625,"T.PC":25,"A.PC":26.16,"Ach_PC":1.0464,"T.AC":24,"A.AC":21.6,"Ach_AC":0.9,"T.EC":18.75,"A.EC":17.0833333333,"Ach_EC":0.9111111111,"T.ET":16.875,"A.ET":14.56,"Ach_ET":0.8628148148,"T.AvgSKU":26,"A.AvgSKU":22.1884057971,"Strata":"1","T.CAProdW":35,"A.CAProdW":28,"Ach_CAProdW":0.8,"T.CAProdR":120,"A.CAProdR":89,"Ach_CAProdR":0.7416666667,"T.CAProdM":2,"A.CAProdM":2,"Ach_CAProdM":1.0,"Ach_CAProdAll":0.7579617834,"T.GPFood":920.0,"A.GPFood":1111.0,"Ach_GPFood":1.2076086957,"T.GPOthers":300.0,"A.GPOthers":172.0,"Ach_GPOthers":0.5733333333,"AR_Coll":0.9699509988}
{"Nama Depo":"Depo Tanjung","szEmployeeId":17210037632,"szname":"Robianor","Tipe Salesman":"Sales Representative Mix Yudistira","T.CR":150,"A.CR":159,"Ach_CR":1.06,"A.CA":143,"Ach_CA":0.8993710692,"T.PC":25,"A.PC":25.52,"Ach_PC":1.0208,"T.AC":24,"A.AC":22.28,"Ach_AC":0.9283333333,"T.EC":18.75,"A.EC":17.9583333333,"Ach_EC":0.9577777778,"T.ET":16.875,"A.ET":15.04,"Ach_ET":0.8912592593,"T.AvgSKU":26,"A.AvgSKU":25.2027972028,"Strata":"2","T.CAProdW":45,"A.CAProdW":37,"Ach_CAProdW":0.8222222222,"T.CAProdR":110,"A.CAProdR":91,"Ach_CAProdR":0.8272727273,"T.CAProdM":1,"A.CAProdM":1,"Ach_CAProdM":1.0,"Ach_CAProdAll":0.8269230769,"T.GPFood":920.0,"A.GPFood":1280.0,"Ach_GPFood":1.3913043478,"T.GPOthers":300.0,"A.GPOthers":238.0,"Ach_GPOthers":0.7933333333,"AR_Coll":0.9027989963}
{"Nama Depo":"Depo Tanjung","szEmployeeId":17210038077,"szname":"Sopian Sauri","Tipe Salesman":"Sales Representative Retailer Bima","T.CR":360,"A.CR":363,"Ach_CR":1.0083333333,"A.CA":311,"Ach_CA":0.8567493113,"T.PC":30,"A.PC":30.68,"Ach_PC":1.0226666667,"T.AC":29,"A.AC":27.12,"Ach_AC":0.9351724138,"T.EC":22.5,"A.EC":19.5833333333,"Ach_EC":0.8703703704,"T.ET":20.25,"A.ET":16.0,"Ach_ET":0.7901234568,"T.AvgSKU":11,"A.AvgSKU":7.6237942122,"Strata":"1","T.CAProdW":3,"A.CAProdW":1,"Ach_CAProdW":0.3333333333,"T.CAProdR":349,"A.CAProdR":263,"Ach_CAProdR":0.7535816619,"T.CAProdM":9,"A.CAProdM":6,"Ach_CAProdM":0.6666666667,"Ach_CAProdAll":0.7479224377,"T.GPFood":null,"A.GPFood":null,"Ach_GPFood":null,"T.GPOthers":null,"A.GPOthers":null,"Ach_GPOthers":0.0,"AR_Coll":1.0}
{"Nama Depo":"Depo Tanjung","szEmployeeId":17210041467,"szname":"Doli Purnama Sari","Tipe Salesman":"Sales Representative Retailer Arjuna","T.CR":250,"A.CR":358,"Ach_CR":1.432,"A.CA":306,"Ach_CA":0.8547486034,"T.PC":25,"A.PC":29.8,"Ach_PC":1.192,"T.AC":24,"A.AC":26.16,"Ach_AC":1.09,"T.EC":18.75,"A.EC":20.1666666667,"Ach_EC":1.0755555556,"T.ET":16.875,"A.ET":18.92,"Ach_ET":1.1211851852,"T.AvgSKU":19,"A.AvgSKU":14.4509803922,"Strata":"-","T.CAProdW":3,"A.CAProdW":1,"Ach_CAProdW":0.3333333333,"T.CAProdR":344,"A.CAProdR":263,"Ach_CAProdR":0.7645348837,"T.CAProdM":9,"A.CAProdM":6,"Ach_CAProdM":0.6666666667,"Ach_CAProdAll":0.7584269663,"T.GPFood":1230.0,"A.GPFood":1548.0,"Ach_GPFood":1.2585365854,"T.GPOthers":0.0,"A.GPOthers":0.0,"Ach_GPOthers":0.0,"AR_Coll":1.0}
