{"Nama Depo":"Depo Tanjung","szEmployeeId":17210032876,"szname":"Asman","Tipe Salesman":"Sales Representative Mix Yudistira","T.CR":150,"A.CR":150,"Ach_CR":1.0,"A.CA":120,"Ach_CA":0.8,"T.PC":25,"A.PC":20.6666666667,"Ach_PC":0.8266666667,"T.AC":24,"A.AC":20.5,"Ach_AC":0.8541666667,"T.EC":18.75,"A.EC":18.3,"Ach_EC":0.976,"T.ET":16.875,"A.ET":15.8333333333,"Ach_ET":0.9382716049,"T.AvgSKU":26,"A.AvgSKU":18.625,"Strata":"-","T.CAProdW":79,"A.CAProdW":51,"Ach_CAProdW":0.6455696203,"T.CAProdR":56,"A.CAProdR":39,"Ach_CAProdR":0.6964285714,"T.CAProdM":14,"A.CAProdM":10,"Ach_CAProdM":0.7142857143,"Ach_CAProdAll":0.6711409396,"T.GPFood":920,"A.GPFood":920,"Ach_GPFood":1.0,"T.GPOthers":300,"A.GPOthers":102,"Ach_GPOthers":0.34,"AR_Coll":0.8161834831,"Gap_GPFood":0,"Gap_GPOthers":0}
{"Nama Depo":"Depo Tanjung","szEmployeeId":17210037897,"szname":"Hindra","Tipe Salesman":"Sales Representative Mix Yudistira","T.CR":150,"A.CR":211,"Ach_CR":1.4066666667,"A.CA":158,"Ach_CA":0.7488151659,"T.PC":25,"A.PC":26.5833333333,"Ach_PC":1.0633333333,"T.AC":24,"A.AC":26.0833333333,"Ach_AC":1.0868055556,"T.EC":18.75,"A.EC":20.9,"Ach_EC":1.1146666667,"T.ET":16.875,"A.ET":17.8333333333,"Ach_ET":1.0567901235,"T.AvgSKU":26,"A.AvgSKU":14.2025316456,"Strata":"-","T.CAProdW":40,"A.CAProdW":17,"Ach_CAProdW":0.425,"T.CAProdR":169,"A.CAProdR":97,"Ach_CAProdR":0.573964497,"T.CAProdM":2,"A.CAProdM":2,"Ach_CAProdM":1.0,"Ach_CAProdAll":0.5497630332,"T.GPFood":920,"A.GPFood":801,"Ach_GPFood":0.8706521739,"T.GPOthers":300,"A.GPOthers":121,"Ach_GPOthers":0.4033333333,"AR_Coll":0.8583547522,"Gap_GPFood":0,"Gap_GPOthers":0}
{"Nama Depo":"Depo Tanjung","szEmployeeId":17210036369,"szname":"Muhammad Tamrin","Tipe Salesman":"Sales Representative Mix Yudistira","T.CR":150,"A.CR":209,"Ach_CR":1.3933333333,"A.CA":129,"Ach_CA":0.6172248804,"T.PC":25,"A.PC":23.5833333333,"Ach_PC":0.9433333333,"T.AC":24,"A.AC":23.4166666667,"Ach_AC":0.9756944444,"T.EC":18.75,"A.EC":18.6,"Ach_EC":0.992,"T.ET":16.875,"A.ET":14.25,"Ach_ET":0.8444444444,"T.AvgSKU":26,"A.AvgSKU":15.7131782946,"Strata":"-","T.CAProdW":52,"A.CAProdW":24,"Ach_CAProdW":0.4615384615,"T.CAProdR":150,"A.CAProdR":70,"Ach_CAProdR":0.4666666667,"T.CAProdM":4,"A.CAProdM":2,"Ach_CAProdM":0.5,"Ach_CAProdAll":0.4660194175,"T.GPFood":920,"A.GPFood":752,"Ach_GPFood":0.8173913043,"T.GPOthers":300,"A.GPOthers":104,"Ach_GPOthers":0.3466666667,"AR_Coll":0.8814314488,"Gap_GPFood":0,"Gap_GPOthers":0}
{"Nama Depo":"Depo Tanjung","szEmployeeId":17210037632,"szname":"Robianor","Tipe Salesman":"Sales Representative Mix Yudistira","T.CR":150,"A.CR":211,"Ach_CR":1.4066666667,"A.CA":138,"Ach_CA":0.654028436,"T.PC":25,"A.PC":26.1666666667,"Ach_PC":1.0466666667,"T.AC":24,"A.AC":26.1666666667,"Ach_AC":1.0902777778,"T.EC":18.75,"A.EC":21.0,"Ach_EC":1.12,"T.ET":16.875,"A.ET":16.8333333333,"Ach_ET":0.9975308642,"T.AvgSKU":26,"A.AvgSKU":16.3333333333,"Strata":"-","T.CAProdW":56,"A.CAProdW":30,"Ach_CAProdW":0.5357142857,"T.CAProdR":148,"A.CAProdR":76,"Ach_CAProdR":0.5135135135,"T.CAProdM":1,"A.CAProdM":0,"Ach_CAProdM":0.0,"Ach_CAProdAll":0.5170731707,"T.GPFood":920,"A.GPFood":873,"Ach_GPFood":0.9489130435,"T.GPOthers":300,"A.GPOthers":115,"Ach_GPOthers":0.3833333333,"AR_Coll":0.9525713858,"Gap_GPFood":0,"Gap_GPOthers":0}
{"Nama Depo":"Depo Tanjung","szEmployeeId":17210041467,"szname":"Doli Purnama Sari","Tipe Salesman":"Sales Representative Retailer Arjuna","T.CR":250,"A.CR":353,"Ach_CR":1.412,"A.CA":236,"Ach_CA":0.6685552408,"T.PC":25,"A.PC":29.8333333333,"Ach_PC":1.1933333333,"T.AC":24,"A.AC":25.25,"Ach_AC":1.0520833333,"T.EC":18.75,"A.EC":22.7,"Ach_EC":1.2106666667,"T.ET":16.875,"A.ET":20.1666666667,"Ach_ET":1.1950617284,"T.AvgSKU":19,"A.AvgSKU":11.3050847458,"Strata":"-","T.CAProdW":2,"A.CAProdW":0,"Ach_CAProdW":0.0,"T.CAProdR":339,"A.CAProdR":117,"Ach_CAProdR":0.3451327434,"T.CAProdM":10,"A.CAProdM":4,"Ach_CAProdM":0.4,"Ach_CAProdAll":0.3447293447,"T.GPFood":1230,"A.GPFood":919,"Ach_GPFood":0.7471544715,"T.GPOthers":0,"A.GPOthers":0,"Ach_GPOthers":0.0,"AR_Coll":1.0,"Gap_GPFood":0,"Gap_GPOthers":0}
{"Nama Depo":"Depo Tanjung","szEmployeeId":17210041719,"szname":"Muhammad Iqbal Purwa Atmaja","Tipe Salesman":"Sales Representative Retailer Bima","T.CR":360,"A.CR":353,"Ach_CR":0.9805555556,"A.CA":205,"Ach_CA":0.5807365439,"T.PC":30,"A.PC":29.75,"Ach_PC":0.9916666667,"T.AC":29,"A.AC":29.75,"Ach_AC":1.025862069,"T.EC":22.5,"A.EC":19.9,"Ach_EC":0.8844444444,"T.ET":20.25,"A.ET":17.1666666667,"Ach_ET":0.8477366255,"T.AvgSKU":11,"A.AvgSKU":5.9365853659,"Strata":"-","T.CAProdW":3,"A.CAProdW":1,"Ach_CAProdW":0.3333333333,"T.CAProdR":339,"A.CAProdR":67,"Ach_CAProdR":0.197640118,"T.CAProdM":9,"A.CAProdM":0,"Ach_CAProdM":0.0,"Ach_CAProdAll":0.1937321937,"T.GPFood":0,"A.GPFood":216,"Ach_GPFood":0.0,"T.GPOthers":0,"A.GPOthers":171,"Ach_GPOthers":0.0,"AR_Coll":1.0,"Gap_GPFood":0,"Gap_GPOthers":0}
