{"Tgl":"4\/1\/2026","Target":130671433.6345999837,"SO":73443469.6499998122,"DO":80709990.5418138504,"Gap SO DO":0.0}
{"Tgl":"4\/2\/2026","Target":130671433.6345999837,"SO":110094513.1699995697,"DO":79554955.4673138708,"Gap SO DO":0.0}
{"Tgl":"4\/3\/2026","Target":0.0,"SO":95656618.9299996495,"DO":84550320.7278147787,"Gap SO DO":11106851.0778149664}
{"Tgl":"4\/4\/2026","Target":130671433.6345999837,"SO":194485807.0900003612,"DO":104098895.4275588989,"Gap SO DO":-5995617.7424406707}
{"Tgl":"4\/6\/2026","Target":130671433.6345999837,"SO":0.0,"DO":0.0,"Gap SO DO":-95656618.9299996495}
{"Tgl":"4\/7\/2026","Target":130671433.6345999837,"SO":0.0,"DO":0.0,"Gap SO DO":-194485807.0900003612}
{"Tgl":"4\/8\/2026","Target":130671433.6345999837,"SO":0.0,"DO":0.0,"Gap SO DO":0.0}
{"Tgl":"4\/9\/2026","Target":130671433.6345999837,"SO":0.0,"DO":0.0,"Gap SO DO":0.0}
{"Tgl":"4\/10\/2026","Target":130671433.6345999837,"SO":0.0,"DO":0.0,"Gap SO DO":0.0}
{"Tgl":"4\/11\/2026","Target":130671433.6345999837,"SO":0.0,"DO":0.0,"Gap SO DO":0.0}
{"Tgl":"4\/13\/2026","Target":130671433.6345999837,"SO":0.0,"DO":0.0,"Gap SO DO":0.0}
{"Tgl":"4\/14\/2026","Target":130671433.6345999837,"SO":0.0,"DO":0.0,"Gap SO DO":0.0}
{"Tgl":"4\/15\/2026","Target":130671433.6345999837,"SO":0.0,"DO":0.0,"Gap SO DO":0.0}
{"Tgl":"4\/16\/2026","Target":130671433.6345999837,"SO":0.0,"DO":0.0,"Gap SO DO":0.0}
{"Tgl":"4\/17\/2026","Target":130671433.6345999837,"SO":0.0,"DO":0.0,"Gap SO DO":0.0}
{"Tgl":"4\/18\/2026","Target":130671433.6345999837,"SO":0.0,"DO":0.0,"Gap SO DO":0.0}
{"Tgl":"4\/20\/2026","Target":130671433.6345999837,"SO":0.0,"DO":0.0,"Gap SO DO":0.0}
{"Tgl":"4\/21\/2026","Target":130671433.6345999837,"SO":0.0,"DO":0.0,"Gap SO DO":0.0}
{"Tgl":"4\/22\/2026","Target":130671433.6345999837,"SO":0.0,"DO":0.0,"Gap SO DO":0.0}
{"Tgl":"4\/23\/2026","Target":130671433.6345999837,"SO":0.0,"DO":0.0,"Gap SO DO":0.0}
{"Tgl":"4\/24\/2026","Target":130671433.6345999837,"SO":0.0,"DO":0.0,"Gap SO DO":0.0}
{"Tgl":"4\/25\/2026","Target":130671433.6345999837,"SO":0.0,"DO":0.0,"Gap SO DO":0.0}
{"Tgl":"4\/27\/2026","Target":130671433.6345999837,"SO":0.0,"DO":0.0,"Gap SO DO":null}
{"Tgl":"4\/28\/2026","Target":130671433.6345999837,"SO":0.0,"DO":0.0,"Gap SO DO":null}
{"Tgl":"4\/29\/2026","Target":130671433.6345999837,"SO":0.0,"DO":0.0,"Gap SO DO":null}
{"Tgl":"4\/30\/2026","Target":130671433.6345999837,"SO":0.0,"DO":0.0,"Gap SO DO":null}
{"Tgl":0,"Target":0.0,"SO":0.0,"DO":0.0,"Gap SO DO":null}
