{"Tgl":"2\/2\/2026","Target":137775468.360520035,"SO":124882155.9999995381,"DO":20088894.9184500054}
{"Tgl":"2\/3\/2026","Target":137775468.360520035,"SO":65719641.9400000647,"DO":59286993.2917550132}
{"Tgl":"2\/4\/2026","Target":137775468.360520035,"SO":46186999.3199999481,"DO":114595586.6469749808}
{"Tgl":"2\/5\/2026","Target":137775468.360520035,"SO":74241171.5099998116,"DO":65255829.8480369598}
{"Tgl":"2\/6\/2026","Target":137775468.360520035,"SO":88240195.3699995726,"DO":54787680.0331359282}
{"Tgl":"2\/7\/2026","Target":137775468.360520035,"SO":170572640.1799997985,"DO":51483693.4554699734}
{"Tgl":"2\/9\/2026","Target":137775468.360520035,"SO":132430805.3399996459,"DO":107935879.5459669679}
{"Tgl":"2\/10\/2026","Target":137775468.360520035,"SO":112347971.7599996477,"DO":145058645.6379719377}
{"Tgl":"2\/11\/2026","Target":137775468.360520035,"SO":87603991.3599998504,"DO":104298420.4248939604}
{"Tgl":"2\/12\/2026","Target":137775468.360520035,"SO":99280275.0999998301,"DO":105797919.1324448735}
{"Tgl":"2\/13\/2026","Target":137775468.360520035,"SO":87620601.6399998665,"DO":93166522.1179819852}
{"Tgl":"2\/14\/2026","Target":137775468.360520035,"SO":115662654.3099995404,"DO":76944881.3747949153}
{"Tgl":"2\/16\/2026","Target":137775468.360520035,"SO":121965977.8299997151,"DO":94084803.4284198433}
{"Tgl":"2\/17\/2026","Target":0.0,"SO":97766168.7999996245,"DO":115480898.4131089002}
{"Tgl":"2\/18\/2026","Target":137775468.360520035,"SO":71249990.0299999118,"DO":82585555.556816861}
{"Tgl":"2\/19\/2026","Target":137775468.360520035,"SO":0.0,"DO":0.0}
{"Tgl":"2\/20\/2026","Target":137775468.360520035,"SO":0.0,"DO":0.0}
{"Tgl":"2\/21\/2026","Target":137775468.360520035,"SO":0.0,"DO":0.0}
{"Tgl":"2\/23\/2026","Target":137775468.360520035,"SO":0.0,"DO":0.0}
{"Tgl":"2\/24\/2026","Target":137775468.360520035,"SO":0.0,"DO":0.0}
{"Tgl":"2\/25\/2026","Target":137775468.360520035,"SO":0.0,"DO":0.0}
{"Tgl":"2\/26\/2026","Target":137775468.360520035,"SO":0.0,"DO":0.0}
{"Tgl":"2\/27\/2026","Target":137775468.360520035,"SO":0.0,"DO":0.0}
{"Tgl":"2\/28\/2026","Target":137775468.360520035,"SO":0.0,"DO":0.0}
{"Tgl":0,"Target":0.0,"SO":0.0,"DO":0.0}
{"Tgl":0,"Target":0.0,"SO":0.0,"DO":0.0}
{"Tgl":0,"Target":0.0,"SO":0.0,"DO":0.0}
