{"Tgl":"11\/1\/2025","Target":135977736.718170017,"SO":85833683.7399992347,"DO":39024121.405580923}
{"Tgl":"11\/3\/2025","Target":135977736.718170017,"SO":107522566.3399997503,"DO":71847097.3673829287}
{"Tgl":"11\/4\/2025","Target":135977736.718170017,"SO":88202498.4699997306,"DO":91508739.292516917}
{"Tgl":"11\/5\/2025","Target":135977736.718170017,"SO":54043211.2499999255,"DO":81732678.1810629517}
{"Tgl":"11\/6\/2025","Target":135977736.718170017,"SO":79527105.4699997455,"DO":72584931.5622709244}
{"Tgl":"11\/7\/2025","Target":135977736.718170017,"SO":110904277.789999038,"DO":61309349.7156389952}
{"Tgl":"11\/8\/2025","Target":135977736.718170017,"SO":128956042.7199990153,"DO":90055519.9716419727}
{"Tgl":"11\/10\/2025","Target":135977736.718170017,"SO":116404501.9899988025,"DO":116369941.3503900021}
{"Tgl":"11\/11\/2025","Target":135977736.718170017,"SO":128270854.6999977827,"DO":114898192.4603977501}
{"Tgl":"11\/12\/2025","Target":135977736.718170017,"SO":73351544.4099998772,"DO":115412895.3051957637}
{"Tgl":"11\/13\/2025","Target":135977736.718170017,"SO":99672300.2799996734,"DO":96535338.2182658464}
{"Tgl":"11\/14\/2025","Target":135977736.718170017,"SO":88766360.4299998134,"DO":68729524.2104249597}
{"Tgl":"11\/15\/2025","Target":135977736.718170017,"SO":164250535.5500000715,"DO":98304097.8262159526}
{"Tgl":"11\/17\/2025","Target":135977736.718170017,"SO":90358249.6299993694,"DO":101200176.2420490682}
{"Tgl":"11\/18\/2025","Target":135977736.718170017,"SO":108391115.8099982291,"DO":126078048.0940197706}
{"Tgl":"11\/19\/2025","Target":135977736.718170017,"SO":75770137.1799999774,"DO":96761355.5301368386}
{"Tgl":"11\/20\/2025","Target":135977736.718170017,"SO":94836184.0899990648,"DO":86051098.8019478172}
{"Tgl":"11\/21\/2025","Target":135977736.718170017,"SO":156942798.7999999523,"DO":86950159.5368949473}
{"Tgl":"11\/22\/2025","Target":135977736.718170017,"SO":247219466.1600007415,"DO":80619318.0747189373}
{"Tgl":"11\/24\/2025","Target":135977736.718170017,"SO":326008017.8000009656,"DO":135895008.9182688594}
{"Tgl":"11\/25\/2025","Target":135977736.718170017,"SO":197609717.0600002408,"DO":225790714.8863252699}
{"Tgl":"11\/26\/2025","Target":135977736.718170017,"SO":0.0,"DO":0.0}
{"Tgl":"11\/27\/2025","Target":135977736.718170017,"SO":0.0,"DO":0.0}
{"Tgl":"11\/28\/2025","Target":135977736.718170017,"SO":0.0,"DO":0.0}
{"Tgl":"11\/29\/2025","Target":135977736.718170017,"SO":0.0,"DO":0.0}
{"Tgl":0,"Target":0.0,"SO":0.0,"DO":0.0}
