{"Tgl":"7\/1\/2025","Target":124988623.0147100985,"SO":87286434.6299999207,"DO":57368340.6922060102}
{"Tgl":"7\/2\/2025","Target":124988623.0147100985,"SO":56386970.7299998701,"DO":71780625.6561648846}
{"Tgl":"7\/3\/2025","Target":124988623.0147100985,"SO":77403446.1199999005,"DO":72806533.6802007556}
{"Tgl":"7\/4\/2025","Target":124988623.0147100985,"SO":77721677.3499999344,"DO":38836058.7098620236}
{"Tgl":"7\/5\/2025","Target":124988623.0147100985,"SO":102601185.0799999833,"DO":71316718.0777639151}
{"Tgl":"7\/7\/2025","Target":124988623.0147100985,"SO":121156639.8299992383,"DO":77384697.4985497296}
{"Tgl":"7\/8\/2025","Target":124988623.0147100985,"SO":107879855.7899998873,"DO":96761377.0913468897}
{"Tgl":"7\/9\/2025","Target":124988623.0147100985,"SO":82158540.2600000501,"DO":114513349.7382537574}
{"Tgl":"7\/10\/2025","Target":124988623.0147100985,"SO":86909454.6199999154,"DO":112578500.9511548877}
{"Tgl":"7\/11\/2025","Target":124988623.0147100985,"SO":127750718.889999643,"DO":80987019.770265907}
{"Tgl":"7\/12\/2025","Target":124988623.0147100985,"SO":155367976.6200006902,"DO":82644487.9584688246}
{"Tgl":"7\/14\/2025","Target":124988623.0147100985,"SO":127974211.1099998057,"DO":115279864.4325824529}
{"Tgl":"7\/15\/2025","Target":124988623.0147100985,"SO":0.0,"DO":86131855.2076086551}
{"Tgl":"7\/16\/2025","Target":124988623.0147100985,"SO":0.0,"DO":0.0}
{"Tgl":"7\/17\/2025","Target":124988623.0147100985,"SO":0.0,"DO":0.0}
{"Tgl":"7\/18\/2025","Target":124988623.0147100985,"SO":0.0,"DO":0.0}
{"Tgl":"7\/19\/2025","Target":124988623.0147100985,"SO":0.0,"DO":0.0}
{"Tgl":"7\/21\/2025","Target":124988623.0147100985,"SO":0.0,"DO":0.0}
{"Tgl":"7\/22\/2025","Target":124988623.0147100985,"SO":0.0,"DO":0.0}
{"Tgl":"7\/23\/2025","Target":124988623.0147100985,"SO":0.0,"DO":0.0}
{"Tgl":"7\/24\/2025","Target":124988623.0147100985,"SO":0.0,"DO":0.0}
{"Tgl":"7\/25\/2025","Target":124988623.0147100985,"SO":0.0,"DO":0.0}
{"Tgl":"7\/26\/2025","Target":124988623.0147100985,"SO":0.0,"DO":0.0}
{"Tgl":"7\/28\/2025","Target":124988623.0147100985,"SO":0.0,"DO":0.0}
{"Tgl":"7\/29\/2025","Target":124988623.0147100985,"SO":0.0,"DO":0.0}
{"Tgl":"7\/30\/2025","Target":124988623.0147100985,"SO":0.0,"DO":0.0}
{"Tgl":"7\/31\/2025","Target":124988623.0147100985,"SO":0.0,"DO":0.0}
