{"Tgl":"3\/2\/2026","Target":126782734.2276300192,"SO":142744182.9699999094,"DO":29709538.4151990041}
{"Tgl":"3\/3\/2026","Target":126782734.2276300043,"SO":90876030.7399998456,"DO":95584164.5311169624}
{"Tgl":"3\/4\/2026","Target":126782734.2276300043,"SO":70907833.7099997997,"DO":107986242.1452409178}
{"Tgl":"3\/5\/2026","Target":126782734.2276300043,"SO":91695447.1399996132,"DO":81144402.066075936}
{"Tgl":"3\/6\/2026","Target":126782734.2276300043,"SO":148235003.8600002527,"DO":42846960.7274019867}
{"Tgl":"3\/7\/2026","Target":126782734.2276300043,"SO":163211099.6300003529,"DO":99846655.6704678088}
{"Tgl":"3\/9\/2026","Target":126782734.2276300043,"SO":200635764.3300007582,"DO":161858831.5834142268}
{"Tgl":"3\/10\/2026","Target":126782734.2276300043,"SO":128961523.4999994338,"DO":127434646.7472229302}
{"Tgl":"3\/11\/2026","Target":126782734.2276300043,"SO":89939831.8499996215,"DO":164951898.9027609825}
{"Tgl":"3\/12\/2026","Target":126782734.2276300043,"SO":105320290.8799996227,"DO":125027995.8778437674}
{"Tgl":"3\/13\/2026","Target":126782734.2276300043,"SO":159978065.7900001109,"DO":68169190.4634770006}
{"Tgl":"3\/14\/2026","Target":126782734.2276300043,"SO":215276334.5100005567,"DO":89316917.2689300478}
{"Tgl":"3\/16\/2026","Target":126782734.2276300043,"SO":0.0,"DO":0.0}
{"Tgl":"3\/17\/2026","Target":126782734.2276300043,"SO":0.0,"DO":0.0}
{"Tgl":"3\/18\/2026","Target":126782734.2276300043,"SO":0.0,"DO":0.0}
{"Tgl":"3\/24\/2026","Target":126782734.2276300043,"SO":0.0,"DO":0.0}
{"Tgl":"3\/25\/2026","Target":126782734.2276300043,"SO":0.0,"DO":0.0}
{"Tgl":"3\/26\/2026","Target":126782734.2276300043,"SO":0.0,"DO":0.0}
{"Tgl":"3\/27\/2026","Target":126782734.2276300043,"SO":0.0,"DO":0.0}
{"Tgl":"3\/28\/2026","Target":126782734.2276300043,"SO":0.0,"DO":0.0}
{"Tgl":"3\/30\/2026","Target":126782734.2276300043,"SO":0.0,"DO":0.0}
{"Tgl":"3\/31\/2026","Target":126782734.2276300192,"SO":0.0,"DO":0.0}
{"Tgl":0,"Target":0.0,"SO":0.0,"DO":0.0}
{"Tgl":0,"Target":0.0,"SO":0.0,"DO":0.0}
{"Tgl":0,"Target":0.0,"SO":0.0,"DO":0.0}
{"Tgl":0,"Target":0.0,"SO":0.0,"DO":0.0}
{"Tgl":0,"Target":0.0,"SO":0.0,"DO":0.0}
