{"Tgl":1,"Target":0.0,"SO":0.0,"DO":0.0}
{"Tgl":2,"Target":127033525.6106999665,"SO":67834989.5500000268,"DO":44751913.633566007}
{"Tgl":3,"Target":127033525.6106999665,"SO":79124212.4700000286,"DO":99834206.7157077938}
{"Tgl":4,"Target":127033525.6106999665,"SO":59650865.8700000569,"DO":70955179.6097559631}
{"Tgl":5,"Target":127033525.6106999665,"SO":48214987.1400000453,"DO":84994376.3422439098}
{"Tgl":6,"Target":0.0,"SO":0.0,"DO":0.0}
{"Tgl":7,"Target":127033525.6106999665,"SO":102086006.3700000346,"DO":23379287.8485380076}
{"Tgl":8,"Target":0.0,"SO":0.0,"DO":0.0}
{"Tgl":9,"Target":127033525.6106999665,"SO":178872854.5700002909,"DO":51828303.0123719797}
{"Tgl":10,"Target":127033525.6106999665,"SO":99691426.619999975,"DO":112945527.5212687105}
{"Tgl":11,"Target":127033525.6106999665,"SO":99777403.5899999738,"DO":136631036.2961128354}
{"Tgl":12,"Target":127033525.6106999665,"SO":113439081.9000000954,"DO":118409161.5567156821}
{"Tgl":13,"Target":127033525.6106999665,"SO":143898655.6499998868,"DO":78291161.0038047433}
{"Tgl":14,"Target":127033525.6106999665,"SO":182187241.7599997818,"DO":111839910.5147049278}
{"Tgl":15,"Target":0.0,"SO":0.0,"DO":0.0}
{"Tgl":16,"Target":127033525.6106999665,"SO":198084417.5099994242,"DO":134528147.8219681084}
{"Tgl":17,"Target":127033525.6106999665,"SO":106925301.5799998939,"DO":176596055.5520788133}
{"Tgl":18,"Target":127033525.6106999665,"SO":56712810.9900001287,"DO":153981655.5663402677}
{"Tgl":19,"Target":127033525.6106999665,"SO":135160619.3100001812,"DO":111200687.7546598911}
{"Tgl":20,"Target":127033525.6106999665,"SO":139626803.0799999535,"DO":84225554.7910787463}
{"Tgl":21,"Target":127033525.6106999665,"SO":183122730.9499991536,"DO":66977942.976345107}
{"Tgl":22,"Target":0.0,"SO":0.0,"DO":0.0}
{"Tgl":23,"Target":127033525.6106999665,"SO":157858849.7399996519,"DO":138273501.8370648921}
{"Tgl":24,"Target":127033525.6106999665,"SO":121517638.6100000888,"DO":212547131.308429867}
{"Tgl":25,"Target":127033525.6106999665,"SO":76616337.7199999392,"DO":148503879.4591969848}
{"Tgl":26,"Target":127033525.6106999665,"SO":137731360.3299999237,"DO":111099503.3822040707}
{"Tgl":27,"Target":0.0,"SO":293024030.9099994302,"DO":66896483.192149967}
{"Tgl":28,"Target":127033525.6106999665,"SO":307020837.8899990916,"DO":144447526.1666279137}
{"Tgl":29,"Target":0.0,"SO":0.0,"DO":0.0}
{"Tgl":30,"Target":127033525.6106999665,"SO":0.0,"DO":0.0}
{"Tgl":31,"Target":0.0,"SO":0.0,"DO":0.0}
