{"Tgl":"8\/1\/2025","Target":122025221.3179099709,"SO":77988659.7100000381,"DO":30525202.3902999572}
{"Tgl":"8\/2\/2025","Target":122025221.3179099709,"SO":105044385.8499998152,"DO":86336072.4434680343}
{"Tgl":"8\/4\/2025","Target":122025221.3179099709,"SO":102106389.0799999237,"DO":64849466.1485149935}
{"Tgl":"8\/5\/2025","Target":122025221.3179099709,"SO":0.0,"DO":0.0}
{"Tgl":"8\/6\/2025","Target":122025221.3179099709,"SO":0.0,"DO":0.0}
{"Tgl":"8\/7\/2025","Target":122025221.3179099709,"SO":0.0,"DO":0.0}
{"Tgl":"8\/8\/2025","Target":122025221.3179099709,"SO":0.0,"DO":0.0}
{"Tgl":"8\/9\/2025","Target":122025221.3179099709,"SO":0.0,"DO":0.0}
{"Tgl":"8\/11\/2025","Target":122025221.3179099709,"SO":0.0,"DO":0.0}
{"Tgl":"8\/12\/2025","Target":122025221.3179099709,"SO":0.0,"DO":0.0}
{"Tgl":"8\/13\/2025","Target":122025221.3179099709,"SO":0.0,"DO":0.0}
{"Tgl":"8\/14\/2025","Target":122025221.3179099709,"SO":0.0,"DO":0.0}
{"Tgl":"8\/15\/2025","Target":122025221.3179099709,"SO":0.0,"DO":0.0}
{"Tgl":"8\/16\/2025","Target":122025221.3179099709,"SO":0.0,"DO":0.0}
{"Tgl":"8\/18\/2025","Target":122025221.3179099709,"SO":0.0,"DO":0.0}
{"Tgl":"8\/19\/2025","Target":122025221.3179099709,"SO":0.0,"DO":0.0}
{"Tgl":"8\/20\/2025","Target":122025221.3179099709,"SO":0.0,"DO":0.0}
{"Tgl":"8\/21\/2025","Target":122025221.3179099709,"SO":0.0,"DO":0.0}
{"Tgl":"8\/22\/2025","Target":122025221.3179099709,"SO":0.0,"DO":0.0}
{"Tgl":"8\/23\/2025","Target":122025221.3179099709,"SO":0.0,"DO":0.0}
{"Tgl":"8\/25\/2025","Target":122025221.3179099709,"SO":0.0,"DO":0.0}
{"Tgl":"8\/26\/2025","Target":122025221.3179099709,"SO":0.0,"DO":0.0}
{"Tgl":"8\/27\/2025","Target":122025221.3179099709,"SO":0.0,"DO":0.0}
{"Tgl":"8\/28\/2025","Target":122025221.3179099709,"SO":0.0,"DO":0.0}
{"Tgl":"8\/29\/2025","Target":122025221.3179099709,"SO":0.0,"DO":0.0}
{"Tgl":"8\/30\/2025","Target":122025221.3179099709,"SO":0.0,"DO":0.0}
{"Tgl":0,"Target":0.0,"SO":0.0,"DO":0.0}
