{"Tgl":"9\/1\/2025","Target":131814189.6956200302,"SO":194561218.6199999154,"DO":45127864.0438140333}
{"Tgl":"9\/2\/2025","Target":131814189.6956200302,"SO":112543421.9299995601,"DO":139401455.7329658866}
{"Tgl":"9\/3\/2025","Target":131814189.6956200302,"SO":50557961.4900000021,"DO":86865261.8316626251}
{"Tgl":"9\/4\/2025","Target":131814189.6956200302,"SO":78700794.7399999052,"DO":106811791.1818747818}
{"Tgl":"9\/5\/2025","Target":0.0,"SO":76932043.7499997914,"DO":51086544.1047559306}
{"Tgl":"9\/6\/2025","Target":131814189.6956200302,"SO":192672862.6500002146,"DO":88759376.3394880146}
{"Tgl":"9\/8\/2025","Target":131814189.6956200302,"SO":124170476.4599998146,"DO":112671272.2441097349}
{"Tgl":"9\/9\/2025","Target":131814189.6956200302,"SO":51111928.3699999228,"DO":125153352.1065458357}
{"Tgl":"9\/10\/2025","Target":131814189.6956200302,"SO":87315395.5199997872,"DO":80272105.1824257672}
{"Tgl":"9\/11\/2025","Target":131814189.6956200302,"SO":110905459.5399997979,"DO":111151294.0553838015}
{"Tgl":"9\/12\/2025","Target":131814189.6956200302,"SO":92735968.1099997461,"DO":93776861.4358736277}
{"Tgl":"9\/13\/2025","Target":131814189.6956200302,"SO":155065763.680000037,"DO":81805812.1769738048}
{"Tgl":"9\/15\/2025","Target":131814189.6956200302,"SO":0.0,"DO":0.0}
{"Tgl":"9\/16\/2025","Target":131814189.6956200302,"SO":0.0,"DO":0.0}
{"Tgl":"9\/17\/2025","Target":131814189.6956200302,"SO":0.0,"DO":0.0}
{"Tgl":"9\/18\/2025","Target":131814189.6956200302,"SO":0.0,"DO":0.0}
{"Tgl":"9\/19\/2025","Target":131814189.6956200302,"SO":0.0,"DO":0.0}
{"Tgl":"9\/20\/2025","Target":131814189.6956200302,"SO":0.0,"DO":0.0}
{"Tgl":"9\/22\/2025","Target":131814189.6956200302,"SO":0.0,"DO":0.0}
{"Tgl":"9\/23\/2025","Target":131814189.6956200302,"SO":0.0,"DO":0.0}
{"Tgl":"9\/24\/2025","Target":131814189.6956200302,"SO":0.0,"DO":0.0}
{"Tgl":"9\/25\/2025","Target":131814189.6956200302,"SO":0.0,"DO":0.0}
{"Tgl":"9\/26\/2025","Target":131814189.6956200302,"SO":0.0,"DO":0.0}
{"Tgl":"9\/27\/2025","Target":131814189.6956200302,"SO":0.0,"DO":0.0}
{"Tgl":"9\/29\/2025","Target":131814189.6956200302,"SO":0.0,"DO":0.0}
{"Tgl":"9\/30\/2025","Target":131814189.6956200302,"SO":0.0,"DO":0.0}
{"Tgl":0,"Target":0.0,"SO":0.0,"DO":0.0}
