{"Tgl":"2\/2\/2026","Target":137815278.5319100618,"SO":124882155.9999994785,"DO":20088894.9184500091}
{"Tgl":"2\/3\/2026","Target":137815278.531910032,"SO":0.0,"DO":0.0}
{"Tgl":"2\/4\/2026","Target":137815278.5319100618,"SO":0.0,"DO":0.0}
{"Tgl":"2\/5\/2026","Target":137815278.531910032,"SO":0.0,"DO":0.0}
{"Tgl":"2\/6\/2026","Target":137815278.5319100618,"SO":0.0,"DO":0.0}
{"Tgl":"2\/7\/2026","Target":137815278.531910032,"SO":0.0,"DO":0.0}
{"Tgl":"2\/9\/2026","Target":137815278.531910032,"SO":0.0,"DO":0.0}
{"Tgl":"2\/10\/2026","Target":137815278.531910032,"SO":0.0,"DO":0.0}
{"Tgl":"2\/11\/2026","Target":137815278.531910032,"SO":0.0,"DO":0.0}
{"Tgl":"2\/12\/2026","Target":137815278.531910032,"SO":0.0,"DO":0.0}
{"Tgl":"2\/13\/2026","Target":137815278.5319100618,"SO":0.0,"DO":0.0}
{"Tgl":"2\/14\/2026","Target":137815278.5319100618,"SO":0.0,"DO":0.0}
{"Tgl":"2\/16\/2026","Target":137815278.5319100618,"SO":0.0,"DO":0.0}
{"Tgl":"2\/18\/2026","Target":137815278.5319100618,"SO":0.0,"DO":0.0}
{"Tgl":"2\/19\/2026","Target":137815278.531910032,"SO":0.0,"DO":0.0}
{"Tgl":"2\/20\/2026","Target":137815278.5319100618,"SO":0.0,"DO":0.0}
{"Tgl":"2\/21\/2026","Target":137815278.531910032,"SO":0.0,"DO":0.0}
{"Tgl":"2\/23\/2026","Target":137815278.5319100618,"SO":0.0,"DO":0.0}
{"Tgl":"2\/24\/2026","Target":137815278.531910032,"SO":0.0,"DO":0.0}
{"Tgl":"2\/25\/2026","Target":137815278.5319100618,"SO":0.0,"DO":0.0}
{"Tgl":"2\/26\/2026","Target":137815278.5319100618,"SO":0.0,"DO":0.0}
{"Tgl":"2\/27\/2026","Target":137815278.531910032,"SO":0.0,"DO":0.0}
{"Tgl":"2\/28\/2026","Target":137815278.531910032,"SO":0.0,"DO":0.0}
{"Tgl":0,"Target":0.0,"SO":0.0,"DO":0.0}
{"Tgl":0,"Target":0.0,"SO":0.0,"DO":0.0}
{"Tgl":0,"Target":0.0,"SO":0.0,"DO":0.0}
{"Tgl":0,"Target":0.0,"SO":0.0,"DO":0.0}
