{"Tgl":"4\/1\/2026","Target":130671433.6345999241,"SO":73443469.650000006,"DO":80709990.5418139696,"Gap SO DO":0.0}
{"Tgl":"4\/2\/2026","Target":130671433.6345999241,"SO":110094513.1700000465,"DO":79554955.4673139155,"Gap SO DO":0.0}
{"Tgl":"4\/3\/2026","Target":0.0,"SO":95656618.9300000817,"DO":84550320.7278147787,"Gap SO DO":11106851.0778147727}
{"Tgl":"4\/4\/2026","Target":130671433.6345999241,"SO":194485807.0899998248,"DO":104098895.4275589883,"Gap SO DO":-5995617.7424410582}
{"Tgl":"4\/6\/2026","Target":130671433.6345999241,"SO":188141120.6199999452,"DO":66246710.4303018749,"Gap SO DO":-29409908.4996982068}
{"Tgl":"4\/7\/2026","Target":130671433.6345999241,"SO":175787686.0500000119,"DO":146616936.7679739594,"Gap SO DO":-47868870.3220258653}
{"Tgl":"4\/8\/2026","Target":130671433.6345999092,"SO":90291390.040000096,"DO":195508902.254437983,"Gap SO DO":7367781.6344380379}
{"Tgl":"4\/9\/2026","Target":130671433.6345999241,"SO":141261070.4499999285,"DO":155531080.9882870018,"Gap SO DO":-20256605.0617130101}
{"Tgl":"4\/10\/2026","Target":130671433.6345999241,"SO":118456918.2200000882,"DO":110155334.2081900835,"Gap SO DO":19863944.1681899875}
{"Tgl":"4\/11\/2026","Target":130671433.6345999241,"SO":263072534.0499994159,"DO":154466065.2264451683,"Gap SO DO":13204994.7764452398}
{"Tgl":"4\/13\/2026","Target":130671433.6345999241,"SO":123344393.6699996293,"DO":151976459.6677908599,"Gap SO DO":33519541.4477907717}
{"Tgl":"4\/14\/2026","Target":130671433.6345999241,"SO":130846949.8399991691,"DO":138278139.516781956,"Gap SO DO":-124794394.5332174599}
{"Tgl":"4\/15\/2026","Target":130671433.6345999241,"SO":65727507.5400000438,"DO":197686312.8326249123,"Gap SO DO":74341919.162625283}
{"Tgl":"4\/16\/2026","Target":130671433.6345999241,"SO":129652792.8199995458,"DO":100871649.0503979176,"Gap SO DO":-29975300.7896012515}
{"Tgl":"4\/17\/2026","Target":130671433.6345999241,"SO":178218995.1799999475,"DO":71988237.9343389422,"Gap SO DO":6260730.3943388984}
{"Tgl":"4\/18\/2026","Target":130671433.6345999241,"SO":175065405.3800002038,"DO":106478202.6685267687,"Gap SO DO":-23174590.1514727771}
{"Tgl":"4\/20\/2026","Target":130671433.6345999241,"SO":145064674.6399995387,"DO":154180502.636885941,"Gap SO DO":-24038492.5431140065}
{"Tgl":"4\/21\/2026","Target":130671433.6345999241,"SO":194847652.9799996316,"DO":205281843.8466421068,"Gap SO DO":30216438.4666419029}
{"Tgl":"4\/22\/2026","Target":130671433.6345999241,"SO":84082426.5299998224,"DO":134232469.1951978505,"Gap SO DO":-10832205.4448016882}
{"Tgl":"4\/23\/2026","Target":130671433.6345999241,"SO":0.0,"DO":0.0,"Gap SO DO":-194847652.9799996316}
{"Tgl":"4\/24\/2026","Target":130671433.6345999241,"SO":0.0,"DO":0.0,"Gap SO DO":-84082426.5299998224}
{"Tgl":"4\/25\/2026","Target":130671433.6345999241,"SO":0.0,"DO":0.0,"Gap SO DO":0.0}
{"Tgl":"4\/27\/2026","Target":130671433.6345999241,"SO":0.0,"DO":0.0,"Gap SO DO":null}
{"Tgl":"4\/28\/2026","Target":130671433.6345999241,"SO":0.0,"DO":0.0,"Gap SO DO":null}
{"Tgl":"4\/29\/2026","Target":130671433.6345999241,"SO":0.0,"DO":0.0,"Gap SO DO":null}
{"Tgl":"4\/30\/2026","Target":130671433.6345999241,"SO":0.0,"DO":0.0,"Gap SO DO":null}
{"Tgl":0,"Target":0.0,"SO":0.0,"DO":0.0,"Gap SO DO":null}
