{"Tgl":"10\/1\/2025","Target":124481398.0075899363,"SO":72560032.3199997097,"DO":42036706.7903539315}
{"Tgl":"10\/2\/2025","Target":124481398.0075899363,"SO":88318657.3999997377,"DO":67345428.9541369677}
{"Tgl":"10\/3\/2025","Target":124481398.0075899363,"SO":145761199.5500002205,"DO":74634540.4072889239}
{"Tgl":"10\/4\/2025","Target":124481398.0075899363,"SO":177608381.6500000954,"DO":88950713.3242179155}
{"Tgl":"10\/6\/2025","Target":124481398.0075899363,"SO":192014055.9200002849,"DO":128720592.6779340655}
{"Tgl":"10\/7\/2025","Target":124481398.0075899363,"SO":152158264.3999997079,"DO":99983437.6728499234}
{"Tgl":"10\/8\/2025","Target":124481398.0075899363,"SO":62403495.0600000918,"DO":149389632.3899967968}
{"Tgl":"10\/9\/2025","Target":124481398.0075899363,"SO":136410094.8599994481,"DO":124449114.7043098658}
{"Tgl":"10\/10\/2025","Target":124481398.0075899363,"SO":107770148.6799994856,"DO":82379143.6103938967}
{"Tgl":"10\/11\/2025","Target":124481398.0075899363,"SO":180178124.7199999392,"DO":137994952.8150729537}
{"Tgl":"10\/13\/2025","Target":124481398.0075899363,"SO":102765133.6099995375,"DO":103047237.7009729594}
{"Tgl":"10\/14\/2025","Target":124481398.0075899363,"SO":100330851.6299989969,"DO":183195581.8370352685}
{"Tgl":"10\/15\/2025","Target":124481398.0075899363,"SO":63032369.7000001445,"DO":88609493.776718989}
{"Tgl":"10\/16\/2025","Target":124481398.0075899363,"SO":146327407.3199993372,"DO":92121145.5405649394}
{"Tgl":"10\/17\/2025","Target":124481398.0075899363,"SO":114026808.8799992651,"DO":59911266.7419119775}
{"Tgl":"10\/18\/2025","Target":124481398.0075899363,"SO":181279671.4999986589,"DO":143217866.3439127803}
{"Tgl":"10\/20\/2025","Target":124481398.0075899363,"SO":110669315.5299996734,"DO":80963952.9302799106}
{"Tgl":"10\/21\/2025","Target":124481398.0075899363,"SO":99455483.2099995762,"DO":192161610.7223382294}
{"Tgl":"10\/22\/2025","Target":124481398.0075899363,"SO":74627181.3899998516,"DO":98919884.1388008296}
{"Tgl":"10\/23\/2025","Target":124481398.0075899363,"SO":0.0,"DO":0.0}
{"Tgl":"10\/24\/2025","Target":124481398.0075899363,"SO":0.0,"DO":0.0}
{"Tgl":"10\/25\/2025","Target":124481398.0075899363,"SO":0.0,"DO":0.0}
{"Tgl":"10\/27\/2025","Target":124481398.0075899363,"SO":0.0,"DO":0.0}
{"Tgl":"10\/28\/2025","Target":124481398.0075899363,"SO":0.0,"DO":0.0}
{"Tgl":"10\/29\/2025","Target":124481398.0075899363,"SO":0.0,"DO":0.0}
{"Tgl":"10\/30\/2025","Target":124481398.0075899363,"SO":0.0,"DO":0.0}
