{"Tgl":"8\/1\/2025","Target":122025221.3179100007,"SO":77988659.7100000978,"DO":30525202.3902999982}
{"Tgl":"8\/2\/2025","Target":122025221.3179100007,"SO":105044385.8500000983,"DO":86336072.4434679598}
{"Tgl":"8\/4\/2025","Target":122025221.3179100007,"SO":102106389.0799998045,"DO":64849466.1485150009}
{"Tgl":"8\/5\/2025","Target":122025221.3179100007,"SO":98100584.2799998969,"DO":92182317.7399987727}
{"Tgl":"8\/6\/2025","Target":122025221.3179100007,"SO":76084869.3200000674,"DO":98178513.6324048191}
{"Tgl":"8\/7\/2025","Target":122025221.3179100007,"SO":91517049.2399997562,"DO":74102691.8149538636}
{"Tgl":"8\/8\/2025","Target":122025221.3179100007,"SO":112339148.9499997795,"DO":72396983.1738619655}
{"Tgl":"8\/9\/2025","Target":122025221.3179100007,"SO":162554385.410000205,"DO":93224553.3095168024}
{"Tgl":"8\/11\/2025","Target":122025221.3179100007,"SO":123539466.5699996948,"DO":98880366.6247377545}
{"Tgl":"8\/12\/2025","Target":122025221.3179100007,"SO":106687077.7899998426,"DO":152023021.0778210759}
{"Tgl":"8\/13\/2025","Target":122025221.3179100007,"SO":78349024.5899999738,"DO":113874522.432553798}
{"Tgl":"8\/14\/2025","Target":122025221.3179100007,"SO":73146042.0199998468,"DO":93528762.0686847121}
{"Tgl":"8\/15\/2025","Target":122025221.3179100007,"SO":130457513.8700001389,"DO":64405666.3550059497}
{"Tgl":"8\/16\/2025","Target":122025221.3179100007,"SO":141576473.4300000072,"DO":78932772.4193659127}
{"Tgl":"8\/18\/2025","Target":122025221.3179100007,"SO":121663065.8999997675,"DO":124482037.7626978308}
{"Tgl":"8\/19\/2025","Target":122025221.3179100007,"SO":0.0,"DO":0.0}
{"Tgl":"8\/20\/2025","Target":122025221.3179100007,"SO":0.0,"DO":0.0}
{"Tgl":"8\/21\/2025","Target":122025221.3179100007,"SO":0.0,"DO":0.0}
{"Tgl":"8\/22\/2025","Target":122025221.3179100007,"SO":0.0,"DO":0.0}
{"Tgl":"8\/23\/2025","Target":122025221.3179100007,"SO":0.0,"DO":0.0}
{"Tgl":"8\/25\/2025","Target":122025221.3179100007,"SO":0.0,"DO":0.0}
{"Tgl":"8\/26\/2025","Target":122025221.3179100007,"SO":0.0,"DO":0.0}
{"Tgl":"8\/27\/2025","Target":122025221.3179100007,"SO":0.0,"DO":0.0}
{"Tgl":"8\/28\/2025","Target":122025221.3179100007,"SO":0.0,"DO":0.0}
{"Tgl":"8\/29\/2025","Target":122025221.3179100007,"SO":0.0,"DO":0.0}
{"Tgl":"8\/30\/2025","Target":122025221.3179100007,"SO":0.0,"DO":0.0}
{"Tgl":0,"Target":0.0,"SO":0.0,"DO":0.0}
