{"Tgl":"10\/1\/2025","Target":124481398.0075899363,"SO":72560032.3199999034,"DO":42036706.7903539538}
{"Tgl":"10\/2\/2025","Target":124481398.0075899363,"SO":88318657.400000006,"DO":67345428.9541369826}
{"Tgl":"10\/3\/2025","Target":124481398.0075899363,"SO":145761199.5499998927,"DO":74634540.4072888941}
{"Tgl":"10\/4\/2025","Target":124481398.0075899363,"SO":177608381.6499998569,"DO":88950713.3242179602}
{"Tgl":"10\/6\/2025","Target":124481398.0075899363,"SO":192014055.9199994206,"DO":128720592.6779340208}
{"Tgl":"10\/7\/2025","Target":124481398.0075899363,"SO":152158264.3999999762,"DO":99983437.672849983}
{"Tgl":"10\/8\/2025","Target":124481398.0075899363,"SO":62403495.0600000247,"DO":149389632.389996767}
{"Tgl":"10\/9\/2025","Target":124481398.0075899363,"SO":136410094.8600000143,"DO":124449114.7043099254}
{"Tgl":"10\/10\/2025","Target":124481398.0075899363,"SO":107770148.6799988002,"DO":82379143.6103937924}
{"Tgl":"10\/11\/2025","Target":124481398.0075899363,"SO":180178124.7199994326,"DO":137994952.8150729239}
{"Tgl":"10\/13\/2025","Target":124481398.0075899363,"SO":102765133.6099990904,"DO":103047237.7009729296}
{"Tgl":"10\/14\/2025","Target":124481398.0075899363,"SO":100330851.6299984306,"DO":183195581.8370355666}
{"Tgl":"10\/15\/2025","Target":124481398.0075899363,"SO":63032369.7000001445,"DO":88609493.77671884}
{"Tgl":"10\/16\/2025","Target":124481398.0075899363,"SO":146327407.3199992776,"DO":92121145.5405649096}
{"Tgl":"10\/17\/2025","Target":124481398.0075899363,"SO":114026808.87999928,"DO":59911266.7419120148}
{"Tgl":"10\/18\/2025","Target":124481398.0075899363,"SO":181279671.4999986589,"DO":143217866.3439129591}
{"Tgl":"10\/20\/2025","Target":124481398.0075899363,"SO":110669315.5299991667,"DO":80963952.9302799404}
{"Tgl":"10\/21\/2025","Target":124481398.0075899363,"SO":99455483.2099984288,"DO":192161610.7223379612}
{"Tgl":"10\/22\/2025","Target":124481398.0075899363,"SO":74627181.3899994045,"DO":98919884.1388009191}
{"Tgl":"10\/23\/2025","Target":124481398.0075899363,"SO":111086023.8499990404,"DO":100023032.4971469045}
{"Tgl":"10\/24\/2025","Target":124481398.0075899363,"SO":157834045.6399998665,"DO":74086892.7615539134}
{"Tgl":"10\/25\/2025","Target":124481398.0075899363,"SO":271408380.2600005269,"DO":111069765.8163479567}
{"Tgl":"10\/27\/2025","Target":124481398.0075899363,"SO":181716881.9600003362,"DO":158461186.9325976968}
{"Tgl":"10\/28\/2025","Target":124481398.0075899363,"SO":133088791.7399995625,"DO":174462013.7070445418}
{"Tgl":"10\/29\/2025","Target":124481398.0075899363,"SO":0.0,"DO":0.0}
{"Tgl":"10\/30\/2025","Target":124481398.0075899363,"SO":0.0,"DO":133088791.7399995625}
