{"Tgl":"6\/1\/2026","Target":0.0,"SO":11637975.7700000033,"DO":0.0,"Gap SO DO":0.0}
{"Tgl":"6\/2\/2026","Target":137028072.4944999814,"SO":187387477.909999907,"DO":51091368.1670600101,"Gap SO DO":0.0}
{"Tgl":"6\/3\/2026","Target":137028072.4944999814,"SO":102971077.320000127,"DO":105523095.0769598931,"Gap SO DO":93885119.3069598973}
{"Tgl":"6\/4\/2026","Target":137028072.4944999814,"SO":0.0,"DO":0.0,"Gap SO DO":-187387477.909999907}
{"Tgl":"6\/5\/2026","Target":137028072.4944999814,"SO":0.0,"DO":0.0,"Gap SO DO":-102971077.320000127}
{"Tgl":"6\/6\/2026","Target":137028072.4944999814,"SO":0.0,"DO":0.0,"Gap SO DO":0.0}
{"Tgl":"6\/8\/2026","Target":137028072.4944999814,"SO":0.0,"DO":0.0,"Gap SO DO":0.0}
{"Tgl":"6\/9\/2026","Target":137028072.4944999814,"SO":0.0,"DO":0.0,"Gap SO DO":0.0}
{"Tgl":"6\/10\/2026","Target":137028072.4944999814,"SO":0.0,"DO":0.0,"Gap SO DO":0.0}
{"Tgl":"6\/11\/2026","Target":137028072.4944999814,"SO":0.0,"DO":0.0,"Gap SO DO":0.0}
{"Tgl":"6\/12\/2026","Target":137028072.4944999814,"SO":0.0,"DO":0.0,"Gap SO DO":0.0}
{"Tgl":"6\/13\/2026","Target":137028072.4944999814,"SO":0.0,"DO":0.0,"Gap SO DO":0.0}
{"Tgl":"6\/15\/2026","Target":137028072.4944999814,"SO":0.0,"DO":0.0,"Gap SO DO":0.0}
{"Tgl":"6\/17\/2026","Target":137028072.4944999814,"SO":0.0,"DO":0.0,"Gap SO DO":0.0}
{"Tgl":"6\/18\/2026","Target":137028072.4944999814,"SO":0.0,"DO":0.0,"Gap SO DO":0.0}
{"Tgl":"6\/19\/2026","Target":137028072.4944999814,"SO":0.0,"DO":0.0,"Gap SO DO":0.0}
{"Tgl":"6\/20\/2026","Target":137028072.4944999814,"SO":0.0,"DO":0.0,"Gap SO DO":0.0}
{"Tgl":"6\/22\/2026","Target":137028072.4944999814,"SO":0.0,"DO":0.0,"Gap SO DO":0.0}
{"Tgl":"6\/23\/2026","Target":137028072.4944999814,"SO":0.0,"DO":0.0,"Gap SO DO":0.0}
{"Tgl":"6\/24\/2026","Target":137028072.4944999814,"SO":0.0,"DO":0.0,"Gap SO DO":0.0}
{"Tgl":"6\/25\/2026","Target":137028072.4944999814,"SO":0.0,"DO":0.0,"Gap SO DO":0.0}
{"Tgl":"6\/26\/2026","Target":137028072.4944999814,"SO":0.0,"DO":0.0,"Gap SO DO":0.0}
{"Tgl":"6\/27\/2026","Target":137028072.4944999814,"SO":0.0,"DO":0.0,"Gap SO DO":null}
{"Tgl":"6\/29\/2026","Target":137028072.4944999814,"SO":0.0,"DO":0.0,"Gap SO DO":null}
{"Tgl":"6\/30\/2026","Target":137028072.4944999814,"SO":0.0,"DO":0.0,"Gap SO DO":null}
{"Tgl":0,"Target":0.0,"SO":0.0,"DO":0.0,"Gap SO DO":null}
{"Tgl":0,"Target":0.0,"SO":0.0,"DO":0.0,"Gap SO DO":null}
