{"Tgl":"8\/1\/2025","Target":122025221.3179099858,"SO":77988659.7100000679,"DO":30525202.390299961}
{"Tgl":"8\/2\/2025","Target":122025221.3179099858,"SO":105044385.8499999195,"DO":86336072.4434678704}
{"Tgl":"8\/4\/2025","Target":122025221.3179099858,"SO":102106389.0799999237,"DO":64849466.1485150456}
{"Tgl":"8\/5\/2025","Target":122025221.3179099858,"SO":98100584.2799998522,"DO":92182317.7399987131}
{"Tgl":"8\/6\/2025","Target":122025221.3179099858,"SO":76084869.3200000077,"DO":98178513.6324047893}
{"Tgl":"8\/7\/2025","Target":122025221.3179099858,"SO":91517049.2399997115,"DO":74102691.814953804}
{"Tgl":"8\/8\/2025","Target":122025221.3179099858,"SO":112339148.9499998391,"DO":72396983.1738619059}
{"Tgl":"8\/9\/2025","Target":122025221.3179099858,"SO":162554385.4099999368,"DO":93224553.3095168024}
{"Tgl":"8\/11\/2025","Target":122025221.3179099858,"SO":123539466.5699997395,"DO":98880366.6247377992}
{"Tgl":"8\/12\/2025","Target":122025221.3179099858,"SO":106687077.7899997681,"DO":152023021.0778209865}
{"Tgl":"8\/13\/2025","Target":122025221.3179099858,"SO":78349024.5899999887,"DO":113874522.4325537384}
{"Tgl":"8\/14\/2025","Target":122025221.3179099858,"SO":0.0,"DO":0.0}
{"Tgl":"8\/15\/2025","Target":122025221.3179099858,"SO":0.0,"DO":0.0}
{"Tgl":"8\/16\/2025","Target":122025221.3179099858,"SO":0.0,"DO":0.0}
{"Tgl":"8\/18\/2025","Target":122025221.3179099858,"SO":0.0,"DO":0.0}
{"Tgl":"8\/19\/2025","Target":122025221.3179099858,"SO":0.0,"DO":0.0}
{"Tgl":"8\/20\/2025","Target":122025221.3179099858,"SO":0.0,"DO":0.0}
{"Tgl":"8\/21\/2025","Target":122025221.3179099858,"SO":0.0,"DO":0.0}
{"Tgl":"8\/22\/2025","Target":122025221.3179099858,"SO":0.0,"DO":0.0}
{"Tgl":"8\/23\/2025","Target":122025221.3179099858,"SO":0.0,"DO":0.0}
{"Tgl":"8\/25\/2025","Target":122025221.3179099858,"SO":0.0,"DO":0.0}
{"Tgl":"8\/26\/2025","Target":122025221.3179099858,"SO":0.0,"DO":0.0}
{"Tgl":"8\/27\/2025","Target":122025221.3179099858,"SO":0.0,"DO":0.0}
{"Tgl":"8\/28\/2025","Target":122025221.3179099858,"SO":0.0,"DO":0.0}
{"Tgl":"8\/29\/2025","Target":122025221.3179099858,"SO":0.0,"DO":0.0}
{"Tgl":"8\/30\/2025","Target":122025221.3179099858,"SO":0.0,"DO":0.0}
{"Tgl":0,"Target":0.0,"SO":0.0,"DO":0.0}
