{"Tgl":"2\/2\/2026","Target":137775468.360520035,"SO":124882155.9999995232,"DO":20088894.9184500091}
{"Tgl":"2\/3\/2026","Target":137775468.360520035,"SO":65719641.9400001466,"DO":59286993.2917550057}
{"Tgl":"2\/4\/2026","Target":137775468.360520035,"SO":46186999.3200000077,"DO":114595586.6469749212}
{"Tgl":"2\/5\/2026","Target":137775468.360520035,"SO":74241171.5100000799,"DO":65255829.8480369151}
{"Tgl":"2\/6\/2026","Target":137775468.360520035,"SO":88240195.3699996322,"DO":54787680.0331359282}
{"Tgl":"2\/7\/2026","Target":137775468.360520035,"SO":170572640.1800000668,"DO":51483693.4554699585}
{"Tgl":"2\/9\/2026","Target":137775468.360520035,"SO":132430805.3399996012,"DO":107935879.5459669679}
{"Tgl":"2\/10\/2026","Target":137775468.360520035,"SO":112347971.7599996477,"DO":145058645.6379719675}
{"Tgl":"2\/11\/2026","Target":137775468.360520035,"SO":87603991.3599997312,"DO":104298420.4248939306}
{"Tgl":"2\/12\/2026","Target":137775468.360520035,"SO":99280275.099999845,"DO":105797919.1324448735}
{"Tgl":"2\/13\/2026","Target":137775468.360520035,"SO":87620601.6399997473,"DO":93166522.1179819405}
{"Tgl":"2\/14\/2026","Target":137775468.360520035,"SO":0.0,"DO":0.0}
{"Tgl":"2\/16\/2026","Target":137775468.360520035,"SO":0.0,"DO":0.0}
{"Tgl":"2\/18\/2026","Target":137775468.360520035,"SO":0.0,"DO":0.0}
{"Tgl":"2\/19\/2026","Target":137775468.360520035,"SO":0.0,"DO":0.0}
{"Tgl":"2\/20\/2026","Target":137775468.360520035,"SO":0.0,"DO":0.0}
{"Tgl":"2\/21\/2026","Target":137775468.360520035,"SO":0.0,"DO":0.0}
{"Tgl":"2\/23\/2026","Target":137775468.360520035,"SO":0.0,"DO":0.0}
{"Tgl":"2\/24\/2026","Target":137775468.360520035,"SO":0.0,"DO":0.0}
{"Tgl":"2\/25\/2026","Target":137775468.360520035,"SO":0.0,"DO":0.0}
{"Tgl":"2\/26\/2026","Target":137775468.360520035,"SO":0.0,"DO":0.0}
{"Tgl":"2\/27\/2026","Target":137775468.360520035,"SO":0.0,"DO":0.0}
{"Tgl":"2\/28\/2026","Target":137775468.360520035,"SO":0.0,"DO":0.0}
{"Tgl":0,"Target":0.0,"SO":0.0,"DO":0.0}
{"Tgl":0,"Target":0.0,"SO":0.0,"DO":0.0}
{"Tgl":0,"Target":0.0,"SO":0.0,"DO":0.0}
{"Tgl":0,"Target":0.0,"SO":0.0,"DO":0.0}
