{"Tgl":"5\/2\/2026","Target":139432453.6526800394,"SO":253495429.1300002635,"DO":72094303.8911600262,"Gap SO DO":0.0}
{"Tgl":"5\/4\/2026","Target":139432453.6526800394,"SO":154927998.2999997139,"DO":134467907.3151700199,"Gap SO DO":0.0}
{"Tgl":"5\/5\/2026","Target":139432453.6526800394,"SO":107835563.5299995989,"DO":166031714.4189769626,"Gap SO DO":-87463714.7110233009}
{"Tgl":"5\/6\/2026","Target":139432453.6526800394,"SO":73048466.6199997962,"DO":122686483.5672200322,"Gap SO DO":-32241514.7327796817}
{"Tgl":"5\/7\/2026","Target":139432453.6526800394,"SO":110286356.6400000155,"DO":101153362.6819440275,"Gap SO DO":-6682200.8480555713}
{"Tgl":"5\/8\/2026","Target":139432453.6526800394,"SO":143451751.5000000596,"DO":81500667.0531099439,"Gap SO DO":8452200.4331101477}
{"Tgl":"5\/9\/2026","Target":139432453.6526800394,"SO":266268818.1200003028,"DO":75762133.3535030186,"Gap SO DO":-34524223.2864969969}
{"Tgl":"5\/11\/2026","Target":139432453.6526800394,"SO":169489838.7399999499,"DO":139012352.156896919,"Gap SO DO":-4439399.3431031406}
{"Tgl":"5\/12\/2026","Target":139432453.6526800394,"SO":135189771.660000056,"DO":203405962.9021643698,"Gap SO DO":-62862855.217835933}
{"Tgl":"5\/13\/2026","Target":139432453.6526800394,"SO":88501945.3000000119,"DO":184451984.402523905,"Gap SO DO":14962145.6625239551}
{"Tgl":"5\/14\/2026","Target":0.0,"SO":92421345.8600000441,"DO":124170573.0073049963,"Gap SO DO":-11019198.6526950598}
{"Tgl":"5\/15\/2026","Target":139432453.6526800394,"SO":107137703.189999789,"DO":67891272.6645490527,"Gap SO DO":-20610672.6354509592}
{"Tgl":"5\/16\/2026","Target":139432453.6526800394,"SO":204581939.6499989927,"DO":99211379.9054920673,"Gap SO DO":6790034.0454920232}
{"Tgl":"5\/18\/2026","Target":139432453.6526800394,"SO":194470222.8999992013,"DO":98678491.1502590925,"Gap SO DO":-8459212.0397406965}
{"Tgl":"5\/19\/2026","Target":139432453.6526800394,"SO":134095440.6099999249,"DO":200070676.9832322598,"Gap SO DO":-4511262.6667667329}
{"Tgl":"5\/20\/2026","Target":139432453.6526800394,"SO":76223925.2800000161,"DO":179110956.2641863823,"Gap SO DO":-15359266.635812819}
{"Tgl":"5\/21\/2026","Target":139432453.6526800394,"SO":125922841.7899998873,"DO":103165937.9794390649,"Gap SO DO":-30929502.63056086}
{"Tgl":"5\/22\/2026","Target":139432453.6526800394,"SO":148815157.8900001049,"DO":64306785.607011959,"Gap SO DO":-11917139.6729880571}
{"Tgl":"5\/23\/2026","Target":139432453.6526800394,"SO":246409532.4199998677,"DO":112616360.376913026,"Gap SO DO":-13306481.4130868614}
{"Tgl":"5\/25\/2026","Target":139432453.6526800394,"SO":0.0,"DO":0.0,"Gap SO DO":-148815157.8900001049}
{"Tgl":"5\/26\/2026","Target":139432453.6526800394,"SO":0.0,"DO":0.0,"Gap SO DO":-246409532.4199998677}
{"Tgl":"5\/28\/2026","Target":139432453.6526800394,"SO":0.0,"DO":0.0,"Gap SO DO":0.0}
{"Tgl":"5\/29\/2026","Target":139432453.6526800394,"SO":0.0,"DO":0.0,"Gap SO DO":null}
{"Tgl":"5\/30\/2026","Target":139432453.6526800394,"SO":0.0,"DO":0.0,"Gap SO DO":null}
{"Tgl":0,"Target":0.0,"SO":0.0,"DO":0.0,"Gap SO DO":null}
{"Tgl":0,"Target":0.0,"SO":0.0,"DO":0.0,"Gap SO DO":null}
{"Tgl":0,"Target":0.0,"SO":0.0,"DO":0.0,"Gap SO DO":null}
