{"Tgl":"7\/1\/2025","Target":124988623.0147101134,"SO":87286434.6299999207,"DO":57368340.6922060028}
{"Tgl":"7\/2\/2025","Target":124988623.0147101134,"SO":56386970.7299998701,"DO":71780625.6561649144}
{"Tgl":"7\/3\/2025","Target":124988623.0147101134,"SO":77403446.1199999005,"DO":72806533.6802009046}
{"Tgl":"7\/4\/2025","Target":124988623.0147101134,"SO":77721677.3499999344,"DO":38836058.7098620385}
{"Tgl":"7\/5\/2025","Target":124988623.0147101134,"SO":102601185.0799999833,"DO":71316718.0777639598}
{"Tgl":"7\/7\/2025","Target":124988623.0147101134,"SO":121156639.8299992681,"DO":77384697.4985497445}
{"Tgl":"7\/8\/2025","Target":124988623.0147101134,"SO":107879855.7899998873,"DO":96761377.0913469195}
{"Tgl":"7\/9\/2025","Target":124988623.0147101134,"SO":82158540.2600000948,"DO":114513349.7382535785}
{"Tgl":"7\/10\/2025","Target":124988623.0147101134,"SO":86909454.6199999899,"DO":112578500.9511549622}
{"Tgl":"7\/11\/2025","Target":124988623.0147101134,"SO":127750718.8899997026,"DO":80987019.7702657729}
{"Tgl":"7\/12\/2025","Target":124988623.0147101134,"SO":155367976.6200006902,"DO":82644487.9584688693}
{"Tgl":"7\/14\/2025","Target":124988623.0147101134,"SO":127974211.1099998355,"DO":115279864.4325825274}
{"Tgl":"7\/15\/2025","Target":124988623.0147101134,"SO":117022026.6299999505,"DO":86131855.2076086551}
{"Tgl":"7\/16\/2025","Target":124988623.0147101134,"SO":71076957.0099998415,"DO":179180126.9446002543}
{"Tgl":"7\/17\/2025","Target":124988623.0147101134,"SO":75845111.5599997193,"DO":122731699.810569793}
{"Tgl":"7\/18\/2025","Target":124988623.0147101134,"SO":102824697.1300000697,"DO":84028987.9245787114}
{"Tgl":"7\/19\/2025","Target":124988623.0147101134,"SO":184007863.4599998593,"DO":102793446.4054978341}
{"Tgl":"7\/21\/2025","Target":124988623.0147101134,"SO":197291600.1500000954,"DO":103788096.9178497195}
{"Tgl":"7\/22\/2025","Target":124988623.0147101134,"SO":108862245.199999705,"DO":153589682.406152159}
{"Tgl":"7\/23\/2025","Target":124988623.0147101134,"SO":95373935.5999998748,"DO":127947334.9061456323}
{"Tgl":"7\/24\/2025","Target":124988623.0147101134,"SO":142886610.8699998558,"DO":180624661.2265189588}
{"Tgl":"7\/25\/2025","Target":124988623.0147101134,"SO":192213366.3300001621,"DO":138739476.9777798951}
{"Tgl":"7\/26\/2025","Target":124988623.0147101134,"SO":172241715.0800000429,"DO":120958041.8088058829}
{"Tgl":"7\/28\/2025","Target":124988623.0147101134,"SO":230664701.7599999905,"DO":185285916.5390182734}
{"Tgl":"7\/29\/2025","Target":124988623.0147101134,"SO":250111851.7299998701,"DO":152105876.1104870439}
{"Tgl":"7\/30\/2025","Target":124988623.0147101134,"SO":109194291.7599999309,"DO":218267274.9929355979}
{"Tgl":"7\/31\/2025","Target":124988623.0147101134,"SO":52928393.6800000221,"DO":276182312.067858696}
