{"Tgl":"4\/1\/2026","Target":130671433.6345999241,"SO":73443469.650000006,"DO":80709990.5418138504,"Gap SO DO":0.0}
{"Tgl":"4\/2\/2026","Target":130671433.6345999241,"SO":110094513.1699997634,"DO":79554955.4673138112,"Gap SO DO":0.0}
{"Tgl":"4\/3\/2026","Target":0.0,"SO":95656618.9299997091,"DO":84550320.7278147489,"Gap SO DO":11106851.0778147429}
{"Tgl":"4\/4\/2026","Target":130671433.6345999241,"SO":194485807.0900003016,"DO":104098895.4275587797,"Gap SO DO":-5995617.7424409837}
{"Tgl":"4\/6\/2026","Target":130671433.6345999241,"SO":188141120.6200000644,"DO":66246710.4303018674,"Gap SO DO":-29409908.4996978417}
{"Tgl":"4\/7\/2026","Target":130671433.6345999241,"SO":175787686.0499997139,"DO":146616936.7679740787,"Gap SO DO":-47868870.3220262229}
{"Tgl":"4\/8\/2026","Target":130671433.6345999092,"SO":90291390.0399998724,"DO":195508902.254438132,"Gap SO DO":7367781.6344380677}
{"Tgl":"4\/9\/2026","Target":130671433.6345999241,"SO":141261070.4499992728,"DO":155531080.9882870317,"Gap SO DO":-20256605.0617126822}
{"Tgl":"4\/10\/2026","Target":130671433.6345999241,"SO":118456918.2199992388,"DO":110155334.2081901133,"Gap SO DO":19863944.1681902409}
{"Tgl":"4\/11\/2026","Target":130671433.6345999241,"SO":263072534.0500006378,"DO":154466065.2264452577,"Gap SO DO":13204994.7764459848}
{"Tgl":"4\/13\/2026","Target":130671433.6345999241,"SO":123344393.6699994653,"DO":151976459.6677908301,"Gap SO DO":33519541.4477915913}
{"Tgl":"4\/14\/2026","Target":130671433.6345999241,"SO":130846949.8399991542,"DO":138278139.5167819262,"Gap SO DO":-124794394.5332187116}
{"Tgl":"4\/15\/2026","Target":130671433.6345999241,"SO":65727507.5400000587,"DO":197686312.8326252699,"Gap SO DO":74341919.1626258045}
{"Tgl":"4\/16\/2026","Target":130671433.6345999241,"SO":129652792.8199994415,"DO":100871649.0503978729,"Gap SO DO":-29975300.7896012813}
{"Tgl":"4\/17\/2026","Target":130671433.6345999241,"SO":178218995.1799999774,"DO":71988237.9343388379,"Gap SO DO":6260730.3943387792}
{"Tgl":"4\/18\/2026","Target":130671433.6345999241,"SO":175065405.3800005317,"DO":106478202.6685267985,"Gap SO DO":-23174590.151472643}
{"Tgl":"4\/20\/2026","Target":130671433.6345999241,"SO":145064674.6399996281,"DO":154180502.6368860602,"Gap SO DO":-24038492.5431139171}
{"Tgl":"4\/21\/2026","Target":130671433.6345999241,"SO":194847652.9800004661,"DO":205281843.846642077,"Gap SO DO":30216438.4666415453}
{"Tgl":"4\/22\/2026","Target":130671433.6345999241,"SO":84082426.5299999267,"DO":134232469.1951978505,"Gap SO DO":-10832205.4448017776}
{"Tgl":"4\/23\/2026","Target":130671433.6345999241,"SO":103183999.9099994898,"DO":121138413.1403319985,"Gap SO DO":-73709239.8396684676}
{"Tgl":"4\/24\/2026","Target":130671433.6345999241,"SO":253205073.6200006604,"DO":110225007.7613429725,"Gap SO DO":26142581.2313430458}
{"Tgl":"4\/25\/2026","Target":130671433.6345999241,"SO":323002028.3200003505,"DO":90452411.9048728347,"Gap SO DO":-12731588.0051266551}
{"Tgl":"4\/27\/2026","Target":130671433.6345999241,"SO":265186175.1200000048,"DO":209756049.4211852551,"Gap SO DO":null}
{"Tgl":"4\/28\/2026","Target":130671433.6345999241,"SO":118167299.8199997395,"DO":228262030.4512290359,"Gap SO DO":null}
{"Tgl":"4\/29\/2026","Target":130671433.6345999241,"SO":162903361.0299999416,"DO":191632412.7082793117,"Gap SO DO":null}
{"Tgl":"4\/30\/2026","Target":130671433.6345999241,"SO":171164435.8500003219,"DO":326666498.2674528956,"Gap SO DO":null}
{"Tgl":0,"Target":0.0,"SO":0.0,"DO":0.0,"Gap SO DO":null}
