{"Tgl":"5\/2\/2026","Target":139432453.6525300145,"SO":253495429.1299999952,"DO":72094303.8911599964,"Gap SO DO":0.0}
{"Tgl":"5\/4\/2026","Target":139432453.6525300145,"SO":154927998.3000000119,"DO":134467907.3151699007,"Gap SO DO":0.0}
{"Tgl":"5\/5\/2026","Target":139432453.6525300145,"SO":107835563.5299999416,"DO":166031714.4189768732,"Gap SO DO":-87463714.7110231221}
{"Tgl":"5\/6\/2026","Target":139432453.6525300145,"SO":73048466.6199999899,"DO":122686483.5672199428,"Gap SO DO":-32241514.7327800691}
{"Tgl":"5\/7\/2026","Target":139432453.6525300145,"SO":110286356.6399997771,"DO":101153362.6819439679,"Gap SO DO":-6682200.8480559736}
{"Tgl":"5\/8\/2026","Target":139432453.6525300145,"SO":0.0,"DO":0.0,"Gap SO DO":-73048466.6199999899}
{"Tgl":"5\/9\/2026","Target":139432453.6525300145,"SO":0.0,"DO":0.0,"Gap SO DO":-110286356.6399997771}
{"Tgl":"5\/11\/2026","Target":139432453.6525300145,"SO":0.0,"DO":0.0,"Gap SO DO":0.0}
{"Tgl":"5\/12\/2026","Target":139432453.6525300145,"SO":0.0,"DO":0.0,"Gap SO DO":0.0}
{"Tgl":"5\/13\/2026","Target":139432453.6525300145,"SO":0.0,"DO":0.0,"Gap SO DO":0.0}
{"Tgl":"5\/15\/2026","Target":139432453.6525300145,"SO":0.0,"DO":0.0,"Gap SO DO":0.0}
{"Tgl":"5\/16\/2026","Target":139432453.6525300145,"SO":0.0,"DO":0.0,"Gap SO DO":0.0}
{"Tgl":"5\/18\/2026","Target":139432453.6525300145,"SO":0.0,"DO":0.0,"Gap SO DO":0.0}
{"Tgl":"5\/19\/2026","Target":139432453.6525300145,"SO":0.0,"DO":0.0,"Gap SO DO":0.0}
{"Tgl":"5\/20\/2026","Target":139432453.6525300145,"SO":0.0,"DO":0.0,"Gap SO DO":0.0}
{"Tgl":"5\/21\/2026","Target":139432453.6525300145,"SO":0.0,"DO":0.0,"Gap SO DO":0.0}
{"Tgl":"5\/22\/2026","Target":139432453.6525300145,"SO":0.0,"DO":0.0,"Gap SO DO":0.0}
{"Tgl":"5\/23\/2026","Target":139432453.6525300145,"SO":0.0,"DO":0.0,"Gap SO DO":0.0}
{"Tgl":"5\/25\/2026","Target":139432453.6525300145,"SO":0.0,"DO":0.0,"Gap SO DO":0.0}
{"Tgl":"5\/26\/2026","Target":139432453.6525300145,"SO":0.0,"DO":0.0,"Gap SO DO":0.0}
{"Tgl":"5\/28\/2026","Target":139432453.6525300145,"SO":0.0,"DO":0.0,"Gap SO DO":0.0}
{"Tgl":"5\/29\/2026","Target":139432453.6525300145,"SO":0.0,"DO":0.0,"Gap SO DO":0.0}
{"Tgl":"5\/30\/2026","Target":139432453.6525300145,"SO":0.0,"DO":0.0,"Gap SO DO":null}
{"Tgl":0,"Target":0.0,"SO":0.0,"DO":0.0,"Gap SO DO":null}
{"Tgl":0,"Target":0.0,"SO":0.0,"DO":0.0,"Gap SO DO":null}
{"Tgl":0,"Target":0.0,"SO":0.0,"DO":0.0,"Gap SO DO":null}
{"Tgl":0,"Target":0.0,"SO":0.0,"DO":0.0,"Gap SO DO":null}
