{"Tgl":"8\/1\/2025","Target":122025221.317909956,"SO":77988659.7100001127,"DO":30525202.3903000206}
{"Tgl":"8\/2\/2025","Target":122025221.317909956,"SO":105044385.850000158,"DO":86336072.4434679449}
{"Tgl":"8\/4\/2025","Target":122025221.317909956,"SO":102106389.0799998641,"DO":64849466.1485150009}
{"Tgl":"8\/5\/2025","Target":122025221.317909956,"SO":98100584.2800000608,"DO":92182317.7399987578}
{"Tgl":"8\/6\/2025","Target":122025221.317909956,"SO":76084869.3200000376,"DO":98178513.632404834}
{"Tgl":"8\/7\/2025","Target":122025221.317909956,"SO":91517049.2399998158,"DO":74102691.8149535507}
{"Tgl":"8\/8\/2025","Target":122025221.317909956,"SO":112339148.9499998689,"DO":72396983.1738617867}
{"Tgl":"8\/9\/2025","Target":122025221.317909956,"SO":162554385.4099999964,"DO":93224553.3095167428}
{"Tgl":"8\/11\/2025","Target":122025221.317909956,"SO":123539466.5699997693,"DO":98880366.6247378886}
{"Tgl":"8\/12\/2025","Target":122025221.317909956,"SO":106687077.7899999321,"DO":152023021.0778211057}
{"Tgl":"8\/13\/2025","Target":122025221.317909956,"SO":78349024.5899999589,"DO":113874522.4325538129}
{"Tgl":"8\/14\/2025","Target":122025221.317909956,"SO":73146042.0199998617,"DO":93528762.0686844438}
{"Tgl":"8\/15\/2025","Target":122025221.317909956,"SO":130457513.8700001389,"DO":64405666.355005689}
{"Tgl":"8\/16\/2025","Target":122025221.317909956,"SO":141576473.4300000072,"DO":78932772.4193658978}
{"Tgl":"8\/18\/2025","Target":122025221.317909956,"SO":121663065.8999998271,"DO":124482037.7626979351}
{"Tgl":"8\/19\/2025","Target":122025221.317909956,"SO":96302807.8599999696,"DO":148706549.3139881194}
{"Tgl":"8\/20\/2025","Target":122025221.317909956,"SO":66349080.7500000075,"DO":110570424.371723935}
{"Tgl":"8\/21\/2025","Target":122025221.317909956,"SO":74522362.5799998641,"DO":84967321.316669777}
{"Tgl":"8\/22\/2025","Target":122025221.317909956,"SO":139862932.8199996948,"DO":71235344.131304726}
{"Tgl":"8\/23\/2025","Target":122025221.317909956,"SO":206791468.7899998426,"DO":120938511.9363078028}
{"Tgl":"8\/25\/2025","Target":122025221.317909956,"SO":97422606.4799998254,"DO":129237294.7835087031}
{"Tgl":"8\/26\/2025","Target":122025221.317909956,"SO":100978572.219999969,"DO":133812693.8258280605}
{"Tgl":"8\/27\/2025","Target":122025221.317909956,"SO":96670237.2800000608,"DO":106920612.4949689507}
{"Tgl":"8\/28\/2025","Target":122025221.317909956,"SO":216293105.9100001156,"DO":108498374.4563068002}
{"Tgl":"8\/29\/2025","Target":122025221.317909956,"SO":223672049.0900000334,"DO":112275294.2912929952}
{"Tgl":"8\/30\/2025","Target":122025221.317909956,"SO":73444162.3399999589,"DO":382653243.2929313779}
{"Tgl":0,"Target":0.0,"SO":0.0,"DO":0.0}
