{"Tgl":"12\/1\/2025","Target":126177078.5646499693,"SO":80018441.1100000739,"DO":47265282.1954899728}
{"Tgl":"12\/2\/2025","Target":126177078.5646499842,"SO":117163668.689999029,"DO":50424478.7838410139}
{"Tgl":"12\/3\/2025","Target":126177078.5646499693,"SO":67138845.3200002909,"DO":95070563.7893059701}
{"Tgl":"12\/4\/2025","Target":126177078.5646499693,"SO":107501291.1399995387,"DO":77631155.9132019132}
{"Tgl":"12\/5\/2025","Target":126177078.5646499693,"SO":125385719.3899999261,"DO":62575412.4354009628}
{"Tgl":"12\/6\/2025","Target":126177078.5646499693,"SO":199516675.5899993777,"DO":120358436.4339867234}
{"Tgl":"12\/8\/2025","Target":126177078.5646499842,"SO":107074797.7000000775,"DO":87785682.5808668733}
{"Tgl":"12\/9\/2025","Target":126177078.5646499842,"SO":71404574.7299999893,"DO":179442187.8314527571}
{"Tgl":"12\/10\/2025","Target":126177078.5646499693,"SO":61141088.1799999252,"DO":85883204.1913649291}
{"Tgl":"12\/11\/2025","Target":126177078.5646499842,"SO":97559844.759999752,"DO":71317764.6991769075}
{"Tgl":"12\/12\/2025","Target":126177078.5646499693,"SO":99431881.099999845,"DO":57475977.5007239357}
{"Tgl":"12\/13\/2025","Target":126177078.5646499693,"SO":163636048.7899998724,"DO":103254466.3045850694}
{"Tgl":"12\/15\/2025","Target":126177078.5646499842,"SO":0.0,"DO":0.0}
{"Tgl":"12\/16\/2025","Target":126177078.5646499693,"SO":0.0,"DO":0.0}
{"Tgl":"12\/17\/2025","Target":126177078.5646499842,"SO":0.0,"DO":0.0}
{"Tgl":"12\/18\/2025","Target":126177078.5646499693,"SO":0.0,"DO":0.0}
{"Tgl":"12\/19\/2025","Target":126177078.5646499693,"SO":0.0,"DO":0.0}
{"Tgl":"12\/20\/2025","Target":126177078.5646499991,"SO":0.0,"DO":0.0}
{"Tgl":"12\/22\/2025","Target":126177078.5646499693,"SO":0.0,"DO":0.0}
{"Tgl":"12\/23\/2025","Target":126177078.5646499842,"SO":0.0,"DO":0.0}
{"Tgl":"12\/24\/2025","Target":126177078.5646499842,"SO":0.0,"DO":0.0}
{"Tgl":"12\/26\/2025","Target":126177078.5646499693,"SO":0.0,"DO":0.0}
{"Tgl":"12\/27\/2025","Target":126177078.5646499693,"SO":0.0,"DO":0.0}
{"Tgl":"12\/29\/2025","Target":126177078.5646499693,"SO":0.0,"DO":0.0}
{"Tgl":"12\/30\/2025","Target":126177078.5646499842,"SO":0.0,"DO":0.0}
{"Tgl":"12\/31\/2025","Target":126177078.5646499842,"SO":0.0,"DO":0.0}
