{"Tgl":"11\/1\/2025","Target":137089301.0072800815,"SO":85833683.7399992198,"DO":39720425.0055809245}
{"Tgl":"11\/3\/2025","Target":137089301.0072800815,"SO":109488166.3399997205,"DO":71847097.3673830032}
{"Tgl":"11\/4\/2025","Target":137089301.0072800815,"SO":88202498.4699997157,"DO":91508739.2925168723}
{"Tgl":"11\/5\/2025","Target":137089301.0072800815,"SO":55855790.5299999192,"DO":83698278.1810629517}
{"Tgl":"11\/6\/2025","Target":137089301.0072800815,"SO":80936141.509999752,"DO":72584931.5622709692}
{"Tgl":"11\/7\/2025","Target":137089301.0072800815,"SO":110904277.7899989933,"DO":63121928.9956389591}
{"Tgl":"11\/8\/2025","Target":137089301.0072800815,"SO":128956042.7199988812,"DO":91464556.0116418749}
{"Tgl":"11\/10\/2025","Target":137089301.0072800815,"SO":116404501.9899988025,"DO":116369941.3503898531}
{"Tgl":"11\/11\/2025","Target":137089301.0072800815,"SO":128270854.6999977678,"DO":114898192.4603977948}
{"Tgl":"11\/12\/2025","Target":137089301.0072800815,"SO":0.0,"DO":0.0}
{"Tgl":"11\/13\/2025","Target":137089301.0072800815,"SO":0.0,"DO":0.0}
{"Tgl":"11\/14\/2025","Target":137089301.0072800815,"SO":0.0,"DO":0.0}
{"Tgl":"11\/15\/2025","Target":137089301.0072800815,"SO":0.0,"DO":0.0}
{"Tgl":"11\/17\/2025","Target":137089301.0072800815,"SO":0.0,"DO":0.0}
{"Tgl":"11\/18\/2025","Target":137089301.0072800815,"SO":0.0,"DO":0.0}
{"Tgl":"11\/19\/2025","Target":137089301.0072800815,"SO":0.0,"DO":0.0}
{"Tgl":"11\/20\/2025","Target":137089301.0072800815,"SO":0.0,"DO":0.0}
{"Tgl":"11\/21\/2025","Target":137089301.0072800815,"SO":0.0,"DO":0.0}
{"Tgl":"11\/22\/2025","Target":137089301.0072800815,"SO":0.0,"DO":0.0}
{"Tgl":"11\/24\/2025","Target":137089301.0072800815,"SO":0.0,"DO":0.0}
{"Tgl":"11\/25\/2025","Target":137089301.0072800815,"SO":0.0,"DO":0.0}
{"Tgl":"11\/26\/2025","Target":137089301.0072800815,"SO":0.0,"DO":0.0}
{"Tgl":"11\/27\/2025","Target":137089301.0072800815,"SO":0.0,"DO":0.0}
{"Tgl":"11\/28\/2025","Target":137089301.0072800815,"SO":0.0,"DO":0.0}
{"Tgl":"11\/29\/2025","Target":137089301.0072800815,"SO":0.0,"DO":0.0}
{"Tgl":0,"Target":0.0,"SO":0.0,"DO":0.0}
