{"Tgl":"11\/1\/2025","Target":135977736.718170017,"SO":85833683.7399992198,"DO":39024121.405580923}
{"Tgl":"11\/3\/2025","Target":135977736.718170017,"SO":107522566.3399990052,"DO":71847097.3673829138}
{"Tgl":"11\/4\/2025","Target":135977736.718170017,"SO":88202498.4699991047,"DO":91508739.292516917}
{"Tgl":"11\/5\/2025","Target":135977736.718170017,"SO":54043211.2500000671,"DO":81732678.1810629368}
{"Tgl":"11\/6\/2025","Target":135977736.718170017,"SO":79527105.4699993432,"DO":72584931.5622709244}
{"Tgl":"11\/7\/2025","Target":135977736.718170017,"SO":110904277.7899989784,"DO":61309349.7156388834}
{"Tgl":"11\/8\/2025","Target":135977736.718170017,"SO":128956042.7199990302,"DO":90055519.9716419131}
{"Tgl":"11\/10\/2025","Target":135977736.718170017,"SO":116404501.9899988472,"DO":116369941.3503898531}
{"Tgl":"11\/11\/2025","Target":135977736.718170017,"SO":128270854.6999977976,"DO":114898192.4603978693}
{"Tgl":"11\/12\/2025","Target":135977736.718170017,"SO":73351544.4099993855,"DO":115412895.3051960319}
{"Tgl":"11\/13\/2025","Target":135977736.718170017,"SO":99672300.2799991965,"DO":96535338.2182658613}
{"Tgl":"11\/14\/2025","Target":135977736.7181699872,"SO":88766360.4299992472,"DO":68729524.2104249597}
{"Tgl":"11\/15\/2025","Target":135977736.718170017,"SO":164250535.5499983728,"DO":98304097.8262159973}
{"Tgl":"11\/17\/2025","Target":135977736.718170017,"SO":90358249.6299991906,"DO":101200176.2420490831}
{"Tgl":"11\/18\/2025","Target":135977736.718170017,"SO":108391115.8099982888,"DO":126078048.0940198004}
{"Tgl":"11\/19\/2025","Target":135977736.718170017,"SO":75770137.1799995154,"DO":96761355.5301369131}
{"Tgl":"11\/20\/2025","Target":135977736.718170017,"SO":94836184.0899992436,"DO":86051098.8019478172}
{"Tgl":"11\/21\/2025","Target":135977736.718170017,"SO":156942798.7999998629,"DO":86950159.5368949622}
{"Tgl":"11\/22\/2025","Target":135977736.718170017,"SO":247219466.1600006819,"DO":80619318.0747189224}
{"Tgl":"11\/24\/2025","Target":135977736.718170017,"SO":326008017.8000007272,"DO":135895008.9182689488}
{"Tgl":"11\/25\/2025","Target":135977736.718170017,"SO":197609717.0600004196,"DO":225790714.8863251805}
{"Tgl":"11\/26\/2025","Target":135977736.718170017,"SO":106348044.2299989611,"DO":145300739.3064830899}
{"Tgl":"11\/27\/2025","Target":135977736.718170017,"SO":246282639.0899992287,"DO":269445638.4703189731}
{"Tgl":"11\/28\/2025","Target":135977736.718170017,"SO":230245601.9799990952,"DO":140260728.0523290932}
{"Tgl":"11\/29\/2025","Target":135977736.718170017,"SO":60362040.3200000152,"DO":364355797.726868391}
{"Tgl":0,"Target":0.0,"SO":0.0,"DO":230245601.9799990952}
