{"Tgl":"7\/1\/2025","Target":124988623.0147101134,"SO":87286434.6299999207,"DO":57368340.6922060028}
{"Tgl":"7\/2\/2025","Target":124988623.0147101134,"SO":56386970.7299998701,"DO":71780625.6561648697}
{"Tgl":"7\/3\/2025","Target":124988623.0147101134,"SO":77403446.1199999005,"DO":72806533.6802009046}
{"Tgl":"7\/4\/2025","Target":124988623.0147101134,"SO":77721677.3499999344,"DO":38836058.7098620236}
{"Tgl":"7\/5\/2025","Target":124988623.0147101134,"SO":102601185.0799999833,"DO":71316718.0777640194}
{"Tgl":"7\/7\/2025","Target":124988623.0147101134,"SO":121156639.8299992383,"DO":77384697.4985499978}
{"Tgl":"7\/8\/2025","Target":124988623.0147101134,"SO":107879855.7899998724,"DO":96761377.0913469791}
{"Tgl":"7\/9\/2025","Target":124988623.0147101134,"SO":82158540.260000065,"DO":114513349.7382536829}
{"Tgl":"7\/10\/2025","Target":124988623.0147101134,"SO":86909454.6199999154,"DO":112578500.9511549175}
{"Tgl":"7\/11\/2025","Target":124988623.0147101134,"SO":127750718.889999643,"DO":80987019.7702658325}
{"Tgl":"7\/12\/2025","Target":124988623.0147101134,"SO":155367976.6200006902,"DO":82644487.9584688395}
{"Tgl":"7\/14\/2025","Target":124988623.0147101134,"SO":127974211.1099998504,"DO":115279864.432582587}
{"Tgl":"7\/15\/2025","Target":124988623.0147101134,"SO":117022026.6299999356,"DO":86131855.2076086551}
{"Tgl":"7\/16\/2025","Target":124988623.0147101134,"SO":71076957.0099998564,"DO":179180126.9446004033}
{"Tgl":"7\/17\/2025","Target":124988623.0147101134,"SO":75845111.5599997044,"DO":122731699.8105696738}
{"Tgl":"7\/18\/2025","Target":124988623.0147101134,"SO":102824697.130000025,"DO":84028987.924578771}
{"Tgl":"7\/19\/2025","Target":124988623.0147101134,"SO":184007863.4599998295,"DO":102793446.405497849}
{"Tgl":"7\/21\/2025","Target":124988623.0147101134,"SO":197291600.1500000358,"DO":103788096.9178497493}
{"Tgl":"7\/22\/2025","Target":124988623.0147101134,"SO":108862245.1999998689,"DO":153589682.4061522186}
{"Tgl":"7\/23\/2025","Target":124988623.0147101134,"SO":95373935.5999999493,"DO":127947334.9061456323}
{"Tgl":"7\/24\/2025","Target":124988623.0147101134,"SO":142886610.8699998856,"DO":180624661.2265190184}
{"Tgl":"7\/25\/2025","Target":124988623.0147101134,"SO":192213366.3299999833,"DO":138739476.9777799547}
{"Tgl":"7\/26\/2025","Target":124988623.0147101134,"SO":0.0,"DO":0.0}
{"Tgl":"7\/28\/2025","Target":124988623.0147101134,"SO":0.0,"DO":0.0}
{"Tgl":"7\/29\/2025","Target":124988623.0147101134,"SO":0.0,"DO":0.0}
{"Tgl":"7\/30\/2025","Target":124988623.0147101134,"SO":0.0,"DO":0.0}
{"Tgl":"7\/31\/2025","Target":124988623.0147101134,"SO":0.0,"DO":0.0}
