{"Tgl":"4\/1\/2026","Target":130671433.6345999986,"SO":73443469.6499998122,"DO":80709990.5418138951,"Gap SO DO":0.0}
{"Tgl":"4\/2\/2026","Target":130671433.6345999986,"SO":110094513.169999361,"DO":79554955.4673139155,"Gap SO DO":0.0}
{"Tgl":"4\/3\/2026","Target":0.0,"SO":95656618.9299993813,"DO":84550320.7278147489,"Gap SO DO":11106851.0778149366}
{"Tgl":"4\/4\/2026","Target":130671433.6345999986,"SO":194485807.0899997354,"DO":104098895.4275589287,"Gap SO DO":-5995617.7424404323}
{"Tgl":"4\/6\/2026","Target":130671433.6345999986,"SO":188141120.619999975,"DO":66246710.4303018972,"Gap SO DO":-29409908.4996974841}
{"Tgl":"4\/7\/2026","Target":130671433.6345999986,"SO":175787686.0499993563,"DO":146616936.7679739594,"Gap SO DO":-47868870.3220257759}
{"Tgl":"4\/8\/2026","Target":130671433.6345999986,"SO":90291390.0399996489,"DO":195508902.2544380426,"Gap SO DO":7367781.6344380677}
{"Tgl":"4\/9\/2026","Target":130671433.6345999986,"SO":141261070.4499993622,"DO":155531080.988286972,"Gap SO DO":-20256605.0617123842}
{"Tgl":"4\/10\/2026","Target":130671433.6345999986,"SO":118456918.2199992239,"DO":110155334.2081900537,"Gap SO DO":19863944.1681904048}
{"Tgl":"4\/11\/2026","Target":130671433.6345999986,"SO":263072534.0499999821,"DO":154466065.2264451385,"Gap SO DO":13204994.7764457762}
{"Tgl":"4\/13\/2026","Target":130671433.6345999986,"SO":123344393.6699997187,"DO":151976459.6677908599,"Gap SO DO":33519541.447791636}
{"Tgl":"4\/14\/2026","Target":130671433.6345999986,"SO":130846949.8399992287,"DO":138278139.516781956,"Gap SO DO":-124794394.5332180262}
{"Tgl":"4\/15\/2026","Target":130671433.6345999986,"SO":65727507.5400000662,"DO":197686312.8326252699,"Gap SO DO":74341919.1626255512}
{"Tgl":"4\/16\/2026","Target":130671433.6345999986,"SO":129652792.8199996054,"DO":100871649.0503977686,"Gap SO DO":-29975300.7896014601}
{"Tgl":"4\/17\/2026","Target":130671433.6345999986,"SO":178218995.1799998283,"DO":71988237.9343388528,"Gap SO DO":6260730.3943387866}
{"Tgl":"4\/18\/2026","Target":130671433.6345999986,"SO":175065405.3800002635,"DO":106478202.6685268581,"Gap SO DO":-23174590.1514727473}
{"Tgl":"4\/20\/2026","Target":130671433.6345999986,"SO":145064674.6399996579,"DO":154180502.636885941,"Gap SO DO":-24038492.5431138873}
{"Tgl":"4\/21\/2026","Target":130671433.6345999986,"SO":0.0,"DO":0.0,"Gap SO DO":-175065405.3800002635}
{"Tgl":"4\/22\/2026","Target":130671433.6345999986,"SO":0.0,"DO":0.0,"Gap SO DO":-145064674.6399996579}
{"Tgl":"4\/23\/2026","Target":130671433.6345999986,"SO":0.0,"DO":0.0,"Gap SO DO":0.0}
{"Tgl":"4\/24\/2026","Target":130671433.6345999986,"SO":0.0,"DO":0.0,"Gap SO DO":0.0}
{"Tgl":"4\/25\/2026","Target":130671433.6345999986,"SO":0.0,"DO":0.0,"Gap SO DO":0.0}
{"Tgl":"4\/27\/2026","Target":130671433.6345999986,"SO":0.0,"DO":0.0,"Gap SO DO":null}
{"Tgl":"4\/28\/2026","Target":130671433.6345999986,"SO":0.0,"DO":0.0,"Gap SO DO":null}
{"Tgl":"4\/29\/2026","Target":130671433.6345999986,"SO":0.0,"DO":0.0,"Gap SO DO":null}
{"Tgl":"4\/30\/2026","Target":130671433.6345999986,"SO":0.0,"DO":0.0,"Gap SO DO":null}
{"Tgl":0,"Target":0.0,"SO":0.0,"DO":0.0,"Gap SO DO":null}
