{"Tgl":"10\/1\/2025","Target":124481398.0075899363,"SO":72560032.3199999481,"DO":42036706.7903539315}
{"Tgl":"10\/2\/2025","Target":124481398.0075899363,"SO":88318657.3999999464,"DO":67345428.9541369826}
{"Tgl":"10\/3\/2025","Target":124481398.0075899363,"SO":145761199.5500000119,"DO":74634540.4072888792}
{"Tgl":"10\/4\/2025","Target":124481398.0075899363,"SO":177608381.6499999166,"DO":88950713.3242179304}
{"Tgl":"10\/6\/2025","Target":124481398.0075899363,"SO":192014055.9199994802,"DO":128720592.6779340506}
{"Tgl":"10\/7\/2025","Target":124481398.0075899363,"SO":152158264.3999999762,"DO":99983437.6728499234}
{"Tgl":"10\/8\/2025","Target":124481398.0075899363,"SO":62403495.0600000247,"DO":149389632.3899968863}
{"Tgl":"10\/9\/2025","Target":124481398.0075899363,"SO":136410094.8600000143,"DO":124449114.7043098211}
{"Tgl":"10\/10\/2025","Target":124481398.0075899363,"SO":107770148.6799989343,"DO":82379143.6103938222}
{"Tgl":"10\/11\/2025","Target":124481398.0075899363,"SO":180178124.7199991643,"DO":137994952.8150729239}
{"Tgl":"10\/13\/2025","Target":124481398.0075899363,"SO":102765133.6099991351,"DO":103047237.7009728551}
{"Tgl":"10\/14\/2025","Target":124481398.0075899363,"SO":100330851.6299984902,"DO":183195581.8370356262}
{"Tgl":"10\/15\/2025","Target":124481398.0075899363,"SO":63032369.7000001371,"DO":88609493.7767188102}
{"Tgl":"10\/16\/2025","Target":124481398.0075899363,"SO":146327407.319999218,"DO":92121145.5405649245}
{"Tgl":"10\/17\/2025","Target":124481398.0075899363,"SO":114026808.8799992055,"DO":59911266.741911903}
{"Tgl":"10\/18\/2025","Target":124481398.0075899363,"SO":181279671.4999985099,"DO":143217866.3439129591}
{"Tgl":"10\/20\/2025","Target":124481398.0075899363,"SO":0.0,"DO":0.0}
{"Tgl":"10\/21\/2025","Target":124481398.0075899363,"SO":0.0,"DO":0.0}
{"Tgl":"10\/22\/2025","Target":124481398.0075899363,"SO":0.0,"DO":0.0}
{"Tgl":"10\/23\/2025","Target":124481398.0075899363,"SO":0.0,"DO":0.0}
{"Tgl":"10\/24\/2025","Target":124481398.0075899363,"SO":0.0,"DO":0.0}
{"Tgl":"10\/25\/2025","Target":124481398.0075899363,"SO":0.0,"DO":0.0}
{"Tgl":"10\/27\/2025","Target":124481398.0075899363,"SO":0.0,"DO":0.0}
{"Tgl":"10\/28\/2025","Target":124481398.0075899363,"SO":0.0,"DO":0.0}
{"Tgl":"10\/29\/2025","Target":124481398.0075899363,"SO":0.0,"DO":0.0}
{"Tgl":"10\/30\/2025","Target":124481398.0075899363,"SO":0.0,"DO":0.0}
