{"Tgl":"10\/1\/2025","Target":124481398.0053798854,"SO":72560032.3199999332,"DO":42036706.7903539613}
{"Tgl":"10\/2\/2025","Target":124481398.0053799152,"SO":88318657.400000006,"DO":67345428.9541369975}
{"Tgl":"10\/3\/2025","Target":124481398.0053799152,"SO":145761199.5499999821,"DO":74634540.407288909}
{"Tgl":"10\/4\/2025","Target":124481398.0053799003,"SO":177608381.6499999762,"DO":88950713.3242178708}
{"Tgl":"10\/6\/2025","Target":124481398.0053799152,"SO":192014055.9199995697,"DO":128720592.6779340208}
{"Tgl":"10\/7\/2025","Target":124481398.0053799003,"SO":152158264.3999986649,"DO":99983437.6728499383}
{"Tgl":"10\/8\/2025","Target":124481398.005379945,"SO":62403495.0600001663,"DO":149389632.3899969459}
{"Tgl":"10\/9\/2025","Target":124481398.0053799152,"SO":136410094.8599996269,"DO":124449114.7043099254}
{"Tgl":"10\/10\/2025","Target":124481398.0053799003,"SO":107770148.6799995452,"DO":82379143.6103938967}
{"Tgl":"10\/11\/2025","Target":124481398.0053799003,"SO":180178124.720000118,"DO":137994952.8150728941}
{"Tgl":"10\/13\/2025","Target":124481398.0053799003,"SO":102765133.6099995673,"DO":103047237.7009728104}
{"Tgl":"10\/14\/2025","Target":124481398.0053799003,"SO":100330851.6299989969,"DO":183195581.8370348811}
{"Tgl":"10\/15\/2025","Target":124481398.0053799003,"SO":63032369.70000007,"DO":88609493.7767190635}
{"Tgl":"10\/16\/2025","Target":124481398.0053799003,"SO":146327407.319999516,"DO":92121145.5405648947}
{"Tgl":"10\/17\/2025","Target":124481398.005379945,"SO":0.0,"DO":0.0}
{"Tgl":"10\/18\/2025","Target":124481398.0053799003,"SO":0.0,"DO":0.0}
{"Tgl":"10\/20\/2025","Target":124481398.0053799003,"SO":0.0,"DO":0.0}
{"Tgl":"10\/21\/2025","Target":124481398.0053799003,"SO":0.0,"DO":0.0}
{"Tgl":"10\/22\/2025","Target":124481398.0053799003,"SO":0.0,"DO":0.0}
{"Tgl":"10\/23\/2025","Target":124481398.0053799003,"SO":0.0,"DO":0.0}
{"Tgl":"10\/24\/2025","Target":124481398.0053799152,"SO":0.0,"DO":0.0}
{"Tgl":"10\/25\/2025","Target":124481398.0053799003,"SO":0.0,"DO":0.0}
{"Tgl":"10\/27\/2025","Target":124481398.0053799003,"SO":0.0,"DO":0.0}
{"Tgl":"10\/28\/2025","Target":124481398.0053799003,"SO":0.0,"DO":0.0}
{"Tgl":"10\/29\/2025","Target":124481398.0053799003,"SO":0.0,"DO":0.0}
{"Tgl":"10\/30\/2025","Target":124481398.0053799152,"SO":0.0,"DO":0.0}
