{"Tgl":"9\/1\/2025","Target":131814189.6956200153,"SO":194561218.6200000644,"DO":45127864.0438140258}
{"Tgl":"9\/2\/2025","Target":131814189.6956200153,"SO":112543421.9299995899,"DO":139401455.732965827}
{"Tgl":"9\/3\/2025","Target":131814189.6956200153,"SO":50557961.4900000319,"DO":86865261.8316626251}
{"Tgl":"9\/4\/2025","Target":131814189.6956200153,"SO":78700794.7399999052,"DO":106811791.181874603}
{"Tgl":"9\/5\/2025","Target":0.0,"SO":76932043.7499997765,"DO":51086544.1047559381}
{"Tgl":"9\/6\/2025","Target":131814189.6956200153,"SO":192672862.6500002444,"DO":88759376.3394880146}
{"Tgl":"9\/8\/2025","Target":131814189.6956200153,"SO":124170476.4599998295,"DO":112671272.2441098094}
{"Tgl":"9\/9\/2025","Target":131814189.6956200153,"SO":51111928.3699999824,"DO":125153352.1065457612}
{"Tgl":"9\/10\/2025","Target":131814189.6956200153,"SO":87315395.5199997127,"DO":80272105.1824258119}
{"Tgl":"9\/11\/2025","Target":131814189.6956200153,"SO":0.0,"DO":0.0}
{"Tgl":"9\/12\/2025","Target":131814189.6956200153,"SO":0.0,"DO":0.0}
{"Tgl":"9\/13\/2025","Target":131814189.6956200153,"SO":0.0,"DO":0.0}
{"Tgl":"9\/15\/2025","Target":131814189.6956200153,"SO":0.0,"DO":0.0}
{"Tgl":"9\/16\/2025","Target":131814189.6956200153,"SO":0.0,"DO":0.0}
{"Tgl":"9\/17\/2025","Target":131814189.6956200153,"SO":0.0,"DO":0.0}
{"Tgl":"9\/18\/2025","Target":131814189.6956200153,"SO":0.0,"DO":0.0}
{"Tgl":"9\/19\/2025","Target":131814189.6956200153,"SO":0.0,"DO":0.0}
{"Tgl":"9\/20\/2025","Target":131814189.6956200153,"SO":0.0,"DO":0.0}
{"Tgl":"9\/22\/2025","Target":131814189.6956200153,"SO":0.0,"DO":0.0}
{"Tgl":"9\/23\/2025","Target":131814189.6956200153,"SO":0.0,"DO":0.0}
{"Tgl":"9\/24\/2025","Target":131814189.6956200153,"SO":0.0,"DO":0.0}
{"Tgl":"9\/25\/2025","Target":131814189.6956200153,"SO":0.0,"DO":0.0}
{"Tgl":"9\/26\/2025","Target":131814189.6956200153,"SO":0.0,"DO":0.0}
{"Tgl":"9\/27\/2025","Target":131814189.6956200153,"SO":0.0,"DO":0.0}
{"Tgl":"9\/29\/2025","Target":131814189.6956200153,"SO":0.0,"DO":0.0}
{"Tgl":"9\/30\/2025","Target":131814189.6956200153,"SO":0.0,"DO":0.0}
{"Tgl":0,"Target":0.0,"SO":0.0,"DO":0.0}
