{"Tgl":"10\/1\/2025","Target":124481398.0075899363,"SO":72560032.3200000226,"DO":42036706.7903539613}
{"Tgl":"10\/2\/2025","Target":124481398.0075899363,"SO":88318657.3999994695,"DO":67345428.9541369826}
{"Tgl":"10\/3\/2025","Target":124481398.0075899363,"SO":145761199.5499987304,"DO":74634540.4072889835}
{"Tgl":"10\/4\/2025","Target":124481398.0075899363,"SO":177608381.6499993503,"DO":88950713.3242180496}
{"Tgl":"10\/6\/2025","Target":124481398.0075899363,"SO":192014055.9199975133,"DO":128720592.6779340357}
{"Tgl":"10\/7\/2025","Target":124481398.0075899363,"SO":152158264.3999999762,"DO":99983437.6728499383}
{"Tgl":"10\/8\/2025","Target":124481398.0075899363,"SO":62403495.0600000322,"DO":149389632.3899968565}
{"Tgl":"10\/9\/2025","Target":124481398.0075899363,"SO":136410094.8600000143,"DO":124449114.7043097764}
{"Tgl":"10\/10\/2025","Target":124481398.0075899363,"SO":107770148.6799993962,"DO":82379143.6103938967}
{"Tgl":"10\/11\/2025","Target":124481398.0075899363,"SO":180178124.7200000584,"DO":137994952.8150730729}
{"Tgl":"10\/13\/2025","Target":124481398.0075899363,"SO":102765133.6099995077,"DO":103047237.7009731382}
{"Tgl":"10\/14\/2025","Target":124481398.0075899363,"SO":100330851.6299990863,"DO":183195581.837035656}
{"Tgl":"10\/15\/2025","Target":124481398.0075899363,"SO":63032369.7000001445,"DO":88609493.77671884}
{"Tgl":"10\/16\/2025","Target":124481398.0075899363,"SO":146327407.3199993074,"DO":92121145.5405649096}
{"Tgl":"10\/17\/2025","Target":124481398.0075899363,"SO":114026808.8799993098,"DO":59911266.7419119254}
{"Tgl":"10\/18\/2025","Target":124481398.0075899363,"SO":181279671.4999985695,"DO":143217866.3439132273}
{"Tgl":"10\/20\/2025","Target":124481398.0075899363,"SO":110669315.5299999863,"DO":80963952.9302799702}
{"Tgl":"10\/21\/2025","Target":124481398.0075899363,"SO":99455483.2100000232,"DO":192161610.7223381698}
{"Tgl":"10\/22\/2025","Target":124481398.0075899363,"SO":0.0,"DO":0.0}
{"Tgl":"10\/23\/2025","Target":124481398.0075899363,"SO":0.0,"DO":0.0}
{"Tgl":"10\/24\/2025","Target":124481398.0075899363,"SO":0.0,"DO":0.0}
{"Tgl":"10\/25\/2025","Target":124481398.0075899363,"SO":0.0,"DO":0.0}
{"Tgl":"10\/27\/2025","Target":124481398.0075899363,"SO":0.0,"DO":0.0}
{"Tgl":"10\/28\/2025","Target":124481398.0075899363,"SO":0.0,"DO":0.0}
{"Tgl":"10\/29\/2025","Target":124481398.0075899363,"SO":0.0,"DO":0.0}
{"Tgl":"10\/30\/2025","Target":124481398.0075899363,"SO":0.0,"DO":0.0}
