{"Tgl":"9\/1\/2025","Target":131814189.6956200302,"SO":194561218.6199995875,"DO":45127864.0438140035,"Unnamed: 4":null,"Unnamed: 5":null}
{"Tgl":"9\/2\/2025","Target":131814189.6956200302,"SO":112543421.9300000221,"DO":139401455.7329657972,"Unnamed: 4":null,"Unnamed: 5":null}
{"Tgl":"9\/3\/2025","Target":131814189.6956200302,"SO":50557961.4900000989,"DO":86865261.8316626251,"Unnamed: 4":null,"Unnamed: 5":null}
{"Tgl":"9\/4\/2025","Target":131814189.6956200302,"SO":78700794.7399998903,"DO":106811791.1818748564,"Unnamed: 4":null,"Unnamed: 5":null}
{"Tgl":"9\/5\/2025","Target":0.0,"SO":76932043.7499997914,"DO":51086544.1047559679,"Unnamed: 4":null,"Unnamed: 5":null}
{"Tgl":"9\/6\/2025","Target":131814189.6956200302,"SO":192672862.650000006,"DO":88759376.3394880444,"Unnamed: 4":null,"Unnamed: 5":null}
{"Tgl":"9\/8\/2025","Target":131814189.6956200302,"SO":124170476.4600000829,"DO":112671272.2441098243,"Unnamed: 4":null,"Unnamed: 5":null}
{"Tgl":"9\/9\/2025","Target":131814189.6956200302,"SO":51111928.3700000718,"DO":125153352.1065458059,"Unnamed: 4":null,"Unnamed: 5":null}
{"Tgl":"9\/10\/2025","Target":131814189.6956200302,"SO":87315395.5199997574,"DO":80272105.1824258864,"Unnamed: 4":null,"Unnamed: 5":null}
{"Tgl":"9\/11\/2025","Target":131814189.6956200302,"SO":110905461.3100000024,"DO":111151304.3853838742,"Unnamed: 4":null,"Unnamed: 5":null}
{"Tgl":"9\/12\/2025","Target":131814189.6956200302,"SO":92735969.780000031,"DO":93776868.7458739132,"Unnamed: 4":null,"Unnamed: 5":null}
{"Tgl":"9\/13\/2025","Target":131814189.6956200302,"SO":155065765.6100000441,"DO":81805819.0669738501,"Unnamed: 4":null,"Unnamed: 5":null}
{"Tgl":"9\/15\/2025","Target":131814189.6956200302,"SO":111952024.7399999797,"DO":103520051.4724338502,"Unnamed: 4":null,"Unnamed: 5":null}
{"Tgl":"9\/16\/2025","Target":131814189.6956200302,"SO":92688919.6200000644,"DO":122686544.2853690535,"Unnamed: 4":null,"Unnamed: 5":null}
{"Tgl":"9\/17\/2025","Target":131814189.6956200302,"SO":81838979.3499997705,"DO":113489106.6686219573,"Unnamed: 4":1537081.9286219776,"Unnamed: 5":null}
{"Tgl":"9\/18\/2025","Target":131814189.6956200302,"SO":102972012.2799997479,"DO":103842789.7198978812,"Unnamed: 4":11153870.0998978168,"Unnamed: 5":null}
{"Tgl":"9\/19\/2025","Target":131814189.6956200302,"SO":138127637.2399995625,"DO":65230294.7527670041,"Unnamed: 4":-16608684.5972327664,"Unnamed: 5":null}
{"Tgl":"9\/20\/2025","Target":131814189.6956200302,"SO":202194687.4499991834,"DO":95532558.3886458129,"Unnamed: 4":-7439453.891353935,"Unnamed: 5":0.9277526609}
{"Tgl":"9\/22\/2025","Target":131814189.6956200302,"SO":190852657.8099989891,"DO":128135210.6332960576,"Unnamed: 4":-9992426.6067035049,"Unnamed: 5":0.9276580212}
{"Tgl":"9\/23\/2025","Target":131814189.6956200302,"SO":131935378.8299992085,"DO":169545030.6644117534,"Unnamed: 4":-32649656.78558743,"Unnamed: 5":0.8385236665}
{"Tgl":"9\/24\/2025","Target":131814189.6956200302,"SO":0.0,"DO":0.0,"Unnamed: 4":null,"Unnamed: 5":null}
{"Tgl":"9\/25\/2025","Target":131814189.6956200302,"SO":0.0,"DO":0.0,"Unnamed: 4":null,"Unnamed: 5":null}
{"Tgl":"9\/26\/2025","Target":131814189.6956200302,"SO":0.0,"DO":0.0,"Unnamed: 4":null,"Unnamed: 5":null}
{"Tgl":"9\/27\/2025","Target":131814189.6956200302,"SO":0.0,"DO":0.0,"Unnamed: 4":null,"Unnamed: 5":null}
{"Tgl":"9\/29\/2025","Target":131814189.6956200302,"SO":0.0,"DO":0.0,"Unnamed: 4":null,"Unnamed: 5":null}
{"Tgl":"9\/30\/2025","Target":131814189.6956200302,"SO":0.0,"DO":0.0,"Unnamed: 4":null,"Unnamed: 5":null}
{"Tgl":0,"Target":0.0,"SO":0.0,"DO":0.0,"Unnamed: 4":null,"Unnamed: 5":null}
