{"Tgl":"9\/1\/2025","Target":131814189.6956200153,"SO":194561218.620000124,"DO":45127864.0438140184}
{"Tgl":"9\/2\/2025","Target":131814189.6956200153,"SO":112543421.9299997538,"DO":139401455.7329659462}
{"Tgl":"9\/3\/2025","Target":131814189.6956200153,"SO":50557961.4900000617,"DO":86865261.8316627294}
{"Tgl":"9\/4\/2025","Target":131814189.6956200153,"SO":78700794.7400000095,"DO":106811791.1818748713}
{"Tgl":"9\/6\/2025","Target":131814189.6956200153,"SO":0.0,"DO":0.0}
{"Tgl":"9\/8\/2025","Target":131814189.6956200153,"SO":0.0,"DO":0.0}
{"Tgl":"9\/9\/2025","Target":131814189.6956200153,"SO":0.0,"DO":0.0}
{"Tgl":"9\/10\/2025","Target":131814189.6956200153,"SO":0.0,"DO":0.0}
{"Tgl":"9\/11\/2025","Target":131814189.6956200153,"SO":0.0,"DO":0.0}
{"Tgl":"9\/12\/2025","Target":131814189.6956200153,"SO":0.0,"DO":0.0}
{"Tgl":"9\/13\/2025","Target":131814189.6956200153,"SO":0.0,"DO":0.0}
{"Tgl":"9\/15\/2025","Target":131814189.6956200153,"SO":0.0,"DO":0.0}
{"Tgl":"9\/16\/2025","Target":131814189.6956200153,"SO":0.0,"DO":0.0}
{"Tgl":"9\/17\/2025","Target":131814189.6956200153,"SO":0.0,"DO":0.0}
{"Tgl":"9\/18\/2025","Target":131814189.6956200153,"SO":0.0,"DO":0.0}
{"Tgl":"9\/19\/2025","Target":131814189.6956200153,"SO":0.0,"DO":0.0}
{"Tgl":"9\/20\/2025","Target":131814189.6956200153,"SO":0.0,"DO":0.0}
{"Tgl":"9\/22\/2025","Target":131814189.6956200153,"SO":0.0,"DO":0.0}
{"Tgl":"9\/23\/2025","Target":131814189.6956200153,"SO":0.0,"DO":0.0}
{"Tgl":"9\/24\/2025","Target":131814189.6956200153,"SO":0.0,"DO":0.0}
{"Tgl":"9\/25\/2025","Target":131814189.6956200153,"SO":0.0,"DO":0.0}
{"Tgl":"9\/26\/2025","Target":131814189.6956200153,"SO":0.0,"DO":0.0}
{"Tgl":"9\/27\/2025","Target":131814189.6956200153,"SO":0.0,"DO":0.0}
{"Tgl":"9\/29\/2025","Target":131814189.6956200153,"SO":0.0,"DO":0.0}
{"Tgl":"9\/30\/2025","Target":131814189.6956200153,"SO":0.0,"DO":0.0}
{"Tgl":0,"Target":0.0,"SO":0.0,"DO":0.0}
{"Tgl":0,"Target":0.0,"SO":0.0,"DO":0.0}
