{"Tgl":"4\/1\/2026","Target":130671433.6345999241,"SO":73443469.6499999464,"DO":80709990.5418139249,"Gap SO DO":0.0}
{"Tgl":"4\/2\/2026","Target":130671433.6345999241,"SO":110094513.1699999869,"DO":79554955.4673138857,"Gap SO DO":0.0}
{"Tgl":"4\/3\/2026","Target":0.0,"SO":95656618.9300000072,"DO":84550320.7278148532,"Gap SO DO":11106851.0778149068}
{"Tgl":"4\/4\/2026","Target":130671433.6345999241,"SO":194485807.0899999738,"DO":104098895.4275589734,"Gap SO DO":-5995617.7424410135}
{"Tgl":"4\/6\/2026","Target":130671433.6345999241,"SO":188141120.6199999452,"DO":66246710.4303018898,"Gap SO DO":-29409908.4996981174}
{"Tgl":"4\/7\/2026","Target":130671433.6345999241,"SO":175787686.0499998331,"DO":146616936.7679739594,"Gap SO DO":-47868870.3220260143}
{"Tgl":"4\/8\/2026","Target":130671433.6345999092,"SO":90291390.0400001109,"DO":195508902.2544380128,"Gap SO DO":7367781.6344380677}
{"Tgl":"4\/9\/2026","Target":130671433.6345999241,"SO":141261070.4500000477,"DO":155531080.9882868826,"Gap SO DO":-20256605.0617129505}
{"Tgl":"4\/10\/2026","Target":130671433.6345999241,"SO":118456918.2199999392,"DO":110155334.2081901431,"Gap SO DO":19863944.1681900322}
{"Tgl":"4\/11\/2026","Target":130671433.6345999241,"SO":263072534.0499999225,"DO":154466065.2264454067,"Gap SO DO":13204994.776445359}
{"Tgl":"4\/13\/2026","Target":130671433.6345999241,"SO":123344393.6699999273,"DO":151976459.6677908301,"Gap SO DO":33519541.4477908909}
{"Tgl":"4\/14\/2026","Target":130671433.6345999241,"SO":130846949.8400000185,"DO":138278139.5167818964,"Gap SO DO":-124794394.5332180262}
{"Tgl":"4\/15\/2026","Target":130671433.6345999241,"SO":65727507.5399999768,"DO":197686312.8326252699,"Gap SO DO":74341919.1626253426}
{"Tgl":"4\/16\/2026","Target":130671433.6345999241,"SO":129652792.8199999779,"DO":100871649.0503977537,"Gap SO DO":-29975300.7896022648}
{"Tgl":"4\/17\/2026","Target":130671433.6345999241,"SO":178218995.1799999475,"DO":71988237.9343387932,"Gap SO DO":6260730.3943388164}
{"Tgl":"4\/18\/2026","Target":130671433.6345999241,"SO":175065405.379999876,"DO":106478202.6685268432,"Gap SO DO":-23174590.1514731348}
{"Tgl":"4\/20\/2026","Target":130671433.6345999241,"SO":145064674.6400000155,"DO":154180502.6368860304,"Gap SO DO":-24038492.5431139171}
{"Tgl":"4\/21\/2026","Target":130671433.6345999241,"SO":194847652.9799996912,"DO":205281843.8466420174,"Gap SO DO":30216438.4666421413}
{"Tgl":"4\/22\/2026","Target":130671433.6345999241,"SO":84082426.5300001204,"DO":134232469.1951977313,"Gap SO DO":-10832205.4448022842}
{"Tgl":"4\/23\/2026","Target":130671433.6345999241,"SO":103183999.9099999666,"DO":121138413.1403319985,"Gap SO DO":-73709239.8396676928}
{"Tgl":"4\/24\/2026","Target":130671433.6345999241,"SO":253205073.6200000644,"DO":110225007.7613429725,"Gap SO DO":26142581.2313428521}
{"Tgl":"4\/25\/2026","Target":130671433.6345999241,"SO":323002028.320001483,"DO":90452411.9048729539,"Gap SO DO":-12731588.0051270127}
{"Tgl":"4\/27\/2026","Target":130671433.6345999241,"SO":265186175.1200000644,"DO":209756049.4211851954,"Gap SO DO":null}
{"Tgl":"4\/28\/2026","Target":130671433.6345999241,"SO":118167299.819999516,"DO":228262030.451228708,"Gap SO DO":null}
{"Tgl":"4\/29\/2026","Target":130671433.6345999241,"SO":162903361.03000018,"DO":191632412.7082791328,"Gap SO DO":null}
{"Tgl":"4\/30\/2026","Target":130671433.6345999241,"SO":0.0,"DO":0.0,"Gap SO DO":null}
{"Tgl":0,"Target":0.0,"SO":0.0,"DO":0.0,"Gap SO DO":null}
