{"Tgl":"7\/1\/2025","Target":124988623.0147101134,"SO":87286434.6299999207,"DO":57368340.6922060028}
{"Tgl":"7\/2\/2025","Target":124988623.0147101134,"SO":56386970.7299998701,"DO":71780625.6561648995}
{"Tgl":"7\/3\/2025","Target":124988623.0147101134,"SO":77403446.1199998856,"DO":72806533.6802008897}
{"Tgl":"7\/4\/2025","Target":124988623.0147101134,"SO":77721677.3499999344,"DO":38836058.7098620385}
{"Tgl":"7\/5\/2025","Target":124988623.0147101134,"SO":102601185.0799999684,"DO":71316718.0777640045}
{"Tgl":"7\/7\/2025","Target":124988623.0147101134,"SO":121156639.8299992383,"DO":77384697.4985497892}
{"Tgl":"7\/8\/2025","Target":124988623.0147101134,"SO":107879855.7899998873,"DO":96761377.0913469642}
{"Tgl":"7\/9\/2025","Target":124988623.0147101134,"SO":82158540.260000065,"DO":114513349.7382536381}
{"Tgl":"7\/10\/2025","Target":124988623.0147101134,"SO":86909454.6199999303,"DO":112578500.9511549473}
{"Tgl":"7\/11\/2025","Target":124988623.0147101134,"SO":127750718.889999643,"DO":80987019.7702658623}
{"Tgl":"7\/12\/2025","Target":124988623.0147101134,"SO":155367976.6200006902,"DO":82644487.9584688246}
{"Tgl":"7\/14\/2025","Target":124988623.0147101134,"SO":127974211.1099998206,"DO":115279864.4325825572}
{"Tgl":"7\/15\/2025","Target":124988623.0147101134,"SO":117022026.6299999654,"DO":86131855.2076086402}
{"Tgl":"7\/16\/2025","Target":124988623.0147101134,"SO":71076957.0099998713,"DO":179180126.9446004033}
{"Tgl":"7\/17\/2025","Target":124988623.0147101134,"SO":75845111.5599996597,"DO":122731699.8105696738}
{"Tgl":"7\/18\/2025","Target":124988623.0147101134,"SO":102824697.1299999952,"DO":84028987.9245787263}
{"Tgl":"7\/19\/2025","Target":124988623.0147101134,"SO":184007863.4599998295,"DO":102793446.405497849}
{"Tgl":"7\/21\/2025","Target":124988623.0147101134,"SO":197291600.1500001848,"DO":103788096.9178497344}
{"Tgl":"7\/22\/2025","Target":124988623.0147101134,"SO":108862245.1999998093,"DO":153589682.4061520994}
{"Tgl":"7\/23\/2025","Target":124988623.0147101134,"SO":95373935.5999999195,"DO":127947334.9061456323}
{"Tgl":"7\/24\/2025","Target":124988623.0147101134,"SO":142886610.8699998856,"DO":180624661.2265190184}
{"Tgl":"7\/25\/2025","Target":124988623.0147101134,"SO":192213366.3300000131,"DO":138739476.9777799249}
{"Tgl":"7\/26\/2025","Target":124988623.0147101134,"SO":172241715.0800000429,"DO":120958041.8088059872}
{"Tgl":"7\/28\/2025","Target":124988623.0147101134,"SO":230664701.7599999607,"DO":185285916.5390183926}
{"Tgl":"7\/29\/2025","Target":124988623.0147101134,"SO":0.0,"DO":0.0}
{"Tgl":"7\/30\/2025","Target":124988623.0147101134,"SO":0.0,"DO":0.0}
{"Tgl":"7\/31\/2025","Target":124988623.0147101134,"SO":0.0,"DO":0.0}
