{"Tgl":"5\/2\/2026","Target":139432453.6526800096,"SO":253495429.1299999058,"DO":72094303.8911599815,"Gap SO DO":0.0}
{"Tgl":"5\/4\/2026","Target":139432453.6526800096,"SO":154927998.2999998331,"DO":134467907.3151699603,"Gap SO DO":0.0}
{"Tgl":"5\/5\/2026","Target":139432453.6526800096,"SO":107835563.5299999565,"DO":166031714.4189769328,"Gap SO DO":-87463714.7110229731}
{"Tgl":"5\/6\/2026","Target":139432453.6526800096,"SO":73048466.6199999899,"DO":122686483.5672197491,"Gap SO DO":-32241514.732780084}
{"Tgl":"5\/7\/2026","Target":139432453.6526800096,"SO":110286356.6400000155,"DO":101153362.6819439083,"Gap SO DO":-6682200.8480560482}
{"Tgl":"5\/8\/2026","Target":139432453.6526800096,"SO":143451751.4999999106,"DO":81500667.0531100482,"Gap SO DO":8452200.4331100583}
{"Tgl":"5\/9\/2026","Target":139432453.6526800096,"SO":266268818.1200002432,"DO":75762133.3535030484,"Gap SO DO":-34524223.2864969671}
{"Tgl":"5\/11\/2026","Target":139432453.6526800096,"SO":169489838.7399998605,"DO":139012352.156896919,"Gap SO DO":-4439399.3431029916}
{"Tgl":"5\/12\/2026","Target":139432453.6526800096,"SO":135189771.659999758,"DO":203405962.9021646082,"Gap SO DO":-62862855.2178356349}
{"Tgl":"5\/13\/2026","Target":139432453.6526800096,"SO":88501945.2999999523,"DO":184451984.4025243819,"Gap SO DO":14962145.6625245214}
{"Tgl":"5\/14\/2026","Target":0.0,"SO":92421345.8600001782,"DO":124170573.0073048174,"Gap SO DO":-11019198.6526949406}
{"Tgl":"5\/15\/2026","Target":139432453.6526800096,"SO":107137703.1900000423,"DO":67891272.6645490527,"Gap SO DO":-20610672.6354508996}
{"Tgl":"5\/16\/2026","Target":139432453.6526800096,"SO":204581939.6499997079,"DO":99211379.905491963,"Gap SO DO":6790034.0454917848}
{"Tgl":"5\/18\/2026","Target":139432453.6526800096,"SO":194470222.9000004232,"DO":98678491.1502589285,"Gap SO DO":-8459212.0397411138}
{"Tgl":"5\/19\/2026","Target":139432453.6526800096,"SO":0.0,"DO":0.0,"Gap SO DO":-204581939.6499997079}
{"Tgl":"5\/20\/2026","Target":139432453.6526800096,"SO":0.0,"DO":0.0,"Gap SO DO":-194470222.9000004232}
{"Tgl":"5\/21\/2026","Target":139432453.6526800096,"SO":0.0,"DO":0.0,"Gap SO DO":0.0}
{"Tgl":"5\/22\/2026","Target":139432453.6526800096,"SO":0.0,"DO":0.0,"Gap SO DO":0.0}
{"Tgl":"5\/23\/2026","Target":139432453.6526800096,"SO":0.0,"DO":0.0,"Gap SO DO":0.0}
{"Tgl":"5\/25\/2026","Target":139432453.6526800096,"SO":0.0,"DO":0.0,"Gap SO DO":0.0}
{"Tgl":"5\/26\/2026","Target":139432453.6526800096,"SO":0.0,"DO":0.0,"Gap SO DO":0.0}
{"Tgl":"5\/28\/2026","Target":139432453.6526800096,"SO":0.0,"DO":0.0,"Gap SO DO":0.0}
{"Tgl":"5\/29\/2026","Target":139432453.6526800096,"SO":0.0,"DO":0.0,"Gap SO DO":null}
{"Tgl":"5\/30\/2026","Target":139432453.6526800096,"SO":0.0,"DO":0.0,"Gap SO DO":null}
{"Tgl":0,"Target":0.0,"SO":0.0,"DO":0.0,"Gap SO DO":null}
{"Tgl":0,"Target":0.0,"SO":0.0,"DO":0.0,"Gap SO DO":null}
{"Tgl":0,"Target":0.0,"SO":0.0,"DO":0.0,"Gap SO DO":null}
