{"Tgl":"12\/1\/2025","Target":126177078.5646499991,"SO":80018441.1100000292,"DO":47265282.1954899505}
{"Tgl":"12\/2\/2025","Target":126177078.5646499991,"SO":117163668.6899985075,"DO":50424478.7838409394}
{"Tgl":"12\/3\/2025","Target":126177078.5646499991,"SO":67138845.3200002313,"DO":95070563.7893060446}
{"Tgl":"12\/4\/2025","Target":126177078.5646499991,"SO":107501291.1399993002,"DO":77631155.9132020324}
{"Tgl":"12\/5\/2025","Target":126177078.5646499991,"SO":125385719.3899996579,"DO":62575412.4354010001}
{"Tgl":"12\/6\/2025","Target":126177078.5646499991,"SO":199516675.5900008082,"DO":120358436.4339868873}
{"Tgl":"12\/8\/2025","Target":126177078.5646499991,"SO":0.0,"DO":0.0}
{"Tgl":"12\/9\/2025","Target":126177078.5646499991,"SO":0.0,"DO":0.0}
{"Tgl":"12\/10\/2025","Target":126177078.5646499991,"SO":0.0,"DO":0.0}
{"Tgl":"12\/11\/2025","Target":126177078.5646499991,"SO":0.0,"DO":0.0}
{"Tgl":"12\/12\/2025","Target":126177078.5646499991,"SO":0.0,"DO":0.0}
{"Tgl":"12\/13\/2025","Target":126177078.5646499991,"SO":0.0,"DO":0.0}
{"Tgl":"12\/15\/2025","Target":126177078.5646499991,"SO":0.0,"DO":0.0}
{"Tgl":"12\/16\/2025","Target":126177078.5646499991,"SO":0.0,"DO":0.0}
{"Tgl":"12\/17\/2025","Target":126177078.5646499991,"SO":0.0,"DO":0.0}
{"Tgl":"12\/18\/2025","Target":126177078.5646499991,"SO":0.0,"DO":0.0}
{"Tgl":"12\/19\/2025","Target":126177078.5646499991,"SO":0.0,"DO":0.0}
{"Tgl":"12\/20\/2025","Target":126177078.5646499991,"SO":0.0,"DO":0.0}
{"Tgl":"12\/22\/2025","Target":126177078.5646499991,"SO":0.0,"DO":0.0}
{"Tgl":"12\/23\/2025","Target":126177078.5646499991,"SO":0.0,"DO":0.0}
{"Tgl":"12\/24\/2025","Target":126177078.5646499991,"SO":0.0,"DO":0.0}
{"Tgl":"12\/26\/2025","Target":126177078.5646499991,"SO":0.0,"DO":0.0}
{"Tgl":"12\/27\/2025","Target":126177078.5646499991,"SO":0.0,"DO":0.0}
{"Tgl":"12\/29\/2025","Target":126177078.5646499991,"SO":0.0,"DO":0.0}
{"Tgl":"12\/30\/2025","Target":126177078.5646499991,"SO":0.0,"DO":0.0}
{"Tgl":"12\/31\/2025","Target":126177078.5646499991,"SO":0.0,"DO":0.0}
