{"Tgl":"11\/1\/2025","Target":137089301.0072800219,"SO":85833683.7399993241,"DO":39720425.0055809394}
{"Tgl":"11\/3\/2025","Target":137089301.0072800219,"SO":109488166.3399990201,"DO":71847097.3673829138}
{"Tgl":"11\/4\/2025","Target":137089301.0072800219,"SO":88202498.4699990153,"DO":91508739.2925168872}
{"Tgl":"11\/5\/2025","Target":137089301.0072800219,"SO":55855790.5300001055,"DO":83698278.1810629517}
{"Tgl":"11\/6\/2025","Target":137089301.0072800219,"SO":80936141.5099996477,"DO":72584931.5622709394}
{"Tgl":"11\/7\/2025","Target":137089301.0072800219,"SO":110904277.7899989784,"DO":63121928.9956389517}
{"Tgl":"11\/8\/2025","Target":137089301.0072800219,"SO":128956042.7199989408,"DO":91464556.0116418153}
{"Tgl":"11\/10\/2025","Target":137089301.0072800219,"SO":116404501.9899988174,"DO":116369941.3503898084}
{"Tgl":"11\/11\/2025","Target":137089301.0072800219,"SO":128270854.6999977529,"DO":114898192.4603979886}
{"Tgl":"11\/12\/2025","Target":137089301.0072800219,"SO":73858841.7099999487,"DO":115412895.3051959127}
{"Tgl":"11\/13\/2025","Target":137089301.0072800219,"SO":113147975.0500000119,"DO":96535338.2182659954}
{"Tgl":"11\/14\/2025","Target":137089301.0072800219,"SO":96165965.8399999738,"DO":69236821.5104250014}
{"Tgl":"11\/15\/2025","Target":137089301.0072800219,"SO":168201974.2800000608,"DO":120932025.7351158261}
{"Tgl":"11\/17\/2025","Target":137089301.0072800219,"SO":90358249.6299999505,"DO":109594770.8268158734}
{"Tgl":"11\/18\/2025","Target":137089301.0072800219,"SO":0.0,"DO":0.0}
{"Tgl":"11\/19\/2025","Target":137089301.0072800219,"SO":0.0,"DO":0.0}
{"Tgl":"11\/20\/2025","Target":137089301.0072800219,"SO":0.0,"DO":0.0}
{"Tgl":"11\/21\/2025","Target":137089301.0072800219,"SO":0.0,"DO":0.0}
{"Tgl":"11\/22\/2025","Target":137089301.0072800219,"SO":0.0,"DO":0.0}
{"Tgl":"11\/24\/2025","Target":137089301.0072800219,"SO":0.0,"DO":0.0}
{"Tgl":"11\/25\/2025","Target":137089301.0072800219,"SO":0.0,"DO":0.0}
{"Tgl":"11\/26\/2025","Target":137089301.0072800219,"SO":0.0,"DO":0.0}
{"Tgl":"11\/27\/2025","Target":137089301.0072800219,"SO":0.0,"DO":0.0}
{"Tgl":"11\/28\/2025","Target":137089301.0072800219,"SO":0.0,"DO":0.0}
{"Tgl":"11\/29\/2025","Target":137089301.0072800219,"SO":0.0,"DO":0.0}
{"Tgl":0,"Target":0.0,"SO":0.0,"DO":0.0}
