{
  "17210032876": {
    "name": "Asman",
    "sac": "Kisman Pidu",
    "type": "Sales Representative Mix Yudistira",
    "performance": {
      "GBS": {
        "actual": 101183511.60445622,
        "target": 377080000.0,
        "percentage": 27,
        "gap": -275896488.3955438
      },
      "GEN": {
        "actual": 33405674.290839978,
        "target": 69821000.0,
        "percentage": 48,
        "gap": -36415325.70916002
      },
      "GPPJ": {
        "actual": 307016896.7731904,
        "target": 620150000.0,
        "percentage": 50,
        "gap": -313133103.2268096
      },
      "HGJ": {
        "actual": 176211.71,
        "target": 1521000.0,
        "percentage": 12,
        "gap": -1344788.29
      },
      "MBR": {
        "actual": 5487858.437203999,
        "target": 11351000.0,
        "percentage": 48,
        "gap": -5863141.562796001
      },
      "RANS": {
        "actual": 4386487.099999999,
        "target": 0.0,
        "percentage": 0,
        "gap": 4386487.099999999
      },
      "GSJ": {
        "actual": 27117.1,
        "target": 0.0,
        "percentage": 0,
        "gap": 27117.1
      },
      "ABBOTT": {
        "actual": 3391805.38,
        "target": 0.0,
        "percentage": 0,
        "gap": 3391805.38
      }
    },
    "metrics": {
      "CA": 1,
      "CAProd": 1,
      "SKU": 1,
      "GP": 1
    },
    "TOTAL": {
      "actual": 455075562.3956906,
      "target": 1100000000.0,
      "percentage": 41,
      "gap": -644924437.6043093
    },
    "Ranking": {
      "Rank": 7,
      "total_salesman": 7
    }
  },
  "17210036369": {
    "name": "Muhammad Tamrin",
    "sac": "Kisman Pidu",
    "type": "Sales Representative Mix Yudistira",
    "performance": {
      "GBS": {
        "actual": 57201709.62190607,
        "target": 201967000.0,
        "percentage": 28,
        "gap": -144765290.37809393
      },
      "GEN": {
        "actual": 15134863.640309991,
        "target": 35545000.0,
        "percentage": 43,
        "gap": -20410136.35969001
      },
      "GPPJ": {
        "actual": 174920701.09252438,
        "target": 305714000.0,
        "percentage": 57,
        "gap": -130793298.90747562
      },
      "HGJ": {
        "actual": 0.0,
        "target": 774000.0,
        "percentage": 0,
        "gap": -774000.0
      },
      "MBR": {
        "actual": 2320905.2953999997,
        "target": 10221000.0,
        "percentage": 23,
        "gap": -7900094.704600001
      },
      "RANS": {
        "actual": 4777270.680000001,
        "target": 0.0,
        "percentage": 0,
        "gap": 4777270.680000001
      },
      "GSJ": {
        "actual": 13558.55,
        "target": 0.0,
        "percentage": 0,
        "gap": 13558.55
      },
      "ABBOTT": {
        "actual": 0.0,
        "target": 0.0,
        "percentage": 0,
        "gap": 0.0
      }
    },
    "metrics": {
      "CA": 1,
      "CAProd": 1,
      "SKU": 1,
      "GP": 1
    },
    "TOTAL": {
      "actual": 254369008.88014045,
      "target": 560000000.0,
      "percentage": 45,
      "gap": -305630991.1198596
    },
    "Ranking": {
      "Rank": 5,
      "total_salesman": 7
    }
  },
  "17210037632": {
    "name": "Robianor",
    "sac": "Kisman Pidu",
    "type": "Sales Representative Mix Yudistira",
    "performance": {
      "GBS": {
        "actual": 71793837.25853685,
        "target": 181682000.0,
        "percentage": 40,
        "gap": -109888162.74146315
      },
      "GEN": {
        "actual": 19604368.57464897,
        "target": 29941000.0,
        "percentage": 65,
        "gap": -10336631.425351031
      },
      "GPPJ": {
        "actual": 188606489.78315574,
        "target": 300701000.0,
        "percentage": 63,
        "gap": -112094510.21684426
      },
      "HGJ": {
        "actual": 22202.7,
        "target": 833000.0,
        "percentage": 3,
        "gap": -810797.3
      },
      "MBR": {
        "actual": 3864258.406657999,
        "target": 10674000.0,
        "percentage": 36,
        "gap": -6809741.593342001
      },
      "RANS": {
        "actual": 3830511.0600000056,
        "target": 0.0,
        "percentage": 0,
        "gap": 3830511.0600000056
      },
      "GSJ": {
        "actual": 13558.55,
        "target": 0.0,
        "percentage": 0,
        "gap": 13558.55
      },
      "ABBOTT": {
        "actual": 0.0,
        "target": 0.0,
        "percentage": 0,
        "gap": 0.0
      }
    },
    "metrics": {
      "CA": 1,
      "CAProd": 1,
      "SKU": 1,
      "GP": 1
    },
    "TOTAL": {
      "actual": 287735226.3329996,
      "target": 530000000.0,
      "percentage": 54,
      "gap": -242264773.6670004
    },
    "Ranking": {
      "Rank": 4,
      "total_salesman": 7
    }
  },
  "17210037713": {
    "name": "Rahmani",
    "sac": "Kisman Pidu",
    "type": "Sales Representative Mix Yudistira",
    "performance": {
      "GBS": {
        "actual": 62198736.596065976,
        "target": 184996000.0,
        "percentage": 34,
        "gap": -122797263.40393403
      },
      "GEN": {
        "actual": 11808782.353942985,
        "target": 33958000.0,
        "percentage": 35,
        "gap": -22149217.646057017
      },
      "GPPJ": {
        "actual": 161893503.56789783,
        "target": 300020000.0,
        "percentage": 54,
        "gap": -138126496.43210217
      },
      "HGJ": {
        "actual": 0.0,
        "target": 740000.0,
        "percentage": 0,
        "gap": -740000.0
      },
      "MBR": {
        "actual": 1956484.5710740008,
        "target": 5521000.0,
        "percentage": 35,
        "gap": -3564515.4289259994
      },
      "RANS": {
        "actual": 2180925.8600000003,
        "target": 0.0,
        "percentage": 0,
        "gap": 2180925.8600000003
      },
      "GSJ": {
        "actual": 13558.55,
        "target": 0.0,
        "percentage": 0,
        "gap": 13558.55
      },
      "ABBOTT": {
        "actual": 0.0,
        "target": 0.0,
        "percentage": 0,
        "gap": 0.0
      }
    },
    "metrics": {
      "CA": 1,
      "CAProd": 1,
      "SKU": 1,
      "GP": 1
    },
    "TOTAL": {
      "actual": 240051991.49898082,
      "target": 535000000.0,
      "percentage": 45,
      "gap": -294948008.5010192
    },
    "Ranking": {
      "Rank": 6,
      "total_salesman": 7
    }
  },
  "17210037897": {
    "name": "Hindra",
    "sac": "Kisman Pidu",
    "type": "Sales Representative Mix Yudistira",
    "performance": {
      "GBS": {
        "actual": 54205942.9902491,
        "target": 147119000.0,
        "percentage": 37,
        "gap": -92913057.0097509
      },
      "GEN": {
        "actual": 15706484.831767997,
        "target": 25389000.0,
        "percentage": 62,
        "gap": -9682515.168232003
      },
      "GPPJ": {
        "actual": 170873861.3675872,
        "target": 215510000.0,
        "percentage": 79,
        "gap": -44636138.63241279
      },
      "HGJ": {
        "actual": 0.0,
        "target": 553000.0,
        "percentage": 0,
        "gap": -553000.0
      },
      "MBR": {
        "actual": 2422913.364677,
        "target": 7301000.0,
        "percentage": 33,
        "gap": -4878086.635323
      },
      "RANS": {
        "actual": 3914910.3800000004,
        "target": 0.0,
        "percentage": 0,
        "gap": 3914910.3800000004
      },
      "GSJ": {
        "actual": 0.0,
        "target": 0.0,
        "percentage": 0,
        "gap": 0.0
      },
      "ABBOTT": {
        "actual": 0.0,
        "target": 0.0,
        "percentage": 0,
        "gap": 0.0
      }
    },
    "metrics": {
      "CA": 1,
      "CAProd": 1,
      "SKU": 1,
      "GP": 1
    },
    "TOTAL": {
      "actual": 247124112.9342813,
      "target": 400000000.0,
      "percentage": 62,
      "gap": -152875887.0657187
    },
    "Ranking": {
      "Rank": 3,
      "total_salesman": 7
    }
  },
  "17210038077": {
    "name": "Sopian Sauri",
    "sac": "Kisman Pidu",
    "type": "Sales Representative Retailer Bima",