{
  "17210032876": {
    "name": "Asman",
    "sac": "Kisman Pidu",
    "type": "Sales Representative Wholesaler Arjuna",
    "performance": {
      "GBS": {
        "actual": 0.0,
        "target": 0.0,
        "percentage": 0,
        "gap": 0.0
      },
      "GEN": {
        "actual": 36752579.00027092,
        "target": 70933000.0,
        "percentage": 52,
        "gap": -34180420.99972908
      },
      "GPPJ": {
        "actual": 480335642.7659783,
        "target": 449929000.0,
        "percentage": 107,
        "gap": 30406642.765978277
      },
      "HGJ": {
        "actual": 0.0,
        "target": 0.0,
        "percentage": 0,
        "gap": 0.0
      },
      "MBR": {
        "actual": 0.0,
        "target": 0.0,
        "percentage": 0,
        "gap": 0.0
      },
      "RANS": {
        "actual": 0.0,
        "target": 0.0,
        "percentage": 0,
        "gap": 0.0
      },
      "GSJ": {
        "actual": 0.0,
        "target": 0.0,
        "percentage": 0,
        "gap": 0.0
      },
      "ABBOTT": {
        "actual": 0.0,
        "target": 0.0,
        "percentage": 0,
        "gap": 0.0
      },
      "GPPJ & GEN": {
        "actual": 517088221.7662492,
        "target": 520862000.0,
        "percentage": 99,
        "gap": -3773778.23375082
      },
      "GBS & OTHERS": {
        "actual": 0.0,
        "target": 0.0,
        "percentage": 0,
        "gap": 0.0
      }
    },
    "metrics": {
      "CA": 1,
      "CAProd": 1,
      "SKU": 0,
      "GP": 1
    },
    "TOTAL": {
      "actual": 517844978.506236,
      "target": 520862000.0,
      "percentage": 99,
      "gap": -3017021.4937639832
    },
    "Ranking": {
      "Rank": 2,
      "total_salesman": 7
    }
  },
  "17210036369": {
    "name": "Muhammad Tamrin",
    "sac": "Kisman Pidu",
    "type": "Sales Representative Mix Yudistira",
    "performance": {
      "GBS": {
        "actual": 127672969.42333284,
        "target": 293294200.0,
        "percentage": 44,
        "gap": -165621230.57666716
      },
      "GEN": {
        "actual": 18061303.184292007,
        "target": 49545500.0,
        "percentage": 36,
        "gap": -31484196.815707993
      },
      "GPPJ": {
        "actual": 290922463.511934,
        "target": 389582700.0,
        "percentage": 75,
        "gap": -98660236.48806602
      },
      "HGJ": {
        "actual": 107207.196756,
        "target": 1108600.0,
        "percentage": 10,
        "gap": -1001392.803244
      },
      "MBR": {
        "actual": 6051888.919088997,
        "target": 8635800.0,
        "percentage": 70,
        "gap": -2583911.080911003
      },
      "RANS": {
        "actual": 4398634.540000005,
        "target": 0.0,
        "percentage": 0,
        "gap": 4398634.540000005
      },
      "GSJ": {
        "actual": 42972.97,
        "target": 0.0,
        "percentage": 0,
        "gap": 42972.97
      },
      "ABBOTT": {
        "actual": 0.0,
        "target": 0.0,
        "percentage": 0,
        "gap": 0.0
      },
      "GPPJ & GEN": {
        "actual": 308983766.696226,
        "target": 439128200.0,
        "percentage": 70,
        "gap": -130144433.303774
      },
      "GBS & OTHERS": {
        "actual": 138273673.04917789,
        "target": 303038600.0,
        "percentage": 46,
        "gap": -164764926.95082211
      }
    },
    "metrics": {
      "CA": 1,
      "CAProd": 1,
      "SKU": 0,
      "GP": 1
    },
    "TOTAL": {
      "actual": 508468829.48049927,
      "target": 744587500.0,
      "percentage": 68,
      "gap": -236118670.51950073
    },
    "Ranking": {
      "Rank": 6,
      "total_salesman": 7
    }
  },
  "17210037632": {
    "name": "Robianor",
    "sac": "Kisman Pidu",
    "type": "Sales Representative Mix Yudistira",
    "performance": {
      "GBS": {
        "actual": 98757923.76061887,
        "target": 242601100.0,
        "percentage": 41,
        "gap": -143843176.23938113
      },
      "GEN": {
        "actual": 16361913.933762996,
        "target": 38559600.0,
        "percentage": 42,
        "gap": -22197686.066237003
      },
      "GPPJ": {
        "actual": 330319628.4731675,
        "target": 342508900.0,
        "percentage": 96,
        "gap": -12189271.526832521
      },
      "HGJ": {
        "actual": 211640.50000000003,
        "target": 1051200.0,
        "percentage": 20,
        "gap": -839559.5
      },
      "MBR": {
        "actual": 10211805.030891,
        "target": 8361500.0,
        "percentage": 122,
        "gap": 1850305.0308909994
      },
      "RANS": {
        "actual": 5687271.320000012,
        "target": 0.0,
        "percentage": 0,
        "gap": 5687271.320000012
      },
      "GSJ": {
        "actual": 0.0,
        "target": 0.0,
        "percentage": 0,
        "gap": 0.0
      },
      "ABBOTT": {
        "actual": 0.0,
        "target": 0.0,
        "percentage": 0,
        "gap": 0.0
      },
      "GPPJ & GEN": {
        "actual": 346681542.40693045,
        "target": 381068500.0,
        "percentage": 91,
        "gap": -34386957.59306955
      },
      "GBS & OTHERS": {
        "actual": 114868640.61150992,
        "target": 252013800.0,
        "percentage": 46,
        "gap": -137145159.38849008
      }
    },
    "metrics": {
      "CA": 1,
      "CAProd": 1,
      "SKU": 0,
      "GP": 1
    },
    "TOTAL": {
      "actual": 510930487.87132627,
      "target": 635222500.0,
      "percentage": 80,
      "gap": -124292012.12867373
    },
    "Ranking": {
      "Rank": 4,
      "total_salesman": 7
    }
  },
  "17210037897": {
    "name": "Hindra",
    "sac": "Kisman Pidu",
    "type": "Sales Representative Mix Yudistira",
    "performance": {
      "GBS": {
        "actual": 65214860.86057623,
        "target": 235806700.0,
        "percentage": 28,
        "gap": -170591839.1394238
      },
      "GEN": {
        "actual": 23796259.960043,
        "target": 38715900.0,
        "percentage": 61,
        "gap": -14919640.039957002
      },
      "GPPJ": {
        "actual": 289088575.9068388,
        "target": 302343400.0,
        "percentage": 96,
        "gap": -13254824.093161225
      },
      "HGJ": {
        "actual": 61261.24,
        "target": 866200.0,
        "percentage": 7,
        "gap": -804938.76
      },
      "MBR": {
        "actual": 6555543.772870996,
        "target": 6540700.0,
        "percentage": 100,
        "gap": 14843.772870996036
      },
      "RANS": {
        "actual": 4849212.910000007,
        "target": 0.0,
        "percentage": 0,
        "gap": 4849212.910000007
      },
      "GSJ": {
        "actual": 0.0,
        "target": 0.0,
        "percentage": 0,
        "gap": 0.0
      },
      "ABBOTT": {
        "actual": 0.0,
        "target": 0.0,
        "percentage": 0,
        "gap": 0.0
      },
      "GPPJ & GEN": {
        "actual": 312884835.8668818,
        "target": 341059300.0,
        "percentage": 92,
        "gap": -28174464.133118212
      },
      "GBS & OTHERS": {
        "actual": 76680878.78344727,
        "target": 243213600.0,
        "percentage": 32,
        "gap": -166532721.21655273
      }
    },
    "metrics": {
      "CA": 1,
      "CAProd": 1,
      "SKU": 0,
      "GP": 1
    },
    "TOTAL": {
      "actual": 401824800.31700087,
      "target": 586240000.0,
      "percentage": 69,
      "gap": -184415199.68299913
    },
    "Ranking": {
      "Rank": 5,
      "total_salesman": 7
    }
  },
  "17210038077": {
    "name": "Sopian Sauri",
    "sac": "Kisman Pidu",
    "type": "Sales Representative Wholesaler Bima",
    "performance": {
      "GBS": {
        "actual": 111118915.69806379,
        "target": 314940000.0,
        "percentage": 35,
        "gap": -203821084.3019362
      },
      "GEN": {
        "actual": 0.0,
        "target": 0.0,
        "percentage": 0,
        "gap": 0.0
      },
      "GPPJ": {
        "actual": 106654907.45056975,
        "target": 121969000.0,
        "percentage": 87,
        "gap": -15314092.549430251
      },