{
  "17210032876": {
    "name": "Asman",
    "sac": "Kisman Pidu",
    "type": "Sales Representative Wholesaler Arjuna",
    "performance": {
      "GBS": {
        "actual": 7279999.833859002,
        "target": 0.0,
        "percentage": 0,
        "gap": 7279999.833859002
      },
      "GEN": {
        "actual": 10188197.629253002,
        "target": 70933000.0,
        "percentage": 14,
        "gap": -60744802.370747
      },
      "GPPJ": {
        "actual": 105382048.51568645,
        "target": 449929000.0,
        "percentage": 23,
        "gap": -344546951.48431355
      },
      "HGJ": {
        "actual": 0.0,
        "target": 0.0,
        "percentage": 0,
        "gap": 0.0
      },
      "MBR": {
        "actual": 339567.55387299997,
        "target": 0.0,
        "percentage": 0,
        "gap": 339567.55387299997
      },
      "RANS": {
        "actual": 148360.32000000004,
        "target": 0.0,
        "percentage": 0,
        "gap": 148360.32000000004
      },
      "GSJ": {
        "actual": 0.0,
        "target": 0.0,
        "percentage": 0,
        "gap": 0.0
      },
      "ABBOTT": {
        "actual": 0.0,
        "target": 0.0,
        "percentage": 0,
        "gap": 0.0
      },
      "GPPJ & GEN": {
        "actual": 115570246.14493945,
        "target": 520862000.0,
        "percentage": 22,
        "gap": -405291753.8550606
      },
      "GBS & OTHERS": {
        "actual": 7767927.707731992,
        "target": 0.0,
        "percentage": 0,
        "gap": 7767927.707731992
      }
    },
    "metrics": {
      "CA": 1,
      "CAProd": 0,
      "SKU": 0,
      "GP": 0
    },
    "TOTAL": {
      "actual": 123338173.85267144,
      "target": 520862000.0,
      "percentage": 24,
      "gap": -397523826.14732856
    },
    "Ranking": {
      "Rank": 4,
      "total_salesman": 8
    }
  },
  "17210036369": {
    "name": "Muhammad Tamrin",
    "sac": "Kisman Pidu",
    "type": "Sales Representative Mix Yudistira",
    "performance": {
      "GBS": {
        "actual": 14400989.67293402,
        "target": 215821000.0,
        "percentage": 7,
        "gap": -201420010.32706597
      },
      "GEN": {
        "actual": 3327296.892515,
        "target": 36111000.0,
        "percentage": 9,
        "gap": -32783703.107485
      },
      "GPPJ": {
        "actual": 51941076.51736172,
        "target": 281893000.0,
        "percentage": 18,
        "gap": -229951923.48263827
      },
      "HGJ": {
        "actual": 0.0,
        "target": 808000.0,
        "percentage": 0,
        "gap": -808000.0
      },
      "MBR": {
        "actual": 1454753.9858530003,
        "target": 7135000.0,
        "percentage": 20,
        "gap": -5680246.014146999
      },
      "RANS": {
        "actual": 1197566.3800000004,
        "target": 0.0,
        "percentage": 0,
        "gap": 1197566.3800000004
      },
      "GSJ": {
        "actual": 42972.97,
        "target": 0.0,
        "percentage": 0,
        "gap": 42972.97
      },
      "ABBOTT": {
        "actual": 0.0,
        "target": 0.0,
        "percentage": 0,
        "gap": 0.0
      },
      "GPPJ & GEN": {
        "actual": 55268373.40987672,
        "target": 318004000.0,
        "percentage": 17,
        "gap": -262735626.5901233
      },
      "GBS & OTHERS": {
        "actual": 17096283.00878702,
        "target": 223764000.0,
        "percentage": 8,
        "gap": -206667716.99121296
      }
    },
    "metrics": {
      "CA": 1,
      "CAProd": 0,
      "SKU": 0,
      "GP": 0
    },
    "TOTAL": {
      "actual": 72364656.41866374,
      "target": 543228000.0,
      "percentage": 13,
      "gap": -470863343.58133626
    },
    "Ranking": {
      "Rank": 8,
      "total_salesman": 8
    }
  },
  "17210037632": {
    "name": "Robianor",
    "sac": "Kisman Pidu",
    "type": "Sales Representative Mix Yudistira",
    "performance": {
      "GBS": {
        "actual": 22232791.438325,
        "target": 195651000.0,
        "percentage": 11,
        "gap": -173418208.561675
      },
      "GEN": {
        "actual": 4528287.833782,
        "target": 30418000.0,
        "percentage": 15,
        "gap": -25889712.166218
      },
      "GPPJ": {
        "actual": 83772733.27844432,
        "target": 277247000.0,
        "percentage": 30,
        "gap": -193474266.72155568
      },
      "HGJ": {
        "actual": 100702.7,
        "target": 869000.0,
        "percentage": 12,
        "gap": -768297.3
      },
      "MBR": {
        "actual": 1793539.5275650003,
        "target": 7452000.0,
        "percentage": 24,
        "gap": -5658460.472434999
      },
      "RANS": {
        "actual": 1962089.9100000004,
        "target": 0.0,
        "percentage": 0,
        "gap": 1962089.9100000004
      },
      "GSJ": {
        "actual": 0.0,
        "target": 0.0,
        "percentage": 0,
        "gap": 0.0
      },
      "ABBOTT": {
        "actual": 0.0,
        "target": 0.0,
        "percentage": 0,
        "gap": 0.0
      },
      "GPPJ & GEN": {
        "actual": 88301021.11222632,
        "target": 307665000.0,
        "percentage": 29,
        "gap": -219363978.8877737
      },
      "GBS & OTHERS": {
        "actual": 26089123.575890005,
        "target": 203972000.0,
        "percentage": 13,
        "gap": -177882876.42411
      }
    },
    "metrics": {
      "CA": 1,
      "CAProd": 0,
      "SKU": 0,
      "GP": 0
    },
    "TOTAL": {
      "actual": 114390144.68811633,
      "target": 513195000.0,
      "percentage": 22,
      "gap": -398804855.3118837
    },
    "Ranking": {
      "Rank": 5,
      "total_salesman": 8
    }
  },
  "17210037713": {
    "name": "Rahmani",
    "sac": "Kisman Pidu",
    "type": "Sales Representative Mix Yudistira",
    "performance": {
      "GBS": {
        "actual": 26661620.575990986,
        "target": 198946000.0,
        "percentage": 13,
        "gap": -172284379.42400903
      },
      "GEN": {
        "actual": 4511440.985579002,
        "target": 34499000.0,
        "percentage": 13,
        "gap": -29987559.014420997
      },
      "GPPJ": {
        "actual": 63281166.72104671,
        "target": 276540000.0,
        "percentage": 23,
        "gap": -213258833.27895328
      },
      "HGJ": {
        "actual": 76576.57,
        "target": 772000.0,
        "percentage": 10,
        "gap": -695423.4299999999
      },
      "MBR": {
        "actual": 3563904.380896,
        "target": 3854000.0,
        "percentage": 92,
        "gap": -290095.6191039998
      },
      "RANS": {
        "actual": 686179.22,
        "target": 0.0,
        "percentage": 0,
        "gap": 686179.22
      },
      "GSJ": {
        "actual": 0.0,
        "target": 0.0,
        "percentage": 0,
        "gap": 0.0
      },
      "ABBOTT": {
        "actual": 0.0,
        "target": 0.0,
        "percentage": 0,
        "gap": 0.0
      },
      "GPPJ & GEN": {
        "actual": 67792607.70662571,
        "target": 311039000.0,
        "percentage": 22,
        "gap": -243246392.2933743
      },
      "GBS & OTHERS": {
        "actual": 30988280.746886984,
        "target": 203572000.0,
        "percentage": 15,
        "gap": -172583719.25311303
      }
    },
    "metrics": {
      "CA": 1,
      "CAProd": 0,
      "SKU": 0,
      "GP": 0
    },
    "TOTAL": {
      "actual": 98780888.4535127,
      "target": 517078000.0,
      "percentage": 19,
      "gap": -418297111.54648733
    },
    "Ranking": {
      "Rank": 6,
      "total_salesman": 8
    }
  },
  "17210037897": {
    "name": "Hindra",
    "sac": "Kisman Pidu",
    "type": "Sales Representative Mix Yudistira",
    "performance": {
      "GBS": {
        "actual": 11056125.115186019,
        "target": 161284000.0,
        "percentage": 7,
        "gap": -150227874.884814
      },
      "GEN": {
        "actual": 10366305.938801002,
        "target": 25793000.0,
        "percentage": 40,
        "gap": -15426694.061198998
      },
      "GPPJ": {
        "actual": 107909228.41643764,