{
  "17210032876": {
    "name": "Asman",
    "sac": "Kisman Pidu",
    "type": "Sales Representative Mix Yudistira",
    "performance": {
      "GBS": {
        "actual": 63132251.40576299,
        "target": 382686000.0,
        "percentage": 16,
        "gap": -319553748.594237
      },
      "GEN": {
        "actual": 26602427.120931987,
        "target": 84987000.0,
        "percentage": 31,
        "gap": -58384572.87906802
      },
      "GPPJ": {
        "actual": 244213424.07498935,
        "target": 624702000.0,
        "percentage": 39,
        "gap": -380488575.9250107
      },
      "HGJ": {
        "actual": 505405.394324,
        "target": 819000.0,
        "percentage": 62,
        "gap": -313594.605676
      },
      "MBR": {
        "actual": 3334786.4304479994,
        "target": 7547000.0,
        "percentage": 44,
        "gap": -4212213.569552001
      },
      "RANS": {
        "actual": 2932024.099999999,
        "target": 0.0,
        "percentage": 0,
        "gap": 2932024.099999999
      },
      "GSJ": {
        "actual": 0.0,
        "target": 0.0,
        "percentage": 0,
        "gap": 0.0
      },
      "ABBOTT": {
        "actual": 0.0,
        "target": 0.0,
        "percentage": 0,
        "gap": 0.0
      },
      "GPPJ & GEN": {
        "actual": 270815851.19592136,
        "target": 709689000.0,
        "percentage": 38,
        "gap": -438873148.80407864
      },
      "GBS & OTHERS": {
        "actual": 0.0,
        "target": 391052000.0,
        "percentage": 0,
        "gap": -391052000.0
      }
    },
    "metrics": {
      "CA": 1,
      "CAProd": 1,
      "SKU": 0,
      "GP": 1
    },
    "TOTAL": {
      "actual": 340720318.5264563,
      "target": 1103426000.0,
      "percentage": 31,
      "gap": -762705681.4735436
    },
    "Ranking": {
      "Rank": 4,
      "total_salesman": 6
    }
  },
  "17210036369": {
    "name": "Muhammad Tamrin",
    "sac": "Kisman Pidu",
    "type": "Sales Representative Mix Yudistira",
    "performance": {
      "GBS": {
        "actual": 67987386.27711707,
        "target": 310808000.0,
        "percentage": 22,
        "gap": -242820613.72288293
      },
      "GEN": {
        "actual": 14317476.557805996,
        "target": 48448000.0,
        "percentage": 30,
        "gap": -34130523.442194
      },
      "GPPJ": {
        "actual": 151271335.5302415,
        "target": 368752000.0,
        "percentage": 41,
        "gap": -217480664.4697585
      },
      "HGJ": {
        "actual": 490090.085945,
        "target": 730000.0,
        "percentage": 67,
        "gap": -239909.914055
      },
      "MBR": {
        "actual": 5680457.552966999,
        "target": 6080000.0,
        "percentage": 93,
        "gap": -399542.4470330011
      },
      "RANS": {
        "actual": 2358032.1600000006,
        "target": 0.0,
        "percentage": 0,
        "gap": 2358032.1600000006
      },
      "GSJ": {
        "actual": 27117.11,
        "target": 0.0,
        "percentage": 0,
        "gap": 27117.11
      },
      "ABBOTT": {
        "actual": 0.0,
        "target": 0.0,
        "percentage": 0,
        "gap": 0.0
      },
      "GPPJ & GEN": {
        "actual": 165588812.08804747,
        "target": 417200000.0,
        "percentage": 40,
        "gap": -251611187.91195253
      },
      "GBS & OTHERS": {
        "actual": 76543083.18602914,
        "target": 317618000.0,
        "percentage": 24,
        "gap": -241074916.81397086
      }
    },
    "metrics": {
      "CA": 1,
      "CAProd": 0,
      "SKU": 0,
      "GP": 1
    },
    "TOTAL": {
      "actual": 242131895.27407658,
      "target": 738226000.0,
      "percentage": 33,
      "gap": -496094104.7259234
    },
    "Ranking": {
      "Rank": 2,
      "total_salesman": 6
    }
  },
  "17210037632": {
    "name": "Robianor",
    "sac": "Kisman Pidu",
    "type": "Sales Representative Mix Yudistira",
    "performance": {
      "GBS": {
        "actual": 26691710.482556008,
        "target": 276807000.0,
        "percentage": 10,
        "gap": -250115289.51744398
      },
      "GEN": {
        "actual": 11750820.513046993,
        "target": 45275000.0,
        "percentage": 26,
        "gap": -33524179.486953005
      },
      "GPPJ": {
        "actual": 124669305.65292756,
        "target": 382239000.0,
        "percentage": 33,
        "gap": -257569694.34707242
      },
      "HGJ": {
        "actual": 45945.93,
        "target": 776000.0,
        "percentage": 6,
        "gap": -730054.07
      },
      "MBR": {
        "actual": 3738486.334136999,
        "target": 7768000.0,
        "percentage": 48,
        "gap": -4029513.665863001
      },
      "RANS": {
        "actual": 2407178.980000002,
        "target": 0.0,
        "percentage": 0,
        "gap": 2407178.980000002
      },
      "GSJ": {
        "actual": 0.0,
        "target": 0.0,
        "percentage": 0,
        "gap": 0.0
      },
      "ABBOTT": {
        "actual": 0.0,
        "target": 0.0,
        "percentage": 0,
        "gap": 0.0
      },
      "GPPJ & GEN": {
        "actual": 136420126.16597456,
        "target": 427514000.0,
        "percentage": 32,
        "gap": -291093873.83402544
      },
      "GBS & OTHERS": {
        "actual": 32883321.726693004,
        "target": 285351000.0,
        "percentage": 12,
        "gap": -252467678.273307
      }
    },
    "metrics": {
      "CA": 1,
      "CAProd": 1,
      "SKU": 0,
      "GP": 1
    },
    "TOTAL": {
      "actual": 169303447.89266756,
      "target": 715525000.0,
      "percentage": 24,
      "gap": -546221552.1073325
    },
    "Ranking": {
      "Rank": 5,
      "total_salesman": 6
    }
  },
  "17210037897": {
    "name": "Hindra",
    "sac": "Kisman Pidu",
    "type": "Sales Representative Mix Yudistira",
    "performance": {
      "GBS": {
        "actual": 15242881.25310306,
        "target": 162724000.0,
        "percentage": 9,
        "gap": -147481118.74689695
      },
      "GEN": {
        "actual": 4548963.230173999,
        "target": 37993000.0,
        "percentage": 12,
        "gap": -33444036.769826002
      },
      "GPPJ": {
        "actual": 79577622.67032701,
        "target": 268888000.0,
        "percentage": 30,
        "gap": -189310377.329673
      },
      "HGJ": {
        "actual": 0.0,
        "target": 715000.0,
        "percentage": 0,
        "gap": -715000.0
      },
      "MBR": {
        "actual": 1360635.9508059998,
        "target": 4158000.0,
        "percentage": 33,
        "gap": -2797364.049194
      },
      "RANS": {
        "actual": 760351.1900000001,
        "target": 0.0,
        "percentage": 0,
        "gap": 760351.1900000001
      },
      "GSJ": {
        "actual": 0.0,
        "target": 0.0,
        "percentage": 0,
        "gap": 0.0
      },
      "ABBOTT": {
        "actual": 0.0,
        "target": 0.0,
        "percentage": 0,
        "gap": 0.0
      },
      "GPPJ & GEN": {
        "actual": 84126585.90050101,
        "target": 306881000.0,
        "percentage": 27,
        "gap": -222754414.099499
      },
      "GBS & OTHERS": {
        "actual": 17363868.393909052,
        "target": 167597000.0,
        "percentage": 10,
        "gap": -150233131.60609096
      }
    },
    "metrics": {
      "CA": 1,
      "CAProd": 0,
      "SKU": 0,
      "GP": 1
    },
    "TOTAL": {
      "actual": 101490454.29441008,
      "target": 476316000.0,
      "percentage": 21,
      "gap": -374825545.7055899
    },
    "Ranking": {
      "Rank": 6,
      "total_salesman": 6
    }
  },
  "17210041467": {
    "name": "Doli Purnama Sari",
    "sac": "Kisman Pidu",
    "type": "Sales Representative Retailer Arjuna",
    "performance": {
      "GBS": {
        "actual": 0.0,
        "target": 0.0,
        "percentage": 0,
        "gap": 0.0
      },
      "GEN": {
        "actual": 6741124.300079988,
        "target": 21144000.0,
        "percentage": 32,
        "gap": -14402875.699920012
      },