{
  "17210032876": {
    "name": "Asman",
    "sac": "Kisman Pidu",
    "type": "nan",
    "performance": {
      "GBS": {
        "actual": 58657026.029395,
        "target": 377080000.0,
        "percentage": 16,
        "gap": -318422973.970605
      },
      "GEN": {
        "actual": 16880720.160514995,
        "target": 69821000.0,
        "percentage": 24,
        "gap": -52940279.839485005
      },
      "GPPJ": {
        "actual": 138413048.45488098,
        "target": 620150000.0,
        "percentage": 22,
        "gap": -481736951.54511905
      },
      "HGJ": {
        "actual": 176211.71,
        "target": 1521000.0,
        "percentage": 12,
        "gap": -1344788.29
      },
      "MBR": {
        "actual": 3081457.6032419996,
        "target": 11351000.0,
        "percentage": 27,
        "gap": -8269542.396758
      },
      "RANS": {
        "actual": 1709879.1500000004,
        "target": 0.0,
        "percentage": 0,
        "gap": 1709879.1500000004
      },
      "GSJ": {
        "actual": 0.0,
        "target": 0.0,
        "percentage": 0,
        "gap": 0.0
      },
      "ABBOTT": {
        "actual": 0.0,
        "target": 0.0,
        "percentage": 0,
        "gap": 0.0
      }
    },
    "metrics": {
      "CA": 1,
      "CAProd": 1,
      "SKU": 1,
      "GP": 0
    },
    "TOTAL": {
      "actual": 218918343.108033,
      "target": 1100000000.0,
      "percentage": 20,
      "gap": -881081656.891967
    },
    "Ranking": {
      "Rank": 5,
      "total_salesman": 7
    }
  },
  "17210036369": {
    "name": "Muhammad Tamrin",
    "sac": "Kisman Pidu",
    "type": "nan",
    "performance": {
      "GBS": {
        "actual": 9791260.562035998,
        "target": 201967000.0,
        "percentage": 5,
        "gap": -192175739.437964
      },
      "GEN": {
        "actual": 5472972.5322360005,
        "target": 35545000.0,
        "percentage": 15,
        "gap": -30072027.467763998
      },
      "GPPJ": {
        "actual": 54952581.389524,
        "target": 305714000.0,
        "percentage": 18,
        "gap": -250761418.61047602
      },
      "HGJ": {
        "actual": 0.0,
        "target": 774000.0,
        "percentage": 0,
        "gap": -774000.0
      },
      "MBR": {
        "actual": 1445932.383602,
        "target": 10221000.0,
        "percentage": 14,
        "gap": -8775067.616398
      },
      "RANS": {
        "actual": 945808.8700000001,
        "target": 0.0,
        "percentage": 0,
        "gap": 945808.8700000001
      },
      "GSJ": {
        "actual": 0.0,
        "target": 0.0,
        "percentage": 0,
        "gap": 0.0
      },
      "ABBOTT": {
        "actual": 0.0,
        "target": 0.0,
        "percentage": 0,
        "gap": 0.0
      }
    },
    "metrics": {
      "CA": 1,
      "CAProd": 0,
      "SKU": 0,
      "GP": 0
    },
    "TOTAL": {
      "actual": 72608555.737398,
      "target": 560000000.0,
      "percentage": 13,
      "gap": -487391444.262602
    },
    "Ranking": {
      "Rank": 7,
      "total_salesman": 7
    }
  },
  "17210037632": {
    "name": "Robianor",
    "sac": "Kisman Pidu",
    "type": "nan",
    "performance": {
      "GBS": {
        "actual": 26680415.091485,
        "target": 181682000.0,
        "percentage": 15,
        "gap": -155001584.908515
      },
      "GEN": {
        "actual": 7465045.0862,
        "target": 29941000.0,
        "percentage": 25,
        "gap": -22475954.9138
      },
      "GPPJ": {
        "actual": 82698432.72426997,
        "target": 300701000.0,
        "percentage": 28,
        "gap": -218002567.27573
      },
      "HGJ": {
        "actual": 22202.7,
        "target": 833000.0,
        "percentage": 3,
        "gap": -810797.3
      },
      "MBR": {
        "actual": 2757528.739635,
        "target": 10674000.0,
        "percentage": 26,
        "gap": -7916471.260365
      },
      "RANS": {
        "actual": 1609719.5,
        "target": 0.0,
        "percentage": 0,
        "gap": 1609719.5
      },
      "GSJ": {
        "actual": 0.0,
        "target": 0.0,
        "percentage": 0,
        "gap": 0.0
      },
      "ABBOTT": {
        "actual": 0.0,
        "target": 0.0,
        "percentage": 0,
        "gap": 0.0
      }
    },
    "metrics": {
      "CA": 1,
      "CAProd": 0,
      "SKU": 1,
      "GP": 0
    },
    "TOTAL": {
      "actual": 121233343.84158999,
      "target": 530000000.0,
      "percentage": 23,
      "gap": -408766656.15841
    },
    "Ranking": {
      "Rank": 4,
      "total_salesman": 7
    }
  },
  "17210037713": {
    "name": "Rahmani",
    "sac": "Kisman Pidu",
    "type": "nan",
    "performance": {
      "GBS": {
        "actual": 21967296.350158,
        "target": 184996000.0,
        "percentage": 12,
        "gap": -163028703.649842
      },
      "GEN": {
        "actual": 6090179.470434999,
        "target": 33958000.0,
        "percentage": 18,
        "gap": -27867820.529565
      },
      "GPPJ": {
        "actual": 75717103.43453097,
        "target": 300020000.0,
        "percentage": 25,
        "gap": -224302896.56546903
      },
      "HGJ": {
        "actual": 0.0,
        "target": 740000.0,
        "percentage": 0,
        "gap": -740000.0
      },
      "MBR": {
        "actual": 1189753.0981949999,
        "target": 5521000.0,
        "percentage": 22,
        "gap": -4331246.901805
      },
      "RANS": {
        "actual": 1198026.9100000001,
        "target": 0.0,
        "percentage": 0,
        "gap": 1198026.9100000001
      },
      "GSJ": {
        "actual": 0.0,
        "target": 0.0,
        "percentage": 0,
        "gap": 0.0
      },
      "ABBOTT": {
        "actual": 0.0,
        "target": 0.0,
        "percentage": 0,
        "gap": 0.0
      }
    },
    "metrics": {
      "CA": 1,
      "CAProd": 1,
      "SKU": 0,
      "GP": 0
    },
    "TOTAL": {
      "actual": 106162359.26331897,
      "target": 535000000.0,
      "percentage": 20,
      "gap": -428837640.73668104
    },
    "Ranking": {
      "Rank": 6,
      "total_salesman": 7
    }
  },
  "17210037897": {
    "name": "Hindra",
    "sac": "Kisman Pidu",
    "type": "nan",
    "performance": {
      "GBS": {
        "actual": 30868376.96229201,
        "target": 147119000.0,
        "percentage": 21,
        "gap": -116250623.03770798
      },
      "GEN": {
        "actual": 4808422.8389099995,
        "target": 25389000.0,
        "percentage": 19,
        "gap": -20580577.16109
      },
      "GPPJ": {
        "actual": 61173508.075308,
        "target": 215510000.0,
        "percentage": 28,
        "gap": -154336491.924692
      },
      "HGJ": {
        "actual": 0.0,
        "target": 553000.0,
        "percentage": 0,
        "gap": -553000.0
      },
      "MBR": {
        "actual": 1325386.416483,
        "target": 7301000.0,
        "percentage": 18,
        "gap": -5975613.583517
      },
      "RANS": {
        "actual": 1537402.5100000002,
        "target": 0.0,
        "percentage": 0,
        "gap": 1537402.5100000002
      },
      "GSJ": {
        "actual": 0.0,
        "target": 0.0,
        "percentage": 0,
        "gap": 0.0
      },
      "ABBOTT": {
        "actual": 0.0,
        "target": 0.0,
        "percentage": 0,
        "gap": 0.0
      }
    },
    "metrics": {
      "CA": 1,
      "CAProd": 1,
      "SKU": 1,
      "GP": 0
    },
    "TOTAL": {
      "actual": 99713096.80299303,
      "target": 400000000.0,
      "percentage": 25,
      "gap": -300286903.19700694
    },
    "Ranking": {
      "Rank": 3,
      "total_salesman": 7
    }
  },
  "17210038077": {
    "name": "Sopian Sauri",
    "sac": "Kisman Pidu",
    "type": "nan",
    "performance": {
      "GBS": {
        "actual": 18354772.691199016,
        "target": 63992000.0,
        "percentage": 29,
        "gap": -45637227.30880098
      },
      "GEN": {
        "actual": 0.0,
        "target": 0.0,
        "percentage": 0,
        "gap": 0.0
      },