{
  "17210032876": {
    "name": "Asman",
    "sac": "Kisman Pidu",
    "type": "Sales Representative Mix Yudistira",
    "performance": {
      "GBS": {
        "actual": 54151530.864792965,
        "target": 382686000.0,
        "percentage": 14,
        "gap": -328534469.13520706
      },
      "GEN": {
        "actual": 18786350.934476,
        "target": 84987000.0,
        "percentage": 22,
        "gap": -66200649.065524
      },
      "GPPJ": {
        "actual": 137049499.85057417,
        "target": 624702000.0,
        "percentage": 22,
        "gap": -487652500.14942586
      },
      "HGJ": {
        "actual": 505405.394324,
        "target": 819000.0,
        "percentage": 62,
        "gap": -313594.605676
      },
      "MBR": {
        "actual": 1119096.3637829998,
        "target": 7547000.0,
        "percentage": 15,
        "gap": -6427903.636217
      },
      "RANS": {
        "actual": 1631159.3600000006,
        "target": 0.0,
        "percentage": 0,
        "gap": 1631159.3600000006
      },
      "GSJ": {
        "actual": 0.0,
        "target": 0.0,
        "percentage": 0,
        "gap": 0.0
      },
      "ABBOTT": {
        "actual": 0.0,
        "target": 0.0,
        "percentage": 0,
        "gap": 0.0
      },
      "GPPJ & GEN": {
        "actual": 155835850.78505015,
        "target": 709689000.0,
        "percentage": 22,
        "gap": -553853149.2149498
      },
      "GBS & OTHERS": {
        "actual": 0.0,
        "target": 391052000.0,
        "percentage": 0,
        "gap": -391052000.0
      }
    },
    "metrics": {
      "CA": 1,
      "CAProd": 1,
      "SKU": 0,
      "GP": 0
    },
    "TOTAL": {
      "actual": 210573287.94335803,
      "target": 1103426000.0,
      "percentage": 19,
      "gap": -892852712.0566419
    },
    "Ranking": {
      "Rank": 4,
      "total_salesman": 6
    }
  },
  "17210036369": {
    "name": "Muhammad Tamrin",
    "sac": "Kisman Pidu",
    "type": "Sales Representative Mix Yudistira",
    "performance": {
      "GBS": {
        "actual": 72320269.38459791,
        "target": 310808000.0,
        "percentage": 23,
        "gap": -238487730.6154021
      },
      "GEN": {
        "actual": 10176170.576827997,
        "target": 48448000.0,
        "percentage": 21,
        "gap": -38271829.423172005
      },
      "GPPJ": {
        "actual": 95213094.92125684,
        "target": 368752000.0,
        "percentage": 26,
        "gap": -273538905.07874316
      },
      "HGJ": {
        "actual": 490090.085945,
        "target": 730000.0,
        "percentage": 67,
        "gap": -239909.914055
      },
      "MBR": {
        "actual": 1818137.7785550002,
        "target": 6080000.0,
        "percentage": 30,
        "gap": -4261862.221445
      },
      "RANS": {
        "actual": 1188746.6400000001,
        "target": 0.0,
        "percentage": 0,
        "gap": 1188746.6400000001
      },
      "GSJ": {
        "actual": 27117.11,
        "target": 0.0,
        "percentage": 0,
        "gap": 27117.11
      },
      "ABBOTT": {
        "actual": 0.0,
        "target": 0.0,
        "percentage": 0,
        "gap": 0.0
      },
      "GPPJ & GEN": {
        "actual": 105389265.49808484,
        "target": 417200000.0,
        "percentage": 25,
        "gap": -311810734.50191516
      },
      "GBS & OTHERS": {
        "actual": 75844360.99909791,
        "target": 317618000.0,
        "percentage": 24,
        "gap": -241773639.0009021
      }
    },
    "metrics": {
      "CA": 1,
      "CAProd": 0,
      "SKU": 0,
      "GP": 0
    },
    "TOTAL": {
      "actual": 182640841.59934402,
      "target": 738226000.0,
      "percentage": 25,
      "gap": -555585158.400656
    },
    "Ranking": {
      "Rank": 3,
      "total_salesman": 6
    }
  },
  "17210037632": {
    "name": "Robianor",
    "sac": "Kisman Pidu",
    "type": "Sales Representative Mix Yudistira",
    "performance": {
      "GBS": {
        "actual": 16778377.66329701,
        "target": 276807000.0,
        "percentage": 6,
        "gap": -260028622.336703
      },
      "GEN": {
        "actual": 6125674.988100997,
        "target": 45275000.0,
        "percentage": 14,
        "gap": -39149325.011899
      },
      "GPPJ": {
        "actual": 81009229.2951659,
        "target": 382239000.0,
        "percentage": 21,
        "gap": -301229770.7048341
      },
      "HGJ": {
        "actual": 15315.31,
        "target": 776000.0,
        "percentage": 2,
        "gap": -760684.69
      },
      "MBR": {
        "actual": 3294778.2460299996,
        "target": 7768000.0,
        "percentage": 42,
        "gap": -4473221.753970001
      },
      "RANS": {
        "actual": 1739552.0800000003,
        "target": 0.0,
        "percentage": 0,
        "gap": 1739552.0800000003
      },
      "GSJ": {
        "actual": 0.0,
        "target": 0.0,
        "percentage": 0,
        "gap": 0.0
      },
      "ABBOTT": {
        "actual": 0.0,
        "target": 0.0,
        "percentage": 0,
        "gap": 0.0
      },
      "GPPJ & GEN": {
        "actual": 87134904.28326689,
        "target": 427514000.0,
        "percentage": 20,
        "gap": -340379095.7167331
      },
      "GBS & OTHERS": {
        "actual": 21828023.299327016,
        "target": 285351000.0,
        "percentage": 8,
        "gap": -263522976.70067298
      }
    },
    "metrics": {
      "CA": 1,
      "CAProd": 0,
      "SKU": 0,
      "GP": 0
    },
    "TOTAL": {
      "actual": 108962927.582594,
      "target": 715525000.0,
      "percentage": 15,
      "gap": -606562072.417406
    },
    "Ranking": {
      "Rank": 5,
      "total_salesman": 6
    }
  },
  "17210037897": {
    "name": "Hindra",
    "sac": "Kisman Pidu",
    "type": "Sales Representative Mix Yudistira",
    "performance": {
      "GBS": {
        "actual": 10753242.128073016,
        "target": 162724000.0,
        "percentage": 7,
        "gap": -151970757.871927
      },
      "GEN": {
        "actual": 1775810.4709000005,
        "target": 37993000.0,
        "percentage": 5,
        "gap": -36217189.5291
      },
      "GPPJ": {
        "actual": 56561562.26568194,
        "target": 268888000.0,
        "percentage": 21,
        "gap": -212326437.73431808
      },
      "HGJ": {
        "actual": 0.0,
        "target": 715000.0,
        "percentage": 0,
        "gap": -715000.0
      },
      "MBR": {
        "actual": 827543.193961,
        "target": 4158000.0,
        "percentage": 20,
        "gap": -3330456.806039
      },
      "RANS": {
        "actual": 407992.70000000007,
        "target": 0.0,
        "percentage": 0,
        "gap": 407992.70000000007
      },
      "GSJ": {
        "actual": 0.0,
        "target": 0.0,
        "percentage": 0,
        "gap": 0.0
      },
      "ABBOTT": {
        "actual": 0.0,
        "target": 0.0,
        "percentage": 0,
        "gap": 0.0
      },
      "GPPJ & GEN": {
        "actual": 58337372.73658194,
        "target": 306881000.0,
        "percentage": 19,
        "gap": -248543627.26341808
      },
      "GBS & OTHERS": {
        "actual": 11988778.02203402,
        "target": 167597000.0,
        "percentage": 7,
        "gap": -155608221.97796598
      }
    },
    "metrics": {
      "CA": 1,
      "CAProd": 0,
      "SKU": 0,
      "GP": 0
    },
    "TOTAL": {
      "actual": 70326150.75861602,
      "target": 476316000.0,
      "percentage": 15,
      "gap": -405989849.24138397
    },
    "Ranking": {
      "Rank": 6,
      "total_salesman": 6
    }
  },
  "17210041467": {
    "name": "Doli Purnama Sari",
    "sac": "Kisman Pidu",
    "type": "Sales Representative Retailer Arjuna",
    "performance": {
      "GBS": {
        "actual": 0.0,
        "target": 0.0,
        "percentage": 0,
        "gap": 0.0
      },
      "GEN": {
        "actual": 3889368.244499995,
        "target": 21144000.0,
        "percentage": 18,
        "gap": -17254631.755500004
      },
      "GPPJ": {
        "actual": 31681082.842590105,