{
  "17210032876": {
    "name": "Asman",
    "sac": "Kisman Pidu",
    "type": "Sales Representative Wholesaler Arjuna",
    "performance": {
      "GBS": {
        "actual": 0.0,
        "target": 0.0,
        "percentage": 0,
        "gap": 0.0
      },
      "GEN": {
        "actual": 26169879.737045962,
        "target": 70933000.0,
        "percentage": 37,
        "gap": -44763120.26295404
      },
      "GPPJ": {
        "actual": 287168736.6776487,
        "target": 449929000.0,
        "percentage": 64,
        "gap": -162760263.32235128
      },
      "HGJ": {
        "actual": 0.0,
        "target": 0.0,
        "percentage": 0,
        "gap": 0.0
      },
      "MBR": {
        "actual": 0.0,
        "target": 0.0,
        "percentage": 0,
        "gap": 0.0
      },
      "RANS": {
        "actual": 0.0,
        "target": 0.0,
        "percentage": 0,
        "gap": 0.0
      },
      "GSJ": {
        "actual": 0.0,
        "target": 0.0,
        "percentage": 0,
        "gap": 0.0
      },
      "ABBOTT": {
        "actual": 0.0,
        "target": 0.0,
        "percentage": 0,
        "gap": 0.0
      },
      "GPPJ & GEN": {
        "actual": 0.0,
        "target": 520862000.0,
        "percentage": 0,
        "gap": -520862000.0
      },
      "GBS & OTHERS": {
        "actual": 0.0,
        "target": 0.0,
        "percentage": 0,
        "gap": 0.0
      }
    },
    "metrics": {
      "CA": 1,
      "CAProd": 1,
      "SKU": 0,
      "GP": 0
    },
    "TOTAL": {
      "actual": 313338616.41469467,
      "target": 520862000.0,
      "percentage": 60,
      "gap": -207523383.58530533
    },
    "Ranking": {
      "Rank": 2,
      "total_salesman": 7
    }
  },
  "17210036369": {
    "name": "Muhammad Tamrin",
    "sac": "Kisman Pidu",
    "type": "Sales Representative Mix Yudistira",
    "performance": {
      "GBS": {
        "actual": 56895943.553692095,
        "target": 293294200.0,
        "percentage": 19,
        "gap": -236398256.4463079
      },
      "GEN": {
        "actual": 12297880.137814002,
        "target": 49545500.0,
        "percentage": 25,
        "gap": -37247619.862186
      },
      "GPPJ": {
        "actual": 182453090.54348978,
        "target": 389582700.0,
        "percentage": 47,
        "gap": -207129609.45651022
      },
      "HGJ": {
        "actual": 107207.196756,
        "target": 1108600.0,
        "percentage": 10,
        "gap": -1001392.803244
      },
      "MBR": {
        "actual": 3896707.9328769986,
        "target": 8635800.0,
        "percentage": 45,
        "gap": -4739092.067123001
      },
      "RANS": {
        "actual": 2299297.750000002,
        "target": 0.0,
        "percentage": 0,
        "gap": 2299297.750000002
      },
      "GSJ": {
        "actual": 42972.97,
        "target": 0.0,
        "percentage": 0,
        "gap": 42972.97
      },
      "ABBOTT": {
        "actual": 0.0,
        "target": 0.0,
        "percentage": 0,
        "gap": 0.0
      },
      "GPPJ & GEN": {
        "actual": 0.0,
        "target": 439128200.0,
        "percentage": 0,
        "gap": -439128200.0
      },
      "GBS & OTHERS": {
        "actual": 0.0,
        "target": 303038600.0,
        "percentage": 0,
        "gap": -303038600.0
      }
    },
    "metrics": {
      "CA": 1,
      "CAProd": 1,
      "SKU": 0,
      "GP": 1
    },
    "TOTAL": {
      "actual": 257993100.0846289,
      "target": 744587500.0,
      "percentage": 35,
      "gap": -486594399.91537106
    },
    "Ranking": {
      "Rank": 7,
      "total_salesman": 7
    }
  },
  "17210037632": {
    "name": "Robianor",
    "sac": "Kisman Pidu",
    "type": "Sales Representative Mix Yudistira",
    "performance": {
      "GBS": {
        "actual": 64359997.23689007,
        "target": 242601100.0,
        "percentage": 27,
        "gap": -178241102.76310992
      },
      "GEN": {
        "actual": 10985337.808633994,
        "target": 38559600.0,
        "percentage": 28,
        "gap": -27574262.191366006
      },
      "GPPJ": {
        "actual": 209085351.47415102,
        "target": 342508900.0,
        "percentage": 61,
        "gap": -133423548.52584898
      },
      "HGJ": {
        "actual": 159345.92,
        "target": 1051200.0,
        "percentage": 15,
        "gap": -891854.08
      },
      "MBR": {
        "actual": 8526424.033415,
        "target": 8361500.0,
        "percentage": 102,
        "gap": 164924.0334150009
      },
      "RANS": {
        "actual": 3352984.2900000005,
        "target": 0.0,
        "percentage": 0,
        "gap": 3352984.2900000005
      },
      "GSJ": {
        "actual": 0.0,
        "target": 0.0,
        "percentage": 0,
        "gap": 0.0
      },
      "ABBOTT": {
        "actual": 0.0,
        "target": 0.0,
        "percentage": 0,
        "gap": 0.0
      },
      "GPPJ & GEN": {
        "actual": 0.0,
        "target": 381068500.0,
        "percentage": 0,
        "gap": -381068500.0
      },
      "GBS & OTHERS": {
        "actual": 0.0,
        "target": 252013800.0,
        "percentage": 0,
        "gap": -252013800.0
      }
    },
    "metrics": {
      "CA": 1,
      "CAProd": 1,
      "SKU": 0,
      "GP": 1
    },
    "TOTAL": {
      "actual": 296469440.76309013,
      "target": 635222500.0,
      "percentage": 47,
      "gap": -338753059.23690987
    },
    "Ranking": {
      "Rank": 4,
      "total_salesman": 7
    }
  },
  "17210037897": {
    "name": "Hindra",
    "sac": "Kisman Pidu",
    "type": "Sales Representative Mix Yudistira",
    "performance": {
      "GBS": {
        "actual": 40934321.98045512,
        "target": 235806700.0,
        "percentage": 17,
        "gap": -194872378.01954487
      },
      "GEN": {
        "actual": 15785719.996087994,
        "target": 38715900.0,
        "percentage": 41,
        "gap": -22930180.003912006
      },
      "GPPJ": {
        "actual": 185051385.28527242,
        "target": 302343400.0,
        "percentage": 61,
        "gap": -117292014.71472758
      },
      "HGJ": {
        "actual": 15315.31,
        "target": 866200.0,
        "percentage": 2,
        "gap": -850884.69
      },
      "MBR": {
        "actual": 4818338.480082999,
        "target": 6540700.0,
        "percentage": 74,
        "gap": -1722361.519917001
      },
      "RANS": {
        "actual": 3139343.7699999996,
        "target": 0.0,
        "percentage": 0,
        "gap": 3139343.7699999996
      },
      "GSJ": {
        "actual": 0.0,
        "target": 0.0,
        "percentage": 0,
        "gap": 0.0
      },
      "ABBOTT": {
        "actual": 0.0,
        "target": 0.0,
        "percentage": 0,
        "gap": 0.0
      },
      "GPPJ & GEN": {
        "actual": 0.0,
        "target": 341059300.0,
        "percentage": 0,
        "gap": -341059300.0
      },
      "GBS & OTHERS": {
        "actual": 0.0,
        "target": 243213600.0,
        "percentage": 0,
        "gap": -243213600.0
      }
    },
    "metrics": {
      "CA": 1,
      "CAProd": 1,
      "SKU": 0,
      "GP": 1
    },
    "TOTAL": {
      "actual": 249744424.82189855,
      "target": 586240000.0,
      "percentage": 43,
      "gap": -336495575.1781014
    },
    "Ranking": {
      "Rank": 5,
      "total_salesman": 7
    }
  },
  "17210038077": {
    "name": "Sopian Sauri",
    "sac": "Kisman Pidu",
    "type": "Sales Representative Wholesaler Bima",
    "performance": {
      "GBS": {
        "actual": 84390718.31676759,
        "target": 314940000.0,
        "percentage": 27,
        "gap": -230549281.68323243
      },
      "GEN": {
        "actual": 0.0,
        "target": 0.0,
        "percentage": 0,
        "gap": 0.0
      },
      "GPPJ": {
        "actual": 64394637.91170211,
        "target": 121969000.0,
        "percentage": 53,
        "gap": -57574362.08829789
      },
      "HGJ": {
        "actual": 30630.63,
        "target": 1587000.0,
        "percentage": 2,
        "gap": -1556369.37
      },