{
  "17210032876": {
    "name": "Asman",
    "sac": "Kisman Pidu",
    "type": "Sales Representative Mix Yudistira",
    "performance": {
      "GBS": {
        "actual": 71790359.13865578,
        "target": 377080000.0,
        "percentage": 19,
        "gap": -305289640.8613442
      },
      "GEN": {
        "actual": 23926395.57779,
        "target": 69821000.0,
        "percentage": 34,
        "gap": -45894604.42221
      },
      "GPPJ": {
        "actual": 198408145.5632401,
        "target": 620150000.0,
        "percentage": 32,
        "gap": -421741854.4367599
      },
      "HGJ": {
        "actual": 176211.71,
        "target": 1521000.0,
        "percentage": 12,
        "gap": -1344788.29
      },
      "MBR": {
        "actual": 3557890.914322,
        "target": 11351000.0,
        "percentage": 31,
        "gap": -7793109.085678
      },
      "RANS": {
        "actual": 1891623.2900000012,
        "target": 0.0,
        "percentage": 0,
        "gap": 1891623.2900000012
      },
      "GSJ": {
        "actual": 0.0,
        "target": 0.0,
        "percentage": 0,
        "gap": 0.0
      },
      "ABBOTT": {
        "actual": 3391805.38,
        "target": 0.0,
        "percentage": 0,
        "gap": 3391805.38
      }
    },
    "metrics": {
      "CA": 1,
      "CAProd": 1,
      "SKU": 1,
      "GP": 0
    },
    "TOTAL": {
      "actual": 303142431.57400787,
      "target": 1100000000.0,
      "percentage": 28,
      "gap": -796857568.4259921
    },
    "Ranking": {
      "Rank": 5,
      "total_salesman": 7
    }
  },
  "17210036369": {
    "name": "Muhammad Tamrin",
    "sac": "Kisman Pidu",
    "type": "Sales Representative Mix Yudistira",
    "performance": {
      "GBS": {
        "actual": 34151169.78291998,
        "target": 201967000.0,
        "percentage": 17,
        "gap": -167815830.21708003
      },
      "GEN": {
        "actual": 6670044.399619996,
        "target": 35545000.0,
        "percentage": 19,
        "gap": -28874955.600380003
      },
      "GPPJ": {
        "actual": 80071993.86622567,
        "target": 305714000.0,
        "percentage": 26,
        "gap": -225642006.13377434
      },
      "HGJ": {
        "actual": 0.0,
        "target": 774000.0,
        "percentage": 0,
        "gap": -774000.0
      },
      "MBR": {
        "actual": 1713108.9356720003,
        "target": 10221000.0,
        "percentage": 17,
        "gap": -8507891.064328
      },
      "RANS": {
        "actual": 2192057.4400000013,
        "target": 0.0,
        "percentage": 0,
        "gap": 2192057.4400000013
      },
      "GSJ": {
        "actual": 0.0,
        "target": 0.0,
        "percentage": 0,
        "gap": 0.0
      },
      "ABBOTT": {
        "actual": 0.0,
        "target": 0.0,
        "percentage": 0,
        "gap": 0.0
      }
    },
    "metrics": {
      "CA": 1,
      "CAProd": 0,
      "SKU": 1,
      "GP": 0
    },
    "TOTAL": {
      "actual": 124798374.42443766,
      "target": 560000000.0,
      "percentage": 22,
      "gap": -435201625.57556236
    },
    "Ranking": {
      "Rank": 7,
      "total_salesman": 7
    }
  },
  "17210037632": {
    "name": "Robianor",
    "sac": "Kisman Pidu",
    "type": "Sales Representative Mix Yudistira",
    "performance": {
      "GBS": {
        "actual": 31456540.984349973,
        "target": 181682000.0,
        "percentage": 17,
        "gap": -150225459.01565003
      },
      "GEN": {
        "actual": 9130810.668270001,
        "target": 29941000.0,
        "percentage": 30,
        "gap": -20810189.33173
      },
      "GPPJ": {
        "actual": 100820196.716199,
        "target": 300701000.0,
        "percentage": 34,
        "gap": -199880803.28380102
      },
      "HGJ": {
        "actual": 22202.7,
        "target": 833000.0,
        "percentage": 3,
        "gap": -810797.3
      },
      "MBR": {
        "actual": 3183083.6711650006,
        "target": 10674000.0,
        "percentage": 30,
        "gap": -7490916.328834999
      },
      "RANS": {
        "actual": 3185139.1000000034,
        "target": 0.0,
        "percentage": 0,
        "gap": 3185139.1000000034
      },
      "GSJ": {
        "actual": 0.0,
        "target": 0.0,
        "percentage": 0,
        "gap": 0.0
      },
      "ABBOTT": {
        "actual": 0.0,
        "target": 0.0,
        "percentage": 0,
        "gap": 0.0
      }
    },
    "metrics": {
      "CA": 1,
      "CAProd": 1,
      "SKU": 1,
      "GP": 0
    },
    "TOTAL": {
      "actual": 147797973.83998394,
      "target": 530000000.0,
      "percentage": 28,
      "gap": -382202026.16001606
    },
    "Ranking": {
      "Rank": 4,
      "total_salesman": 7
    }
  },
  "17210037713": {
    "name": "Rahmani",
    "sac": "Kisman Pidu",
    "type": "Sales Representative Mix Yudistira",
    "performance": {
      "GBS": {
        "actual": 27648557.117175028,
        "target": 184996000.0,
        "percentage": 15,
        "gap": -157347442.88282496
      },
      "GEN": {
        "actual": 8110179.177818995,
        "target": 33958000.0,
        "percentage": 24,
        "gap": -25847820.822181005
      },
      "GPPJ": {
        "actual": 108693822.24176139,
        "target": 300020000.0,
        "percentage": 36,
        "gap": -191326177.7582386
      },
      "HGJ": {
        "actual": 0.0,
        "target": 740000.0,
        "percentage": 0,
        "gap": -740000.0
      },
      "MBR": {
        "actual": 1530186.40513,
        "target": 5521000.0,
        "percentage": 28,
        "gap": -3990813.59487
      },
      "RANS": {
        "actual": 1272207.0700000008,
        "target": 0.0,
        "percentage": 0,
        "gap": 1272207.0700000008
      },
      "GSJ": {
        "actual": 0.0,
        "target": 0.0,
        "percentage": 0,
        "gap": 0.0
      },
      "ABBOTT": {
        "actual": 0.0,
        "target": 0.0,
        "percentage": 0,
        "gap": 0.0
      }
    },
    "metrics": {
      "CA": 1,
      "CAProd": 1,
      "SKU": 1,
      "GP": 0
    },
    "TOTAL": {
      "actual": 147254952.0118854,
      "target": 535000000.0,
      "percentage": 28,
      "gap": -387745047.9881146
    },
    "Ranking": {
      "Rank": 6,
      "total_salesman": 7
    }
  },
  "17210037897": {
    "name": "Hindra",
    "sac": "Kisman Pidu",
    "type": "Sales Representative Mix Yudistira",
    "performance": {
      "GBS": {
        "actual": 38516574.73543011,
        "target": 147119000.0,
        "percentage": 26,
        "gap": -108602425.2645699
      },
      "GEN": {
        "actual": 7961981.09403299,
        "target": 25389000.0,
        "percentage": 31,
        "gap": -17427018.905967012
      },
      "GPPJ": {
        "actual": 96157604.78585966,
        "target": 215510000.0,
        "percentage": 45,
        "gap": -119352395.21414034
      },
      "HGJ": {
        "actual": 0.0,
        "target": 553000.0,
        "percentage": 0,
        "gap": -553000.0
      },
      "MBR": {
        "actual": 1508246.7577430005,
        "target": 7301000.0,
        "percentage": 21,
        "gap": -5792753.242256999
      },
      "RANS": {
        "actual": 2383069.110000001,
        "target": 0.0,
        "percentage": 0,
        "gap": 2383069.110000001
      },
      "GSJ": {
        "actual": 0.0,
        "target": 0.0,
        "percentage": 0,
        "gap": 0.0
      },
      "ABBOTT": {
        "actual": 0.0,
        "target": 0.0,
        "percentage": 0,
        "gap": 0.0
      }
    },
    "metrics": {
      "CA": 1,
      "CAProd": 1,
      "SKU": 1,
      "GP": 0
    },
    "TOTAL": {
      "actual": 146527476.48306578,
      "target": 400000000.0,
      "percentage": 37,
      "gap": -253472523.51693422
    },
    "Ranking": {
      "Rank": 3,
      "total_salesman": 7
    }
  },
  "17210038077": {
    "name": "Sopian Sauri",
    "sac": "Kisman Pidu",
    "type": "Sales Representative Retailer Bima",
    "performance": {
      "GBS": {
        "actual": 23871889.06999604,