{
  "17210032876": {
    "name": "Asman",
    "sac": "Kisman Pidu",
    "type": "Sales Representative Wholesaler Arjuna",
    "performance": {
      "GBS": {
        "actual": 0.0,
        "target": 0.0,
        "percentage": 0,
        "gap": 0.0
      },
      "GEN": {
        "actual": 24814294.208765987,
        "target": 70933000.0,
        "percentage": 35,
        "gap": -46118705.79123402
      },
      "GPPJ": {
        "actual": 270066881.5338006,
        "target": 449929000.0,
        "percentage": 60,
        "gap": -179862118.4661994
      },
      "HGJ": {
        "actual": 0.0,
        "target": 0.0,
        "percentage": 0,
        "gap": 0.0
      },
      "MBR": {
        "actual": 0.0,
        "target": 0.0,
        "percentage": 0,
        "gap": 0.0
      },
      "RANS": {
        "actual": 0.0,
        "target": 0.0,
        "percentage": 0,
        "gap": 0.0
      },
      "GSJ": {
        "actual": 0.0,
        "target": 0.0,
        "percentage": 0,
        "gap": 0.0
      },
      "ABBOTT": {
        "actual": 0.0,
        "target": 0.0,
        "percentage": 0,
        "gap": 0.0
      },
      "GPPJ & GEN": {
        "actual": 0.0,
        "target": 520862000.0,
        "percentage": 0,
        "gap": -520862000.0
      },
      "GBS & OTHERS": {
        "actual": 0.0,
        "target": 0.0,
        "percentage": 0,
        "gap": 0.0
      }
    },
    "metrics": {
      "CA": 1,
      "CAProd": 1,
      "SKU": 0,
      "GP": 0
    },
    "TOTAL": {
      "actual": 294881175.7425666,
      "target": 520862000.0,
      "percentage": 57,
      "gap": -225980824.2574334
    },
    "Ranking": {
      "Rank": 2,
      "total_salesman": 7
    }
  },
  "17210036369": {
    "name": "Muhammad Tamrin",
    "sac": "Kisman Pidu",
    "type": "Sales Representative Mix Yudistira",
    "performance": {
      "GBS": {
        "actual": 47419186.99668111,
        "target": 293294200.0,
        "percentage": 16,
        "gap": -245875013.0033189
      },
      "GEN": {
        "actual": 10002159.50142199,
        "target": 49545500.0,
        "percentage": 20,
        "gap": -39543340.49857801
      },
      "GPPJ": {
        "actual": 157528452.1469032,
        "target": 389582700.0,
        "percentage": 40,
        "gap": -232054247.8530968
      },
      "HGJ": {
        "actual": 107207.196756,
        "target": 1108600.0,
        "percentage": 10,
        "gap": -1001392.803244
      },
      "MBR": {
        "actual": 2968970.1135980003,
        "target": 8635800.0,
        "percentage": 34,
        "gap": -5666829.886402
      },
      "RANS": {
        "actual": 1563051.9000000008,
        "target": 0.0,
        "percentage": 0,
        "gap": 1563051.9000000008
      },
      "GSJ": {
        "actual": 42972.97,
        "target": 0.0,
        "percentage": 0,
        "gap": 42972.97
      },
      "ABBOTT": {
        "actual": 0.0,
        "target": 0.0,
        "percentage": 0,
        "gap": 0.0
      },
      "GPPJ & GEN": {
        "actual": 0.0,
        "target": 439128200.0,
        "percentage": 0,
        "gap": -439128200.0
      },
      "GBS & OTHERS": {
        "actual": 0.0,
        "target": 303038600.0,
        "percentage": 0,
        "gap": -303038600.0
      }
    },
    "metrics": {
      "CA": 1,
      "CAProd": 1,
      "SKU": 0,
      "GP": 1
    },
    "TOTAL": {
      "actual": 219632000.8253603,
      "target": 744587500.0,
      "percentage": 29,
      "gap": -524955499.1746397
    },
    "Ranking": {
      "Rank": 7,
      "total_salesman": 7
    }
  },
  "17210037632": {
    "name": "Robianor",
    "sac": "Kisman Pidu",
    "type": "Sales Representative Mix Yudistira",
    "performance": {
      "GBS": {
        "actual": 64090447.73986603,
        "target": 242601100.0,
        "percentage": 26,
        "gap": -178510652.26013398
      },
      "GEN": {
        "actual": 10606779.33593399,
        "target": 38559600.0,
        "percentage": 28,
        "gap": -27952820.66406601
      },
      "GPPJ": {
        "actual": 200431748.67912292,
        "target": 342508900.0,
        "percentage": 59,
        "gap": -142077151.32087708
      },
      "HGJ": {
        "actual": 159345.92,
        "target": 1051200.0,
        "percentage": 15,
        "gap": -891854.08
      },
      "MBR": {
        "actual": 8092568.196299,
        "target": 8361500.0,
        "percentage": 97,
        "gap": -268931.8037010003
      },
      "RANS": {
        "actual": 3315894.21,
        "target": 0.0,
        "percentage": 0,
        "gap": 3315894.21
      },
      "GSJ": {
        "actual": 0.0,
        "target": 0.0,
        "percentage": 0,
        "gap": 0.0
      },
      "ABBOTT": {
        "actual": 0.0,
        "target": 0.0,
        "percentage": 0,
        "gap": 0.0
      },
      "GPPJ & GEN": {
        "actual": 0.0,
        "target": 381068500.0,
        "percentage": 0,
        "gap": -381068500.0
      },
      "GBS & OTHERS": {
        "actual": 0.0,
        "target": 252013800.0,
        "percentage": 0,
        "gap": -252013800.0
      }
    },
    "metrics": {
      "CA": 1,
      "CAProd": 1,
      "SKU": 0,
      "GP": 1
    },
    "TOTAL": {
      "actual": 286696784.081222,
      "target": 635222500.0,
      "percentage": 45,
      "gap": -348525715.918778
    },
    "Ranking": {
      "Rank": 4,
      "total_salesman": 7
    }
  },
  "17210037897": {
    "name": "Hindra",
    "sac": "Kisman Pidu",
    "type": "Sales Representative Mix Yudistira",
    "performance": {
      "GBS": {
        "actual": 31755673.612357978,
        "target": 235806700.0,
        "percentage": 13,
        "gap": -204051026.38764203
      },
      "GEN": {
        "actual": 13732882.211410992,
        "target": 38715900.0,
        "percentage": 35,
        "gap": -24983017.78858901
      },
      "GPPJ": {
        "actual": 164288773.5804541,
        "target": 302343400.0,
        "percentage": 54,
        "gap": -138054626.4195459
      },
      "HGJ": {
        "actual": 15315.31,
        "target": 866200.0,
        "percentage": 2,
        "gap": -850884.69
      },
      "MBR": {
        "actual": 4793857.400083001,
        "target": 6540700.0,
        "percentage": 73,
        "gap": -1746842.5999169992
      },
      "RANS": {
        "actual": 2811092.4400000004,
        "target": 0.0,
        "percentage": 0,
        "gap": 2811092.4400000004
      },
      "GSJ": {
        "actual": 0.0,
        "target": 0.0,
        "percentage": 0,
        "gap": 0.0
      },
      "ABBOTT": {
        "actual": 0.0,
        "target": 0.0,
        "percentage": 0,
        "gap": 0.0
      },
      "GPPJ & GEN": {
        "actual": 0.0,
        "target": 341059300.0,
        "percentage": 0,
        "gap": -341059300.0
      },
      "GBS & OTHERS": {
        "actual": 0.0,
        "target": 243213600.0,
        "percentage": 0,
        "gap": -243213600.0
      }
    },
    "metrics": {
      "CA": 1,
      "CAProd": 1,
      "SKU": 0,
      "GP": 1
    },
    "TOTAL": {
      "actual": 217397594.5543061,
      "target": 586240000.0,
      "percentage": 37,
      "gap": -368842405.4456939
    },
    "Ranking": {
      "Rank": 5,
      "total_salesman": 7
    }
  },
  "17210038077": {
    "name": "Sopian Sauri",
    "sac": "Kisman Pidu",
    "type": "Sales Representative Wholesaler Bima",
    "performance": {
      "GBS": {
        "actual": 81306213.86930256,
        "target": 314940000.0,
        "percentage": 26,
        "gap": -233633786.13069743
      },
      "GEN": {
        "actual": 0.0,
        "target": 0.0,
        "percentage": 0,
        "gap": 0.0
      },
      "GPPJ": {
        "actual": 63637971.28305512,
        "target": 121969000.0,
        "percentage": 52,
        "gap": -58331028.71694488
      },
      "HGJ": {
        "actual": 30630.63,
        "target": 1587000.0,
        "percentage": 2,
        "gap": -1556369.37
      },
      "MBR": {
        "actual": 4754972.790983001,