{
  "17210032876": {
    "name": "Asman",
    "sac": "Kisman Pidu",
    "type": "Sales Representative Wholesaler Arjuna",
    "performance": {
      "GBS": {
        "actual": 4617837.688185995,
        "target": 0.0,
        "percentage": 0,
        "gap": 4617837.688185995
      },
      "GEN": {
        "actual": 1079594.4413500002,
        "target": 70933000.0,
        "percentage": 2,
        "gap": -69853405.55865
      },
      "GPPJ": {
        "actual": 16319773.661411978,
        "target": 449929000.0,
        "percentage": 4,
        "gap": -433609226.338588
      },
      "HGJ": {
        "actual": 0.0,
        "target": 0.0,
        "percentage": 0,
        "gap": 0.0
      },
      "MBR": {
        "actual": 339567.55387299997,
        "target": 0.0,
        "percentage": 0,
        "gap": 339567.55387299997
      },
      "RANS": {
        "actual": 148360.32000000004,
        "target": 0.0,
        "percentage": 0,
        "gap": 148360.32000000004
      },
      "GSJ": {
        "actual": 0.0,
        "target": 0.0,
        "percentage": 0,
        "gap": 0.0
      },
      "ABBOTT": {
        "actual": 1263709.89,
        "target": 0.0,
        "percentage": 0,
        "gap": 1263709.89
      },
      "GPPJ & GEN": {
        "actual": 17399368.10276198,
        "target": 520862000.0,
        "percentage": 3,
        "gap": -503462631.897238
      },
      "GBS & OTHERS": {
        "actual": 6369475.452058993,
        "target": 0.0,
        "percentage": 0,
        "gap": 6369475.452058993
      }
    },
    "metrics": {
      "CA": 0,
      "CAProd": 0,
      "SKU": 0,
      "GP": 0
    },
    "TOTAL": {
      "actual": 23768843.554820973,
      "target": 520862000.0,
      "percentage": 5,
      "gap": -497093156.44517905
    },
    "Ranking": {
      "Rank": 3,
      "total_salesman": 7
    }
  },
  "17210036369": {
    "name": "Muhammad Tamrin",
    "sac": "Kisman Pidu",
    "type": "Sales Representative Mix Yudistira",
    "performance": {
      "GBS": {
        "actual": 1302251.984047999,
        "target": 215821000.0,
        "percentage": 1,
        "gap": -214518748.015952
      },
      "GEN": {
        "actual": 226981.9427,
        "target": 36111000.0,
        "percentage": 1,
        "gap": -35884018.0573
      },
      "GPPJ": {
        "actual": 5006035.3867519945,
        "target": 281893000.0,
        "percentage": 2,
        "gap": -276886964.613248
      },
      "HGJ": {
        "actual": 0.0,
        "target": 808000.0,
        "percentage": 0,
        "gap": -808000.0
      },
      "MBR": {
        "actual": 94288.283243,
        "target": 7135000.0,
        "percentage": 1,
        "gap": -7040711.716757
      },
      "RANS": {
        "actual": 185450.40000000005,
        "target": 0.0,
        "percentage": 0,
        "gap": 185450.40000000005
      },
      "GSJ": {
        "actual": 42972.97,
        "target": 0.0,
        "percentage": 0,
        "gap": 42972.97
      },
      "ABBOTT": {
        "actual": 0.0,
        "target": 0.0,
        "percentage": 0,
        "gap": 0.0
      },
      "GPPJ & GEN": {
        "actual": 5233017.329451995,
        "target": 318004000.0,
        "percentage": 2,
        "gap": -312770982.670548
      },
      "GBS & OTHERS": {
        "actual": 1624963.6372909984,
        "target": 223764000.0,
        "percentage": 1,
        "gap": -222139036.36270902
      }
    },
    "metrics": {
      "CA": 0,
      "CAProd": 0,
      "SKU": 0,
      "GP": 0
    },
    "TOTAL": {
      "actual": 6857980.966742993,
      "target": 543228000.0,
      "percentage": 1,
      "gap": -536370019.033257
    },
    "Ranking": {
      "Rank": 6,
      "total_salesman": 7
    }
  },
  "17210037632": {
    "name": "Robianor",
    "sac": "Kisman Pidu",
    "type": "Sales Representative Mix Yudistira",
    "performance": {
      "GBS": {
        "actual": 2935044.6826959983,
        "target": 195651000.0,
        "percentage": 2,
        "gap": -192715955.31730402
      },
      "GEN": {
        "actual": 1133243.1714410002,
        "target": 30418000.0,
        "percentage": 4,
        "gap": -29284756.828559
      },
      "GPPJ": {
        "actual": 10310809.877181996,
        "target": 277247000.0,
        "percentage": 4,
        "gap": -266936190.122818
      },
      "HGJ": {
        "actual": 91891.89,
        "target": 869000.0,
        "percentage": 11,
        "gap": -777108.11
      },
      "MBR": {
        "actual": 235507.18063000002,
        "target": 7452000.0,
        "percentage": 3,
        "gap": -7216492.81937
      },
      "RANS": {
        "actual": 713990.9100000001,
        "target": 0.0,
        "percentage": 0,
        "gap": 713990.9100000001
      },
      "GSJ": {
        "actual": 0.0,
        "target": 0.0,
        "percentage": 0,
        "gap": 0.0
      },
      "ABBOTT": {
        "actual": 0.0,
        "target": 0.0,
        "percentage": 0,
        "gap": 0.0
      },
      "GPPJ & GEN": {
        "actual": 11444053.048622996,
        "target": 307665000.0,
        "percentage": 4,
        "gap": -296220946.95137703
      },
      "GBS & OTHERS": {
        "actual": 3976434.663326001,
        "target": 203972000.0,
        "percentage": 2,
        "gap": -199995565.336674
      }
    },
    "metrics": {
      "CA": 1,
      "CAProd": 0,
      "SKU": 0,
      "GP": 0
    },
    "TOTAL": {
      "actual": 15420487.711948996,
      "target": 513195000.0,
      "percentage": 3,
      "gap": -497774512.288051
    },
    "Ranking": {
      "Rank": 4,
      "total_salesman": 7
    }
  },
  "17210037713": {
    "name": "Rahmani",
    "sac": "Kisman Pidu",
    "type": "Sales Representative Mix Yudistira",
    "performance": {
      "GBS": {
        "actual": 468378.310268,
        "target": 198946000.0,
        "percentage": 0,
        "gap": -198477621.689732
      },
      "GEN": {
        "actual": 810405.3543240001,
        "target": 34499000.0,
        "percentage": 2,
        "gap": -33688594.645676
      },
      "GPPJ": {
        "actual": 8759728.944138987,
        "target": 276540000.0,
        "percentage": 3,
        "gap": -267780271.05586103
      },
      "HGJ": {
        "actual": 0.0,
        "target": 772000.0,
        "percentage": 0,
        "gap": -772000.0
      },
      "MBR": {
        "actual": 895555.8305399999,
        "target": 3854000.0,
        "percentage": 23,
        "gap": -2958444.16946
      },
      "RANS": {
        "actual": 37090.08,
        "target": 0.0,
        "percentage": 0,
        "gap": 37090.08
      },
      "GSJ": {
        "actual": 0.0,
        "target": 0.0,
        "percentage": 0,
        "gap": 0.0
      },
      "ABBOTT": {
        "actual": 0.0,
        "target": 0.0,
        "percentage": 0,
        "gap": 0.0
      },
      "GPPJ & GEN": {
        "actual": 9570134.298462987,
        "target": 311039000.0,
        "percentage": 3,
        "gap": -301468865.701537
      },
      "GBS & OTHERS": {
        "actual": 1401024.2208079994,
        "target": 203572000.0,
        "percentage": 1,
        "gap": -202170975.779192
      }
    },
    "metrics": {
      "CA": 1,
      "CAProd": 0,
      "SKU": 0,
      "GP": 0
    },
    "TOTAL": {
      "actual": 10971158.519270986,
      "target": 517078000.0,
      "percentage": 2,
      "gap": -506106841.480729
    },
    "Ranking": {
      "Rank": 5,
      "total_salesman": 7
    }
  },
  "17210037897": {
    "name": "Hindra",
    "sac": "Kisman Pidu",
    "type": "Sales Representative Mix Yudistira",
    "performance": {
      "GBS": {
        "actual": 3289999.7115229974,
        "target": 161284000.0,
        "percentage": 2,
        "gap": -157994000.288477
      },
      "GEN": {
        "actual": 1319774.6833290001,
        "target": 25793000.0,
        "percentage": 5,
        "gap": -24473225.316671
      },
      "GPPJ": {
        "actual": 20357296.001738984,
        "target": 198755000.0,
        "percentage": 10,