{
  "17210032876": {
    "name": "Asman",
    "sac": "Kisman Pidu",
    "type": "Sales Representative Wholesaler Arjuna",
    "performance": {
      "GBS": {
        "actual": 0.0,
        "target": 0.0,
        "percentage": 0,
        "gap": 0.0
      },
      "GEN": {
        "actual": 21386980.847327985,
        "target": 70933000.0,
        "percentage": 30,
        "gap": -49546019.152672015
      },
      "GPPJ": {
        "actual": 230580142.4321756,
        "target": 449929000.0,
        "percentage": 51,
        "gap": -219348857.5678244
      },
      "HGJ": {
        "actual": 0.0,
        "target": 0.0,
        "percentage": 0,
        "gap": 0.0
      },
      "MBR": {
        "actual": 0.0,
        "target": 0.0,
        "percentage": 0,
        "gap": 0.0
      },
      "RANS": {
        "actual": 0.0,
        "target": 0.0,
        "percentage": 0,
        "gap": 0.0
      },
      "GSJ": {
        "actual": 0.0,
        "target": 0.0,
        "percentage": 0,
        "gap": 0.0
      },
      "ABBOTT": {
        "actual": 0.0,
        "target": 0.0,
        "percentage": 0,
        "gap": 0.0
      },
      "GPPJ & GEN": {
        "actual": 0.0,
        "target": 520862000.0,
        "percentage": 0,
        "gap": -520862000.0
      },
      "GBS & OTHERS": {
        "actual": 0.0,
        "target": 0.0,
        "percentage": 0,
        "gap": 0.0
      }
    },
    "metrics": {
      "CA": 1,
      "CAProd": 1,
      "SKU": 0,
      "GP": 0
    },
    "TOTAL": {
      "actual": 251967123.27950358,
      "target": 520862000.0,
      "percentage": 48,
      "gap": -268894876.7204964
    },
    "Ranking": {
      "Rank": 3,
      "total_salesman": 7
    }
  },
  "17210036369": {
    "name": "Muhammad Tamrin",
    "sac": "Kisman Pidu",
    "type": "Sales Representative Mix Yudistira",
    "performance": {
      "GBS": {
        "actual": 39436304.2418291,
        "target": 293294200.0,
        "percentage": 13,
        "gap": -253857895.7581709
      },
      "GEN": {
        "actual": 8696080.274487989,
        "target": 49545500.0,
        "percentage": 18,
        "gap": -40849419.72551201
      },
      "GPPJ": {
        "actual": 140260168.8533362,
        "target": 389582700.0,
        "percentage": 36,
        "gap": -249322531.1466638
      },
      "HGJ": {
        "actual": 15315.31,
        "target": 1108600.0,
        "percentage": 1,
        "gap": -1093284.69
      },
      "MBR": {
        "actual": 2584191.7503550006,
        "target": 8635800.0,
        "percentage": 30,
        "gap": -6051608.249644999
      },
      "RANS": {
        "actual": 1563051.9000000008,
        "target": 0.0,
        "percentage": 0,
        "gap": 1563051.9000000008
      },
      "GSJ": {
        "actual": 42972.97,
        "target": 0.0,
        "percentage": 0,
        "gap": 42972.97
      },
      "ABBOTT": {
        "actual": 0.0,
        "target": 0.0,
        "percentage": 0,
        "gap": 0.0
      },
      "GPPJ & GEN": {
        "actual": 0.0,
        "target": 439128200.0,
        "percentage": 0,
        "gap": -439128200.0
      },
      "GBS & OTHERS": {
        "actual": 0.0,
        "target": 303038600.0,
        "percentage": 0,
        "gap": -303038600.0
      }
    },
    "metrics": {
      "CA": 1,
      "CAProd": 1,
      "SKU": 0,
      "GP": 1
    },
    "TOTAL": {
      "actual": 192598085.30000827,
      "target": 744587500.0,
      "percentage": 26,
      "gap": -551989414.6999917
    },
    "Ranking": {
      "Rank": 7,
      "total_salesman": 7
    }
  },
  "17210037632": {
    "name": "Robianor",
    "sac": "Kisman Pidu",
    "type": "Sales Representative Mix Yudistira",
    "performance": {
      "GBS": {
        "actual": 48019637.20024605,
        "target": 242601100.0,
        "percentage": 20,
        "gap": -194581462.79975396
      },
      "GEN": {
        "actual": 9630923.497375991,
        "target": 38559600.0,
        "percentage": 25,
        "gap": -28928676.50262401
      },
      "GPPJ": {
        "actual": 167992830.34357694,
        "target": 342508900.0,
        "percentage": 49,
        "gap": -174516069.65642306
      },
      "HGJ": {
        "actual": 159345.92,
        "target": 1051200.0,
        "percentage": 15,
        "gap": -891854.08
      },
      "MBR": {
        "actual": 4511294.352966001,
        "target": 8361500.0,
        "percentage": 54,
        "gap": -3850205.6470339987
      },
      "RANS": {
        "actual": 3315894.21,
        "target": 0.0,
        "percentage": 0,
        "gap": 3315894.21
      },
      "GSJ": {
        "actual": 0.0,
        "target": 0.0,
        "percentage": 0,
        "gap": 0.0
      },
      "ABBOTT": {
        "actual": 0.0,
        "target": 0.0,
        "percentage": 0,
        "gap": 0.0
      },
      "GPPJ & GEN": {
        "actual": 0.0,
        "target": 381068500.0,
        "percentage": 0,
        "gap": -381068500.0
      },
      "GBS & OTHERS": {
        "actual": 0.0,
        "target": 252013800.0,
        "percentage": 0,
        "gap": -252013800.0
      }
    },
    "metrics": {
      "CA": 1,
      "CAProd": 1,
      "SKU": 0,
      "GP": 1
    },
    "TOTAL": {
      "actual": 233629925.52416494,
      "target": 635222500.0,
      "percentage": 37,
      "gap": -401592574.4758351
    },
    "Ranking": {
      "Rank": 4,
      "total_salesman": 7
    }
  },
  "17210037897": {
    "name": "Hindra",
    "sac": "Kisman Pidu",
    "type": "Sales Representative Mix Yudistira",
    "performance": {
      "GBS": {
        "actual": 29398826.84911598,
        "target": 235806700.0,
        "percentage": 12,
        "gap": -206407873.15088403
      },
      "GEN": {
        "actual": 13318467.821410991,
        "target": 38715900.0,
        "percentage": 34,
        "gap": -25397432.17858901
      },
      "GPPJ": {
        "actual": 157168143.36487713,
        "target": 302343400.0,
        "percentage": 52,
        "gap": -145175256.63512287
      },
      "HGJ": {
        "actual": 15315.31,
        "target": 866200.0,
        "percentage": 2,
        "gap": -850884.69
      },
      "MBR": {
        "actual": 4555452.020083001,
        "target": 6540700.0,
        "percentage": 70,
        "gap": -1985247.9799169991
      },
      "RANS": {
        "actual": 2588546.500000001,
        "target": 0.0,
        "percentage": 0,
        "gap": 2588546.500000001
      },
      "GSJ": {
        "actual": 0.0,
        "target": 0.0,
        "percentage": 0,
        "gap": 0.0
      },
      "ABBOTT": {
        "actual": 0.0,
        "target": 0.0,
        "percentage": 0,
        "gap": 0.0
      },
      "GPPJ & GEN": {
        "actual": 0.0,
        "target": 341059300.0,
        "percentage": 0,
        "gap": -341059300.0
      },
      "GBS & OTHERS": {
        "actual": 0.0,
        "target": 243213600.0,
        "percentage": 0,
        "gap": -243213600.0
      }
    },
    "metrics": {
      "CA": 1,
      "CAProd": 1,
      "SKU": 0,
      "GP": 1
    },
    "TOTAL": {
      "actual": 207044751.8654871,
      "target": 586240000.0,
      "percentage": 35,
      "gap": -379195248.1345129
    },
    "Ranking": {
      "Rank": 5,
      "total_salesman": 7
    }
  },
  "17210038077": {
    "name": "Sopian Sauri",
    "sac": "Kisman Pidu",
    "type": "Sales Representative Wholesaler Bima",
    "performance": {
      "GBS": {
        "actual": 77639367.2660685,
        "target": 314940000.0,
        "percentage": 25,
        "gap": -237300632.73393148
      },
      "GEN": {
        "actual": 0.0,
        "target": 0.0,
        "percentage": 0,
        "gap": 0.0
      },
      "GPPJ": {
        "actual": 60191484.90855811,
        "target": 121969000.0,
        "percentage": 49,
        "gap": -61777515.09144189
      },
      "HGJ": {
        "actual": 30630.63,
        "target": 1587000.0,
        "percentage": 2,
        "gap": -1556369.37
      },
      "MBR": {
        "actual": 4609576.3969290005,