{
  "17210032876": {
    "name": "Asman",
    "sac": "Kisman Pidu",
    "type": "Sales Representative Wholesaler Arjuna",
    "performance": {
      "GBS": {
        "actual": 0.0,
        "target": 0.0,
        "percentage": 0,
        "gap": 0.0
      },
      "GEN": {
        "actual": 19970809.733732995,
        "target": 70933000.0,
        "percentage": 28,
        "gap": -50962190.266267
      },
      "GPPJ": {
        "actual": 220331944.74184218,
        "target": 449929000.0,
        "percentage": 49,
        "gap": -229597055.25815782
      },
      "HGJ": {
        "actual": 0.0,
        "target": 0.0,
        "percentage": 0,
        "gap": 0.0
      },
      "MBR": {
        "actual": 0.0,
        "target": 0.0,
        "percentage": 0,
        "gap": 0.0
      },
      "RANS": {
        "actual": 0.0,
        "target": 0.0,
        "percentage": 0,
        "gap": 0.0
      },
      "GSJ": {
        "actual": 0.0,
        "target": 0.0,
        "percentage": 0,
        "gap": 0.0
      },
      "ABBOTT": {
        "actual": 0.0,
        "target": 0.0,
        "percentage": 0,
        "gap": 0.0
      },
      "GPPJ & GEN": {
        "actual": 0.0,
        "target": 520862000.0,
        "percentage": 0,
        "gap": -520862000.0
      },
      "GBS & OTHERS": {
        "actual": 0.0,
        "target": 0.0,
        "percentage": 0,
        "gap": 0.0
      }
    },
    "metrics": {
      "CA": 1,
      "CAProd": 1,
      "SKU": 0,
      "GP": 0
    },
    "TOTAL": {
      "actual": 240302754.47557518,
      "target": 520862000.0,
      "percentage": 46,
      "gap": -280559245.5244248
    },
    "Ranking": {
      "Rank": 3,
      "total_salesman": 7
    }
  },
  "17210036369": {
    "name": "Muhammad Tamrin",
    "sac": "Kisman Pidu",
    "type": "Sales Representative Mix Yudistira",
    "performance": {
      "GBS": {
        "actual": 24927655.785622016,
        "target": 293294200.0,
        "percentage": 8,
        "gap": -268366544.214378
      },
      "GEN": {
        "actual": 6634819.1073749885,
        "target": 49545500.0,
        "percentage": 13,
        "gap": -42910680.89262501
      },
      "GPPJ": {
        "actual": 109172376.65986268,
        "target": 389582700.0,
        "percentage": 28,
        "gap": -280410323.3401373
      },
      "HGJ": {
        "actual": 15315.31,
        "target": 1108600.0,
        "percentage": 1,
        "gap": -1093284.69
      },
      "MBR": {
        "actual": 1975649.437112,
        "target": 8635800.0,
        "percentage": 23,
        "gap": -6660150.562888
      },
      "RANS": {
        "actual": 1563051.900000001,
        "target": 0.0,
        "percentage": 0,
        "gap": 1563051.900000001
      },
      "GSJ": {
        "actual": 42972.97,
        "target": 0.0,
        "percentage": 0,
        "gap": 42972.97
      },
      "ABBOTT": {
        "actual": 0.0,
        "target": 0.0,
        "percentage": 0,
        "gap": 0.0
      },
      "GPPJ & GEN": {
        "actual": 0.0,
        "target": 439128200.0,
        "percentage": 0,
        "gap": -439128200.0
      },
      "GBS & OTHERS": {
        "actual": 0.0,
        "target": 303038600.0,
        "percentage": 0,
        "gap": -303038600.0
      }
    },
    "metrics": {
      "CA": 1,
      "CAProd": 1,
      "SKU": 0,
      "GP": 1
    },
    "TOTAL": {
      "actual": 144331841.1699717,
      "target": 744587500.0,
      "percentage": 19,
      "gap": -600255658.8300283
    },
    "Ranking": {
      "Rank": 7,
      "total_salesman": 7
    }
  },
  "17210037632": {
    "name": "Robianor",
    "sac": "Kisman Pidu",
    "type": "Sales Representative Mix Yudistira",
    "performance": {
      "GBS": {
        "actual": 46866303.97565603,
        "target": 242601100.0,
        "percentage": 19,
        "gap": -195734796.02434397
      },
      "GEN": {
        "actual": 8288986.608461985,
        "target": 38559600.0,
        "percentage": 21,
        "gap": -30270613.391538016
      },
      "GPPJ": {
        "actual": 157354434.82765532,
        "target": 342508900.0,
        "percentage": 46,
        "gap": -185154465.17234468
      },
      "HGJ": {
        "actual": 144030.61,
        "target": 1051200.0,
        "percentage": 14,
        "gap": -907169.39
      },
      "MBR": {
        "actual": 3546596.2100849994,
        "target": 8361500.0,
        "percentage": 42,
        "gap": -4814903.789915001
      },
      "RANS": {
        "actual": 2907894.2300000004,
        "target": 0.0,
        "percentage": 0,
        "gap": 2907894.2300000004
      },
      "GSJ": {
        "actual": 0.0,
        "target": 0.0,
        "percentage": 0,
        "gap": 0.0
      },
      "ABBOTT": {
        "actual": 0.0,
        "target": 0.0,
        "percentage": 0,
        "gap": 0.0
      },
      "GPPJ & GEN": {
        "actual": 0.0,
        "target": 381068500.0,
        "percentage": 0,
        "gap": -381068500.0
      },
      "GBS & OTHERS": {
        "actual": 0.0,
        "target": 252013800.0,
        "percentage": 0,
        "gap": -252013800.0
      }
    },
    "metrics": {
      "CA": 1,
      "CAProd": 1,
      "SKU": 0,
      "GP": 1
    },
    "TOTAL": {
      "actual": 219108246.46185833,
      "target": 635222500.0,
      "percentage": 34,
      "gap": -416114253.53814167
    },
    "Ranking": {
      "Rank": 4,
      "total_salesman": 7
    }
  },
  "17210037897": {
    "name": "Hindra",
    "sac": "Kisman Pidu",
    "type": "Sales Representative Mix Yudistira",
    "performance": {
      "GBS": {
        "actual": 24722700.826506987,
        "target": 235806700.0,
        "percentage": 10,
        "gap": -211083999.17349303
      },
      "GEN": {
        "actual": 13146485.861410996,
        "target": 38715900.0,
        "percentage": 34,
        "gap": -25569414.138589002
      },
      "GPPJ": {
        "actual": 145660305.90317425,
        "target": 302343400.0,
        "percentage": 48,
        "gap": -156683094.09682575
      },
      "HGJ": {
        "actual": 15315.31,
        "target": 866200.0,
        "percentage": 2,
        "gap": -850884.69
      },
      "MBR": {
        "actual": 3201442.1923360005,
        "target": 6540700.0,
        "percentage": 49,
        "gap": -3339257.8076639995
      },
      "RANS": {
        "actual": 2588546.5000000005,
        "target": 0.0,
        "percentage": 0,
        "gap": 2588546.5000000005
      },
      "GSJ": {
        "actual": 0.0,
        "target": 0.0,
        "percentage": 0,
        "gap": 0.0
      },
      "ABBOTT": {
        "actual": 0.0,
        "target": 0.0,
        "percentage": 0,
        "gap": 0.0
      },
      "GPPJ & GEN": {
        "actual": 0.0,
        "target": 341059300.0,
        "percentage": 0,
        "gap": -341059300.0
      },
      "GBS & OTHERS": {
        "actual": 0.0,
        "target": 243213600.0,
        "percentage": 0,
        "gap": -243213600.0
      }
    },
    "metrics": {
      "CA": 1,
      "CAProd": 1,
      "SKU": 0,
      "GP": 1
    },
    "TOTAL": {
      "actual": 189334796.59342822,
      "target": 586240000.0,
      "percentage": 32,
      "gap": -396905203.40657175
    },
    "Ranking": {
      "Rank": 5,
      "total_salesman": 7
    }
  },
  "17210038077": {
    "name": "Sopian Sauri",
    "sac": "Kisman Pidu",
    "type": "Sales Representative Wholesaler Bima",
    "performance": {
      "GBS": {
        "actual": 56886394.52581609,
        "target": 314940000.0,
        "percentage": 18,
        "gap": -258053605.47418392
      },
      "GEN": {
        "actual": 0.0,
        "target": 0.0,
        "percentage": 0,
        "gap": 0.0
      },
      "GPPJ": {
        "actual": 56068061.610008076,
        "target": 121969000.0,
        "percentage": 46,
        "gap": -65900938.389991924
      },
      "HGJ": {
        "actual": 0.0,
        "target": 1587000.0,
        "percentage": 0,
        "gap": -1587000.0
      },
      "MBR": {
        "actual": 4098833.179723,