{
  "17210032876": {
    "name": "Asman",
    "sac": "Kisman Pidu",
    "type": "Sales Representative Wholesaler Arjuna",
    "performance": {
      "GBS": {
        "actual": 681351.2608060002,
        "target": 0.0,
        "percentage": 0,
        "gap": 681351.2608060002
      },
      "GEN": {
        "actual": 403918.8009,
        "target": 70933000.0,
        "percentage": 1,
        "gap": -70529081.1991
      },
      "GPPJ": {
        "actual": 2810404.9107200005,
        "target": 449929000.0,
        "percentage": 1,
        "gap": -447118595.08928
      },
      "HGJ": {
        "actual": 0.0,
        "target": 0.0,
        "percentage": 0,
        "gap": 0.0
      },
      "MBR": {
        "actual": 12240.54,
        "target": 0.0,
        "percentage": 0,
        "gap": 12240.54
      },
      "RANS": {
        "actual": 148360.32000000004,
        "target": 0.0,
        "percentage": 0,
        "gap": 148360.32000000004
      },
      "GSJ": {
        "actual": 0.0,
        "target": 0.0,
        "percentage": 0,
        "gap": 0.0
      },
      "ABBOTT": {
        "actual": 1263709.89,
        "target": 0.0,
        "percentage": 0,
        "gap": 1263709.89
      },
      "GPPJ & GEN": {
        "actual": 3214323.7116200007,
        "target": 520862000.0,
        "percentage": 1,
        "gap": -517647676.28838
      },
      "GBS & OTHERS": {
        "actual": 2105662.0108060003,
        "target": 0.0,
        "percentage": 0,
        "gap": 2105662.0108060003
      }
    },
    "metrics": {
      "CA": 0,
      "CAProd": 0,
      "SKU": 0,
      "GP": 0
    },
    "TOTAL": {
      "actual": 5319985.722426001,
      "target": 520862000.0,
      "percentage": 1,
      "gap": -515542014.277574
    },
    "Ranking": {
      "Rank": 4,
      "total_salesman": 7
    }
  },
  "17210036369": {
    "name": "Muhammad Tamrin",
    "sac": "Kisman Pidu",
    "type": "Sales Representative Mix Yudistira",
    "performance": {
      "GBS": {
        "actual": 521621.490268,
        "target": 215821000.0,
        "percentage": 0,
        "gap": -215299378.509732
      },
      "GEN": {
        "actual": 118963.9409,
        "target": 36111000.0,
        "percentage": 0,
        "gap": -35992036.0591
      },
      "GPPJ": {
        "actual": 1931396.1803599992,
        "target": 281893000.0,
        "percentage": 1,
        "gap": -279961603.81964
      },
      "HGJ": {
        "actual": 0.0,
        "target": 808000.0,
        "percentage": 0,
        "gap": -808000.0
      },
      "MBR": {
        "actual": 24355.853243,
        "target": 7135000.0,
        "percentage": 0,
        "gap": -7110644.146757
      },
      "RANS": {
        "actual": 92725.20000000001,
        "target": 0.0,
        "percentage": 0,
        "gap": 92725.20000000001
      },
      "GSJ": {
        "actual": 0.0,
        "target": 0.0,
        "percentage": 0,
        "gap": 0.0
      },
      "ABBOTT": {
        "actual": 0.0,
        "target": 0.0,
        "percentage": 0,
        "gap": 0.0
      },
      "GPPJ & GEN": {
        "actual": 2050360.1212599992,
        "target": 318004000.0,
        "percentage": 1,
        "gap": -315953639.87874
      },
      "GBS & OTHERS": {
        "actual": 638702.5435109998,
        "target": 223764000.0,
        "percentage": 0,
        "gap": -223125297.456489
      }
    },
    "metrics": {
      "CA": 0,
      "CAProd": 0,
      "SKU": 0,
      "GP": 0
    },
    "TOTAL": {
      "actual": 2689062.664770999,
      "target": 543228000.0,
      "percentage": 0,
      "gap": -540538937.335229
    },
    "Ranking": {
      "Rank": 5,
      "total_salesman": 7
    }
  },
  "17210037632": {
    "name": "Robianor",
    "sac": "Kisman Pidu",
    "type": "Sales Representative Mix Yudistira",
    "performance": {
      "GBS": {
        "actual": 1202972.8410759997,
        "target": 195651000.0,
        "percentage": 1,
        "gap": -194448027.158924
      },
      "GEN": {
        "actual": 392792.77,
        "target": 30418000.0,
        "percentage": 1,
        "gap": -30025207.23
      },
      "GPPJ": {
        "actual": 3565495.140351002,
        "target": 277247000.0,
        "percentage": 1,
        "gap": -273681504.859649
      },
      "HGJ": {
        "actual": 0.0,
        "target": 869000.0,
        "percentage": 0,
        "gap": -869000.0
      },
      "MBR": {
        "actual": 85309.90063,
        "target": 7452000.0,
        "percentage": 1,
        "gap": -7366690.09937
      },
      "RANS": {
        "actual": 74180.16,
        "target": 0.0,
        "percentage": 0,
        "gap": 74180.16
      },
      "GSJ": {
        "actual": 0.0,
        "target": 0.0,
        "percentage": 0,
        "gap": 0.0
      },
      "ABBOTT": {
        "actual": 0.0,
        "target": 0.0,
        "percentage": 0,
        "gap": 0.0
      },
      "GPPJ & GEN": {
        "actual": 3958287.910351002,
        "target": 307665000.0,
        "percentage": 1,
        "gap": -303706712.089649
      },
      "GBS & OTHERS": {
        "actual": 1362462.9017060003,
        "target": 203972000.0,
        "percentage": 1,
        "gap": -202609537.098294
      }
    },
    "metrics": {
      "CA": 1,
      "CAProd": 0,
      "SKU": 0,
      "GP": 0
    },
    "TOTAL": {
      "actual": 5320750.812057002,
      "target": 513195000.0,
      "percentage": 1,
      "gap": -507874249.187943
    },
    "Ranking": {
      "Rank": 3,
      "total_salesman": 7
    }
  },
  "17210037713": {
    "name": "Rahmani",
    "sac": "Kisman Pidu",
    "type": "Sales Representative Mix Yudistira",
    "performance": {
      "GBS": {
        "actual": 361891.840268,
        "target": 198946000.0,
        "percentage": 0,
        "gap": -198584108.159732
      },
      "GEN": {
        "actual": 53648.62999999999,
        "target": 34499000.0,
        "percentage": 0,
        "gap": -34445351.37
      },
      "GPPJ": {
        "actual": 1975945.574232,
        "target": 276540000.0,
        "percentage": 1,
        "gap": -274564054.425768
      },
      "HGJ": {
        "actual": 0.0,
        "target": 772000.0,
        "percentage": 0,
        "gap": -772000.0
      },
      "MBR": {
        "actual": 24355.853243,
        "target": 3854000.0,
        "percentage": 1,
        "gap": -3829644.146757
      },
      "RANS": {
        "actual": 37090.08,
        "target": 0.0,
        "percentage": 0,
        "gap": 37090.08
      },
      "GSJ": {
        "actual": 0.0,
        "target": 0.0,
        "percentage": 0,
        "gap": 0.0
      },
      "ABBOTT": {
        "actual": 0.0,
        "target": 0.0,
        "percentage": 0,
        "gap": 0.0
      },
      "GPPJ & GEN": {
        "actual": 2029594.2042319998,
        "target": 311039000.0,
        "percentage": 1,
        "gap": -309009405.795768
      },
      "GBS & OTHERS": {
        "actual": 423337.773511,
        "target": 203572000.0,
        "percentage": 0,
        "gap": -203148662.226489
      }
    },
    "metrics": {
      "CA": 0,
      "CAProd": 0,
      "SKU": 0,
      "GP": 0
    },
    "TOTAL": {
      "actual": 2452931.977743,
      "target": 517078000.0,
      "percentage": 0,
      "gap": -514625068.022257
    },
    "Ranking": {
      "Rank": 6,
      "total_salesman": 7
    }
  },
  "17210037897": {
    "name": "Hindra",
    "sac": "Kisman Pidu",
    "type": "Sales Representative Mix Yudistira",
    "performance": {
      "GBS": {
        "actual": 805315.13405,
        "target": 161284000.0,
        "percentage": 0,
        "gap": -160478684.86595
      },
      "GEN": {
        "actual": 534594.5536,
        "target": 25793000.0,
        "percentage": 2,
        "gap": -25258405.4464
      },
      "GPPJ": {
        "actual": 5466665.964309999,
        "target": 198755000.0,
        "percentage": 3,
        "gap": -193288334.03569
      },
      "HGJ": {
        "actual": 0.0,
        "target": 577000.0,
        "percentage": 0,
        "gap": -577000.0
      },