{
  "17210032876": {
    "name": "Asman",
    "sac": "Kisman Pidu",
    "type": "Sales Representative Wholesaler Arjuna",
    "performance": {
      "GBS": {
        "actual": 0.0,
        "target": 0.0,
        "percentage": 0,
        "gap": 0.0
      },
      "GEN": {
        "actual": 15452611.827707998,
        "target": 70933000.0,
        "percentage": 22,
        "gap": -55480388.172292
      },
      "GPPJ": {
        "actual": 166770488.0686335,
        "target": 449929000.0,
        "percentage": 37,
        "gap": -283158511.9313665
      },
      "HGJ": {
        "actual": 0.0,
        "target": 0.0,
        "percentage": 0,
        "gap": 0.0
      },
      "MBR": {
        "actual": 0.0,
        "target": 0.0,
        "percentage": 0,
        "gap": 0.0
      },
      "RANS": {
        "actual": 0.0,
        "target": 0.0,
        "percentage": 0,
        "gap": 0.0
      },
      "GSJ": {
        "actual": 0.0,
        "target": 0.0,
        "percentage": 0,
        "gap": 0.0
      },
      "ABBOTT": {
        "actual": 0.0,
        "target": 0.0,
        "percentage": 0,
        "gap": 0.0
      },
      "GPPJ & GEN": {
        "actual": 0.0,
        "target": 520862000.0,
        "percentage": 0,
        "gap": -520862000.0
      },
      "GBS & OTHERS": {
        "actual": 0.0,
        "target": 0.0,
        "percentage": 0,
        "gap": 0.0
      }
    },
    "metrics": {
      "CA": 1,
      "CAProd": 1,
      "SKU": 0,
      "GP": 0
    },
    "TOTAL": {
      "actual": 182223099.8963415,
      "target": 520862000.0,
      "percentage": 35,
      "gap": -338638900.1036585
    },
    "Ranking": {
      "Rank": 4,
      "total_salesman": 8
    }
  },
  "17210036369": {
    "name": "Muhammad Tamrin",
    "sac": "Kisman Pidu",
    "type": "Sales Representative Mix Yudistira",
    "performance": {
      "GBS": {
        "actual": 19998467.038152985,
        "target": 215821000.0,
        "percentage": 9,
        "gap": -195822532.961847
      },
      "GEN": {
        "actual": 4962792.262063991,
        "target": 36111000.0,
        "percentage": 14,
        "gap": -31148207.73793601
      },
      "GPPJ": {
        "actual": 81895399.6610855,
        "target": 281893000.0,
        "percentage": 29,
        "gap": -199997600.3389145
      },
      "HGJ": {
        "actual": 15315.31,
        "target": 808000.0,
        "percentage": 2,
        "gap": -792684.69
      },
      "MBR": {
        "actual": 1673962.0777440001,
        "target": 7135000.0,
        "percentage": 23,
        "gap": -5461037.922256
      },
      "RANS": {
        "actual": 1327381.660000001,
        "target": 0.0,
        "percentage": 0,
        "gap": 1327381.660000001
      },
      "GSJ": {
        "actual": 42972.97,
        "target": 0.0,
        "percentage": 0,
        "gap": 42972.97
      },
      "ABBOTT": {
        "actual": 0.0,
        "target": 0.0,
        "percentage": 0,
        "gap": 0.0
      },
      "GPPJ & GEN": {
        "actual": 0.0,
        "target": 318004000.0,
        "percentage": 0,
        "gap": -318004000.0
      },
      "GBS & OTHERS": {
        "actual": 0.0,
        "target": 223764000.0,
        "percentage": 0,
        "gap": -223764000.0
      }
    },
    "metrics": {
      "CA": 1,
      "CAProd": 0,
      "SKU": 0,
      "GP": 0
    },
    "TOTAL": {
      "actual": 109916290.9790465,
      "target": 543228000.0,
      "percentage": 20,
      "gap": -433311709.02095354
    },
    "Ranking": {
      "Rank": 8,
      "total_salesman": 8
    }
  },
  "17210037632": {
    "name": "Robianor",
    "sac": "Kisman Pidu",
    "type": "Sales Representative Mix Yudistira",
    "performance": {
      "GBS": {
        "actual": 35733962.23748996,
        "target": 195651000.0,
        "percentage": 18,
        "gap": -159917037.76251003
      },
      "GEN": {
        "actual": 5578693.104681993,
        "target": 30418000.0,
        "percentage": 18,
        "gap": -24839306.89531801
      },
      "GPPJ": {
        "actual": 124740930.04251197,
        "target": 277247000.0,
        "percentage": 45,
        "gap": -152506069.95748803
      },
      "HGJ": {
        "actual": 100702.7,
        "target": 869000.0,
        "percentage": 12,
        "gap": -768297.3
      },
      "MBR": {
        "actual": 1987649.4290060005,
        "target": 7452000.0,
        "percentage": 27,
        "gap": -5464350.570993999
      },
      "RANS": {
        "actual": 2147542.130000001,
        "target": 0.0,
        "percentage": 0,
        "gap": 2147542.130000001
      },
      "GSJ": {
        "actual": 0.0,
        "target": 0.0,
        "percentage": 0,
        "gap": 0.0
      },
      "ABBOTT": {
        "actual": 0.0,
        "target": 0.0,
        "percentage": 0,
        "gap": 0.0
      },
      "GPPJ & GEN": {
        "actual": 0.0,
        "target": 307665000.0,
        "percentage": 0,
        "gap": -307665000.0
      },
      "GBS & OTHERS": {
        "actual": 0.0,
        "target": 203972000.0,
        "percentage": 0,
        "gap": -203972000.0
      }
    },
    "metrics": {
      "CA": 1,
      "CAProd": 1,
      "SKU": 0,
      "GP": 0
    },
    "TOTAL": {
      "actual": 170289479.64368993,
      "target": 513195000.0,
      "percentage": 33,
      "gap": -342905520.35631007
    },
    "Ranking": {
      "Rank": 5,
      "total_salesman": 8
    }
  },
  "17210037713": {
    "name": "Rahmani",
    "sac": "Kisman Pidu",
    "type": "Sales Representative Mix Yudistira",
    "performance": {
      "GBS": {
        "actual": 32077205.974003997,
        "target": 198946000.0,
        "percentage": 16,
        "gap": -166868794.025996
      },
      "GEN": {
        "actual": 5351440.906479,
        "target": 34499000.0,
        "percentage": 16,
        "gap": -29147559.093521
      },
      "GPPJ": {
        "actual": 85178733.40398863,
        "target": 276540000.0,
        "percentage": 31,
        "gap": -191361266.59601137
      },
      "HGJ": {
        "actual": 76576.57,
        "target": 772000.0,
        "percentage": 10,
        "gap": -695423.4299999999
      },
      "MBR": {
        "actual": 3637406.166661,
        "target": 3854000.0,
        "percentage": 94,
        "gap": -216593.83333900012
      },
      "RANS": {
        "actual": 905013.4400000001,
        "target": 0.0,
        "percentage": 0,
        "gap": 905013.4400000001
      },
      "GSJ": {
        "actual": 0.0,
        "target": 0.0,
        "percentage": 0,
        "gap": 0.0
      },
      "ABBOTT": {
        "actual": 0.0,
        "target": 0.0,
        "percentage": 0,
        "gap": 0.0
      },
      "GPPJ & GEN": {
        "actual": 0.0,
        "target": 311039000.0,
        "percentage": 0,
        "gap": -311039000.0
      },
      "GBS & OTHERS": {
        "actual": 0.0,
        "target": 203572000.0,
        "percentage": 0,
        "gap": -203572000.0
      }
    },
    "metrics": {
      "CA": 1,
      "CAProd": 0,
      "SKU": 0,
      "GP": 0
    },
    "TOTAL": {
      "actual": 127226376.46113262,
      "target": 517078000.0,
      "percentage": 25,
      "gap": -389851623.53886735
    },
    "Ranking": {
      "Rank": 6,
      "total_salesman": 8
    }
  },
  "17210037897": {
    "name": "Hindra",
    "sac": "Kisman Pidu",
    "type": "Sales Representative Mix Yudistira",
    "performance": {
      "GBS": {
        "actual": 17988286.977065034,
        "target": 161284000.0,
        "percentage": 11,
        "gap": -143295713.02293497
      },
      "GEN": {
        "actual": 12206395.911411002,
        "target": 25793000.0,
        "percentage": 47,
        "gap": -13586604.088588998
      },
      "GPPJ": {
        "actual": 126458731.7966464,
        "target": 198755000.0,
        "percentage": 64,
        "gap": -72296268.2033536
      },
      "HGJ": {
        "actual": 0.0,
        "target": 577000.0,
        "percentage": 0,
        "gap": -577000.0
      },