{
  "17210032876": {
    "name": "Asman",
    "sac": "Kisman Pidu",
    "type": "Sales Representative Wholesaler Arjuna",
    "performance": {
      "GBS": {
        "actual": 7279999.833859002,
        "target": 0.0,
        "percentage": 0,
        "gap": 7279999.833859002
      },
      "GEN": {
        "actual": 12940539.842222992,
        "target": 70933000.0,
        "percentage": 18,
        "gap": -57992460.15777701
      },
      "GPPJ": {
        "actual": 136071930.33651343,
        "target": 449929000.0,
        "percentage": 30,
        "gap": -313857069.6634866
      },
      "HGJ": {
        "actual": 0.0,
        "target": 0.0,
        "percentage": 0,
        "gap": 0.0
      },
      "MBR": {
        "actual": 339567.55387299997,
        "target": 0.0,
        "percentage": 0,
        "gap": 339567.55387299997
      },
      "RANS": {
        "actual": 148360.32000000004,
        "target": 0.0,
        "percentage": 0,
        "gap": 148360.32000000004
      },
      "GSJ": {
        "actual": 0.0,
        "target": 0.0,
        "percentage": 0,
        "gap": 0.0
      },
      "ABBOTT": {
        "actual": 0.0,
        "target": 0.0,
        "percentage": 0,
        "gap": 0.0
      },
      "GPPJ & GEN": {
        "actual": 149012470.17873642,
        "target": 520862000.0,
        "percentage": 29,
        "gap": -371849529.82126355
      },
      "GBS & OTHERS": {
        "actual": 7767927.707731992,
        "target": 0.0,
        "percentage": 0,
        "gap": 7767927.707731992
      }
    },
    "metrics": {
      "CA": 1,
      "CAProd": 0,
      "SKU": 0,
      "GP": 0
    },
    "TOTAL": {
      "actual": 146349947.793336,
      "target": 520862000.0,
      "percentage": 28,
      "gap": -374512052.20666397
    },
    "Ranking": {
      "Rank": 5,
      "total_salesman": 8
    }
  },
  "17210036369": {
    "name": "Muhammad Tamrin",
    "sac": "Kisman Pidu",
    "type": "Sales Representative Mix Yudistira",
    "performance": {
      "GBS": {
        "actual": 16633602.22617402,
        "target": 215821000.0,
        "percentage": 8,
        "gap": -199187397.77382597
      },
      "GEN": {
        "actual": 4363693.212063998,
        "target": 36111000.0,
        "percentage": 12,
        "gap": -31747306.787936002
      },
      "GPPJ": {
        "actual": 62359634.51688158,
        "target": 281893000.0,
        "percentage": 22,
        "gap": -219533365.4831184
      },
      "HGJ": {
        "actual": 0.0,
        "target": 808000.0,
        "percentage": 0,
        "gap": -808000.0
      },
      "MBR": {
        "actual": 1673962.0777440004,
        "target": 7135000.0,
        "percentage": 23,
        "gap": -5461037.922255999
      },
      "RANS": {
        "actual": 1290291.5800000005,
        "target": 0.0,
        "percentage": 0,
        "gap": 1290291.5800000005
      },
      "GSJ": {
        "actual": 42972.97,
        "target": 0.0,
        "percentage": 0,
        "gap": 42972.97
      },
      "ABBOTT": {
        "actual": 0.0,
        "target": 0.0,
        "percentage": 0,
        "gap": 0.0
      },
      "GPPJ & GEN": {
        "actual": 66723327.728945576,
        "target": 318004000.0,
        "percentage": 21,
        "gap": -251280672.27105442
      },
      "GBS & OTHERS": {
        "actual": 19640828.853918023,
        "target": 223764000.0,
        "percentage": 9,
        "gap": -204123171.14608198
      }
    },
    "metrics": {
      "CA": 1,
      "CAProd": 0,
      "SKU": 0,
      "GP": 0
    },
    "TOTAL": {
      "actual": 86364156.58286399,
      "target": 543228000.0,
      "percentage": 16,
      "gap": -456863843.417136
    },
    "Ranking": {
      "Rank": 8,
      "total_salesman": 8
    }
  },
  "17210037632": {
    "name": "Robianor",
    "sac": "Kisman Pidu",
    "type": "Sales Representative Mix Yudistira",
    "performance": {
      "GBS": {
        "actual": 32220448.962007955,
        "target": 195651000.0,
        "percentage": 16,
        "gap": -163430551.03799206
      },
      "GEN": {
        "actual": 5260179.694681997,
        "target": 30418000.0,
        "percentage": 17,
        "gap": -25157820.305318
      },
      "GPPJ": {
        "actual": 121817372.27170722,
        "target": 277247000.0,
        "percentage": 44,
        "gap": -155429627.72829276
      },
      "HGJ": {
        "actual": 100702.7,
        "target": 869000.0,
        "percentage": 12,
        "gap": -768297.3
      },
      "MBR": {
        "actual": 1938935.9216190006,
        "target": 7452000.0,
        "percentage": 26,
        "gap": -5513064.078380999
      },
      "RANS": {
        "actual": 2054816.9300000004,
        "target": 0.0,
        "percentage": 0,
        "gap": 2054816.9300000004
      },
      "GSJ": {
        "actual": 0.0,
        "target": 0.0,
        "percentage": 0,
        "gap": 0.0
      },
      "ABBOTT": {
        "actual": 0.0,
        "target": 0.0,
        "percentage": 0,
        "gap": 0.0
      },
      "GPPJ & GEN": {
        "actual": 127077551.96638922,
        "target": 307665000.0,
        "percentage": 41,
        "gap": -180587448.03361076
      },
      "GBS & OTHERS": {
        "actual": 36314904.51362695,
        "target": 203972000.0,
        "percentage": 18,
        "gap": -167657095.48637307
      }
    },
    "metrics": {
      "CA": 1,
      "CAProd": 0,
      "SKU": 0,
      "GP": 0
    },
    "TOTAL": {
      "actual": 163392456.48001698,
      "target": 513195000.0,
      "percentage": 32,
      "gap": -349802543.51998305
    },
    "Ranking": {
      "Rank": 3,
      "total_salesman": 8
    }
  },
  "17210037713": {
    "name": "Rahmani",
    "sac": "Kisman Pidu",
    "type": "Sales Representative Mix Yudistira",
    "performance": {
      "GBS": {
        "actual": 32077205.974003997,
        "target": 198946000.0,
        "percentage": 16,
        "gap": -166868794.025996
      },
      "GEN": {
        "actual": 5351440.906478999,
        "target": 34499000.0,
        "percentage": 16,
        "gap": -29147559.093521
      },
      "GPPJ": {
        "actual": 85178733.40398854,
        "target": 276540000.0,
        "percentage": 31,
        "gap": -191361266.59601146
      },
      "HGJ": {
        "actual": 76576.57,
        "target": 772000.0,
        "percentage": 10,
        "gap": -695423.4299999999
      },
      "MBR": {
        "actual": 3637406.166661,
        "target": 3854000.0,
        "percentage": 94,
        "gap": -216593.83333900012
      },
      "RANS": {
        "actual": 905013.4400000001,
        "target": 0.0,
        "percentage": 0,
        "gap": 905013.4400000001
      },
      "GSJ": {
        "actual": 0.0,
        "target": 0.0,
        "percentage": 0,
        "gap": 0.0
      },
      "ABBOTT": {
        "actual": 0.0,
        "target": 0.0,
        "percentage": 0,
        "gap": 0.0
      },
      "GPPJ & GEN": {
        "actual": 90530174.31046754,
        "target": 311039000.0,
        "percentage": 29,
        "gap": -220508825.68953246
      },
      "GBS & OTHERS": {
        "actual": 36696202.150664985,
        "target": 203572000.0,
        "percentage": 18,
        "gap": -166875797.849335
      }
    },
    "metrics": {
      "CA": 1,
      "CAProd": 0,
      "SKU": 0,
      "GP": 0
    },
    "TOTAL": {
      "actual": 127226376.46113299,
      "target": 517078000.0,
      "percentage": 25,
      "gap": -389851623.538867
    },
    "Ranking": {
      "Rank": 6,
      "total_salesman": 8
    }
  },
  "17210037897": {
    "name": "Hindra",
    "sac": "Kisman Pidu",
    "type": "Sales Representative Mix Yudistira",
    "performance": {
      "GBS": {
        "actual": 12326755.603382021,
        "target": 161284000.0,
        "percentage": 8,
        "gap": -148957244.39661798
      },
      "GEN": {
        "actual": 10978873.444025,
        "target": 25793000.0,
        "percentage": 43,
        "gap": -14814126.555975
      },